  0
SECTION
  2
HEADER
  9
$ACADVER
  1
AC1027
  9
$ACADMAINTVER
 70
   125
  9
$DWGCODEPAGE
  3
ANSI_1252
  9
$LASTSAVEDBY
  1
20403919056
  9
$REQUIREDVERSIONS
160
                 0
  9
$INSBASE
 10
0.0
 20
0.0
 30
0.0
  9
$EXTMIN
 10
6362690.742246249
 20
6173261.830814809
 30
0.0
  9
$EXTMAX
 10
6362856.50650463
 20
6173410.42232584
 30
0.0
  9
$LIMMIN
 10
0.0
 20
0.0
  9
$LIMMAX
 10
12.0
 20
9.0
  9
$ORTHOMODE
 70
     0
  9
$REGENMODE
 70
     1
  9
$FILLMODE
 70
     1
  9
$QTEXTMODE
 70
     0
  9
$MIRRTEXT
 70
     1
  9
$LTSCALE
 40
1.0
  9
$ATTMODE
 70
     1
  9
$TEXTSIZE
 40
0.2
  9
$TRACEWID
 40
0.05
  9
$TEXTSTYLE
  7
Standard
  9
$CLAYER
  8
Cotas
  9
$CELTYPE
  6
ByLayer
  9
$CECOLOR
 62
   256
  9
$CELTSCALE
 40
1.0
  9
$DISPSILH
 70
     0
  9
$DIMSCALE
 40
1.0
  9
$DIMASZ
 40
0.18
  9
$DIMEXO
 40
0.0625
  9
$DIMDLI
 40
0.38
  9
$DIMRND
 40
0.0
  9
$DIMDLE
 40
0.0
  9
$DIMEXE
 40
0.044
  9
$DIMTP
 40
0.0
  9
$DIMTM
 40
0.0
  9
$DIMTXT
 40
0.35
  9
$DIMCEN
 40
0.09
  9
$DIMTSZ
 40
0.0
  9
$DIMTOL
 70
     0
  9
$DIMLIM
 70
     0
  9
$DIMTIH
 70
     1
  9
$DIMTOH
 70
     1
  9
$DIMSE1
 70
     0
  9
$DIMSE2
 70
     0
  9
$DIMTAD
 70
     0
  9
$DIMZIN
 70
     0
  9
$DIMBLK
  1

  9
$DIMASO
 70
     1
  9
$DIMSHO
 70
     1
  9
$DIMPOST
  1

  9
$DIMAPOST
  1

  9
$DIMALT
 70
     0
  9
$DIMALTD
 70
     2
  9
$DIMALTF
 40
25.4
  9
$DIMLFAC
 40
1.0
  9
$DIMTOFL
 70
     0
  9
$DIMTVP
 40
0.0
  9
$DIMTIX
 70
     0
  9
$DIMSOXD
 70
     0
  9
$DIMSAH
 70
     0
  9
$DIMBLK1
  1

  9
$DIMBLK2
  1

  9
$DIMSTYLE
  2
Standard
  9
$DIMCLRD
 70
   256
  9
$DIMCLRE
 70
   256
  9
$DIMCLRT
 70
     0
  9
$DIMTFAC
 40
1.0
  9
$DIMGAP
 40
0.09
  9
$DIMJUST
 70
     0
  9
$DIMSD1
 70
     0
  9
$DIMSD2
 70
     0
  9
$DIMTOLJ
 70
     1
  9
$DIMTZIN
 70
     0
  9
$DIMALTZ
 70
     0
  9
$DIMALTTZ
 70
     0
  9
$DIMUPT
 70
     0
  9
$DIMDEC
 70
     2
  9
$DIMTDEC
 70
     2
  9
$DIMALTU
 70
     2
  9
$DIMALTTD
 70
     2
  9
$DIMTXSTY
  7
Standard
  9
$DIMAUNIT
 70
     0
  9
$DIMADEC
 70
     0
  9
$DIMALTRND
 40
0.0
  9
$DIMAZIN
 70
     0
  9
$DIMDSEP
 70
    46
  9
$DIMATFIT
 70
     3
  9
$DIMFRAC
 70
     0
  9
$DIMLDRBLK
  1

  9
$DIMLUNIT
 70
     2
  9
$DIMLWD
 70
    -1
  9
$DIMLWE
 70
    -2
  9
$DIMTMOVE
 70
     0
  9
$DIMFXL
 40
1.0
  9
$DIMFXLON
 70
     0
  9
$DIMJOGANG
 40
0.7853981633974483
  9
$DIMTFILL
 70
     0
  9
$DIMTFILLCLR
 70
     0
  9
$DIMARCSYM
 70
     0
  9
$DIMLTYPE
  6
ByLayer
  9
$DIMLTEX1
  6

  9
$DIMLTEX2
  6

  9
$DIMTXTDIRECTION
 70
     0
  9
$LUNITS
 70
     2
  9
$LUPREC
 70
     4
  9
$SKETCHINC
 40
0.1
  9
$FILLETRAD
 40
0.0
  9
$AUNITS
 70
     0
  9
$AUPREC
 70
     0
  9
$MENU
  1
.
  9
$ELEVATION
 40
0.0
  9
$PELEVATION
 40
0.0
  9
$THICKNESS
 40
0.0
  9
$LIMCHECK
 70
     0
  9
$CHAMFERA
 40
0.5
  9
$CHAMFERB
 40
0.5
  9
$CHAMFERC
 40
1.0
  9
$CHAMFERD
 40
0.0
  9
$SKPOLY
 70
     0
  9
$TDCREATE
 40
2461256.763680556
  9
$TDUCREATE
 40
2461256.888680555
  9
$TDUPDATE
 40
2461256.788460648
  9
$TDUUPDATE
 40
2461256.913460648
  9
$TDINDWG
 40
0.0399652778
  9
$TDUSRTIMER
 40
0.0399652778
  9
$USRTIMER
 70
     1
  9
$ANGBASE
 50
0.0
  9
$ANGDIR
 70
     0
  9
$PDMODE
 70
     0
  9
$PDSIZE
 40
0.0
  9
$PLINEWID
 40
0.0
  9
$SPLFRAME
 70
     0
  9
$SPLINETYPE
 70
     6
  9
$SPLINESEGS
 70
     8
  9
$HANDSEED
  5
2069C
  9
$SURFTAB1
 70
     6
  9
$SURFTAB2
 70
     6
  9
$SURFTYPE
 70
     6
  9
$SURFU
 70
     6
  9
$SURFV
 70
     6
  9
$UCSBASE
  2

  9
$UCSNAME
  2

  9
$UCSORG
 10
0.0
 20
0.0
 30
0.0
  9
$UCSXDIR
 10
1.0
 20
0.0
 30
0.0
  9
$UCSYDIR
 10
0.0
 20
1.0
 30
0.0
  9
$UCSORTHOREF
  2

  9
$UCSORTHOVIEW
 70
     0
  9
$UCSORGTOP
 10
0.0
 20
0.0
 30
0.0
  9
$UCSORGBOTTOM
 10
0.0
 20
0.0
 30
0.0
  9
$UCSORGLEFT
 10
0.0
 20
0.0
 30
0.0
  9
$UCSORGRIGHT
 10
0.0
 20
0.0
 30
0.0
  9
$UCSORGFRONT
 10
0.0
 20
0.0
 30
0.0
  9
$UCSORGBACK
 10
0.0
 20
0.0
 30
0.0
  9
$PUCSBASE
  2

  9
$PUCSNAME
  2

  9
$PUCSORG
 10
0.0
 20
0.0
 30
0.0
  9
$PUCSXDIR
 10
1.0
 20
0.0
 30
0.0
  9
$PUCSYDIR
 10
0.0
 20
1.0
 30
0.0
  9
$PUCSORTHOREF
  2

  9
$PUCSORTHOVIEW
 70
     0
  9
$PUCSORGTOP
 10
0.0
 20
0.0
 30
0.0
  9
$PUCSORGBOTTOM
 10
0.0
 20
0.0
 30
0.0
  9
$PUCSORGLEFT
 10
0.0
 20
0.0
 30
0.0
  9
$PUCSORGRIGHT
 10
0.0
 20
0.0
 30
0.0
  9
$PUCSORGFRONT
 10
0.0
 20
0.0
 30
0.0
  9
$PUCSORGBACK
 10
0.0
 20
0.0
 30
0.0
  9
$USERI1
 70
     0
  9
$USERI2
 70
     0
  9
$USERI3
 70
     0
  9
$USERI4
 70
     0
  9
$USERI5
 70
     0
  9
$USERR1
 40
0.0
  9
$USERR2
 40
0.0
  9
$USERR3
 40
0.0
  9
$USERR4
 40
0.0
  9
$USERR5
 40
0.0
  9
$WORLDVIEW
 70
     1
  9
$SHADEDGE
 70
     3
  9
$SHADEDIF
 70
    70
  9
$TILEMODE
 70
     1
  9
$MAXACTVP
 70
    64
  9
$PINSBASE
 10
0.0
 20
0.0
 30
0.0
  9
$PLIMCHECK
 70
     0
  9
$PEXTMIN
 10
1.000000000000000E+20
 20
1.000000000000000E+20
 30
1.000000000000000E+20
  9
$PEXTMAX
 10
-1.000000000000000E+20
 20
-1.000000000000000E+20
 30
-1.000000000000000E+20
  9
$PLIMMIN
 10
0.0
 20
0.0
  9
$PLIMMAX
 10
12.0
 20
9.0
  9
$UNITMODE
 70
     0
  9
$VISRETAIN
 70
     1
  9
$PLINEGEN
 70
     0
  9
$PSLTSCALE
 70
     1
  9
$TREEDEPTH
 70
  3020
  9
$CMLSTYLE
  2
Standard
  9
$CMLJUST
 70
     0
  9
$CMLSCALE
 40
1.0
  9
$PROXYGRAPHICS
 70
     1
  9
$MEASUREMENT
 70
     0
  9
$CELWEIGHT
370
    -1
  9
$ENDCAPS
280
     0
  9
$JOINSTYLE
280
     0
  9
$LWDISPLAY
290
     0
  9
$INSUNITS
 70
     6
  9
$HYPERLINKBASE
  1

  9
$STYLESHEET
  1

  9
$XEDIT
290
     1
  9
$CEPSNTYPE
380
     0
  9
$PSTYLEMODE
290
     1
  9
$FINGERPRINTGUID
  2
{FCDF1A36-3079-4DF8-A122-983CF57DEE0E}
  9
$VERSIONGUID
  2
{F9C23752-9E45-8F48-BD1B-F138FB533D15}
  9
$EXTNAMES
290
     1
  9
$PSVPSCALE
 40
0.0
  9
$OLESTARTUP
290
     0
  9
$SORTENTS
280
   127
  9
$INDEXCTL
280
     0
  9
$HIDETEXT
280
     1
  9
$XCLIPFRAME
280
     0
  9
$HALOGAP
280
     0
  9
$OBSCOLOR
 70
   257
  9
$OBSLTYPE
280
     0
  9
$INTERSECTIONDISPLAY
280
     0
  9
$INTERSECTIONCOLOR
 70
   257
  9
$DIMASSOC
280
     2
  9
$PROJECTNAME
  1

  9
$CAMERADISPLAY
290
     0
  9
$LENSLENGTH
 40
50.0
  9
$CAMERAHEIGHT
 40
0.0
  9
$STEPSPERSEC
 40
2.0
  9
$STEPSIZE
 40
6.0
  9
$3DDWFPREC
 40
2.0
  9
$PSOLWIDTH
 40
0.25
  9
$PSOLHEIGHT
 40
4.0
  9
$LOFTANG1
 40
1.570796326794896
  9
$LOFTANG2
 40
1.570796326794896
  9
$LOFTMAG1
 40
0.0
  9
$LOFTMAG2
 40
0.0
  9
$LOFTPARAM
 70
     7
  9
$LOFTNORMALS
280
     1
  9
$LATITUDE
 40
37.795
  9
$LONGITUDE
 40
-122.394
  9
$NORTHDIRECTION
 40
0.0
  9
$TIMEZONE
 70
 -8000
  9
$LIGHTGLYPHDISPLAY
280
     1
  9
$TILEMODELIGHTSYNCH
280
     1
  9
$CMATERIAL
347
20181
  9
$SOLIDHIST
280
     0
  9
$SHOWHIST
280
     1
  9
$DWFFRAME
280
     2
  9
$DGNFRAME
280
     0
  9
$REALWORLDSCALE
290
     1
  9
$INTERFERECOLOR
 62
     1
  9
$INTERFEREOBJVS
345
202E6
  9
$INTERFEREVPVS
346
202E3
  9
$CSHADOW
280
     0
  9
$SHADOWPLANELOCATION
 40
0.0
  0
ENDSEC
  0
SECTION
  2
CLASSES
  0
CLASS
  1
ACDBDICTIONARYWDFLT
  2
AcDbDictionaryWithDefault
  3
ObjectDBX Classes
 90
        0
 91
        1
280
     0
281
     0
  0
CLASS
  1
SUN
  2
AcDbSun
  3
SCENEOE
 90
     1153
 91
        0
280
     0
281
     0
  0
CLASS
  1
VISUALSTYLE
  2
AcDbVisualStyle
  3
ObjectDBX Classes
 90
     4095
 91
       24
280
     0
281
     0
  0
CLASS
  1
MATERIAL
  2
AcDbMaterial
  3
ObjectDBX Classes
 90
     1153
 91
        3
280
     0
281
     0
  0
CLASS
  1
SCALE
  2
AcDbScale
  3
ObjectDBX Classes
 90
     1153
 91
       17
280
     0
281
     0
  0
CLASS
  1
TABLESTYLE
  2
AcDbTableStyle
  3
ObjectDBX Classes
 90
     4095
 91
        1
280
     0
281
     0
  0
CLASS
  1
MLEADERSTYLE
  2
AcDbMLeaderStyle
  3
ACDB_MLEADERSTYLE_CLASS
 90
     4095
 91
        1
280
     0
281
     0
  0
CLASS
  1
DICTIONARYVAR
  2
AcDbDictionaryVar
  3
ObjectDBX Classes
 90
        0
 91
       12
280
     0
281
     0
  0
CLASS
  1
CELLSTYLEMAP
  2
AcDbCellStyleMap
  3
ObjectDBX Classes
 90
     1152
 91
        3
280
     0
281
     0
  0
CLASS
  1
MENTALRAYRENDERSETTINGS
  2
AcDbMentalRayRenderSettings
  3
SCENEOE
 90
     1024
 91
        0
280
     0
281
     0
  0
CLASS
  1
ACDBDETAILVIEWSTYLE
  2
AcDbDetailViewStyle
  3
ObjectDBX Classes
 90
     1025
 91
        2
280
     0
281
     0
  0
CLASS
  1
ACDBSECTIONVIEWSTYLE
  2
AcDbSectionViewStyle
  3
ObjectDBX Classes
 90
     1025
 91
        2
280
     0
281
     0
  0
CLASS
  1
RASTERVARIABLES
  2
AcDbRasterVariables
  3
ISM
 90
        0
 91
        0
280
     0
281
     0
  0
CLASS
  1
SORTENTSTABLE
  2
AcDbSortentsTable
  3
ObjectDBX Classes
 90
        0
 91
        2
280
     0
281
     0
  0
CLASS
  1
DIMASSOC
  2
AcDbDimAssoc
  3
"AcDbDimAssoc|Product Desc:     AcDim ARX App For Dimension|Company:          Autodesk, Inc.|WEB Address:      www.autodesk.com"
 90
        0
 91
       13
280
     0
281
     0
  0
ENDSEC
  0
SECTION
  2
TABLES
  0
TABLE
  2
VPORT
  5
8
330
0
100
AcDbSymbolTable
 70
     1
1001
ACAD
1000
DbSaveVer
1071
      224
  0
VPORT
  5
29
330
8
100
AcDbSymbolTableRecord
100
AcDbViewportTableRecord
  2
*Active
 70
     0
 10
0.0
 20
0.0
 11
1.0
 21
1.0
 12
6362821.018541889
 22
6173319.093855488
 13
0.0
 23
0.0
 14
0.5
 24
0.5
 15
0.5
 25
0.5
 16
0.0
 26
0.0
 36
1.0
 17
0.0
 27
0.0
 37
0.0
 40
138.2164266346427
 41
2.257925072046109
 42
50.0
 43
0.0
 44
0.0
 50
0.0
 51
0.0
 71
     0
 72
  1000
 73
     1
 74
     3
 75
     0
 76
     0
 77
     0
 78
     0
281
     0
 65
     1
110
0.0
120
0.0
130
0.0
111
1.0
121
0.0
131
0.0
112
0.0
122
1.0
132
0.0
 79
     0
146
0.0
348
202E2
 60
     3
 61
     5
292
     1
282
     1
141
0.0
142
0.0
 63
   250
421
  3355443
1001
ACAD_NAV_VCDISPLAY
1070
     3
  0
ENDTAB
  0
TABLE
  2
LTYPE
  5
5
330
0
100
AcDbSymbolTable
 70
     4
  0
LTYPE
  5
14
330
5
100
AcDbSymbolTableRecord
100
AcDbLinetypeTableRecord
  2
ByBlock
 70
     0
  3

 72
    65
 73
     0
 40
0.0
  0
LTYPE
  5
15
330
5
100
AcDbSymbolTableRecord
100
AcDbLinetypeTableRecord
  2
ByLayer
 70
     0
  3

 72
    65
 73
     0
 40
0.0
  0
LTYPE
  5
16
330
5
100
AcDbSymbolTableRecord
100
AcDbLinetypeTableRecord
  2
Continuous
 70
     0
  3
Solid line
 72
    65
 73
     0
 40
0.0
  0
LTYPE
  5
20186
330
5
100
AcDbSymbolTableRecord
100
AcDbLinetypeTableRecord
  2
DASHED
 70
     0
  3
Dashed line - - -
 72
    65
 73
     2
 40
10.0
 49
5.0
 74
     0
 49
-5.0
 74
     0
  0
ENDTAB
  0
TABLE
  2
LAYER
  5
2
102
{ACAD_XDICTIONARY
360
20343
102
}
330
0
100
AcDbSymbolTable
 70
    18
  0
LAYER
  5
10
102
{ACAD_XDICTIONARY
360
2030E
102
}
330
2
100
AcDbSymbolTableRecord
100
AcDbLayerTableRecord
  2
0
 70
     0
 62
     7
  6
Continuous
370
    -3
390
F
347
20182
348
0
  0
LAYER
  5
20170
102
{ACAD_XDICTIONARY
360
20310
102
}
330
2
100
AcDbSymbolTableRecord
100
AcDbLayerTableRecord
  2
manzanas
 70
     0
 62
   250
420
  4210752
  6
Continuous
370
    -3
390
F
347
20182
348
0
  0
LAYER
  5
20171
102
{ACAD_XDICTIONARY
360
20312
102
}
330
2
100
AcDbSymbolTableRecord
100
AcDbLayerTableRecord
  2
parcelas
 70
     0
 62
   251
420
  6316128
  6
Continuous
370
    -3
390
F
347
20182
348
0
  0
LAYER
  5
20172
102
{ACAD_XDICTIONARY
360
20314
102
}
330
2
100
AcDbSymbolTableRecord
100
AcDbLayerTableRecord
  2
lfi
 70
     0
 62
   155
420
  3504561
  6
Continuous
370
    -3
390
F
347
20182
348
0
  0
LAYER
  5
20173
102
{ACAD_XDICTIONARY
360
20316
102
}
330
2
100
AcDbSymbolTableRecord
100
AcDbLayerTableRecord
  2
lib
 70
     0
 62
    20
  6
Continuous
370
    -3
390
F
347
20182
348
0
  0
LAYER
  5
20174
102
{ACAD_XDICTIONARY
360
20318
102
}
330
2
100
AcDbSymbolTableRecord
100
AcDbLayerTableRecord
  2
Tronera SI
 70
     0
 62
   155
420
  3504561
  6
Continuous
370
    -3
390
F
347
20182
348
0
  0
LAYER
  5
20175
102
{ACAD_XDICTIONARY
360
2031A
102
}
330
2
100
AcDbSymbolTableRecord
100
AcDbLayerTableRecord
  2
Irregular
 70
     0
 62
     3
  6
Continuous
370
    -3
390
F
347
20182
348
0
  0
LAYER
  5
20176
102
{ACAD_XDICTIONARY
360
2031C
102
}
330
2
100
AcDbSymbolTableRecord
100
AcDbLayerTableRecord
  2
banda_minima
 70
     0
 62
     6
  6
Continuous
370
    -3
390
F
347
20182
348
0
1001
AcCmTransparency
1071
 33554508
  0
LAYER
  5
20177
102
{ACAD_XDICTIONARY
360
2031E
102
}
330
2
100
AcDbSymbolTableRecord
100
AcDbLayerTableRecord
  2
ldf
 70
     0
 62
    -7
  6
Continuous
370
    -3
390
F
347
20182
348
0
  0
LAYER
  5
20178
102
{ACAD_XDICTIONARY
360
20320
102
}
330
2
100
AcDbSymbolTableRecord
100
AcDbLayerTableRecord
  2
tejido
 70
     0
 62
    -8
420
  8421504
  6
Continuous
370
    -3
390
F
347
20182
348
0
  0
LAYER
  5
20179
102
{ACAD_XDICTIONARY
360
20322
102
}
330
2
100
AcDbSymbolTableRecord
100
AcDbLayerTableRecord
  2
mdr_tejidoconsolidado
 70
     0
 62
     9
420
 12632256
  6
Continuous
370
    -3
390
F
347
20182
348
0
1001
AcCmTransparency
1071
 33554585
  0
LAYER
  5
2017A
102
{ACAD_XDICTIONARY
360
20324
102
}
330
2
100
AcDbSymbolTableRecord
100
AcDbLayerTableRecord
  2
mdr_tejidoparairregular
 70
     0
 62
    -8
420
  8421504
  6
Continuous
370
    -3
390
F
347
20182
348
0
1001
AcCmTransparency
1071
 33554585
  0
LAYER
  5
20184
330
2
100
AcDbSymbolTableRecord
100
AcDbLayerTableRecord
  2
Defpoints
 70
     0
 62
     7
  6
Continuous
290
     0
370
    -3
390
F
347
20182
348
0
  0
LAYER
  5
20287
102
{ACAD_XDICTIONARY
360
20326
102
}
330
2
100
AcDbSymbolTableRecord
100
AcDbLayerTableRecord
  2
parcelas_etiquetas
 70
     0
 62
   251
420
  6316128
  6
Continuous
370
    -3
390
F
347
20182
348
0
  0
LAYER
  5
202D2
102
{ACAD_XDICTIONARY
360
20328
102
}
330
2
100
AcDbSymbolTableRecord
100
AcDbLayerTableRecord
  2
calles_etiquetas
 70
     0
 62
   250
420
  2631720
  6
Continuous
370
    -3
390
F
347
20182
348
0
  0
LAYER
  5
2033D
330
2
100
AcDbSymbolTableRecord
100
AcDbLayerTableRecord
  2
CONSOLIDADOS
 70
     0
 62
   251
  6
Continuous
370
    -3
390
F
347
20182
348
0
1001
AcAecLayerStandard
1000

1000

1001
AcCmTransparency
1071
        0
  0
LAYER
  5
2033E
330
2
100
AcDbSymbolTableRecord
100
AcDbLayerTableRecord
  2
TRAZADO
 70
     0
 62
    10
  6
Continuous
370
    -3
390
F
347
20182
348
0
1001
AcAecLayerStandard
1000

1000

1001
AcCmTransparency
1071
        0
  0
LAYER
  5
2045C
330
2
100
AcDbSymbolTableRecord
100
AcDbLayerTableRecord
  2
Cotas
 70
     0
 62
   250
  6
Continuous
370
    -3
390
F
347
20182
348
0
1001
AcAecLayerStandard
1000

1000

1001
AcCmTransparency
1071
        0
  0
ENDTAB
  0
TABLE
  2
STYLE
  5
3
330
0
100
AcDbSymbolTable
 70
     4
  0
STYLE
  5
11
330
3
100
AcDbSymbolTableRecord
100
AcDbTextStyleTableRecord
  2
Standard
 70
     0
 40
0.0
 41
1.0
 50
0.0
 71
     0
 42
0.2
  3
arial.ttf
  4

1001
ACAD
1000
Arial
1071
       34
  0
STYLE
  5
2018A
330
3
100
AcDbSymbolTableRecord
100
AcDbTextStyleTableRecord
  2
ARIAL
 70
     0
 40
0.0
 41
1.0
 50
0.0
 71
     0
 42
2.5
  3
arialbd.ttf
  4

1001
ACAD
1000
Arial
1071
 33554466
  0
STYLE
  5
2033F
330
3
100
AcDbSymbolTableRecord
100
AcDbTextStyleTableRecord
  2
OpenSans
 70
     0
 40
0.0
 41
1.0
 50
0.0
 71
     0
 42
2.5
  3
OpenSans-Regular.ttf
  4

  0
STYLE
  5
20340
330
3
100
AcDbSymbolTableRecord
100
AcDbTextStyleTableRecord
  2
OpenSansCondensed-Light
 70
     0
 40
0.0
 41
1.0
 50
0.0
 71
     0
 42
2.5
  3
OpenSansCondensed-Light.ttf
  4

  0
ENDTAB
  0
TABLE
  2
VIEW
  5
6
330
0
100
AcDbSymbolTable
 70
     2
  0
ENDTAB
  0
TABLE
  2
UCS
  5
7
330
0
100
AcDbSymbolTable
 70
     0
  0
ENDTAB
  0
TABLE
  2
APPID
  5
9
330
0
100
AcDbSymbolTable
 70
    12
  0
APPID
  5
12
330
9
100
AcDbSymbolTableRecord
100
AcDbRegAppTableRecord
  2
ACAD
 70
     0
  0
APPID
  5
13
330
9
100
AcDbSymbolTableRecord
100
AcDbRegAppTableRecord
  2
HATCHBACKGROUNDCOLOR
 70
     0
  0
APPID
  5
20187
330
9
100
AcDbSymbolTableRecord
100
AcDbRegAppTableRecord
  2
AcCmTransparency
 70
     0
  0
APPID
  5
202D7
330
9
100
AcDbSymbolTableRecord
100
AcDbRegAppTableRecord
  2
EZDXF
 70
     0
  0
APPID
  5
2032A
330
9
100
AcDbSymbolTableRecord
100
AcDbRegAppTableRecord
  2
ACAD_NAV_VCDISPLAY
 70
     0
  0
APPID
  5
20342
330
9
100
AcDbSymbolTableRecord
100
AcDbRegAppTableRecord
  2
AcAecLayerStandard
 70
     0
  0
APPID
  5
20367
330
9
100
AcDbSymbolTableRecord
100
AcDbRegAppTableRecord
  2
GradientColor1ACI
 70
     0
  0
APPID
  5
20368
330
9
100
AcDbSymbolTableRecord
100
AcDbRegAppTableRecord
  2
GradientColor2ACI
 70
     0
  0
APPID
  5
2036A
330
9
100
AcDbSymbolTableRecord
100
AcDbRegAppTableRecord
  2
ACAD_EXEMPT_FROM_CAD_STANDARDS
 70
     0
  0
APPID
  5
20477
330
9
100
AcDbSymbolTableRecord
100
AcDbRegAppTableRecord
  2
ACAD_DSTYLE_DIMJAG
 70
     0
  0
APPID
  5
20478
330
9
100
AcDbSymbolTableRecord
100
AcDbRegAppTableRecord
  2
ACAD_DSTYLE_DIMTALN
 70
     0
  0
APPID
  5
204CD
330
9
100
AcDbSymbolTableRecord
100
AcDbRegAppTableRecord
  2
AcadAnnoMonitorAlertIconDisabled
 70
     0
  0
ENDTAB
  0
TABLE
  2
DIMSTYLE
  5
A
330
0
100
AcDbSymbolTable
 70
     3
100
AcDbDimStyleTable
 71
     1
340
27
  0
DIMSTYLE
105
27
102
{ACAD_REACTORS
330
204E3
330
2055D
330
20577
330
20591
330
205AB
330
205C5
330
205DF
330
205F9
330
20627
102
}
330
A
100
AcDbSymbolTableRecord
100
AcDbDimStyleTableRecord
  2
Standard
 70
     0
 41
2.5
 42
0.625
 43
3.75
 44
1.25
 73
     0
 74
     0
 77
     1
 78
     8
 79
     3
140
2.5
141
2.5
143
0.03937007874
147
0.625
171
     3
172
     1
179
     2
271
     2
272
     2
274
     3
278
    44
283
     0
284
     8
340
11
1001
ACAD_DSTYLE_DIMJAG
1070
   388
1040
1.5
1001
ACAD_DSTYLE_DIMTALN
1070
   392
1070
     0
  0
DIMSTYLE
105
20341
330
A
100
AcDbSymbolTableRecord
100
AcDbDimStyleTableRecord
  2
EZDXF
 70
     0
 41
0.175
 42
0.125
 43
3.75
 44
0.375
 49
2.5
 73
     0
 74
     0
 77
     1
 78
    12
 79
     3
140
0.25
141
2.5
143
0.03937007874
144
100.0
146
0.5
147
0.1
171
     3
172
     1
179
     2
271
     2
272
     2
274
     3
279
     2
283
     0
284
     8
288
     1
340
20340
342
20339
  0
ENDTAB
  0
TABLE
  2
BLOCK_RECORD
  5
1
330
0
100
AcDbSymbolTable
 70
    17
  0
BLOCK_RECORD
  5
1F
102
{ACAD_XDICTIONARY
360
20364
102
}
330
1
100
AcDbSymbolTableRecord
100
AcDbBlockTableRecord
  2
*Model_Space
340
22
 70
     0
280
     1
281
     0
  0
BLOCK_RECORD
  5
1B
330
1
100
AcDbSymbolTableRecord
100
AcDbBlockTableRecord
  2
*Paper_Space
340
1E
 70
     0
280
     1
281
     0
  0
BLOCK_RECORD
  5
20339
330
1
100
AcDbSymbolTableRecord
100
AcDbBlockTableRecord
  2
_ARCHTICK
340
0
 70
     0
280
     1
281
     0
  0
BLOCK_RECORD
  5
203DB
330
1
100
AcDbSymbolTableRecord
100
AcDbBlockTableRecord
  2
*D1
340
0
 70
     0
280
     1
281
     0
  0
BLOCK_RECORD
  5
2045E
330
1
100
AcDbSymbolTableRecord
100
AcDbBlockTableRecord
  2
*D4
340
0
 70
     0
280
     1
281
     0
  0
BLOCK_RECORD
  5
2049A
330
1
100
AcDbSymbolTableRecord
100
AcDbBlockTableRecord
  2
*D5
340
0
 70
     0
280
     1
281
     0
  0
BLOCK_RECORD
  5
204B4
330
1
100
AcDbSymbolTableRecord
100
AcDbBlockTableRecord
  2
*D6
340
0
 70
     0
280
     1
281
     0
  0
BLOCK_RECORD
  5
204E4
330
1
100
AcDbSymbolTableRecord
100
AcDbBlockTableRecord
  2
*D7
340
0
 70
     0
280
     1
281
     0
  0
BLOCK_RECORD
  5
20512
330
1
100
AcDbSymbolTableRecord
100
AcDbBlockTableRecord
  2
*D8
340
0
 70
     0
280
     1
281
     0
  0
BLOCK_RECORD
  5
2055E
330
1
100
AcDbSymbolTableRecord
100
AcDbBlockTableRecord
  2
*D9
340
0
 70
     0
280
     1
281
     0
  0
BLOCK_RECORD
  5
20578
330
1
100
AcDbSymbolTableRecord
100
AcDbBlockTableRecord
  2
*D10
340
0
 70
     0
280
     1
281
     0
  0
BLOCK_RECORD
  5
20592
330
1
100
AcDbSymbolTableRecord
100
AcDbBlockTableRecord
  2
*D11
340
0
 70
     0
280
     1
281
     0
  0
BLOCK_RECORD
  5
205AC
330
1
100
AcDbSymbolTableRecord
100
AcDbBlockTableRecord
  2
*D12
340
0
 70
     0
280
     1
281
     0
  0
BLOCK_RECORD
  5
205C6
330
1
100
AcDbSymbolTableRecord
100
AcDbBlockTableRecord
  2
*D13
340
0
 70
     0
280
     1
281
     0
  0
BLOCK_RECORD
  5
205E0
330
1
100
AcDbSymbolTableRecord
100
AcDbBlockTableRecord
  2
*D14
340
0
 70
     0
280
     1
281
     0
  0
BLOCK_RECORD
  5
205FA
330
1
100
AcDbSymbolTableRecord
100
AcDbBlockTableRecord
  2
*D15
340
0
 70
     0
280
     1
281
     0
  0
BLOCK_RECORD
  5
20628
330
1
100
AcDbSymbolTableRecord
100
AcDbBlockTableRecord
  2
*D16
340
0
 70
     0
280
     1
281
     0
  0
ENDTAB
  0
ENDSEC
  0
SECTION
  2
BLOCKS
  0
BLOCK
  5
20
330
1F
100
AcDbEntity
  8
0
100
AcDbBlockBegin
  2
*Model_Space
 70
     0
 10
0.0
 20
0.0
 30
0.0
  3
*Model_Space
  1

  0
ENDBLK
  5
21
330
1F
100
AcDbEntity
  8
0
100
AcDbBlockEnd
  0
BLOCK
  5
1C
330
1B
100
AcDbEntity
 67
     1
  8
0
100
AcDbBlockBegin
  2
*Paper_Space
 70
     0
 10
0.0
 20
0.0
 30
0.0
  3
*Paper_Space
  1

  0
ENDBLK
  5
1D
330
1B
100
AcDbEntity
 67
     1
  8
0
100
AcDbBlockEnd
  0
BLOCK
  5
2033A
330
20339
100
AcDbEntity
  8
0
100
AcDbBlockBegin
  2
_ARCHTICK
 70
     0
 10
0.0
 20
0.0
 30
0.0
  3
_ARCHTICK
  1

  0
LWPOLYLINE
  5
2033B
330
20339
100
AcDbEntity
  8
0
  6
ByBlock
 62
     0
100
AcDbPolyline
 90
        2
 70
     0
 43
0.15
 10
-0.5
 20
-0.5000000000000001
 10
0.5000000000000001
 20
0.5
  0
ENDBLK
  5
2033C
330
20339
100
AcDbEntity
  8
0
100
AcDbBlockEnd
  0
BLOCK
  5
203DC
330
203DB
100
AcDbEntity
  8
0
100
AcDbBlockBegin
  2
*D1
 70
     1
 10
0.0
 20
0.0
 30
0.0
  3
*D1
  1

  0
LINE
  5
20414
330
203DB
100
AcDbEntity
  8
Irregular
 62
     0
440
 16777216
370
    -2
100
AcDbLine
 10
6362735.341995057
 20
6173287.046029246
 30
0.0
 11
6362735.649685027
 21
6173287.250581611
 31
0.0
  0
LINE
  5
20415
330
203DB
100
AcDbEntity
  8
Irregular
 62
     0
440
 16777216
370
    -2
100
AcDbLine
 10
6362737.003493752
 20
6173284.546784235
 30
0.0
 11
6362737.311183721
 21
6173284.7513366
 31
0.0
  0
LINE
  5
20416
330
203DB
100
AcDbEntity
  8
Irregular
 62
     0
440
 16777216
370
    -2
100
AcDbLine
 10
6362735.599439235
 20
6173287.001031294
 30
0.0
 11
6362736.209566255
 21
6173286.083271372
 31
0.0
  0
LINE
  5
20417
330
203DB
100
AcDbEntity
  8
Irregular
 62
     0
440
 16777216
370
    -2
100
AcDbLine
 10
6362737.061633404
 20
6173284.801582392
 30
0.0
 11
6362736.451506383
 21
6173285.719342315
 31
0.0
  0
SOLID
  5
20418
330
203DB
100
AcDbEntity
  8
Irregular
 62
     0
440
 16777216
100
AcDbTrace
 10
6362735.624422242
 20
6173287.017640005
 30
0.0
 11
6362735.574456226
 21
6173286.984422584
 31
0.0
 12
6362735.499786972
 22
6173287.150929349
 32
0.0
 13
6362735.499786972
 23
6173287.150929349
 33
0.0
  0
SOLID
  5
20419
330
203DB
100
AcDbEntity
  8
Irregular
 62
     0
440
 16777216
100
AcDbTrace
 10
6362737.086616411
 20
6173284.818191103
 30
0.0
 11
6362737.036650395
 21
6173284.784973682
 31
0.0
 12
6362737.161285666
 22
6173284.651684338
 32
0.0
 13
6362737.161285666
 23
6173284.651684338
 33
0.0
  0
MTEXT
  5
2041A
330
203DB
100
AcDbEntity
  8
Irregular
 62
     0
440
 16777216
100
AcDbMText
 10
6362736.330536319
 20
6173285.901306845
 30
0.0
 40
0.18
 41
0.0
 46
0.0
 71
     5
 72
     1
  1
\A1;3.0011
 73
     1
 44
1.0
  0
POINT
  5
2041B
330
203DB
100
AcDbEntity
  8
Defpoints
 62
     0
440
 16777216
100
AcDbPoint
 10
6362735.289947123
 20
6173287.011427764
 30
0.0
  0
POINT
  5
2041C
330
203DB
100
AcDbEntity
  8
Defpoints
 62
     0
440
 16777216
100
AcDbPoint
 10
6362736.951445817
 20
6173284.512182755
 30
0.0
  0
POINT
  5
2041D
330
203DB
100
AcDbEntity
  8
Defpoints
 62
     0
440
 16777216
100
AcDbPoint
 10
6362737.161285666
 20
6173284.651684338
 30
0.0
  0
ENDBLK
  5
203DD
330
203DB
100
AcDbEntity
  8
0
100
AcDbBlockEnd
  0
BLOCK
  5
2045F
330
2045E
100
AcDbEntity
  8
0
100
AcDbBlockBegin
  2
*D4
 70
     1
 10
0.0
 20
0.0
 30
0.0
  3
*D4
  1

  0
LINE
  5
20479
330
2045E
100
AcDbEntity
  8
Cotas
 62
     0
440
 16777216
370
    -2
100
AcDbLine
 10
6362791.28539149
 20
6173377.243311814
 30
0.0
 11
6362791.985336183
 21
6173376.238803629
 31
0.0
  0
LINE
  5
2047A
330
2045E
100
AcDbEntity
  8
Cotas
 62
     0
440
 16777216
370
    -2
100
AcDbLine
 10
6362794.694463125
 20
6173379.618764435
 30
0.0
 11
6362795.394407819
 21
6173378.61425625
 31
0.0
  0
LINE
  5
2047B
330
2045E
100
AcDbEntity
  8
Cotas
 62
     0
440
 16777216
370
    -2
100
AcDbLine
 10
6362792.03011323
 20
6173376.489392966
 30
0.0
 11
6362793.3259121
 21
6173377.392309994
 31
0.0
  0
LINE
  5
2047C
330
2045E
100
AcDbEntity
  8
Cotas
 62
     0
440
 16777216
370
    -2
100
AcDbLine
 10
6362795.143818482
 20
6173378.659033295
 30
0.0
 11
6362793.84801961
 21
6173377.756116268
 31
0.0
  0
SOLID
  5
2047D
330
2045E
100
AcDbEntity
  8
Cotas
 62
     0
440
 16777216
100
AcDbTrace
 10
6362792.012962205
 20
6173376.514006831
 30
0.0
 11
6362792.047264254
 21
6173376.464779102
 31
0.0
 12
6362791.882430038
 22
6173376.38648682
 32
0.0
 13
6362791.882430038
 23
6173376.38648682
 33
0.0
  0
SOLID
  5
2047E
330
2045E
100
AcDbEntity
  8
Cotas
 62
     0
440
 16777216
100
AcDbTrace
 10
6362795.126667457
 20
6173378.683647162
 30
0.0
 11
6362795.160969506
 21
6173378.634419431
 31
0.0
 12
6362795.291501673
 22
6173378.761939442
 32
0.0
 13
6362795.291501673
 23
6173378.761939442
 33
0.0
  0
MTEXT
  5
2047F
330
2045E
100
AcDbEntity
  8
Cotas
 62
     0
440
 16777216
100
AcDbMText
 10
6362793.586965855
 20
6173377.57421313
 30
0.0
 40
0.18
 41
0.0
 46
0.0
 71
     5
 72
     1
  1
\A1;4.1551
 73
     1
 44
1.0
  0
POINT
  5
20480
330
2045E
100
AcDbEntity
  8
Defpoints
 62
     0
440
 16777216
100
AcDbPoint
 10
6362791.249660189
 20
6173377.2945907
 30
0.0
  0
POINT
  5
20481
330
2045E
100
AcDbEntity
  8
Defpoints
 62
     0
440
 16777216
100
AcDbPoint
 10
6362794.658731825
 20
6173379.670043321
 30
0.0
  0
POINT
  5
20482
330
2045E
100
AcDbEntity
  8
Defpoints
 62
     0
440
 16777216
100
AcDbPoint
 10
6362795.291501673
 20
6173378.761939442
 30
0.0
  0
ENDBLK
  5
20460
330
2045E
100
AcDbEntity
  8
0
100
AcDbBlockEnd
  0
BLOCK
  5
2049B
330
2049A
100
AcDbEntity
  8
0
100
AcDbBlockBegin
  2
*D5
 70
     1
 10
0.0
 20
0.0
 30
0.0
  3
*D5
  1

  0
LINE
  5
204A8
330
2049A
100
AcDbEntity
  8
Cotas
440
 16777216
370
    -2
100
AcDbLine
 10
6362791.285388887
 20
6173377.24331
 30
0.0
 11
6362791.610097728
 21
6173376.777261768
 31
0.0
  0
LINE
  5
204A9
330
2049A
100
AcDbEntity
  8
Cotas
440
 16777216
370
    -2
100
AcDbLine
 10
6362794.694578854
 20
6173379.618588012
 30
0.0
 11
6362795.019287694
 21
6173379.152539778
 31
0.0
  0
LINE
  5
204AA
330
2049A
100
AcDbEntity
  8
Cotas
440
 16777216
100
AcDbLine
 10
6362791.732633141
 20
6173376.91626203
 30
0.0
 11
6362793.028457697
 21
6173377.819099247
 31
0.0
  0
LINE
  5
204AB
330
2049A
100
AcDbEntity
  8
Cotas
440
 16777216
100
AcDbLine
 10
6362794.846446275
 20
6173379.085742741
 30
0.0
 11
6362793.550621715
 21
6173378.182905523
 31
0.0
  0
SOLID
  5
204AC
330
2049A
100
AcDbEntity
  8
Cotas
440
 16777216
100
AcDbTrace
 10
6362791.715483365
 20
6173376.940876766
 30
0.0
 11
6362791.749782915
 21
6173376.891647294
 31
0.0
 12
6362791.584944725
 22
6173376.81336338
 32
0.0
 13
6362791.584944725
 23
6173376.81336338
 33
0.0
  0
SOLID
  5
204AD
330
2049A
100
AcDbEntity
  8
Cotas
440
 16777216
100
AcDbTrace
 10
6362794.8292965
 20
6173379.110357476
 30
0.0
 11
6362794.86359605
 21
6173379.061128006
 31
0.0
 12
6362794.994134691
 22
6173379.188641391
 32
0.0
 13
6362794.994134691
 23
6173379.188641391
 33
0.0
  0
MTEXT
  5
204AE
330
2049A
100
AcDbEntity
  8
Cotas
 62
     0
440
 16777216
100
AcDbMText
 10
6362793.289539707
 20
6173378.001002386
 30
0.0
 40
0.18
 41
0.0
 46
0.0
 71
     5
 72
     1
  1
\A1;4.16
 73
     1
 44
1.0
  0
POINT
  5
204AF
330
2049A
100
AcDbEntity
  8
Defpoints
 62
     0
440
 16777216
100
AcDbPoint
 10
6362791.249660189
 20
6173377.2945907
 30
0.0
  0
POINT
  5
204B0
330
2049A
100
AcDbEntity
  8
Defpoints
 62
     0
440
 16777216
100
AcDbPoint
 10
6362794.658850155
 20
6173379.669868711
 30
0.0
  0
POINT
  5
204B1
330
2049A
100
AcDbEntity
  8
Defpoints
 62
     0
440
 16777216
100
AcDbPoint
 10
6362794.994134691
 20
6173379.188641391
 30
0.0
  0
ENDBLK
  5
2049C
330
2049A
100
AcDbEntity
  8
0
100
AcDbBlockEnd
  0
BLOCK
  5
204B5
330
204B4
100
AcDbEntity
  8
0
100
AcDbBlockBegin
  2
*D6
 70
     1
 10
0.0
 20
0.0
 30
0.0
  3
*D6
  1

  0
LINE
  5
20553
330
204B4
100
AcDbEntity
  8
Cotas
440
 16777216
370
    -2
100
AcDbLine
 10
6362789.517487526
 20
6173379.779470374
 30
0.0
 11
6362788.990197051
 21
6173379.427844913
 31
0.0
  0
LINE
  5
20554
330
204B4
100
AcDbEntity
  8
Cotas
440
 16777216
370
    -2
100
AcDbLine
 10
6362791.197661529
 20
6173377.259915213
 30
0.0
 11
6362790.670371054
 21
6173376.908289752
 31
0.0
  0
LINE
  5
20555
330
204B4
100
AcDbEntity
  8
Cotas
440
 16777216
100
AcDbLine
 10
6362789.126669506
 20
6173379.30250031
 30
0.0
 11
6362789.74554744
 21
6173378.374443402
 31
0.0
  0
LINE
  5
20556
330
204B4
100
AcDbEntity
  8
Cotas
440
 16777216
100
AcDbLine
 10
6362790.607112713
 20
6173377.082457435
 30
0.0
 11
6362789.988234781
 21
6173378.010514343
 31
0.0
  0
SOLID
  5
20557
330
204B4
100
AcDbEntity
  8
Cotas
440
 16777216
100
AcDbTrace
 10
6362789.151628862
 20
6173379.319144543
 30
0.0
 11
6362789.101710148
 21
6173379.285856078
 31
0.0
 12
6362789.026804108
 22
6173379.452256454
 32
0.0
 13
6362789.026804108
 23
6173379.452256454
 33
0.0
  0
SOLID
  5
20558
330
204B4
100
AcDbEntity
  8
Cotas
440
 16777216
100
AcDbTrace
 10
6362790.632072069
 20
6173377.099101668
 30
0.0
 11
6362790.582153357
 21
6173377.065813204
 31
0.0
 12
6362790.706978111
 22
6173376.932701293
 32
0.0
 13
6362790.706978111
 23
6173376.932701293
 33
0.0
  0
MTEXT
  5
20559
330
204B4
100
AcDbEntity
  8
Cotas
 62
     0
440
 16777216
100
AcDbMText
 10
6362789.86689111
 20
6173378.192478873
 30
0.0
 40
0.18
 41
0.0
 46
0.0
 71
     5
 72
     1
  1
\A1;3.00
 73
     1
 44
1.0
  0
POINT
  5
2055A
330
204B4
100
AcDbEntity
  8
Defpoints
 62
     0
440
 16777216
100
AcDbPoint
 10
6362789.569486188
 20
6173379.81414586
 30
0.0
  0
POINT
  5
2055B
330
204B4
100
AcDbEntity
  8
Defpoints
 62
     0
440
 16777216
100
AcDbPoint
 10
6362791.249660189
 20
6173377.294590699
 30
0.0
  0
POINT
  5
2055C
330
204B4
100
AcDbEntity
  8
Defpoints
 62
     0
440
 16777216
100
AcDbPoint
 10
6362790.706978111
 20
6173376.932701293
 30
0.0
  0
ENDBLK
  5
204B6
330
204B4
100
AcDbEntity
  8
0
100
AcDbBlockEnd
  0
BLOCK
  5
204E5
330
204E4
100
AcDbEntity
  8
0
100
AcDbBlockBegin
  2
*D7
 70
     1
 10
0.0
 20
0.0
 30
0.0
  3
*D7
  1

  0
LINE
  5
20549
330
204E4
100
AcDbEntity
  8
Cotas
440
 16777216
370
    -2
100
AcDbLine
 10
6362791.61585185
 20
6173376.759672066
 30
0.0
 11
6362791.605443462
 21
6173376.774966359
 31
0.0
  0
LINE
  5
2054A
330
204E4
100
AcDbEntity
  8
Cotas
440
 16777216
370
    -2
100
AcDbLine
 10
6362789.146399701
 20
6173375.079109602
 30
0.0
 11
6362789.135991313
 21
6173375.094403897
 31
0.0
  0
LINE
  5
2054B
330
204E4
100
AcDbEntity
  8
Cotas
440
 16777216
100
AcDbLine
 10
6362791.431879022
 20
6173376.710071172
 30
0.0
 11
6362790.740971073
 21
6173376.239880257
 31
0.0
  0
LINE
  5
2054C
330
204E4
100
AcDbEntity
  8
Cotas
440
 16777216
100
AcDbLine
 10
6362789.260045579
 20
6173375.232050323
 30
0.0
 11
6362789.950953529
 21
6173375.702241238
 31
0.0
  0
SOLID
  5
2054D
330
204E4
100
AcDbEntity
  8
Cotas
440
 16777216
100
AcDbTrace
 10
6362791.415000554
 20
6173376.734872731
 30
0.0
 11
6362791.44875749
 21
6173376.685269613
 31
0.0
 12
6362791.580688375
 22
6173376.811341979
 32
0.0
 13
6362791.580688375
 23
6173376.811341979
 33
0.0
  0
SOLID
  5
2054E
330
204E4
100
AcDbEntity
  8
Cotas
440
 16777216
100
AcDbTrace
 10
6362789.243167111
 20
6173375.256851882
 30
0.0
 11
6362789.276924047
 21
6173375.207248763
 31
0.0
 12
6362789.111236227
 22
6173375.130779516
 32
0.0
 13
6362789.111236227
 23
6173375.130779516
 33
0.0
  0
MTEXT
  5
2054F
330
204E4
100
AcDbEntity
  8
Cotas
 62
     0
440
 16777216
100
AcDbMText
 10
6362790.3459623
 20
6173375.971060749
 30
0.0
 40
0.18
 41
0.0
 46
0.0
 71
     5
 72
     1
  1
\A1;{\H1.94444x;3.00}
 73
     1
 44
1.0
  0
POINT
  5
20550
330
204E4
100
AcDbEntity
  8
Defpoints
 62
     0
440
 16777216
100
AcDbPoint
 10
6362791.580688375
 20
6173376.811341981
 30
0.0
  0
POINT
  5
20551
330
204E4
100
AcDbEntity
  8
Defpoints
 62
     0
440
 16777216
100
AcDbPoint
 10
6362789.111236227
 20
6173375.130779516
 30
0.0
  0
POINT
  5
20552
330
204E4
100
AcDbEntity
  8
Defpoints
 62
     0
440
 16777216
100
AcDbPoint
 10
6362789.111236227
 20
6173375.130779516
 30
0.0
  0
ENDBLK
  5
204E6
330
204E4
100
AcDbEntity
  8
0
100
AcDbBlockEnd
  0
BLOCK
  5
20513
330
20512
100
AcDbEntity
  8
0
100
AcDbBlockBegin
  2
*D8
 70
     1
 10
0.0
 20
0.0
 30
0.0
  3
*D8
  1

  0
LINE
  5
20520
330
20512
100
AcDbEntity
  8
Cotas
440
 16777216
370
    -2
100
AcDbLine
 10
6362803.043225643
 20
6173367.186283163
 30
0.0
 11
6362802.600222903
 21
6173366.886069105
 31
0.0
  0
LINE
  5
20521
330
20512
100
AcDbEntity
  8
Cotas
440
 16777216
370
    -2
100
AcDbLine
 10
6362801.360311897
 20
6173369.669629244
 30
0.0
 11
6362800.917309156
 21
6173369.369415186
 31
0.0
  0
LINE
  5
20522
330
20512
100
AcDbEntity
  8
Cotas
440
 16777216
100
AcDbLine
 10
6362802.535667641
 20
6173367.059760263
 30
0.0
 11
6362801.918503749
 21
6173367.970461439
 31
0.0
  0
LINE
  5
20523
330
20512
100
AcDbEntity
  8
Cotas
440
 16777216
100
AcDbLine
 10
6362801.054712447
 20
6173369.245091675
 30
0.0
 11
6362801.67187634
 21
6173368.334390497
 31
0.0
  0
SOLID
  5
20524
330
20512
100
AcDbEntity
  8
Cotas
440
 16777216
100
AcDbTrace
 10
6362802.560502196
 20
6173367.076590143
 30
0.0
 11
6362802.510833086
 21
6173367.042930386
 31
0.0
 12
6362802.636646918
 22
6173366.91075293
 32
0.0
 13
6362802.636646918
 23
6173366.91075293
 33
0.0
  0
SOLID
  5
20525
330
20512
100
AcDbEntity
  8
Cotas
440
 16777216
100
AcDbTrace
 10
6362801.079547002
 20
6173369.261921553
 30
0.0
 11
6362801.029877892
 21
6173369.228261796
 31
0.0
 12
6362800.95373317
 22
6173369.39409901
 32
0.0
 13
6362800.95373317
 23
6173369.39409901
 33
0.0
  0
MTEXT
  5
20526
330
20512
100
AcDbEntity
  8
Cotas
 62
     0
440
 16777216
100
AcDbMText
 10
6362801.795190043
 20
6173368.152425969
 30
0.0
 40
0.18
 41
0.0
 46
0.0
 71
     5
 72
     1
  1
\A1;3.00
 73
     1
 44
1.0
  0
POINT
  5
20527
330
20512
100
AcDbEntity
  8
Defpoints
 62
     0
440
 16777216
100
AcDbPoint
 10
6362803.0949643
 20
6173367.221345412
 30
0.0
  0
POINT
  5
20528
330
20512
100
AcDbEntity
  8
Defpoints
 62
     0
440
 16777216
100
AcDbPoint
 10
6362801.412050554
 20
6173369.704691493
 30
0.0
  0
POINT
  5
20529
330
20512
100
AcDbEntity
  8
Defpoints
 62
     0
440
 16777216
100
AcDbPoint
 10
6362800.95373317
 20
6173369.39409901
 30
0.0
  0
ENDBLK
  5
20514
330
20512
100
AcDbEntity
  8
0
100
AcDbBlockEnd
  0
BLOCK
  5
2055F
330
2055E
100
AcDbEntity
  8
0
100
AcDbBlockBegin
  2
*D9
 70
     1
 10
0.0
 20
0.0
 30
0.0
  3
*D9
  1

  0
LINE
  5
2056C
330
2055E
100
AcDbEntity
  8
Cotas
440
 16777216
370
    -2
100
AcDbLine
 10
6362791.615750623
 20
6173376.75960332
 30
0.0
 11
6362791.622844672
 21
6173376.749135179
 31
0.0
  0
LINE
  5
2056D
330
2055E
100
AcDbEntity
  8
Cotas
440
 16777216
370
    -2
100
AcDbLine
 10
6362795.052672131
 20
6173379.088735979
 30
0.0
 11
6362795.059766179
 21
6173379.078267837
 31
0.0
  0
LINE
  5
2056E
330
2055E
100
AcDbEntity
  8
Cotas
440
 16777216
100
AcDbLine
 10
6362791.747168182
 20
6173376.886538472
 30
0.0
 11
6362792.920120921
 21
6173377.681424978
 31
0.0
  0
LINE
  5
2056F
330
2055E
100
AcDbEntity
  8
Cotas
440
 16777216
100
AcDbLine
 10
6362794.886075023
 20
6173379.013712575
 30
0.0
 11
6362793.713122283
 21
6173378.218826069
 31
0.0
  0
SOLID
  5
20570
330
2055E
100
AcDbEntity
  8
Cotas
440
 16777216
100
AcDbTrace
 10
6362791.730338304
 20
6173376.911373027
 30
0.0
 11
6362791.763998061
 21
6173376.861703916
 31
0.0
 12
6362791.598160848
 22
6173376.785559193
 32
0.0
 13
6362791.598160848
 23
6173376.785559193
 33
0.0
  0
SOLID
  5
20571
330
2055E
100
AcDbEntity
  8
Cotas
440
 16777216
100
AcDbTrace
 10
6362794.869245143
 20
6173379.038547132
 30
0.0
 11
6362794.902904903
 21
6173378.988878019
 31
0.0
 12
6362795.035082357
 22
6173379.114691853
 32
0.0
 13
6362795.035082357
 23
6173379.114691853
 33
0.0
  0
MTEXT
  5
20572
330
2055E
100
AcDbEntity
  8
Cotas
 62
     0
440
 16777216
100
AcDbMText
 10
6362793.316621603
 20
6173377.950125523
 30
0.0
 40
0.35
 41
0.0
 46
0.0
 71
     5
 72
     1
  1
\A1;4.15
 73
     1
 44
1.0
  0
POINT
  5
20573
330
2055E
100
AcDbEntity
  8
Defpoints
 62
     0
440
 16777216
100
AcDbPoint
 10
6362791.580688374
 20
6173376.811341978
 30
0.0
  0
POINT
  5
20574
330
2055E
100
AcDbEntity
  8
Defpoints
 62
     0
440
 16777216
100
AcDbPoint
 10
6362795.017609883
 20
6173379.140474636
 30
0.0
  0
POINT
  5
20575
330
2055E
100
AcDbEntity
  8
Defpoints
 62
     0
440
 16777216
100
AcDbPoint
 10
6362795.035082357
 20
6173379.114691853
 30
0.0
  0
ENDBLK
  5
20560
330
2055E
100
AcDbEntity
  8
0
100
AcDbBlockEnd
  0
BLOCK
  5
20579
330
20578
100
AcDbEntity
  8
0
100
AcDbBlockBegin
  2
*D10
 70
     1
 10
0.0
 20
0.0
 30
0.0
  3
*D10
  1

  0
LINE
  5
20586
330
20578
100
AcDbEntity
  8
Cotas
440
 16777216
370
    -2
100
AcDbLine
 10
6362801.347059635
 20
6173369.660131231
 30
0.0
 11
6362800.632129918
 21
6173369.169948062
 31
0.0
  0
LINE
  5
20587
330
20578
100
AcDbEntity
  8
Cotas
440
 16777216
370
    -2
100
AcDbLine
 10
6362803.043416922
 20
6173367.186002558
 30
0.0
 11
6362802.328487202
 21
6173366.695819387
 31
0.0
  0
LINE
  5
20588
330
20578
100
AcDbEntity
  8
Cotas
440
 16777216
100
AcDbLine
 10
6362800.770206701
 20
6173369.046372977
 30
0.0
 11
6362801.332284694
 21
6173368.226585014
 31
0.0
  0
LINE
  5
20589
330
20578
100
AcDbEntity
  8
Cotas
440
 16777216
100
AcDbLine
 10
6362802.26298913
 20
6173366.869157215
 30
0.0
 11
6362801.700911136
 21
6173367.688945178
 31
0.0
  0
SOLID
  5
2058A
330
20578
100
AcDbEntity
  8
Cotas
440
 16777216
100
AcDbTrace
 10
6362800.794949443
 20
6173369.063337547
 30
0.0
 11
6362800.745463958
 21
6173369.029408406
 31
0.0
 12
6362800.668419273
 22
6173369.194829434
 32
0.0
 13
6362800.668419273
 23
6173369.194829434
 33
0.0
  0
SOLID
  5
2058B
330
20578
100
AcDbEntity
  8
Cotas
440
 16777216
100
AcDbTrace
 10
6362802.287731873
 20
6173366.886121787
 30
0.0
 11
6362802.238246389
 21
6173366.852192645
 31
0.0
 12
6362802.364776557
 22
6173366.720700759
 32
0.0
 13
6362802.364776557
 23
6173366.720700759
 33
0.0
  0
MTEXT
  5
2058C
330
20578
100
AcDbEntity
  8
Cotas
 62
     0
440
 16777216
100
AcDbMText
 10
6362801.516597916
 20
6173367.957765095
 30
0.0
 40
0.35
 41
0.0
 46
0.0
 71
     5
 72
     1
  1
\A1;3.00
 73
     1
 44
1.0
  0
POINT
  5
2058D
330
20578
100
AcDbEntity
  8
Defpoints
 62
     0
440
 16777216
100
AcDbPoint
 10
6362801.398607016
 20
6173369.695474089
 30
0.0
  0
POINT
  5
2058E
330
20578
100
AcDbEntity
  8
Defpoints
 62
     0
440
 16777216
100
AcDbPoint
 10
6362803.094964302
 20
6173367.221345414
 30
0.0
  0
POINT
  5
2058F
330
20578
100
AcDbEntity
  8
Defpoints
 62
     0
440
 16777216
100
AcDbPoint
 10
6362802.364776557
 20
6173366.720700759
 30
0.0
  0
ENDBLK
  5
2057A
330
20578
100
AcDbEntity
  8
0
100
AcDbBlockEnd
  0
BLOCK
  5
20593
330
20592
100
AcDbEntity
  8
0
100
AcDbBlockBegin
  2
*D11
 70
     1
 10
0.0
 20
0.0
 30
0.0
  3
*D11
  1

  0
LINE
  5
205A0
330
20592
100
AcDbEntity
  8
Cotas
440
 16777216
370
    -2
100
AcDbLine
 10
6362736.467835526
 20
6173287.818416483
 30
0.0
 11
6362737.792941987
 21
6173288.725029458
 31
0.0
  0
LINE
  5
205A1
330
20592
100
AcDbEntity
  8
Cotas
440
 16777216
370
    -2
100
AcDbLine
 10
6362738.161268285
 20
6173285.343293414
 30
0.0
 11
6362739.486374746
 21
6173286.249906391
 31
0.0
  0
LINE
  5
205A2
330
20592
100
AcDbEntity
  8
Cotas
440
 16777216
100
AcDbLine
 10
6362737.858268112
 20
6173288.551626755
 30
0.0
 11
6362738.419422809
 21
6173287.731442473
 31
0.0
  0
LINE
  5
205A3
330
20592
100
AcDbEntity
  8
Cotas
440
 16777216
100
AcDbLine
 10
6362739.348420589
 20
6173286.373618357
 30
0.0
 11
6362738.787265896
 21
6173287.193802637
 31
0.0
  0
SOLID
  5
205A4
330
20592
100
AcDbEntity
  8
Cotas
440
 16777216
100
AcDbTrace
 10
6362737.883027668
 20
6173288.568566779
 30
0.0
 11
6362737.833508557
 21
6173288.534686733
 31
0.0
 12
6362737.756627971
 22
6173288.70018409
 32
0.0
 13
6362737.756627971
 23
6173288.70018409
 33
0.0
  0
SOLID
  5
205A5
330
20592
100
AcDbEntity
  8
Cotas
440
 16777216
100
AcDbTrace
 10
6362739.373180145
 20
6173286.39055838
 30
0.0
 11
6362739.323661034
 21
6173286.356678334
 31
0.0
 12
6362739.45006073
 22
6173286.225061023
 32
0.0
 13
6362739.45006073
 23
6173286.225061023
 33
0.0
  0
MTEXT
  5
205A6
330
20592
100
AcDbEntity
  8
Cotas
 62
     0
440
 16777216
100
AcDbMText
 10
6362738.60334435
 20
6173287.462622556
 30
0.0
 40
0.35
 41
0.0
 46
0.0
 71
     5
 72
     1
  1
\A1;3.00
 73
     1
 44
1.0
  0
POINT
  5
205A7
330
20592
100
AcDbEntity
  8
Defpoints
 62
     0
440
 16777216
100
AcDbPoint
 10
6362736.416253118
 20
6173287.783124766
 30
0.0
  0
POINT
  5
205A8
330
20592
100
AcDbEntity
  8
Defpoints
 62
     0
440
 16777216
100
AcDbPoint
 10
6362738.109685876
 20
6173285.308001699
 30
0.0
  0
POINT
  5
205A9
330
20592
100
AcDbEntity
  8
Defpoints
 62
     0
440
 16777216
100
AcDbPoint
 10
6362739.45006073
 20
6173286.225061023
 30
0.0
  0
ENDBLK
  5
20594
330
20592
100
AcDbEntity
  8
0
100
AcDbBlockEnd
  0
BLOCK
  5
205AD
330
205AC
100
AcDbEntity
  8
0
100
AcDbBlockBegin
  2
*D12
 70
     1
 10
0.0
 20
0.0
 30
0.0
  3
*D12
  1

  0
LINE
  5
205BA
330
205AC
100
AcDbEntity
  8
Cotas
440
 16777216
370
    -2
100
AcDbLine
 10
6362743.623447811
 20
6173289.080369865
 30
0.0
 11
6362742.659117546
 21
6173288.419764908
 31
0.0
  0
LINE
  5
205BB
330
205AC
100
AcDbEntity
  8
Cotas
440
 16777216
370
    -2
100
AcDbLine
 10
6362746.378640228
 20
6173285.058426922
 30
0.0
 11
6362745.414309964
 21
6173284.397821968
 31
0.0
  0
LINE
  5
205BC
330
205AC
100
AcDbEntity
  8
Cotas
440
 16777216
100
AcDbLine
 10
6362742.797144027
 20
6173288.296133641
 30
0.0
 11
6362743.888942571
 21
6173286.702360585
 31
0.0
  0
LINE
  5
205BD
330
205AC
100
AcDbEntity
  8
Cotas
440
 16777216
100
AcDbLine
 10
6362745.348882441
 20
6173284.571186439
 30
0.0
 11
6362744.257083898
 21
6173286.164959494
 31
0.0
  0
SOLID
  5
205BE
330
205AC
100
AcDbEntity
  8
Cotas
440
 16777216
100
AcDbTrace
 10
6362742.821893672
 20
6173288.313088142
 30
0.0
 11
6362742.772394383
 21
6173288.279179141
 31
0.0
 12
6362742.695417024
 22
6173288.444631509
 32
0.0
 13
6362742.695417024
 23
6173288.444631509
 33
0.0
  0
SOLID
  5
205BF
330
205AC
100
AcDbEntity
  8
Cotas
440
 16777216
100
AcDbTrace
 10
6362745.373632085
 20
6173284.588140936
 30
0.0
 11
6362745.324132797
 21
6173284.554231939
 31
0.0
 12
6362745.450609444
 22
6173284.42268857
 32
0.0
 13
6362745.450609444
 23
6173284.42268857
 33
0.0
  0
MTEXT
  5
205C0
330
205AC
100
AcDbEntity
  8
Cotas
 62
     0
440
 16777216
100
AcDbMText
 10
6362744.073013234
 20
6173286.433660041
 30
0.0
 40
0.35
 41
0.0
 46
0.0
 71
     5
 72
     1
  1
\A1;4.88
 73
     1
 44
1.0
  0
POINT
  5
205C1
330
205AC
100
AcDbEntity
  8
Defpoints
 62
     0
440
 16777216
100
AcDbPoint
 10
6362743.675009571
 20
6173289.11569174
 30
0.0
  0
POINT
  5
205C2
330
205AC
100
AcDbEntity
  8
Defpoints
 62
     0
440
 16777216
100
AcDbPoint
 10
6362746.430201989
 20
6173285.093748798
 30
0.0
  0
POINT
  5
205C3
330
205AC
100
AcDbEntity
  8
Defpoints
 62
     0
440
 16777216
100
AcDbPoint
 10
6362745.450609444
 20
6173284.42268857
 30
0.0
  0
ENDBLK
  5
205AE
330
205AC
100
AcDbEntity
  8
0
100
AcDbBlockEnd
  0
BLOCK
  5
205C7
330
205C6
100
AcDbEntity
  8
0
100
AcDbBlockBegin
  2
*D13
 70
     1
 10
0.0
 20
0.0
 30
0.0
  3
*D13
  1

  0
LINE
  5
205D4
330
205C6
100
AcDbEntity
  8
Cotas
440
 16777216
370
    -2
100
AcDbLine
 10
6362746.395503846
 20
6173285.145669478
 30
0.0
 11
6362745.723832727
 21
6173286.156696443
 31
0.0
  0
LINE
  5
205D5
330
205C6
100
AcDbEntity
  8
Cotas
440
 16777216
370
    -2
100
AcDbLine
 10
6362748.894471387
 20
6173286.805847077
 30
0.0
 11
6362748.222800267
 21
6173287.816874044
 31
0.0
  0
LINE
  5
205D6
330
205C6
100
AcDbEntity
  8
Cotas
440
 16777216
100
AcDbLine
 10
6362745.898110094
 20
6173286.219651977
 30
0.0
 11
6362746.593025592
 21
6173286.681315897
 31
0.0
  0
LINE
  5
205D7
330
205C6
100
AcDbEntity
  8
Cotas
440
 16777216
100
AcDbLine
 10
6362748.097218663
 20
6173287.680619649
 30
0.0
 11
6362747.402303165
 21
6173287.218955732
 31
0.0
  0
SOLID
  5
205D8
330
205C6
100
AcDbEntity
  8
Cotas
440
 16777216
100
AcDbTrace
 10
6362745.881509266
 20
6173286.244640226
 30
0.0
 11
6362745.914710922
 21
6173286.194663729
 31
0.0
 12
6362745.748180607
 22
6173286.120047013
 32
0.0
 13
6362745.748180607
 23
6173286.120047013
 33
0.0
  0
SOLID
  5
205D9
330
205C6
100
AcDbEntity
  8
Cotas
440
 16777216
100
AcDbTrace
 10
6362748.080617834
 20
6173287.705607897
 30
0.0
 11
6362748.11381949
 21
6173287.655631402
 31
0.0
 12
6362748.247148149
 22
6173287.780224613
 32
0.0
 13
6362748.247148149
 23
6173287.780224613
 33
0.0
  0
MTEXT
  5
205DA
330
205C6
100
AcDbEntity
  8
Cotas
 62
     0
440
 16777216
100
AcDbMText
 10
6362746.99766438
 20
6173286.950135812
 30
0.0
 40
0.35
 41
0.0
 46
0.0
 71
     5
 72
     1
  1
\A1;3.00
 73
     1
 44
1.0
  0
POINT
  5
205DB
330
205C6
100
AcDbEntity
  8
Defpoints
 62
     0
440
 16777216
100
AcDbPoint
 10
6362746.430088902
 20
6173285.093610627
 30
0.0
  0
POINT
  5
205DC
330
205C6
100
AcDbEntity
  8
Defpoints
 62
     0
440
 16777216
100
AcDbPoint
 10
6362748.929056444
 20
6173286.753788227
 30
0.0
  0
POINT
  5
205DD
330
205C6
100
AcDbEntity
  8
Defpoints
 62
     0
440
 16777216
100
AcDbPoint
 10
6362748.247148149
 20
6173287.780224613
 30
0.0
  0
ENDBLK
  5
205C8
330
205C6
100
AcDbEntity
  8
0
100
AcDbBlockEnd
  0
BLOCK
  5
205E1
330
205E0
100
AcDbEntity
  8
0
100
AcDbBlockBegin
  2
*D14
 70
     1
 10
0.0
 20
0.0
 30
0.0
  3
*D14
  1

  0
LINE
  5
205EE
330
205E0
100
AcDbEntity
  8
Cotas
440
 16777216
370
    -2
100
AcDbLine
 10
6362752.53010446
 20
6173291.561240257
 30
0.0
 11
6362751.881321853
 21
6173291.128349985
 31
0.0
  0
LINE
  5
205EF
330
205E0
100
AcDbEntity
  8
Cotas
440
 16777216
370
    -2
100
AcDbLine
 10
6362750.864713301
 20
6173294.057200296
 30
0.0
 11
6362750.215930693
 21
6173293.624310024
 31
0.0
  0
LINE
  5
205F0
330
205E0
100
AcDbEntity
  8
Cotas
440
 16777216
100
AcDbLine
 10
6362751.818017557
 20
6173291.302500972
 30
0.0
 11
6362751.264592865
 21
6173292.131931288
 31
0.0
  0
LINE
  5
205F1
330
205E0
100
AcDbEntity
  8
Cotas
440
 16777216
100
AcDbLine
 10
6362750.352436218
 20
6173293.499001438
 30
0.0
 11
6362750.905860909
 21
6173292.669571123
 31
0.0
  0
SOLID
  5
205F2
330
205E0
100
AcDbEntity
  8
Cotas
440
 16777216
100
AcDbTrace
 10
6362751.84297252
 20
6173291.319151791
 30
0.0
 11
6362751.793062593
 21
6173291.285850154
 31
0.0
 12
6362751.917922467
 22
6173291.152771185
 32
0.0
 13
6362751.917922467
 23
6173291.152771185
 33
0.0
  0
SOLID
  5
205F3
330
205E0
100
AcDbEntity
  8
Cotas
440
 16777216
100
AcDbTrace
 10
6362750.377391181
 20
6173293.515652257
 30
0.0
 11
6362750.327481254
 21
6173293.48235062
 31
0.0
 12
6362750.252531307
 22
6173293.648731224
 32
0.0
 13
6362750.252531307
 23
6173293.648731224
 33
0.0
  0
MTEXT
  5
205F4
330
205E0
100
AcDbEntity
  8
Cotas
 62
     0
440
 16777216
100
AcDbMText
 10
6362751.085226887
 20
6173292.400751208
 30
0.0
 40
0.35
 41
0.0
 46
0.0
 71
     5
 72
     1
  1
\A1;3.00
 73
     1
 44
1.0
  0
POINT
  5
205F5
330
205E0
100
AcDbEntity
  8
Defpoints
 62
     0
440
 16777216
100
AcDbPoint
 10
6362752.58209397
 20
6173291.595929462
 30
0.0
  0
POINT
  5
205F6
330
205E0
100
AcDbEntity
  8
Defpoints
 62
     0
440
 16777216
100
AcDbPoint
 10
6362750.91670281
 20
6173294.0918895
 30
0.0
  0
POINT
  5
205F7
330
205E0
100
AcDbEntity
  8
Defpoints
 62
     0
440
 16777216
100
AcDbPoint
 10
6362750.252531307
 20
6173293.648731224
 30
0.0
  0
ENDBLK
  5
205E2
330
205E0
100
AcDbEntity
  8
0
100
AcDbBlockEnd
  0
BLOCK
  5
205FB
330
205FA
100
AcDbEntity
  8
0
100
AcDbBlockBegin
  2
*D15
 70
     1
 10
0.0
 20
0.0
 30
0.0
  3
*D15
  1

  0
LINE
  5
2061D
330
205FA
100
AcDbEntity
  8
Cotas
440
 16777216
370
    -2
100
AcDbLine
 10
6362747.846074273
 20
6173313.762459851
 30
0.0
 11
6362748.595191755
 21
6173312.675122938
 31
0.0
  0
LINE
  5
2061E
330
205FA
100
AcDbEntity
  8
Cotas
440
 16777216
370
    -2
100
AcDbLine
 10
6362742.930971009
 20
6173310.376214312
 30
0.0
 11
6362743.680088489
 21
6173309.288877399
 31
0.0
  0
LINE
  5
2061F
330
205FA
100
AcDbEntity
  8
Cotas
440
 16777216
100
AcDbLine
 10
6362748.422001551
 20
6173312.609235507
 30
0.0
 11
6362746.502693558
 21
6173311.286934066
 31
0.0
  0
LINE
  5
20620
330
205FA
100
AcDbEntity
  8
Cotas
440
 16777216
100
AcDbLine
 10
6362743.803352977
 20
6173309.42723153
 30
0.0
 11
6362745.722660974
 21
6173310.749532975
 31
0.0
  0
SOLID
  5
20621
330
205FA
100
AcDbEntity
  8
Cotas
440
 16777216
100
AcDbTrace
 10
6362748.404981421
 20
6173312.633940065
 30
0.0
 11
6362748.439021681
 21
6173312.584530949
 31
0.0
 12
6362748.570228895
 22
6173312.711356288
 32
0.0
 13
6362748.570228895
 23
6173312.711356288
 33
0.0
  0
SOLID
  5
20622
330
205FA
100
AcDbEntity
  8
Cotas
440
 16777216
100
AcDbTrace
 10
6362743.786332846
 20
6173309.451936088
 30
0.0
 11
6362743.820373107
 21
6173309.402526974
 31
0.0
 12
6362743.655125631
 22
6173309.325110749
 32
0.0
 13
6362743.655125631
 23
6173309.325110749
 33
0.0
  0
MTEXT
  5
20623
330
205FA
100
AcDbEntity
  8
Cotas
 62
     0
440
 16777216
100
AcDbMText
 10
6362746.112677264
 20
6173311.01823352
 30
0.0
 40
0.35
 41
0.0
 46
0.0
 71
     5
 72
     1
  1
\A1;6.00
 73
     1
 44
1.0
  0
POINT
  5
20624
330
205FA
100
AcDbEntity
  8
Defpoints
 62
     0
440
 16777216
100
AcDbPoint
 10
6362747.810615669
 20
6173313.81392768
 30
0.0
  0
POINT
  5
20625
330
205FA
100
AcDbEntity
  8
Defpoints
 62
     0
440
 16777216
100
AcDbPoint
 10
6362742.895512403
 20
6173310.42768214
 30
0.0
  0
POINT
  5
20626
330
205FA
100
AcDbEntity
  8
Defpoints
 62
     0
440
 16777216
100
AcDbPoint
 10
6362743.655125631
 20
6173309.325110749
 30
0.0
  0
ENDBLK
  5
205FC
330
205FA
100
AcDbEntity
  8
0
100
AcDbBlockEnd
  0
BLOCK
  5
20629
330
20628
100
AcDbEntity
  8
0
100
AcDbBlockBegin
  2
*D16
 70
     1
 10
0.0
 20
0.0
 30
0.0
  3
*D16
  1

  0
LINE
  5
2064B
330
20628
100
AcDbEntity
  8
Cotas
440
 16777216
370
    -2
100
AcDbLine
 10
6362789.621822291
 20
6173379.849042991
 30
0.0
 11
6362790.412915781
 21
6173380.37643405
 31
0.0
  0
LINE
  5
2064C
330
20628
100
AcDbEntity
  8
Cotas
440
 16777216
370
    -2
100
AcDbLine
 10
6362791.301663474
 20
6173377.329259254
 30
0.0
 11
6362792.09275696
 21
6173377.856650313
 31
0.0
  0
LINE
  5
2064D
330
20628
100
AcDbEntity
  8
Cotas
440
 16777216
100
AcDbLine
 10
6362790.476150902
 20
6173380.202257935
 30
0.0
 11
6362791.037014343
 21
6173379.360955437
 31
0.0
  0
LINE
  5
2064E
330
20628
100
AcDbEntity
  8
Cotas
440
 16777216
100
AcDbLine
 10
6362791.956301216
 20
6173377.982013106
 30
0.0
 11
6362791.395437776
 21
6173378.823315601
 31
0.0
  0
SOLID
  5
2064F
330
20628
100
AcDbEntity
  8
Cotas
440
 16777216
100
AcDbTrace
 10
6362790.501112477
 20
6173380.218898841
 30
0.0
 11
6362790.451189327
 21
6173380.18561703
 31
0.0
 12
6362790.376305469
 22
6173380.35202739
 32
0.0
 13
6362790.376305469
 23
6173380.35202739
 33
0.0
  0
SOLID
  5
20650
330
20628
100
AcDbEntity
  8
Cotas
440
 16777216
100
AcDbTrace
 10
6362791.98126279
 20
6173377.998654011
 30
0.0
 11
6362791.931339641
 21
6173377.965372202
 31
0.0
 12
6362792.056146648
 22
6173377.832243652
 32
0.0
 13
6362792.056146648
 23
6173377.832243652
 33
0.0
  0
MTEXT
  5
20651
330
20628
100
AcDbEntity
  8
Cotas
 62
     0
440
 16777216
100
AcDbMText
 10
6362791.216226058
 20
6173379.092135522
 30
0.0
 40
0.35
 41
0.0
 46
0.0
 71
     5
 72
     1
  1
\A1;3.00
 73
     1
 44
1.0
  0
POINT
  5
20652
330
20628
100
AcDbEntity
  8
Defpoints
 62
     0
440
 16777216
100
AcDbPoint
 10
6362789.569819009
 20
6173379.814374436
 30
0.0
  0
POINT
  5
20653
330
20628
100
AcDbEntity
  8
Defpoints
 62
     0
440
 16777216
100
AcDbPoint
 10
6362791.24966019
 20
6173377.294590701
 30
0.0
  0
POINT
  5
20654
330
20628
100
AcDbEntity
  8
Defpoints
 62
     0
440
 16777216
100
AcDbPoint
 10
6362792.056146648
 20
6173377.832243652
 30
0.0
  0
ENDBLK
  5
2062A
330
20628
100
AcDbEntity
  8
0
100
AcDbBlockEnd
  0
ENDSEC
  0
SECTION
  2
ENTITIES
  0
LWPOLYLINE
  5
20000
330
1F
100
AcDbEntity
  8
manzanas
 62
   250
420
  4210752
100
AcDbPolyline
 90
        5
 70
     1
 43
0.0
 10
6362811.27874034
 20
6173410.42232584
 10
6362856.50650463
 20
6173344.404926161
 10
6362736.17151269
 20
6173261.830814809
 10
6362690.742246249
 20
6173327.94534878
 10
6362811.27874034
 20
6173410.42232584
  0
LWPOLYLINE
  5
20001
330
1F
100
AcDbEntity
  8
parcelas
 62
   251
420
  6316128
100
AcDbPolyline
 90
       24
 70
     1
 43
0.0
 10
6362803.81876993
 20
6173405.192067479
 10
6362803.984182449
 20
6173405.30550187
 10
6362807.349005199
 20
6173407.60501954
 10
6362808.38409444
 20
6173408.31325248
 10
6362809.509975691
 20
6173407.86441082
 10
6362810.419525279
 20
6173407.50246465
 10
6362813.023130059
 20
6173406.899977599
 10
6362813.75283108
 20
6173406.730490979
 10
6362814.05531794
 20
6173406.28972433
 10
6362814.33635287
 20
6173405.879657271
 10
6362815.18357409
 20
6173404.64151305
 10
6362815.644457461
 20
6173403.969963201
 10
6362813.67078411
 20
6173402.58990757
 10
6362811.70601046
 20
6173401.216983241
 10
6362810.717680829
 20
6173400.5264336
 10
6362808.37065525
 20
6173398.885881759
 10
6362808.20625736
 20
6173398.771461729
 10
6362806.623750089
 20
6173397.665164721
 10
6362803.671747919
 20
6173395.60181261
 10
6362801.13258449
 20
6173393.826455869
 10
6362798.77028163
 20
6173397.369601019
 10
6362797.67719366
 20
6173399.00910403
 10
6362796.768283139
 20
6173400.37243445
 10
6362803.81876993
 20
6173405.192067479
  0
LWPOLYLINE
  5
20002
330
1F
100
AcDbEntity
  8
parcelas
 62
   251
420
  6316128
100
AcDbPolyline
 90
       21
 70
     1
 43
0.0
 10
6362791.644657329
 20
6173392.595397509
 10
6362790.536896909
 20
6173394.24885286
 10
6362789.680125691
 20
6173395.528071369
 10
6362796.768283139
 20
6173400.37243445
 10
6362797.67719366
 20
6173399.00910403
 10
6362798.77028163
 20
6173397.369601019
 10
6362801.13258449
 20
6173393.826455869
 10
6362801.28355824
 20
6173393.600112039
 10
6362802.30279778
 20
6173392.07236992
 10
6362802.62614208
 20
6173391.58830439
 10
6362803.298371329
 20
6173390.5809183
 10
6362805.56420554
 20
6173387.18528535
 10
6362804.836184681
 20
6173386.686571149
 10
6362798.506972439
 20
6173382.35151037
 10
6362796.50293282
 20
6173385.34350726
 10
6362796.186407591
 20
6173385.81625418
 10
6362795.51155878
 20
6173386.823235989
 10
6362795.18767039
 20
6173387.3069273
 10
6362794.16640222
 20
6173388.831404099
 10
6362792.97851655
 20
6173390.60422233
 10
6362791.644657329
 20
6173392.595397509
  0
LWPOLYLINE
  5
20003
330
1F
100
AcDbEntity
  8
parcelas
 62
   251
420
  6316128
100
AcDbPolyline
 90
       19
 70
     1
 43
0.0
 10
6362782.40550205
 20
6173390.56094357
 10
6362789.680125691
 20
6173395.528071369
 10
6362790.536896909
 20
6173394.24885286
 10
6362791.644657329
 20
6173392.595397509
 10
6362792.97851655
 20
6173390.60422233
 10
6362794.16640222
 20
6173388.831404099
 10
6362795.18767039
 20
6173387.3069273
 10
6362795.51155878
 20
6173386.823235989
 10
6362796.186407591
 20
6173385.81625418
 10
6362796.50293282
 20
6173385.34350726
 10
6362798.506972439
 20
6173382.35151037
 10
6362796.63720995
 20
6173381.04902254
 10
6362795.10317589
 20
6173379.979442879
 10
6362791.24966019
 20
6173377.2945907
 10
6362789.51335722
 20
6173379.898315729
 10
6362786.578725109
 20
6173384.300405809
 10
6362786.090815521
 20
6173385.03346676
 10
6362784.92919277
 20
6173386.77522629
 10
6362782.40550205
 20
6173390.56094357
  0
LWPOLYLINE
  5
20004
330
1F
100
AcDbEntity
  8
parcelas
 62
   251
420
  6316128
100
AcDbPolyline
 90
       26
 70
     1
 43
0.0
 10
6362774.876579781
 20
6173385.41014307
 10
6362779.68355871
 20
6173388.69888576
 10
6362782.40550205
 20
6173390.56094357
 10
6362784.92919277
 20
6173386.77522629
 10
6362786.090815521
 20
6173385.03346676
 10
6362786.578725109
 20
6173384.300405809
 10
6362789.51335722
 20
6173379.898315729
 10
6362791.24966019
 20
6173377.2945907
 10
6362795.12593985
 20
6173371.63583633
 10
6362795.4233247
 20
6173371.20199812
 10
6362798.03543253
 20
6173367.389552979
 10
6362799.73290475
 20
6173364.91130786
 10
6362804.81405922
 20
6173357.49441553
 10
6362803.12823453
 20
6173356.338604929
 10
6362800.26570835
 20
6173354.375476369
 10
6362797.393282339
 20
6173352.40520195
 10
6362795.40436791
 20
6173355.32137268
 10
6362793.65567183
 20
6173357.882903809
 10
6362791.697427921
 20
6173360.75350356
 10
6362789.78414615
 20
6173363.55873265
 10
6362788.543382929
 20
6173365.377371539
 10
6362787.630689551
 20
6173366.71560104
 10
6362785.82678375
 20
6173369.359360229
 10
6362784.91307577
 20
6173370.698575389
 10
6362782.09631923
 20
6173374.82716269
 10
6362774.876579781
 20
6173385.41014307
  0
LWPOLYLINE
  5
20005
330
1F
100
AcDbEntity
  8
parcelas
 62
   251
420
  6316128
100
AcDbPolyline
 90
       32
 70
     1
 43
0.0
 10
6362767.273271069
 20
6173380.215249891
 10
6362773.907846819
 20
6173384.747886709
 10
6362774.876579781
 20
6173385.41014307
 10
6362782.09631923
 20
6173374.82716269
 10
6362784.91307577
 20
6173370.698575389
 10
6362785.82678375
 20
6173369.359360229
 10
6362787.630689551
 20
6173366.71560104
 10
6362788.543382929
 20
6173365.377371539
 10
6362789.78414615
 20
6173363.55873265
 10
6362791.697427921
 20
6173360.75350356
 10
6362793.65567183
 20
6173357.882903809
 10
6362795.40436791
 20
6173355.32137268
 10
6362797.393282339
 20
6173352.40520195
 10
6362792.92613023
 20
6173349.34345817
 10
6362790.058632349
 20
6173347.37825675
 10
6362788.040844581
 20
6173350.28500608
 10
6362786.275392631
 20
6173352.8292887
 10
6362784.28926101
 20
6173355.69148167
 10
6362782.333785401
 20
6173358.509103739
 10
6362781.290669881
 20
6173360.011499251
 10
6362781.04852377
 20
6173360.36110929
 10
6362780.378309801
 20
6173361.326725849
 10
6362779.381142061
 20
6173362.764765299
 10
6362778.613872519
 20
6173363.870022971
 10
6362778.35436192
 20
6173364.24438981
 10
6362776.40603217
 20
6173367.05211217
 10
6362774.50163544
 20
6173369.796449629
 10
6362772.671813241
 20
6173372.43383138
 10
6362772.13031099
 20
6173373.21525045
 10
6362771.27619008
 20
6173374.44629241
 10
6362768.27451175
 20
6173378.77226765
 10
6362767.273271069
 20
6173380.215249891
  0
LWPOLYLINE
  5
20006
330
1F
100
AcDbEntity
  8
parcelas
 62
   251
420
  6316128
100
AcDbPolyline
 90
       39
 70
     1
 43
0.0
 10
6362757.42951802
 20
6173373.48747861
 10
6362761.58170029
 20
6173376.325490039
 10
6362763.72322142
 20
6173377.78900568
 10
6362767.273271069
 20
6173380.215249891
 10
6362768.27451175
 20
6173378.77226765
 10
6362771.27619008
 20
6173374.44629241
 10
6362772.13031099
 20
6173373.21525045
 10
6362772.671813241
 20
6173372.43383138
 10
6362774.50163544
 20
6173369.796449629
 10
6362776.40603217
 20
6173367.05211217
 10
6362778.35436192
 20
6173364.24438981
 10
6362778.613872519
 20
6173363.870022971
 10
6362779.381142061
 20
6173362.764765299
 10
6362780.378309801
 20
6173361.326725849
 10
6362781.04852377
 20
6173360.36110929
 10
6362781.290669881
 20
6173360.011499251
 10
6362782.333785401
 20
6173358.509103739
 10
6362784.28926101
 20
6173355.69148167
 10
6362786.275392631
 20
6173352.8292887
 10
6362788.040844581
 20
6173350.28500608
 10
6362790.058632349
 20
6173347.37825675
 10
6362788.45609364
 20
6173346.2736698
 10
6362787.590388499
 20
6173345.68092925
 10
6362785.68860856
 20
6173344.37894088
 10
6362780.320021999
 20
6173340.70493212
 10
6362775.6077526
 20
6173347.454073869
 10
6362774.514696
 20
6173349.0197609
 10
6362769.69512433
 20
6173355.92224052
 10
6362768.82670449
 20
6173357.16498452
 10
6362767.577499389
 20
6173358.953621
 10
6362766.72349602
 20
6173360.1766473
 10
6362763.46479777
 20
6173364.84298905
 10
6362763.293137549
 20
6173365.08960891
 10
6362762.31756443
 20
6173366.485920361
 10
6362762.14596525
 20
6173366.73254111
 10
6362760.92728445
 20
6173368.47743811
 10
6362760.262243861
 20
6173369.43113837
 10
6362759.913878099
 20
6173369.93126534
 10
6362757.42951802
 20
6173373.48747861
  0
LWPOLYLINE
  5
20007
330
1F
100
AcDbEntity
  8
parcelas
 62
   251
420
  6316128
100
AcDbPolyline
 90
       33
 70
     1
 43
0.0
 10
6362750.36798899
 20
6173368.66358749
 10
6362751.034645669
 20
6173369.11938232
 10
6362757.200688211
 20
6173373.3310959
 10
6362757.42951802
 20
6173373.48747861
 10
6362759.913878099
 20
6173369.93126534
 10
6362760.262243861
 20
6173369.43113837
 10
6362760.92728445
 20
6173368.47743811
 10
6362762.14596525
 20
6173366.73254111
 10
6362762.31756443
 20
6173366.485920361
 10
6362763.293137549
 20
6173365.08960891
 10
6362763.46479777
 20
6173364.84298905
 10
6362766.72349602
 20
6173360.1766473
 10
6362767.577499389
 20
6173358.953621
 10
6362768.82670449
 20
6173357.16498452
 10
6362769.69512433
 20
6173355.92224052
 10
6362774.514696
 20
6173349.0197609
 10
6362775.6077526
 20
6173347.454073869
 10
6362780.320021999
 20
6173340.70493212
 10
6362777.08209977
 20
6173338.48427839
 10
6362773.567837741
 20
6173336.073557429
 10
6362773.19543993
 20
6173335.8211529
 10
6362768.49593558
 20
6173342.58237973
 10
6362767.406893611
 20
6173344.149101851
 10
6362765.63206264
 20
6173346.70249888
 10
6362762.60007351
 20
6173351.06483226
 10
6362761.162639239
 20
6173353.13351268
 10
6362760.48938172
 20
6173354.102296711
 10
6362757.37950915
 20
6173358.57676001
 10
6362753.201005099
 20
6173364.58722513
 10
6362751.40146517
 20
6173367.17726412
 10
6362751.151231401
 20
6173367.53728594
 10
6362750.89351679
 20
6173367.90794517
 10
6362750.36798899
 20
6173368.66358749
  0
LWPOLYLINE
  5
20008
330
1F
100
AcDbEntity
  8
parcelas
 62
   251
420
  6316128
100
AcDbPolyline
 90
       29
 70
     1
 43
0.0
 10
6362751.40146517
 20
6173367.17726412
 10
6362753.201005099
 20
6173364.58722513
 10
6362757.37950915
 20
6173358.57676001
 10
6362760.48938172
 20
6173354.102296711
 10
6362761.162639239
 20
6173353.13351268
 10
6362762.60007351
 20
6173351.06483226
 10
6362765.63206264
 20
6173346.70249888
 10
6362767.406893611
 20
6173344.149101851
 10
6362768.49593558
 20
6173342.58237973
 10
6362773.19543993
 20
6173335.8211529
 10
6362766.94936555
 20
6173331.541239821
 10
6362759.44313654
 20
6173342.43941067
 10
6362759.01685363
 20
6173343.05819985
 10
6362756.17063867
 20
6173347.18998396
 10
6362755.558559411
 20
6173348.07861677
 10
6362754.069957129
 20
6173350.24036266
 10
6362753.86064766
 20
6173350.54443989
 10
6362751.74094894
 20
6173353.62200964
 10
6362751.31404411
 20
6173354.241583569
 10
6362751.22884786
 20
6173354.365391129
 10
6362749.22808613
 20
6173357.27018717
 10
6362745.66576279
 20
6173362.44176155
 10
6362745.31686886
 20
6173362.948841241
 10
6362744.25543419
 20
6173364.489587539
 10
6362747.67418221
 20
6173366.824261929
 10
6362750.36798899
 20
6173368.66358749
 10
6362750.89351679
 20
6173367.90794517
 10
6362751.151231401
 20
6173367.53728594
 10
6362751.40146517
 20
6173367.17726412
  0
LWPOLYLINE
  5
20009
330
1F
100
AcDbEntity
  8
parcelas
 62
   251
420
  6316128
100
AcDbPolyline
 90
       25
 70
     1
 43
0.0
 10
6362749.22808613
 20
6173357.27018717
 10
6362751.22884786
 20
6173354.365391129
 10
6362751.31404411
 20
6173354.241583569
 10
6362751.74094894
 20
6173353.62200964
 10
6362753.86064766
 20
6173350.54443989
 10
6362754.069957129
 20
6173350.24036266
 10
6362755.558559411
 20
6173348.07861677
 10
6362756.17063867
 20
6173347.18998396
 10
6362759.01685363
 20
6173343.05819985
 10
6362752.32997597
 20
6173338.477793489
 10
6362749.502559999
 20
6173342.484202341
 10
6362748.880379419
 20
6173343.36578645
 10
6362748.54558028
 20
6173343.83981834
 10
6362747.36699553
 20
6173345.510075691
 10
6362746.39368259
 20
6173346.88944642
 10
6362744.49437241
 20
6173349.58054474
 10
6362740.4633692
 20
6173355.292476351
 10
6362739.940255289
 20
6173356.033662449
 10
6362738.7524478
 20
6173357.71679113
 10
6362738.379932929
 20
6173358.24440959
 10
6362737.318784779
 20
6173359.74852662
 10
6362744.25543419
 20
6173364.489587539
 10
6362745.31686886
 20
6173362.948841241
 10
6362745.66576279
 20
6173362.44176155
 10
6362749.22808613
 20
6173357.27018717
  0
LWPOLYLINE
  5
2000A
330
1F
100
AcDbEntity
  8
parcelas
 62
   251
420
  6316128
100
AcDbPolyline
 90
       30
 70
     1
 43
0.0
 10
6362722.95110497
 20
6173349.92598065
 10
6362729.04585832
 20
6173354.08867409
 10
6362730.137559021
 20
6173354.83382
 10
6362731.17873642
 20
6173353.31323379
 10
6362733.36120316
 20
6173350.125940401
 10
6362735.10042859
 20
6173347.58588676
 10
6362741.210510541
 20
6173338.66278469
 10
6362744.84664297
 20
6173333.352706659
 10
6362746.772062219
 20
6173330.54060055
 10
6362752.30702945
 20
6173322.45808404
 10
6362755.294202091
 20
6173318.095895069
 10
6362753.434993
 20
6173316.82353795
 10
6362751.548963209
 20
6173315.53366236
 10
6362750.886298551
 20
6173315.08091015
 10
6362748.20992645
 20
6173313.24952197
 10
6362747.810615671
 20
6173313.813927681
 10
6362745.587830739
 20
6173317.060822211
 10
6362744.78454198
 20
6173318.235581519
 10
6362742.74979506
 20
6173321.2081076
 10
6362740.602628311
 20
6173324.345060611
 10
6362739.9792316
 20
6173325.255336769
 10
6362737.743140731
 20
6173328.52304573
 10
6362735.933291501
 20
6173331.162717659
 10
6362734.0090077
 20
6173333.96778765
 10
6362731.74544967
 20
6173337.2671095
 10
6362730.56615748
 20
6173338.985605369
 10
6362728.036870639
 20
6173342.67420914
 10
6362726.761508501
 20
6173344.533360769
 10
6362726.587892609
 20
6173344.77892853
 10
6362722.95110497
 20
6173349.92598065
  0
LWPOLYLINE
  5
2000B
330
1F
100
AcDbEntity
  8
parcelas
 62
   251
420
  6316128
100
AcDbPolyline
 90
       23
 70
     1
 43
0.0
 10
6362715.785605389
 20
6173345.03052887
 10
6362716.92472264
 20
6173345.80829265
 10
6362718.57593462
 20
6173346.93659295
 10
6362720.22813223
 20
6173348.06590786
 10
6362721.87935869
 20
6173349.193208011
 10
6362722.95110497
 20
6173349.92598065
 10
6362726.587892609
 20
6173344.77892853
 10
6362726.761508501
 20
6173344.533360769
 10
6362728.036870639
 20
6173342.67420914
 10
6362730.56615748
 20
6173338.985605369
 10
6362731.74544967
 20
6173337.2671095
 10
6362734.0090077
 20
6173333.96778765
 10
6362735.933291501
 20
6173331.162717659
 10
6362737.743140731
 20
6173328.52304573
 10
6362734.59927368
 20
6173326.36977679
 10
6362731.29692251
 20
6173324.10817543
 10
6362730.60049984
 20
6173323.63792829
 10
6362728.161137099
 20
6173327.19579052
 10
6362726.96036389
 20
6173328.94698621
 10
6362725.60220871
 20
6173330.927979519
 10
6362721.114851069
 20
6173337.47518202
 10
6362718.6253661
 20
6173341.040320829
 10
6362715.785605389
 20
6173345.03052887
  0
LWPOLYLINE
  5
2000C
330
1F
100
AcDbEntity
  8
parcelas
 62
   251
420
  6316128
100
AcDbPolyline
 90
       22
 70
     1
 43
0.0
 10
6362702.584026321
 20
6173335.99624087
 10
6362707.613831579
 20
6173339.4402654
 10
6362708.85196157
 20
6173340.28848732
 10
6362714.71287346
 20
6173344.296741579
 10
6362715.785605389
 20
6173345.03052887
 10
6362718.6253661
 20
6173341.040320829
 10
6362721.114851069
 20
6173337.47518202
 10
6362725.60220871
 20
6173330.927979519
 10
6362721.96510431
 20
6173328.43445061
 10
6362719.475002149
 20
6173326.72680246
 10
6362718.3131429
 20
6173325.930702979
 10
6362717.161168981
 20
6173325.14274944
 10
6362715.44857238
 20
6173323.97054497
 10
6362713.64383352
 20
6173322.736984999
 10
6362712.307633039
 20
6173321.82231994
 10
6362710.01238959
 20
6173325.16819864
 10
6362707.70079629
 20
6173328.53784855
 10
6362707.13465306
 20
6173329.36292548
 10
6362705.49549166
 20
6173331.7519858
 10
6362705.37899884
 20
6173331.92135537
 10
6362704.590059649
 20
6173333.072314729
 10
6362702.584026321
 20
6173335.99624087
  0
LWPOLYLINE
  5
2000D
330
1F
100
AcDbEntity
  8
parcelas
 62
   251
420
  6316128
100
AcDbPolyline
 90
       26
 70
     1
 43
0.0
 10
6362699.28164575
 20
6173333.73663964
 10
6362699.77689775
 20
6173334.07592842
 10
6362700.10773733
 20
6173334.30179723
 10
6362702.584026321
 20
6173335.99624087
 10
6362704.590059649
 20
6173333.072314729
 10
6362705.37899884
 20
6173331.92135537
 10
6362705.49549166
 20
6173331.7519858
 10
6362707.13465306
 20
6173329.36292548
 10
6362707.70079629
 20
6173328.53784855
 10
6362706.87571936
 20
6173327.971705329
 10
6362705.80597333
 20
6173327.23896156
 10
6362704.88282584
 20
6173326.60637524
 10
6362703.74276643
 20
6173325.824596351
 10
6362701.509204319
 20
6173324.29272367
 10
6362700.33545942
 20
6173323.4884492
 10
6362695.923777059
 20
6173320.46452033
 10
6362695.852246369
 20
6173320.56851919
 10
6362695.754132659
 20
6173320.71214632
 10
6362693.87176679
 20
6173323.454802811
 10
6362693.70519523
 20
6173323.69747165
 10
6362693.233049229
 20
6173324.38686452
 10
6362693.48892457
 20
6173325.78204177
 10
6362694.32711095
 20
6173330.344722881
 10
6362695.98126541
 20
6173331.47706734
 10
6362696.80637136
 20
6173332.04121032
 10
6362699.28164575
 20
6173333.73663964
  0
LWPOLYLINE
  5
2000E
330
1F
100
AcDbEntity
  8
parcelas
 62
   251
420
  6316128
100
AcDbPolyline
 90
       17
 70
     1
 43
0.0
 10
6362699.84518058
 20
6173314.7293928
 10
6362695.923777059
 20
6173320.46452033
 10
6362700.33545942
 20
6173323.4884492
 10
6362701.509204319
 20
6173324.29272367
 10
6362703.74276643
 20
6173325.824596351
 10
6362704.88282584
 20
6173326.60637524
 10
6362705.80597333
 20
6173327.23896156
 10
6362706.87571936
 20
6173327.971705329
 10
6362707.70079629
 20
6173328.53784855
 10
6362710.01238959
 20
6173325.16819864
 10
6362712.307633039
 20
6173321.82231994
 10
6362710.143413241
 20
6173320.337467649
 10
6362708.63092927
 20
6173319.30020753
 10
6362704.625371661
 20
6173316.55325534
 10
6362703.929050401
 20
6173316.07600725
 10
6362700.522758079
 20
6173313.73887436
 10
6362699.84518058
 20
6173314.7293928
  0
LWPOLYLINE
  5
2000F
330
1F
100
AcDbEntity
  8
parcelas
 62
   251
420
  6316128
100
AcDbPolyline
 90
       25
 70
     1
 43
0.0
 10
6362701.528043289
 20
6173312.29294962
 10
6362700.522758079
 20
6173313.73887436
 10
6362703.929050401
 20
6173316.07600725
 10
6362704.625371661
 20
6173316.55325534
 10
6362708.63092927
 20
6173319.30020753
 10
6362710.143413241
 20
6173320.337467649
 10
6362712.307633039
 20
6173321.82231994
 10
6362713.64383352
 20
6173322.736984999
 10
6362715.44857238
 20
6173323.97054497
 10
6362717.161168981
 20
6173325.14274944
 10
6362718.3131429
 20
6173325.930702979
 10
6362719.475002149
 20
6173326.72680246
 10
6362721.96510431
 20
6173328.43445061
 10
6362725.60220871
 20
6173330.927979519
 10
6362726.96036389
 20
6173328.94698621
 10
6362728.161137099
 20
6173327.19579052
 10
6362730.60049984
 20
6173323.63792829
 10
6362725.6291954
 20
6173320.22976331
 10
6362722.15453221
 20
6173317.84762501
 10
6362718.64025522
 20
6173315.43790349
 10
6362717.29021244
 20
6173314.51203411
 10
6362716.90787352
 20
6173314.250407201
 10
6362705.528050931
 20
6173306.448924271
 10
6362703.16014601
 20
6173309.90778843
 10
6362701.528043289
 20
6173312.29294962
  0
LWPOLYLINE
  5
20010
330
1F
100
AcDbEntity
  8
parcelas
 62
   251
420
  6316128
100
AcDbPolyline
 90
       35
 70
     1
 43
0.0
 10
6362726.490113701
 20
6173299.2011446
 10
6362724.89540194
 20
6173298.10867463
 10
6362722.689568309
 20
6173296.59621008
 10
6362715.603529039
 20
6173291.739921329
 10
6362713.379758
 20
6173294.98580142
 10
6362711.11101033
 20
6173298.298052389
 10
6362709.891814299
 20
6173300.07799089
 10
6362707.77328836
 20
6173303.171344279
 10
6362705.528050931
 20
6173306.448924271
 10
6362716.90787352
 20
6173314.250407201
 10
6362717.29021244
 20
6173314.51203411
 10
6362718.64025522
 20
6173315.43790349
 10
6362722.15453221
 20
6173317.84762501
 10
6362725.6291954
 20
6173320.22976331
 10
6362730.60049984
 20
6173323.63792829
 10
6362731.29692251
 20
6173324.10817543
 10
6362734.59927368
 20
6173326.36977679
 10
6362737.743140731
 20
6173328.52304573
 10
6362739.9792316
 20
6173325.255336769
 10
6362740.602628311
 20
6173324.345060611
 10
6362742.74979506
 20
6173321.2081076
 10
6362744.78454198
 20
6173318.235581519
 10
6362745.587830739
 20
6173317.060822211
 10
6362747.810615671
 20
6173313.813927681
 10
6362743.440533639
 20
6173310.818611411
 10
6362741.39812683
 20
6173309.418552401
 10
6362738.590056629
 20
6173307.49422494
 10
6362736.490193169
 20
6173306.05532045
 10
6362735.175792749
 20
6173305.154976019
 10
6362734.12686114
 20
6173304.43553826
 10
6362733.123486099
 20
6173303.74777111
 10
6362732.46579306
 20
6173303.29709157
 10
6362728.961401641
 20
6173300.89551592
 10
6362728.27400914
 20
6173300.42339891
 10
6362726.490113701
 20
6173299.2011446
  0
LWPOLYLINE
  5
20011
102
{ACAD_REACTORS
330
20612
102
}
330
1F
100
AcDbEntity
  8
parcelas
 62
   251
420
  6316128
100
AcDbPolyline
 90
       41
 70
     1
 43
0.0
 10
6362738.07669108
 20
6173285.285427279
 10
6362736.80492339
 20
6173284.41166782
 10
6362735.19338339
 20
6173283.305979359
 10
6362733.027242249
 20
6173281.81908128
 10
6362732.562411321
 20
6173281.512146389
 10
6362730.94295735
 20
6173280.401311729
 10
6362730.60718967
 20
6173280.17036978
 10
6362729.38491704
 20
6173279.33238085
 10
6362728.51229793
 20
6173278.733537791
 10
6362725.79934145
 20
6173276.8726092
 10
6362721.25583067
 20
6173283.49802382
 10
6362720.16644794
 20
6173285.08677826
 10
6362717.8865249
 20
6173288.41087119
 10
6362715.603529039
 20
6173291.739921329
 10
6362722.689568309
 20
6173296.59621008
 10
6362724.89540194
 20
6173298.10867463
 10
6362726.490113701
 20
6173299.2011446
 10
6362728.27400914
 20
6173300.42339891
 10
6362728.961401641
 20
6173300.89551592
 10
6362732.46579306
 20
6173303.29709157
 10
6362733.123486099
 20
6173303.74777111
 10
6362734.12686114
 20
6173304.43553826
 10
6362735.175792749
 20
6173305.154976019
 10
6362736.490193169
 20
6173306.05532045
 10
6362738.590056629
 20
6173307.49422494
 10
6362741.39812683
 20
6173309.418552401
 10
6362743.440533639
 20
6173310.818611411
 10
6362747.810615671
 20
6173313.813927681
 10
6362748.20992645
 20
6173313.24952197
 10
6362752.854724179
 20
6173306.468522341
 10
6362753.42599846
 20
6173305.6345169
 10
6362754.655212921
 20
6173303.83971876
 10
6362755.44743946
 20
6173302.68280529
 10
6362756.26848119
 20
6173301.48409516
 10
6362758.006425909
 20
6173298.94661639
 10
6362754.58530635
 20
6173296.597264799
 10
6362751.606924669
 20
6173294.55242948
 10
6362750.886643971
 20
6173294.0718332
 10
6362745.43111871
 20
6173290.32253832
 10
6362743.67500957
 20
6173289.11569174
 10
6362738.07669108
 20
6173285.285427279
  0
LWPOLYLINE
  5
20012
330
1F
100
AcDbEntity
  8
parcelas
 62
   251
420
  6316128
100
AcDbPolyline
 90
       18
 70
     1
 43
0.0
 10
6362742.821680869
 20
6173266.54572131
 10
6362739.58786074
 20
6173264.31812359
 10
6362733.631568411
 20
6173265.44221672
 10
6362731.22180292
 20
6173268.959493519
 10
6362725.79934145
 20
6173276.8726092
 10
6362728.51229793
 20
6173278.733537791
 10
6362729.38491704
 20
6173279.33238085
 10
6362730.60718967
 20
6173280.17036978
 10
6362730.94295735
 20
6173280.401311729
 10
6362732.562411321
 20
6173281.512146389
 10
6362734.282336701
 20
6173279.00321613
 10
6362736.29454505
 20
6173276.067376099
 10
6362737.251161689
 20
6173274.671867621
 10
6362737.64658383
 20
6173274.09429717
 10
6362737.993018499
 20
6173273.589145479
 10
6362740.04915991
 20
6173270.589920599
 10
6362740.33325344
 20
6173270.17589654
 10
6362742.821680869
 20
6173266.54572131
  0
LWPOLYLINE
  5
20013
330
1F
100
AcDbEntity
  8
parcelas
 62
   251
420
  6316128
100
AcDbPolyline
 90
       22
 70
     1
 43
0.0
 10
6362736.29454505
 20
6173276.067376099
 10
6362734.282336701
 20
6173279.00321613
 10
6362732.562411321
 20
6173281.512146389
 10
6362733.027242249
 20
6173281.81908128
 10
6362735.19338339
 20
6173283.305979359
 10
6362736.80492339
 20
6173284.41166782
 10
6362738.07669108
 20
6173285.285427279
 10
6362740.836947109
 20
6173281.25844316
 10
6362742.402156889
 20
6173278.97590465
 10
6362744.856254151
 20
6173275.397273349
 10
6362746.09219059
 20
6173273.59317529
 10
6362747.2188823
 20
6173271.94944297
 10
6362748.33382183
 20
6173270.32284619
 10
6362745.420752979
 20
6173268.326973239
 10
6362743.77058505
 20
6173267.19568672
 10
6362742.821680869
 20
6173266.54572131
 10
6362740.33325344
 20
6173270.17589654
 10
6362740.04915991
 20
6173270.589920599
 10
6362737.993018499
 20
6173273.589145479
 10
6362737.64658383
 20
6173274.09429717
 10
6362737.251161689
 20
6173274.671867621
 10
6362736.29454505
 20
6173276.067376099
  0
LWPOLYLINE
  5
20014
330
1F
100
AcDbEntity
  8
parcelas
 62
   251
420
  6316128
100
AcDbPolyline
 90
       21
 70
     1
 43
0.0
 10
6362743.67500957
 20
6173289.11569174
 10
6362745.43111871
 20
6173290.32253832
 10
6362750.886643971
 20
6173294.0718332
 10
6362754.059837799
 20
6173289.43823948
 10
6362754.216219671
 20
6173289.20842743
 10
6362754.737415269
 20
6173288.44772127
 10
6362755.95253821
 20
6173286.672725749
 10
6362758.455329431
 20
6173283.0177503
 10
6362760.32498327
 20
6173280.116857159
 10
6362761.03005686
 20
6173279.023702719
 10
6362759.930611689
 20
6173278.269521449
 10
6362753.92627736
 20
6173274.149151
 10
6362752.807747569
 20
6173275.78189782
 10
6362751.682880761
 20
6173277.423955989
 10
6362750.386211319
 20
6173279.31761018
 10
6362749.35506784
 20
6173280.822179749
 10
6362748.08679326
 20
6173282.675431691
 10
6362747.767431571
 20
6173283.14166244
 10
6362746.83898501
 20
6173284.49696943
 10
6362746.430201989
 20
6173285.0937488
 10
6362743.67500957
 20
6173289.11569174
  0
LWPOLYLINE
  5
20015
102
{ACAD_REACTORS
330
205F8
102
}
330
1F
100
AcDbEntity
  8
parcelas
 62
   251
420
  6316128
100
AcDbPolyline
 90
       19
 70
     1
 43
0.0
 10
6362750.886643971
 20
6173294.0718332
 10
6362751.606924669
 20
6173294.55242948
 10
6362754.58530635
 20
6173296.597264799
 10
6362758.006425909
 20
6173298.94661639
 10
6362761.31420155
 20
6173294.06889005
 10
6362762.28516637
 20
6173292.637373349
 10
6362764.1951036
 20
6173289.82139237
 10
6362765.18364889
 20
6173288.364021649
 10
6362766.87565456
 20
6173285.86959205
 10
6362768.19651095
 20
6173283.922170201
 10
6362763.112033681
 20
6173280.45434539
 10
6362761.03005686
 20
6173279.023702719
 10
6362760.32498327
 20
6173280.116857159
 10
6362758.455329431
 20
6173283.0177503
 10
6362755.95253821
 20
6173286.672725749
 10
6362754.737415269
 20
6173288.44772127
 10
6362754.216219671
 20
6173289.20842743
 10
6362754.059837799
 20
6173289.43823948
 10
6362750.886643971
 20
6173294.0718332
  0
LWPOLYLINE
  5
20016
330
1F
100
AcDbEntity
  8
parcelas
 62
   251
420
  6316128
100
AcDbPolyline
 90
       24
 70
     1
 43
0.0
 10
6362789.63304097
 20
6173298.60978294
 10
6362781.37915352
 20
6173292.96029492
 10
6362775.338033039
 20
6173288.82438985
 10
6362774.00843627
 20
6173290.765743951
 10
6362772.305211669
 20
6173293.25252854
 10
6362767.87421071
 20
6173299.72433394
 10
6362763.34342876
 20
6173306.340494669
 10
6362761.73032727
 20
6173308.69633871
 10
6362755.294202091
 20
6173318.095895069
 10
6362752.30702945
 20
6173322.45808404
 10
6362746.772062219
 20
6173330.54060055
 10
6362744.84664297
 20
6173333.352706659
 10
6362752.32997597
 20
6173338.477793489
 10
6362759.01685363
 20
6173343.05819985
 10
6362759.44313654
 20
6173342.43941067
 10
6362766.94936555
 20
6173331.541239821
 10
6362774.62272282
 20
6173320.401634801
 10
6362778.243297279
 20
6173315.14554961
 10
6362781.01243297
 20
6173311.1251053
 10
6362783.278881409
 20
6173307.834624449
 10
6362785.6892077
 20
6173304.335586339
 10
6362787.40706738
 20
6173301.84162613
 10
6362788.3526908
 20
6173300.46863168
 10
6362789.63304097
 20
6173298.60978294
  0
LWPOLYLINE
  5
20017
330
1F
100
AcDbEntity
  8
parcelas
 62
   251
420
  6316128
100
AcDbPolyline
 90
       25
 70
     1
 43
0.0
 10
6362795.016800069
 20
6173305.035014631
 10
6362796.29594961
 20
6173303.1837211
 10
6362789.63304097
 20
6173298.60978294
 10
6362788.3526908
 20
6173300.46863168
 10
6362787.40706738
 20
6173301.84162613
 10
6362785.6892077
 20
6173304.335586339
 10
6362783.278881409
 20
6173307.834624449
 10
6362781.01243297
 20
6173311.1251053
 10
6362778.243297279
 20
6173315.14554961
 10
6362774.62272282
 20
6173320.401634801
 10
6362766.94936555
 20
6173331.541239821
 10
6362773.19543993
 20
6173335.8211529
 10
6362773.567837741
 20
6173336.073557429
 10
6362776.81193815
 20
6173331.37897025
 10
6362780.079534281
 20
6173326.65071219
 10
6362781.25650724
 20
6173324.94728814
 10
6362782.657450179
 20
6173322.919799391
 10
6362783.204706881
 20
6173322.12786025
 10
6362784.884896271
 20
6173319.69638066
 10
6362785.3273196
 20
6173319.05617401
 10
6362787.08076308
 20
6173316.519120049
 10
6362790.33671295
 20
6173311.807599239
 10
6362792.06911326
 20
6173309.30065067
 10
6362793.80478355
 20
6173306.788947901
 10
6362795.016800069
 20
6173305.035014631
  0
LWPOLYLINE
  5
20018
330
1F
100
AcDbEntity
  8
parcelas
 62
   251
420
  6316128
100
AcDbPolyline
 90
       24
 70
     1
 43
0.0
 10
6362801.65559226
 20
6173306.853599379
 10
6362796.29594961
 20
6173303.1837211
 10
6362795.016800069
 20
6173305.035014631
 10
6362793.80478355
 20
6173306.788947901
 10
6362792.06911326
 20
6173309.30065067
 10
6362790.33671295
 20
6173311.807599239
 10
6362787.08076308
 20
6173316.519120049
 10
6362785.3273196
 20
6173319.05617401
 10
6362784.884896271
 20
6173319.69638066
 10
6362783.204706881
 20
6173322.12786025
 10
6362782.657450179
 20
6173322.919799391
 10
6362781.25650724
 20
6173324.94728814
 10
6362780.079534281
 20
6173326.65071219
 10
6362776.81193815
 20
6173331.37897025
 10
6362773.567837741
 20
6173336.073557429
 10
6362777.08209977
 20
6173338.48427839
 10
6362780.320021999
 20
6173340.70493212
 10
6362782.067109251
 20
6173338.047345299
 10
6362784.64263332
 20
6173334.27438362
 10
6362785.16081388
 20
6173333.51463411
 10
6362788.4190608
 20
6173328.74122551
 10
6362799.40388031
 20
6173312.64893287
 10
6362802.817465631
 20
6173307.64869858
 10
6362801.65559226
 20
6173306.853599379
  0
LWPOLYLINE
  5
20019
330
1F
100
AcDbEntity
  8
parcelas
 62
   251
420
  6316128
100
AcDbPolyline
 90
       22
 70
     1
 43
0.0
 10
6362789.76622796
 20
6173344.36200455
 10
6362791.511706411
 20
6173341.815431901
 10
6362793.528030221
 20
6173338.87164897
 10
6362795.945954839
 20
6173335.343486879
 10
6362801.16401123
 20
6173327.72951174
 10
6362801.33365557
 20
6173327.481885829
 10
6362802.78993861
 20
6173325.356265819
 10
6362803.541075749
 20
6173324.259777599
 10
6362804.875749429
 20
6173322.31145569
 10
6362811.05852052
 20
6173313.28998201
 10
6362803.853453329
 20
6173308.36394726
 10
6362802.817465631
 20
6173307.64869858
 10
6362799.40388031
 20
6173312.64893287
 10
6362788.4190608
 20
6173328.74122551
 10
6362785.16081388
 20
6173333.51463411
 10
6362784.64263332
 20
6173334.27438362
 10
6362782.067109251
 20
6173338.047345299
 10
6362780.320021999
 20
6173340.70493212
 10
6362785.68860856
 20
6173344.37894088
 10
6362787.590388499
 20
6173345.68092925
 10
6362788.45609364
 20
6173346.2736698
 10
6362789.76622796
 20
6173344.36200455
  0
LWPOLYLINE
  5
2001A
330
1F
100
AcDbEntity
  8
parcelas
 62
   251
420
  6316128
100
AcDbPolyline
 90
       30
 70
     1
 43
0.0
 10
6362827.67219751
 20
6173324.67448821
 10
6362819.290559651
 20
6173318.93213482
 10
6362818.88346406
 20
6173318.653143519
 10
6362811.38337369
 20
6173313.51476367
 10
6362811.05852052
 20
6173313.28998201
 10
6362804.875749429
 20
6173322.31145569
 10
6362803.541075749
 20
6173324.259777599
 10
6362802.78993861
 20
6173325.356265819
 10
6362801.33365557
 20
6173327.481885829
 10
6362801.16401123
 20
6173327.72951174
 10
6362795.945954839
 20
6173335.343486879
 10
6362793.528030221
 20
6173338.87164897
 10
6362791.511706411
 20
6173341.815431901
 10
6362789.76622796
 20
6173344.36200455
 10
6362788.45609364
 20
6173346.2736698
 10
6362790.058632349
 20
6173347.37825675
 10
6362792.92613023
 20
6173349.34345817
 10
6362797.393282339
 20
6173352.40520195
 10
6362800.26570835
 20
6173354.375476369
 10
6362803.12823453
 20
6173356.338604929
 10
6362804.81405922
 20
6173357.49441553
 10
6362806.07617292
 20
6173355.65207807
 10
6362809.89209745
 20
6173350.08548099
 10
6362811.385167481
 20
6173347.90637583
 10
6362812.81524424
 20
6173345.86340401
 10
6362815.37912896
 20
6173342.20331206
 10
6362818.479312441
 20
6173337.77573059
 10
6362821.05025608
 20
6173334.11173973
 10
6362821.42002681
 20
6173333.58391853
 10
6362827.67219751
 20
6173324.67448821
  0
LWPOLYLINE
  5
2001B
330
1F
100
AcDbEntity
  8
parcelas
 62
   251
420
  6316128
100
AcDbPolyline
 90
       19
 70
     1
 43
0.0
 10
6362821.91428844
 20
6173340.135285401
 10
6362823.58621264
 20
6173341.28389223
 10
6362825.60580452
 20
6173342.67061566
 10
6362831.38622565
 20
6173346.64168983
 10
6362832.508441759
 20
6173347.412206039
 10
6362834.763881981
 20
6173344.120770281
 10
6362835.436299029
 20
6173343.141181151
 10
6362835.89415313
 20
6173342.471588211
 10
6362836.15475079
 20
6173342.09123519
 10
6362836.946747949
 20
6173340.936319281
 10
6362837.0622406
 20
6173340.766935289
 10
6362837.77247395
 20
6173339.7318753
 10
6362841.5710484
 20
6173334.18903567
 10
6362834.65430833
 20
6173329.454243109
 10
6362827.67219751
 20
6173324.67448821
 10
6362821.42002681
 20
6173333.58391853
 10
6362821.05025608
 20
6173334.11173973
 10
6362818.479312441
 20
6173337.77573059
 10
6362821.91428844
 20
6173340.135285401
  0
LWPOLYLINE
  5
2001C
330
1F
100
AcDbEntity
  8
parcelas
 62
   251
420
  6316128
100
AcDbPolyline
 90
       24
 70
     1
 43
0.0
 10
6362848.23297319
 20
6173338.76708391
 10
6362848.026946839
 20
6173338.62605186
 10
6362847.7496215
 20
6173338.4349701
 10
6362842.41389537
 20
6173334.771441531
 10
6362841.82547227
 20
6173334.372783211
 10
6362841.5710484
 20
6173334.18903567
 10
6362837.77247395
 20
6173339.7318753
 10
6362837.0622406
 20
6173340.766935289
 10
6362836.946747949
 20
6173340.936319281
 10
6362836.15475079
 20
6173342.09123519
 10
6362835.89415313
 20
6173342.471588211
 10
6362835.436299029
 20
6173343.141181151
 10
6362834.763881981
 20
6173344.120770281
 10
6362832.508441759
 20
6173347.412206039
 10
6362839.526934339
 20
6173352.235502039
 10
6362842.457907791
 20
6173347.95651966
 10
6362841.35849173
 20
6173347.20033859
 10
6362842.24009566
 20
6173345.908974801
 10
6362843.68666555
 20
6173343.790916831
 10
6362843.906908909
 20
6173343.46859878
 10
6362844.592169559
 20
6173342.46558785
 10
6362845.342874321
 20
6173342.986638219
 10
6362846.33111327
 20
6173341.54346807
 10
6362848.23297319
 20
6173338.76708391
  0
LWPOLYLINE
  5
2001D
330
1F
100
AcDbEntity
  8
parcelas
 62
   251
420
  6316128
100
AcDbPolyline
 90
       23
 70
     1
 43
0.0
 10
6362841.74905069
 20
6173365.87828682
 10
6362845.98902734
 20
6173359.69662604
 10
6362847.40442079
 20
6173357.63143421
 10
6362842.18053049
 20
6173354.050854001
 10
6362840.720536381
 20
6173353.050067161
 10
6362839.526934339
 20
6173352.235502039
 10
6362832.508441759
 20
6173347.412206039
 10
6362831.38622565
 20
6173346.64168983
 10
6362825.60580452
 20
6173342.67061566
 10
6362823.58621264
 20
6173341.28389223
 10
6362821.91428844
 20
6173340.135285401
 10
6362818.479312441
 20
6173337.77573059
 10
6362815.37912896
 20
6173342.20331206
 10
6362812.81524424
 20
6173345.86340401
 10
6362811.385167481
 20
6173347.90637583
 10
6362814.94673948
 20
6173350.296774851
 10
6362816.630926139
 20
6173351.427553289
 10
6362819.538646269
 20
6173353.3783323
 10
6362827.627739879
 20
6173358.806340989
 10
6362833.72352024
 20
6173362.898023801
 10
6362838.955407351
 20
6173366.40999669
 10
6362840.618794181
 20
6173367.52646882
 10
6362841.74905069
 20
6173365.87828682
  0
LWPOLYLINE
  5
2001E
330
1F
100
AcDbEntity
  8
parcelas
 62
   251
420
  6316128
100
AcDbPolyline
 90
       22
 70
     1
 43
0.0
 10
6362818.987092261
 20
6173367.21000175
 10
6362821.3078388
 20
6173368.800156119
 10
6362824.704259339
 20
6173371.1281414
 10
6362828.20666446
 20
6173373.528686361
 10
6362833.8564605
 20
6173377.40183467
 10
6362834.015958591
 20
6173377.164065099
 10
6362838.806873191
 20
6173370.17111173
 10
6362840.32139487
 20
6173367.961307089
 10
6362840.618794181
 20
6173367.52646882
 10
6362838.955407351
 20
6173366.40999669
 10
6362833.72352024
 20
6173362.898023801
 10
6362827.627739879
 20
6173358.806340989
 10
6362819.538646269
 20
6173353.3783323
 10
6362816.630926139
 20
6173351.427553289
 10
6362814.94673948
 20
6173350.296774851
 10
6362811.385167481
 20
6173347.90637583
 10
6362809.89209745
 20
6173350.08548099
 10
6362806.07617292
 20
6173355.65207807
 10
6362804.81405922
 20
6173357.49441553
 10
6362811.20277624
 20
6173361.87343901
 10
6362814.254500521
 20
6173363.96535158
 10
6362818.987092261
 20
6173367.21000175
  0
LWPOLYLINE
  5
2001F
330
1F
100
AcDbEntity
  8
parcelas
 62
   251
420
  6316128
100
AcDbPolyline
 90
       21
 70
     1
 43
0.0
 10
6362827.069834099
 20
6173387.29685567
 10
6362833.8564605
 20
6173377.40183467
 10
6362828.20666446
 20
6173373.528686361
 10
6362824.704259339
 20
6173371.1281414
 10
6362821.3078388
 20
6173368.800156119
 10
6362818.987092261
 20
6173367.21000175
 10
6362814.254500521
 20
6173363.96535158
 10
6362811.20277624
 20
6173361.87343901
 10
6362804.81405922
 20
6173357.49441553
 10
6362799.73290475
 20
6173364.91130786
 10
6362798.03543253
 20
6173367.389552979
 10
6362802.08061763
 20
6173370.16308666
 10
6362804.42313522
 20
6173371.76956198
 10
6362805.73159276
 20
6173372.66581845
 10
6362807.710599989
 20
6173374.02294386
 10
6362809.6083939
 20
6173375.32387386
 10
6362821.173411999
 20
6173383.25407767
 10
6362821.42103793
 20
6173383.42372195
 10
6362822.271871579
 20
6173384.007243789
 10
6362823.23958976
 20
6173384.67048568
 10
6362827.069834099
 20
6173387.29685567
  0
LWPOLYLINE
  5
20020
102
{ACAD_REACTORS
330
20590
102
}
330
1F
100
AcDbEntity
  8
parcelas
 62
   251
420
  6316128
100
AcDbPolyline
 90
       28
 70
     1
 43
0.0
 10
6362791.24966019
 20
6173377.2945907
 10
6362795.10317589
 20
6173379.979442879
 10
6362796.63720995
 20
6173381.04902254
 10
6362798.506972439
 20
6173382.35151037
 10
6362804.836184681
 20
6173386.686571149
 10
6362805.56420554
 20
6173387.18528535
 10
6362808.202891589
 20
6173388.99411902
 10
6362808.844727489
 20
6173389.434565099
 10
6362815.45032777
 20
6173393.964780559
 10
6362819.29047211
 20
6173396.598296321
 10
6362820.24333335
 20
6173397.25131952
 10
6362823.21715227
 20
6173392.91493776
 10
6362823.736303759
 20
6173392.157202999
 10
6362825.316210299
 20
6173389.85331362
 10
6362827.069834099
 20
6173387.29685567
 10
6362823.23958976
 20
6173384.67048568
 10
6362822.271871579
 20
6173384.007243789
 10
6362821.42103793
 20
6173383.42372195
 10
6362821.173411999
 20
6173383.25407767
 10
6362809.6083939
 20
6173375.32387386
 10
6362807.710599989
 20
6173374.02294386
 10
6362805.73159276
 20
6173372.66581845
 10
6362804.42313522
 20
6173371.76956198
 10
6362802.08061763
 20
6173370.16308666
 10
6362798.03543253
 20
6173367.389552979
 10
6362795.4233247
 20
6173371.20199812
 10
6362795.12593985
 20
6173371.63583633
 10
6362791.24966019
 20
6173377.2945907
  0
LWPOLYLINE
  5
20021
330
1F
100
AcDbEntity
  8
parcelas
 62
   251
420
  6316128
100
AcDbPolyline
 90
       22
 70
     1
 43
0.0
 10
6362808.202891589
 20
6173388.99411902
 10
6362805.56420554
 20
6173387.18528535
 10
6362803.298371329
 20
6173390.5809183
 10
6362802.62614208
 20
6173391.58830439
 10
6362802.30279778
 20
6173392.07236992
 10
6362801.28355824
 20
6173393.600112039
 10
6362801.13258449
 20
6173393.826455869
 10
6362803.671747919
 20
6173395.60181261
 10
6362806.623750089
 20
6173397.665164721
 10
6362808.20625736
 20
6173398.771461729
 10
6362808.37065525
 20
6173398.885881759
 10
6362810.717680829
 20
6173400.5264336
 10
6362811.70601046
 20
6173401.216983241
 10
6362813.67078411
 20
6173402.58990757
 10
6362815.644457461
 20
6173403.969963201
 10
6362816.40481282
 20
6173402.85860336
 10
6362818.53459924
 20
6173399.747407509
 10
6362820.24333335
 20
6173397.25131952
 10
6362819.29047211
 20
6173396.598296321
 10
6362815.45032777
 20
6173393.964780559
 10
6362808.844727489
 20
6173389.434565099
 10
6362808.202891589
 20
6173388.99411902
  0
LWPOLYLINE
  5
20022
330
1F
100
AcDbEntity
  8
parcelas
 62
   251
420
  6316128
100
AcDbPolyline
 90
       17
 70
     1
 43
0.0
 10
6362855.667970579
 20
6173345.567079089
 10
6362856.46663082
 20
6173344.40105603
 10
6362855.26761223
 20
6173343.58061047
 10
6362848.23297319
 20
6173338.76708391
 10
6362846.33111327
 20
6173341.54346807
 10
6362845.342874321
 20
6173342.986638219
 10
6362844.592169559
 20
6173342.46558785
 10
6362843.906908909
 20
6173343.46859878
 10
6362843.68666555
 20
6173343.790916831
 10
6362842.24009566
 20
6173345.908974801
 10
6362841.35849173
 20
6173347.20033859
 10
6362842.457907791
 20
6173347.95651966
 10
6362839.526934339
 20
6173352.235502039
 10
6362840.720536381
 20
6173353.050067161
 10
6362842.18053049
 20
6173354.050854001
 10
6362847.40442079
 20
6173357.63143421
 10
6362855.667970579
 20
6173345.567079089
  0
LWPOLYLINE
  5
20023
330
1F
100
AcDbEntity
  8
parcelas
 62
   251
420
  6316128
100
AcDbPolyline
 90
       19
 70
     1
 43
0.0
 10
6362733.36120316
 20
6173350.125940401
 10
6362731.17873642
 20
6173353.31323379
 10
6362730.137559021
 20
6173354.83382
 10
6362737.318784779
 20
6173359.74852662
 10
6362738.379932929
 20
6173358.24440959
 10
6362738.7524478
 20
6173357.71679113
 10
6362739.940255289
 20
6173356.033662449
 10
6362740.4633692
 20
6173355.292476351
 10
6362744.49437241
 20
6173349.58054474
 10
6362746.39368259
 20
6173346.88944642
 10
6362747.36699553
 20
6173345.510075691
 10
6362748.54558028
 20
6173343.83981834
 10
6362748.880379419
 20
6173343.36578645
 10
6362749.502559999
 20
6173342.484202341
 10
6362752.32997597
 20
6173338.477793489
 10
6362744.84664297
 20
6173333.352706659
 10
6362741.210510541
 20
6173338.66278469
 10
6362735.10042859
 20
6173347.58588676
 10
6362733.36120316
 20
6173350.125940401
  0
LWPOLYLINE
  5
20024
102
{ACAD_REACTORS
330
205AA
330
205C4
102
}
330
1F
100
AcDbEntity
  8
parcelas
 62
   251
420
  6316128
100
AcDbPolyline
 90
       18
 70
     1
 43
0.0
 10
6362746.09219059
 20
6173273.59317529
 10
6362744.856254151
 20
6173275.397273349
 10
6362742.402156889
 20
6173278.97590465
 10
6362740.836947109
 20
6173281.25844316
 10
6362738.07669108
 20
6173285.285427279
 10
6362743.67500957
 20
6173289.11569174
 10
6362746.430201989
 20
6173285.0937488
 10
6362746.83898501
 20
6173284.49696943
 10
6362747.767431571
 20
6173283.14166244
 10
6362748.08679326
 20
6173282.675431691
 10
6362749.35506784
 20
6173280.822179749
 10
6362750.386211319
 20
6173279.31761018
 10
6362751.682880761
 20
6173277.423955989
 10
6362752.807747569
 20
6173275.78189782
 10
6362753.92627736
 20
6173274.149151
 10
6362748.33382183
 20
6173270.32284619
 10
6362747.2188823
 20
6173271.94944297
 10
6362746.09219059
 20
6173273.59317529
  0
LWPOLYLINE
  5
20025
330
1F
100
AcDbEntity
  8
parcelas
 62
   251
420
  6316128
100
AcDbPolyline
 90
       24
 70
     1
 43
0.0
 10
6362766.87565456
 20
6173285.86959205
 10
6362765.18364889
 20
6173288.364021649
 10
6362764.1951036
 20
6173289.82139237
 10
6362762.28516637
 20
6173292.637373349
 10
6362761.31420155
 20
6173294.06889005
 10
6362758.006425909
 20
6173298.94661639
 10
6362756.26848119
 20
6173301.48409516
 10
6362755.44743946
 20
6173302.68280529
 10
6362754.655212921
 20
6173303.83971876
 10
6362753.42599846
 20
6173305.6345169
 10
6362752.854724179
 20
6173306.468522341
 10
6362748.20992645
 20
6173313.24952197
 10
6362750.886298551
 20
6173315.08091015
 10
6362751.548963209
 20
6173315.53366236
 10
6362753.434993
 20
6173316.82353795
 10
6362755.294202091
 20
6173318.095895069
 10
6362761.73032727
 20
6173308.69633871
 10
6362763.34342876
 20
6173306.340494669
 10
6362767.87421071
 20
6173299.72433394
 10
6362772.305211669
 20
6173293.25252854
 10
6362774.00843627
 20
6173290.765743951
 10
6362775.338033039
 20
6173288.82438985
 10
6362768.19651095
 20
6173283.922170201
 10
6362766.87565456
 20
6173285.86959205
  0
LWPOLYLINE
  5
20026
330
1F
100
AcDbEntity
  8
lfi
 62
   155
420
  3504561
100
AcDbPolyline
 90
        5
 70
     1
 43
0.0
 10
6362792.47674566
 20
6173373.28658987
 10
6362815.0906278
 20
6173340.277890019
 10
6362754.92313184
 20
6173298.990834349
 10
6362732.208498621
 20
6173332.04810133
 10
6362792.47674566
 20
6173373.28658987
  0
LWPOLYLINE
  5
20027
330
1F
100
AcDbEntity
  8
lib
100
AcDbPolyline
 90
        5
 70
     1
 43
0.0
 10
6362786.209414101
 20
6173360.90801121
 10
6362801.28533553
 20
6173338.90221131
 10
6362761.17367155
 20
6173311.377507531
 10
6362746.03058274
 20
6173333.41568552
 10
6362786.209414101
 20
6173360.90801121
  0
LWPOLYLINE
  5
20029
330
1F
100
AcDbEntity
  8
Tronera SI
 62
   155
420
  3504561
100
AcDbPolyline
 90
        7
 70
     1
 43
0.0
 10
6362810.00403314
 20
6173347.70261593
 10
6362817.428759041
 20
6173352.789210589
 10
6362824.7893174
 20
6173342.045258711
 10
6362809.95008972
 20
6173331.86255109
 10
6362807.66975657
 20
6173335.185673389
 10
6362815.0906278
 20
6173340.277890019
 10
6362810.00403314
 20
6173347.70261593
  0
LWPOLYLINE
  5
2002A
330
1F
100
AcDbEntity
  8
Tronera SI
 62
   155
420
  3504561
100
AcDbPolyline
 90
        7
 70
     1
 43
0.0
 10
6362737.305393189
 20
6173324.63044229
 10
6362729.887734141
 20
6173319.53354772
 10
6362722.49842896
 20
6173330.287418659
 10
6362737.36022502
 20
6173340.45658794
 10
6362739.63613074
 20
6173337.13045128
 10
6362732.208498621
 20
6173332.04810133
 10
6362737.305393189
 20
6173324.63044229
  0
LWPOLYLINE
  5
2002C
330
1F
100
AcDbEntity
  8
banda_minima
  6
DASHED
 48
5.0
100
AcDbPolyline
 90
        5
 70
     1
 43
0.0
 10
6362742.821680869
 20
6173266.54572131
 10
6362733.775322129
 20
6173279.742820421
 10
6362739.287027901
 20
6173283.51964646
 10
6362748.33382183
 20
6173270.32284619
 10
6362742.821680869
 20
6173266.54572131
  0
LWPOLYLINE
  5
2002D
330
1F
100
AcDbEntity
  8
banda_minima
  6
DASHED
 48
5.0
100
AcDbPolyline
 90
        6
 70
     1
 43
0.0
 10
6362722.95110497
 20
6173349.92598065
 10
6362730.137559021
 20
6173354.83382
 10
6362739.177252519
 20
6173341.6321342
 10
6362732.07731285
 20
6173336.783391639
 10
6362726.761508501
 20
6173344.533360769
 10
6362722.95110497
 20
6173349.92598065
  0
LWPOLYLINE
  5
2002E
102
{ACAD_REACTORS
330
205F8
102
}
330
1F
100
AcDbEntity
  8
banda_minima
  6
DASHED
 48
5.0
100
AcDbPolyline
 90
        6
 70
     1
 43
0.0
 10
6362759.21540501
 20
6173297.16382643
 10
6362768.19651095
 20
6173283.922170201
 10
6362761.03005686
 20
6173279.023702719
 10
6362758.455329431
 20
6173283.0177503
 10
6362752.099684841
 20
6173292.300514179
 10
6362759.21540501
 20
6173297.16382643
  0
LWPOLYLINE
  5
2002F
330
1F
100
AcDbEntity
  8
banda_minima
  6
DASHED
 48
5.0
100
AcDbPolyline
 90
        5
 70
     1
 43
0.0
 10
6362768.19651095
 20
6173283.922170201
 10
6362759.21529493
 20
6173297.163988751
 10
6362766.298089249
 20
6173302.02589536
 10
6362775.338033039
 20
6173288.82438985
 10
6362768.19651095
 20
6173283.922170201
  0
LWPOLYLINE
  5
20030
330
1F
100
AcDbEntity
  8
banda_minima
  6
DASHED
 48
5.0
100
AcDbPolyline
 90
        5
 70
     1
 43
0.0
 10
6362750.36798899
 20
6173368.66358749
 10
6362757.42951802
 20
6173373.48747861
 10
6362766.589742659
 20
6173360.368177429
 10
6362759.500365751
 20
6173355.525286098
 10
6362750.36798899
 20
6173368.66358749
  0
LWPOLYLINE
  5
20031
330
1F
100
AcDbEntity
  8
banda_minima
  6
DASHED
 48
5.0
100
AcDbPolyline
 90
        5
 70
     1
 43
0.0
 10
6362832.525789261
 20
6173347.386890281
 10
6362841.5710484
 20
6173334.18903567
 10
6362827.67219751
 20
6173324.67448821
 10
6362818.48142101
 20
6173337.77272555
 10
6362832.525789261
 20
6173347.386890281
  0
LWPOLYLINE
  5
20032
330
1F
100
AcDbEntity
  8
banda_minima
  6
DASHED
 48
5.0
100
AcDbPolyline
 90
        5
 70
     1
 43
0.0
 10
6362796.29594961
 20
6173303.1837211
 10
6362787.19986529
 20
6173316.34677326
 10
6362793.796651921
 20
6173320.86328361
 10
6362802.817465631
 20
6173307.64869858
 10
6362796.29594961
 20
6173303.1837211
  0
LWPOLYLINE
  5
20033
330
1F
100
AcDbEntity
  8
banda_minima
  6
DASHED
 48
5.0
100
AcDbPolyline
 90
        6
 70
     1
 43
0.0
 10
6362752.09975456
 20
6173292.30041238
 10
6362758.455329431
 20
6173283.0177503
 10
6362761.03005686
 20
6173279.023702719
 10
6362753.92627736
 20
6173274.149151
 10
6362744.884835709
 20
6173287.34962573
 10
6362752.09975456
 20
6173292.30041238
  0
LWPOLYLINE
  5
20034
330
1F
100
AcDbEntity
  8
banda_minima
  6
DASHED
 48
5.0
100
AcDbPolyline
 90
        5
 70
     1
 43
0.0
 10
6362750.36798899
 20
6173368.66358749
 10
6362759.500410979
 20
6173355.52522102
 10
6362753.331480019
 20
6173351.31273318
 10
6362744.25543419
 20
6173364.489587539
 10
6362750.36798899
 20
6173368.66358749
  0
LWPOLYLINE
  5
20035
330
1F
100
AcDbEntity
  8
banda_minima
  6
DASHED
 48
5.0
100
AcDbPolyline
 90
        5
 70
     1
 43
0.0
 10
6362802.01422876
 20
6173326.488507511
 10
6362811.05852052
 20
6173313.28998201
 10
6362802.817465631
 20
6173307.64869858
 10
6362793.79653233
 20
6173320.86345879
 10
6362802.01422876
 20
6173326.488507511
  0
LWPOLYLINE
  5
20036
330
1F
100
AcDbEntity
  8
banda_minima
  6
DASHED
 48
5.0
100
AcDbPolyline
 90
        9
 70
     1
 43
0.0
 10
6362848.23297319
 20
6173338.76708391
 10
6362841.5710484
 20
6173334.18903567
 10
6362832.5230432
 20
6173347.39089771
 10
6362839.544820331
 20
6173352.20938995
 10
6362842.457907791
 20
6173347.95651966
 10
6362841.35849173
 20
6173347.20033859
 10
6362844.592169559
 20
6173342.46558785
 10
6362845.342874321
 20
6173342.986638219
 10
6362848.23297319
 20
6173338.76708391
  0
LWPOLYLINE
  5
20037
330
1F
100
AcDbEntity
  8
banda_minima
  6
DASHED
 48
5.0
100
AcDbPolyline
 90
        5
 70
     1
 43
0.0
 10
6362789.63304097
 20
6173298.60978294
 10
6362775.338033039
 20
6173288.82438985
 10
6362766.298095059
 20
6173302.02588687
 10
6362780.5568918
 20
6173311.78649503
 10
6362789.63304097
 20
6173298.60978294
  0
LWPOLYLINE
  5
20038
330
1F
100
AcDbEntity
  8
banda_minima
  6
DASHED
 48
5.0
100
AcDbPolyline
 90
        5
 70
     1
 43
0.0
 10
6362798.506972439
 20
6173382.35151037
 10
6362789.680125691
 20
6173395.528071369
 10
6362796.768283139
 20
6173400.37243445
 10
6362805.56420554
 20
6173387.18528535
 10
6362798.506972439
 20
6173382.35151037
  0
LWPOLYLINE
  5
20039
330
1F
100
AcDbEntity
  8
banda_minima
  6
DASHED
 48
5.0
100
AcDbPolyline
 90
        5
 70
     1
 43
0.0
 10
6362807.04797348
 20
6173388.202416361
 10
6362802.52967095
 20
6173394.803284229
 10
6362815.644457461
 20
6173403.969963201
 10
6362820.24333335
 20
6173397.25131952
 10
6362807.04797348
 20
6173388.202416361
  0
LWPOLYLINE
  5
2003A
330
1F
100
AcDbEntity
  8
banda_minima
  6
DASHED
 48
5.0
100
AcDbPolyline
 90
        5
 70
     1
 43
0.0
 10
6362796.29594961
 20
6173303.1837211
 10
6362789.63304097
 20
6173298.60978294
 10
6362780.55691994
 20
6173311.78645417
 10
6362787.199905259
 20
6173316.34671541
 10
6362796.29594961
 20
6173303.1837211
  0
LWPOLYLINE
  5
2003B
330
1F
100
AcDbEntity
  8
banda_minima
  6
DASHED
 48
5.0
100
AcDbPolyline
 90
        5
 70
     1
 43
0.0
 10
6362748.33382183
 20
6173270.32284619
 10
6362739.28702446
 20
6173283.519651491
 10
6362744.88483809
 20
6173287.34962226
 10
6362753.92627736
 20
6173274.149151
 10
6362748.33382183
 20
6173270.32284619
  0
LWPOLYLINE
  5
2003C
330
1F
100
AcDbEntity
  8
banda_minima
  6
DASHED
 48
5.0
100
AcDbPolyline
 90
        7
 70
     1
 43
0.0
 10
6362796.768283139
 20
6173400.37243445
 10
6362808.38409444
 20
6173408.31325248
 10
6362810.419525279
 20
6173407.50246465
 10
6362813.75283108
 20
6173406.730490979
 10
6362815.644457461
 20
6173403.969963201
 10
6362801.13258449
 20
6173393.826455869
 10
6362796.768283139
 20
6173400.37243445
  0
LWPOLYLINE
  5
2003D
330
1F
100
AcDbEntity
  8
banda_minima
  6
DASHED
 48
5.0
100
AcDbPolyline
 90
        8
 70
     1
 43
0.0
 10
6362715.785605389
 20
6173345.03052887
 10
6362722.95110497
 20
6173349.92598065
 10
6362726.761508501
 20
6173344.533360769
 10
6362732.07727948
 20
6173336.78344028
 10
6362724.93393089
 20
6173331.90301887
 10
6362721.114851069
 20
6173337.47518202
 10
6362718.6253661
 20
6173341.040320829
 10
6362715.785605389
 20
6173345.03052887
  0
LWPOLYLINE
  5
2003E
330
1F
100
AcDbEntity
  8
banda_minima
  6
DASHED
 48
5.0
100
AcDbPolyline
 90
        5
 70
     1
 43
0.0
 10
6362840.618794181
 20
6173367.52646882
 10
6362847.40442079
 20
6173357.63143421
 10
6362834.20981679
 20
6173348.581436511
 10
6362827.3334168
 20
6173358.608841951
 10
6362840.618794181
 20
6173367.52646882
  0
LWPOLYLINE
  5
2003F
330
1F
100
AcDbEntity
  8
banda_minima
  6
DASHED
 48
5.0
100
AcDbPolyline
 90
        5
 70
     1
 43
0.0
 10
6362820.658535079
 20
6173368.355259129
 10
6362833.8564605
 20
6173377.40183467
 10
6362840.618794181
 20
6173367.52646882
 10
6362827.333571
 20
6173358.60894542
 10
6362820.658535079
 20
6173368.355259129
  0
LWPOLYLINE
  5
20040
330
1F
100
AcDbEntity
  8
banda_minima
  6
DASHED
 48
5.0
100
AcDbPolyline
 90
        5
 70
     1
 43
0.0
 10
6362767.273271069
 20
6173380.215249891
 10
6362774.876579781
 20
6173385.41014307
 10
6362783.893540591
 20
6173372.19293243
 10
6362776.39424214
 20
6173367.06910223
 10
6362767.273271069
 20
6173380.215249891
  0
LWPOLYLINE
  5
20042
330
1F
100
AcDbEntity
  8
banda_minima
  6
DASHED
 48
5.0
100
AcDbPolyline
 90
        5
 70
     1
 43
0.0
 10
6362700.522758079
 20
6173313.73887436
 10
6362713.718394901
 20
6173322.787948571
 10
6362718.72476384
 20
6173315.49585061
 10
6362705.528050931
 20
6173306.448924271
 10
6362700.522758079
 20
6173313.73887436
  0
LWPOLYLINE
  5
20043
330
1F
100
AcDbEntity
  8
banda_minima
  6
DASHED
 48
5.0
100
AcDbPolyline
 90
        5
 70
     1
 43
0.0
 10
6362695.923777059
 20
6173320.46452033
 10
6362707.70079629
 20
6173328.53784855
 10
6362712.307633039
 20
6173321.82231994
 10
6362700.522758079
 20
6173313.73887436
 10
6362695.923777059
 20
6173320.46452033
  0
LWPOLYLINE
  5
20044
330
1F
100
AcDbEntity
  8
banda_minima
  6
DASHED
 48
5.0
100
AcDbPolyline
 90
        5
 70
     1
 43
0.0
 10
6362744.25543419
 20
6173364.489587539
 10
6362753.33146645
 20
6173351.312752891
 10
6362746.54531499
 20
6173346.674554291
 10
6362737.318784779
 20
6173359.74852662
 10
6362744.25543419
 20
6173364.489587539
  0
LWPOLYLINE
  5
20045
330
1F
100
AcDbEntity
  8
banda_minima
  6
DASHED
 48
5.0
100
AcDbPolyline
 90
        5
 70
     1
 43
0.0
 10
6362807.04797787
 20
6173388.20241937
 10
6362820.24333335
 20
6173397.25131952
 10
6362827.069834099
 20
6173387.29685567
 10
6362813.87391925
 20
6173378.24877074
 10
6362807.04797787
 20
6173388.20241937
  0
LWPOLYLINE
  5
20046
330
1F
100
AcDbEntity
  8
banda_minima
  6
DASHED
 48
5.0
100
AcDbPolyline
 90
        9
 70
     1
 43
0.0
 10
6362856.46663082
 20
6173344.40105603
 10
6362848.23297319
 20
6173338.76708391
 10
6362845.342874321
 20
6173342.986638219
 10
6362844.592169559
 20
6173342.46558785
 10
6362841.35849173
 20
6173347.20033859
 10
6362842.457907791
 20
6173347.95651966
 10
6362839.526934339
 20
6173352.235502039
 10
6362847.40442079
 20
6173357.63143421
 10
6362856.46663082
 20
6173344.40105603
  0
LWPOLYLINE
  5
20047
330
1F
100
AcDbEntity
  8
banda_minima
  6
DASHED
 48
5.0
100
AcDbPolyline
 90
        5
 70
     1
 43
0.0
 10
6362738.99843092
 20
6173285.916064379
 10
6362725.79934145
 20
6173276.8726092
 10
6362715.603529039
 20
6173291.739921329
 10
6362728.801181031
 20
6173300.78547271
 10
6362738.99843092
 20
6173285.916064379
  0
LWPOLYLINE
  5
20048
330
1F
100
AcDbEntity
  8
banda_minima
  6
DASHED
 48
5.0
100
AcDbPolyline
 90
        5
 70
     1
 43
0.0
 10
6362833.8564605
 20
6173377.40183467
 10
6362820.659198739
 20
6173368.35571387
 10
6362813.87391939
 20
6173378.248770839
 10
6362827.069834099
 20
6173387.29685567
 10
6362833.8564605
 20
6173377.40183467
  0
LWPOLYLINE
  5
20049
330
1F
100
AcDbEntity
  8
banda_minima
  6
DASHED
 48
5.0
100
AcDbPolyline
 90
        6
 70
     1
 43
0.0
 10
6362694.32711095
 20
6173330.344722881
 10
6362702.584026321
 20
6173335.99624087
 10
6362707.70079629
 20
6173328.53784855
 10
6362695.923777059
 20
6173320.46452033
 10
6362693.233049229
 20
6173324.38686452
 10
6362694.32711095
 20
6173330.344722881
  0
LWPOLYLINE
  5
2004A
330
1F
100
AcDbEntity
  8
banda_minima
  6
DASHED
 48
5.0
100
AcDbPolyline
 90
        5
 70
     1
 43
0.0
 10
6362789.680125691
 20
6173395.528071369
 10
6362798.506972439
 20
6173382.35151037
 10
6362791.24966019
 20
6173377.2945907
 10
6362782.40550205
 20
6173390.56094357
 10
6362789.680125691
 20
6173395.528071369
  0
LWPOLYLINE
  5
2004B
330
1F
100
AcDbEntity
  8
banda_minima
  6
DASHED
 48
5.0
100
AcDbPolyline
 90
        7
 70
     1
 43
0.0
 10
6362702.584026321
 20
6173335.99624087
 10
6362715.785605389
 20
6173345.03052887
 10
6362718.6253661
 20
6173341.040320829
 10
6362721.114851069
 20
6173337.47518202
 10
6362724.93386013
 20
6173331.903122099
 10
6362711.63525521
 20
6173322.80247508
 10
6362702.584026321
 20
6173335.99624087
  0
LWPOLYLINE
  5
2004C
330
1F
100
AcDbEntity
  8
banda_minima
  6
DASHED
 48
5.0
100
AcDbPolyline
 90
        5
 70
     1
 43
0.0
 10
6362827.67219751
 20
6173324.67448821
 10
6362811.05852052
 20
6173313.28998201
 10
6362802.01414051
 20
6173326.48863633
 10
6362818.481459409
 20
6173337.772670829
 10
6362827.67219751
 20
6173324.67448821
  0
LWPOLYLINE
  5
2004D
330
1F
100
AcDbEntity
  8
banda_minima
  6
DASHED
 48
5.0
100
AcDbPolyline
 90
        5
 70
     1
 43
0.0
 10
6362757.42951802
 20
6173373.48747861
 10
6362767.273271069
 20
6173380.215249891
 10
6362776.39423084
 20
6173367.069118529
 10
6362766.58973661
 20
6173360.3681861
 10
6362757.42951802
 20
6173373.48747861
  0
LWPOLYLINE
  5
2004E
330
1F
100
AcDbEntity
  8
banda_minima
  6
DASHED
 48
5.0
100
AcDbPolyline
 90
        5
 70
     1
 43
0.0
 10
6362739.177242779
 20
6173341.632148421
 10
6362730.137559021
 20
6173354.83382
 10
6362737.318784779
 20
6173359.74852662
 10
6362746.545231609
 20
6173346.67467245
 10
6362739.177242779
 20
6173341.632148421
  0
LWPOLYLINE
  5
2004F
330
1F
100
AcDbEntity
  8
banda_minima
  6
DASHED
 48
5.0
100
AcDbPolyline
 90
        5
 70
     1
 43
0.0
 10
6362728.80118081
 20
6173300.785472569
 10
6362715.603529039
 20
6173291.739921329
 10
6362705.528050931
 20
6173306.448924271
 10
6362718.72476187
 20
6173315.49584926
 10
6362728.80118081
 20
6173300.785472569
  0
LWPOLYLINE
  5
20050
330
1F
100
AcDbEntity
  8
banda_minima
  6
DASHED
 48
5.0
100
AcDbPolyline
 90
        6
 70
     1
 43
0.0
 10
6362739.58786074
 20
6173264.31812359
 10
6362733.631568411
 20
6173265.44221672
 10
6362725.79934145
 20
6173276.8726092
 10
6362732.562411321
 20
6173281.512146389
 10
6362742.821680869
 20
6173266.54572131
 10
6362739.58786074
 20
6173264.31812359
  0
LWPOLYLINE
  5
20051
330
1F
100
AcDbEntity
  8
ldf
 62
     7
100
AcDbPolyline
 90
        2
 70
     0
 43
0.0
 10
6362752.32997597
 20
6173338.477793489
 10
6362744.84664297
 20
6173333.352706659
  0
LWPOLYLINE
  5
20052
330
1F
100
AcDbEntity
  8
ldf
 62
     7
100
AcDbPolyline
 90
        3
 70
     0
 43
0.0
 10
6362805.56420554
 20
6173387.18528535
 10
6362804.836184681
 20
6173386.686571149
 10
6362798.506972439
 20
6173382.35151037
  0
LWPOLYLINE
  5
20053
330
1F
100
AcDbEntity
  8
ldf
 62
     7
100
AcDbPolyline
 90
        4
 70
     0
 43
0.0
 10
6362798.506972439
 20
6173382.35151037
 10
6362796.63720995
 20
6173381.04902254
 10
6362795.10317589
 20
6173379.979442879
 10
6362791.24966019
 20
6173377.2945907
  0
LWPOLYLINE
  5
20054
330
1F
100
AcDbEntity
  8
ldf
 62
     7
100
AcDbPolyline
 90
        4
 70
     0
 43
0.0
 10
6362804.81405922
 20
6173357.49441553
 10
6362803.12823453
 20
6173356.338604929
 10
6362800.26570835
 20
6173354.375476369
 10
6362797.393282339
 20
6173352.40520195
  0
LWPOLYLINE
  5
20055
330
1F
100
AcDbEntity
  8
ldf
 62
     7
100
AcDbPolyline
 90
        3
 70
     0
 43
0.0
 10
6362797.393282339
 20
6173352.40520195
 10
6362792.92613023
 20
6173349.34345817
 10
6362790.058632349
 20
6173347.37825675
  0
LWPOLYLINE
  5
20056
330
1F
100
AcDbEntity
  8
ldf
 62
     7
100
AcDbPolyline
 90
        5
 70
     0
 43
0.0
 10
6362790.058632349
 20
6173347.37825675
 10
6362788.45609364
 20
6173346.2736698
 10
6362787.590388499
 20
6173345.68092925
 10
6362785.68860856
 20
6173344.37894088
 10
6362780.320021999
 20
6173340.70493212
  0
LWPOLYLINE
  5
20057
330
1F
100
AcDbEntity
  8
ldf
 62
     7
100
AcDbPolyline
 90
        4
 70
     0
 43
0.0
 10
6362780.320021999
 20
6173340.70493212
 10
6362777.08209977
 20
6173338.48427839
 10
6362773.567837741
 20
6173336.073557429
 10
6362773.19543993
 20
6173335.8211529
  0
LWPOLYLINE
  5
20058
330
1F
100
AcDbEntity
  8
ldf
 62
     7
100
AcDbPolyline
 90
        2
 70
     0
 43
0.0
 10
6362773.19543993
 20
6173335.8211529
 10
6362766.94936555
 20
6173331.541239821
  0
LWPOLYLINE
  5
20059
330
1F
100
AcDbEntity
  8
ldf
 62
     7
100
AcDbPolyline
 90
        2
 70
     0
 43
0.0
 10
6362759.01685363
 20
6173343.05819985
 10
6362752.32997597
 20
6173338.477793489
  0
LWPOLYLINE
  5
2005A
330
1F
100
AcDbEntity
  8
ldf
 62
     7
100
AcDbPolyline
 90
        5
 70
     0
 43
0.0
 10
6362755.294202091
 20
6173318.095895069
 10
6362753.434993
 20
6173316.82353795
 10
6362751.548963209
 20
6173315.53366236
 10
6362750.886298551
 20
6173315.08091015
 10
6362748.20992645
 20
6173313.24952197
  0
LWPOLYLINE
  5
2005B
330
1F
100
AcDbEntity
  8
ldf
 62
     7
100
AcDbPolyline
 90
        4
 70
     0
 43
0.0
 10
6362737.743140731
 20
6173328.52304573
 10
6362734.59927368
 20
6173326.36977679
 10
6362731.29692251
 20
6173324.10817543
 10
6362730.60049984
 20
6173323.63792829
  0
LWPOLYLINE
  5
2005C
330
1F
100
AcDbEntity
  8
ldf
 62
     7
100
AcDbPolyline
 90
        8
 70
     0
 43
0.0
 10
6362725.60220871
 20
6173330.927979519
 10
6362721.96510431
 20
6173328.43445061
 10
6362719.475002149
 20
6173326.72680246
 10
6362718.3131429
 20
6173325.930702979
 10
6362717.161168981
 20
6173325.14274944
 10
6362715.44857238
 20
6173323.97054497
 10
6362713.64383352
 20
6173322.736984999
 10
6362712.307633039
 20
6173321.82231994
  0
LWPOLYLINE
  5
2005D
330
1F
100
AcDbEntity
  8
ldf
 62
     7
100
AcDbPolyline
 90
        3
 70
     0
 43
0.0
 10
6362707.70079629
 20
6173328.53784855
 10
6362710.01238959
 20
6173325.16819864
 10
6362712.307633039
 20
6173321.82231994
  0
LWPOLYLINE
  5
2005E
330
1F
100
AcDbEntity
  8
ldf
 62
     7
100
AcDbPolyline
 90
        4
 70
     0
 43
0.0
 10
6362725.60220871
 20
6173330.927979519
 10
6362726.96036389
 20
6173328.94698621
 10
6362728.161137099
 20
6173327.19579052
 10
6362730.60049984
 20
6173323.63792829
  0
LWPOLYLINE
  5
2005F
330
1F
100
AcDbEntity
  8
ldf
 62
     7
100
AcDbPolyline
 90
        7
 70
     0
 43
0.0
 10
6362737.743140731
 20
6173328.52304573
 10
6362739.9792316
 20
6173325.255336769
 10
6362740.602628311
 20
6173324.345060611
 10
6362742.74979506
 20
6173321.2081076
 10
6362744.78454198
 20
6173318.235581519
 10
6362745.587830739
 20
6173317.060822211
 10
6362747.810615671
 20
6173313.813927681
  0
LWPOLYLINE
  5
20060
330
1F
100
AcDbEntity
  8
ldf
 62
     7
100
AcDbPolyline
 90
        8
 70
     0
 43
0.0
 10
6362747.810615671
 20
6173313.813927681
 10
6362748.20992645
 20
6173313.24952197
 10
6362752.854724179
 20
6173306.468522341
 10
6362753.42599846
 20
6173305.6345169
 10
6362754.655212921
 20
6173303.83971876
 10
6362755.44743946
 20
6173302.68280529
 10
6362756.26848119
 20
6173301.48409516
 10
6362758.006425909
 20
6173298.94661639
  0
LWPOLYLINE
  5
20061
330
1F
100
AcDbEntity
  8
ldf
 62
     7
100
AcDbPolyline
 90
        5
 70
     0
 43
0.0
 10
6362732.562411321
 20
6173281.512146389
 10
6362733.027242249
 20
6173281.81908128
 10
6362735.19338339
 20
6173283.305979359
 10
6362736.80492339
 20
6173284.41166782
 10
6362738.07669108
 20
6173285.285427279
  0
LWPOLYLINE
  5
20062
330
1F
100
AcDbEntity
  8
ldf
 62
     7
100
AcDbPolyline
 90
        3
 70
     0
 43
0.0
 10
6362743.67500957
 20
6173289.11569174
 10
6362745.43111871
 20
6173290.32253832
 10
6362750.886643971
 20
6173294.0718332
  0
LWPOLYLINE
  5
20063
330
1F
100
AcDbEntity
  8
ldf
 62
     7
100
AcDbPolyline
 90
        4
 70
     0
 43
0.0
 10
6362750.886643971
 20
6173294.0718332
 10
6362751.606924669
 20
6173294.55242948
 10
6362754.58530635
 20
6173296.597264799
 10
6362758.006425909
 20
6173298.94661639
  0
LWPOLYLINE
  5
20064
330
1F
100
AcDbEntity
  8
ldf
 62
     7
100
AcDbPolyline
 90
        3
 70
     0
 43
0.0
 10
6362744.84664297
 20
6173333.352706659
 10
6362752.32997597
 20
6173338.477793489
 10
6362759.01685363
 20
6173343.05819985
  0
LWPOLYLINE
  5
20065
330
1F
100
AcDbEntity
  8
ldf
 62
     7
100
AcDbPolyline
 90
        3
 70
     0
 43
0.0
 10
6362766.94936555
 20
6173331.541239821
 10
6362773.19543993
 20
6173335.8211529
 10
6362773.567837741
 20
6173336.073557429
  0
LWPOLYLINE
  5
20066
330
1F
100
AcDbEntity
  8
ldf
 62
     7
100
AcDbPolyline
 90
        3
 70
     0
 43
0.0
 10
6362773.567837741
 20
6173336.073557429
 10
6362777.08209977
 20
6173338.48427839
 10
6362780.320021999
 20
6173340.70493212
  0
LWPOLYLINE
  5
20067
330
1F
100
AcDbEntity
  8
ldf
 62
     7
100
AcDbPolyline
 90
        4
 70
     0
 43
0.0
 10
6362780.320021999
 20
6173340.70493212
 10
6362785.68860856
 20
6173344.37894088
 10
6362787.590388499
 20
6173345.68092925
 10
6362788.45609364
 20
6173346.2736698
  0
LWPOLYLINE
  5
20068
330
1F
100
AcDbEntity
  8
ldf
 62
     7
100
AcDbPolyline
 90
        7
 70
     0
 43
0.0
 10
6362788.45609364
 20
6173346.2736698
 10
6362790.058632349
 20
6173347.37825675
 10
6362792.92613023
 20
6173349.34345817
 10
6362797.393282339
 20
6173352.40520195
 10
6362800.26570835
 20
6173354.375476369
 10
6362803.12823453
 20
6173356.338604929
 10
6362804.81405922
 20
6173357.49441553
  0
LWPOLYLINE
  5
20069
330
1F
100
AcDbEntity
  8
ldf
 62
     7
100
AcDbPolyline
 90
        6
 70
     0
 43
0.0
 10
6362818.479312441
 20
6173337.77573059
 10
6362821.91428844
 20
6173340.135285401
 10
6362823.58621264
 20
6173341.28389223
 10
6362825.60580452
 20
6173342.67061566
 10
6362831.38622565
 20
6173346.64168983
 10
6362832.508441759
 20
6173347.412206039
  0
LWPOLYLINE
  5
2006A
330
1F
100
AcDbEntity
  8
ldf
 62
     7
100
AcDbPolyline
 90
        4
 70
     0
 43
0.0
 10
6362818.479312441
 20
6173337.77573059
 10
6362815.37912896
 20
6173342.20331206
 10
6362812.81524424
 20
6173345.86340401
 10
6362811.385167481
 20
6173347.90637583
  0
LWPOLYLINE
  5
2006B
330
1F
100
AcDbEntity
  8
ldf
 62
     7
100
AcDbPolyline
 90
        4
 70
     0
 43
0.0
 10
6362811.385167481
 20
6173347.90637583
 10
6362809.89209745
 20
6173350.08548099
 10
6362806.07617292
 20
6173355.65207807
 10
6362804.81405922
 20
6173357.49441553
  0
LWPOLYLINE
  5
2006C
330
1F
100
AcDbEntity
  8
ldf
 62
     7
100
AcDbPolyline
 90
        3
 70
     0
 43
0.0
 10
6362804.81405922
 20
6173357.49441553
 10
6362799.73290475
 20
6173364.91130786
 10
6362798.03543253
 20
6173367.389552979
  0
LWPOLYLINE
  5
2006D
330
1F
100
AcDbEntity
  8
ldf
 62
     7
100
AcDbPolyline
 90
        4
 70
     0
 43
0.0
 10
6362798.03543253
 20
6173367.389552979
 10
6362795.4233247
 20
6173371.20199812
 10
6362795.12593985
 20
6173371.63583633
 10
6362791.24966019
 20
6173377.2945907
  0
LWPOLYLINE
  5
2006E
330
1F
100
AcDbEntity
  8
ldf
 62
     7
100
AcDbPolyline
 90
        6
 70
     0
 43
0.0
 10
6362805.56420554
 20
6173387.18528535
 10
6362803.298371329
 20
6173390.5809183
 10
6362802.62614208
 20
6173391.58830439
 10
6362802.30279778
 20
6173392.07236992
 10
6362801.28355824
 20
6173393.600112039
 10
6362801.13258449
 20
6173393.826455869
  0
LWPOLYLINE
  5
2006F
330
1F
100
AcDbEntity
  8
ldf
 62
     7
100
AcDbPolyline
 90
        2
 70
     0
 43
0.0
 10
6362738.07669108
 20
6173285.285427279
 10
6362743.67500957
 20
6173289.11569174
  0
LWPOLYLINE
  5
20070
330
1F
100
AcDbEntity
  8
ldf
 62
     7
100
AcDbPolyline
 90
        5
 70
     0
 43
0.0
 10
6362748.20992645
 20
6173313.24952197
 10
6362750.886298551
 20
6173315.08091015
 10
6362751.548963209
 20
6173315.53366236
 10
6362753.434993
 20
6173316.82353795
 10
6362755.294202091
 20
6173318.095895069
  0
LWPOLYLINE
  5
20071
330
1F
100
AcDbEntity
  8
tejido
 62
     8
420
  8421504
100
AcDbPolyline
 90
       13
 70
     1
 43
0.0
 10
6362736.219863109
 20
6173276.176416919
 10
6362734.068086549
 20
6173274.688383741
 10
6362734.26034925
 20
6173274.41043559
 10
6362729.66445775
 20
6173271.232373219
 10
6362725.799647099
 20
6173276.872684461
 10
6362727.978918711
 20
6173278.36777118
 10
6362728.51237244
 20
6173278.733654631
 10
6362729.385217179
 20
6173279.3324995
 10
6362730.60749849
 20
6173280.170495879
 10
6362730.943256121
 20
6173280.40138981
 10
6362732.56271933
 20
6173281.512260761
 10
6362734.28244528
 20
6173279.00330757
 10
6362736.219863109
 20
6173276.176416919
  0
LWPOLYLINE
  5
20072
330
1F
100
AcDbEntity
  8
tejido
 62
     8
420
  8421504
100
AcDbPolyline
 90
       22
 70
     1
 43
0.0
 10
6362708.63101995
 20
6173319.300083798
 10
6362706.53651258
 20
6173322.26976702
 10
6362703.68250932
 20
6173320.256735849
 10
6362705.75046135
 20
6173317.324705529
 10
6362704.625455831
 20
6173316.553143239
 10
6362703.929131349
 20
6173316.07591513
 10
6362700.52287401
 20
6173313.738795449
 10
6362699.845271599
 20
6173314.729313529
 10
6362695.92389331
 20
6173320.46441944
 10
6362700.33555539
 20
6173323.48833239
 10
6362701.50929714
 20
6173324.29265517
 10
6362703.74286468
 20
6173325.824490319
 10
6362704.882924851
 20
6173326.606283869
 10
6362705.80607891
 20
6173327.238888851
 10
6362706.87584232
 20
6173327.97161284
 10
6362707.70092684
 20
6173328.53777229
 10
6362709.19944321
 20
6173326.35354346
 10
6362709.715710359
 20
6173325.600758641
 10
6362710.012483581
 20
6173325.168083259
 10
6362712.30775962
 20
6173321.82221432
 10
6362710.1435423
 20
6173320.337359131
 10
6362708.63101995
 20
6173319.300083798
  0
LWPOLYLINE
  5
20073
330
1F
100
AcDbEntity
  8
tejido
 62
     8
420
  8421504
100
AcDbPolyline
 90
       14
 70
     1
 43
0.0
 10
6362759.91380736
 20
6173369.93115622
 10
6362760.26226819
 20
6173369.431135551
 10
6362760.92720906
 20
6173368.477346509
 10
6362758.03502496
 20
6173366.48987996
 10
6362757.372984459
 20
6173367.45061336
 10
6362753.20095787
 20
6173364.587211501
 10
6362751.401432019
 20
6173367.17721631
 10
6362751.151132689
 20
6173367.53721178
 10
6362750.893575941
 20
6173367.90790573
 10
6362750.36805099
 20
6173368.663647639
 10
6362751.03467421
 20
6173369.119358071
 10
6362757.20064075
 20
6173373.33109888
 10
6362757.429552719
 20
6173373.48746763
 10
6362759.91380736
 20
6173369.93115622
  0
LWPOLYLINE
  5
20074
330
1F
100
AcDbEntity
  8
tejido
 62
     8
420
  8421504
100
AcDbPolyline
 90
       13
 70
     1
 43
0.0
 10
6362758.03502496
 20
6173366.48987996
 10
6362759.23292644
 20
6173364.73664202
 10
6362762.14589723
 20
6173366.73241249
 10
6362762.31752732
 20
6173366.485815639
 10
6362763.293182299
 20
6173365.089578539
 10
6362763.46471383
 20
6173364.84288023
 10
6362766.72341001
 20
6173360.17651354
 10
6362767.57751361
 20
6173358.95357407
 10
6362760.48940021
 20
6173354.10235916
 10
6362757.37953552
 20
6173358.57671717
 10
6362753.20095787
 20
6173364.587211501
 10
6362757.372984459
 20
6173367.45061336
 10
6362758.03502496
 20
6173366.48987996
  0
LWPOLYLINE
  5
20075
330
1F
100
AcDbEntity
  8
tejido
 62
     8
420
  8421504
100
AcDbPolyline
 90
       18
 70
     1
 43
0.0
 10
6362772.130351239
 20
6173373.21523379
 10
6362766.64695225
 20
6173369.45653365
 10
6362765.83284781
 20
6173368.89255032
 10
6362766.957176299
 20
6173367.23928032
 10
6362765.72104673
 20
6173366.39108766
 10
6362763.46471383
 20
6173364.84288023
 10
6362763.293182299
 20
6173365.089578539
 10
6362762.31752732
 20
6173366.485815639
 10
6362764.59670374
 20
6173368.045357799
 10
6362762.22287168
 20
6173371.499134179
 10
6362759.91380736
 20
6173369.93115622
 10
6362757.429552719
 20
6173373.48746763
 10
6362761.58174054
 20
6173376.32547338
 10
6362763.72326167
 20
6173377.78898902
 10
6362767.273311329
 20
6173380.21523323
 10
6362768.274551999
 20
6173378.772251001
 10
6362771.27623033
 20
6173374.44627575
 10
6362772.130351239
 20
6173373.21523379
  0
LWPOLYLINE
  5
20076
330
1F
100
AcDbEntity
  8
tejido
 62
     8
420
  8421504
100
AcDbPolyline
 90
        8
 70
     1
 43
0.0
 10
6362762.31752732
 20
6173366.485815639
 10
6362762.14589723
 20
6173366.73241249
 10
6362760.92720906
 20
6173368.477346509
 10
6362760.26226819
 20
6173369.431135551
 10
6362759.91380736
 20
6173369.93115622
 10
6362762.22287168
 20
6173371.499134179
 10
6362764.59670374
 20
6173368.045357799
 10
6362762.31752732
 20
6173366.485815639
  0
LWPOLYLINE
  5
20077
330
1F
100
AcDbEntity
  8
tejido
 62
     8
420
  8421504
100
AcDbPolyline
 90
        6
 70
     1
 43
0.0
 10
6362768.826744749
 20
6173357.16496787
 10
6362767.57751361
 20
6173358.95357407
 10
6362766.72341001
 20
6173360.17651354
 10
6362768.99071527
 20
6173361.72688067
 10
6362771.06732191
 20
6173358.69594128
 10
6362768.826744749
 20
6173357.16496787
  0
LWPOLYLINE
  5
20078
330
1F
100
AcDbEntity
  8
tejido
 62
     8
420
  8421504
100
AcDbPolyline
 90
       12
 70
     1
 43
0.0
 10
6362820.744575799
 20
6173351.619191841
 10
6362820.332523031
 20
6173351.33712774
 10
6362824.666569959
 20
6173345.014782049
 10
6362829.993411329
 20
6173348.6701792
 10
6362831.3862659
 20
6173346.64167317
 10
6362825.605844769
 20
6173342.670598999
 10
6362823.58625289
 20
6173341.28387557
 10
6362821.9143287
 20
6173340.13526874
 10
6362814.94677973
 20
6173350.2967582
 10
6362816.6309664
 20
6173351.42753663
 10
6362819.538686521
 20
6173353.378315639
 10
6362820.744575799
 20
6173351.619191841
  0
LWPOLYLINE
  5
20079
330
1F
100
AcDbEntity
  8
tejido
 62
     8
420
  8421504
100
AcDbPolyline
 90
       18
 70
     1
 43
0.0
 10
6362845.98914811
 20
6173359.696752349
 10
6362839.303278
 20
6173355.11434741
 10
6362840.72062082
 20
6173353.050138709
 10
6362839.52706269
 20
6173352.235577159
 10
6362832.50857115
 20
6173347.412310491
 10
6362831.386298799
 20
6173346.64176513
 10
6362829.99346766
 20
6173348.670306179
 10
6362830.405521861
 20
6173348.95334817
 10
6362826.071606551
 20
6173355.264701269
 10
6362820.74462962
 20
6173351.619288991
 10
6362819.53874766
 20
6173353.378413881
 10
6362827.540080781
 20
6173358.74753522
 10
6362827.627818989
 20
6173358.806443239
 10
6362833.723614291
 20
6173362.898140431
 10
6362834.899848829
 20
6173361.183584041
 10
6362835.06525316
 20
6173361.297041281
 10
6362841.74912408
 20
6173365.87837922
 10
6362845.98914811
 20
6173359.696752349
  0
LWPOLYLINE
  5
2007A
330
1F
100
AcDbEntity
  8
tejido
 62
     8
420
  8421504
100
AcDbPolyline
 90
       17
 70
     1
 43
0.0
 10
6362808.15743687
 20
6173352.616022549
 10
6362811.07571807
 20
6173354.72082466
 10
6362807.66559861
 20
6173359.44891172
 10
6362811.202779909
 20
6173361.87338519
 10
6362814.254497879
 20
6173363.96529473
 10
6362818.09546803
 20
6173366.598683701
 10
6362821.41175619
 20
6173361.79406536
 10
6362826.98270753
 20
6173365.63929893
 10
6362828.335133561
 20
6173363.679912211
 10
6362825.50983258
 20
6173361.802661889
 10
6362827.54000469
 20
6173358.747424069
 10
6362819.538671569
 20
6173353.37830273
 10
6362816.63095417
 20
6173351.42750372
 10
6362814.94675468
 20
6173350.29676809
 10
6362811.38521217
 20
6173347.90635679
 10
6362809.892143431
 20
6173350.08547418
 10
6362808.15743687
 20
6173352.616022549
  0
LWPOLYLINE
  5
2007B
330
1F
100
AcDbEntity
  8
tejido
 62
     8
420
  8421504
100
AcDbPolyline
 90
       20
 70
     1
 43
0.0
 10
6362823.5730508
 20
6173379.750731781
 10
6362820.322260169
 20
6173377.52192038
 10
6362822.01768537
 20
6173375.04662329
 10
6362822.13114261
 20
6173374.88121895
 10
6362824.70438115
 20
6173371.12822961
 10
6362821.307944719
 20
6173368.800228971
 10
6362820.87961766
 20
6173368.50675489
 10
6362818.987180149
 20
6173367.21010511
 10
6362818.095528059
 20
6173366.59877698
 10
6362814.25457309
 20
6173363.965466929
 10
6362810.01554575
 20
6173370.15413037
 10
6362806.958865519
 20
6173368.05915722
 10
6362804.42324242
 20
6173371.76964755
 10
6362805.731683629
 20
6173372.66591795
 10
6362807.71067665
 20
6173374.02304608
 10
6362809.60848605
 20
6173375.323986561
 10
6362811.156013141
 20
6173376.38515286
 10
6362818.18264114
 20
6173381.20316419
 10
6362821.1735294
 20
6173383.254200509
 10
6362823.5730508
 20
6173379.750731781
  0
LWPOLYLINE
  5
2007C
330
1F
100
AcDbEntity
  8
tejido
 62
     8
420
  8421504
100
AcDbPolyline
 90
       14
 70
     1
 43
0.0
 10
6362828.206704709
 20
6173373.5286697
 10
6362824.704299599
 20
6173371.12812474
 10
6362822.13106645
 20
6173374.88111268
 10
6362822.01763205
 20
6173375.04652517
 10
6362825.26843978
 20
6173377.2753676
 10
6362823.573011529
 20
6173379.75064119
 10
6362821.173452249
 20
6173383.25406101
 10
6362821.42107818
 20
6173383.42370529
 10
6362822.27191183
 20
6173384.00722713
 10
6362823.23963002
 20
6173384.670469011
 10
6362826.06527124
 20
6173380.55001364
 10
6362824.24771956
 20
6173379.3032644
 10
6362824.73406992
 20
6173378.60007287
 10
6362828.206704709
 20
6173373.5286697
  0
LWPOLYLINE
  5
2007D
330
1F
100
AcDbEntity
  8
tejido
 62
     8
420
  8421504
100
AcDbPolyline
 90
        8
 70
     1
 43
0.0
 10
6362833.856500759
 20
6173377.40181801
 10
6362828.206704709
 20
6173373.5286697
 10
6362824.73406992
 20
6173378.60007287
 10
6362824.24771956
 20
6173379.3032644
 10
6362826.06527124
 20
6173380.55001364
 10
6362823.23963002
 20
6173384.670469011
 10
6362827.06987436
 20
6173387.296839011
 10
6362833.856500759
 20
6173377.40181801
  0
LWPOLYLINE
  5
2007E
330
1F
100
AcDbEntity
  8
tejido
 62
     8
420
  8421504
100
AcDbPolyline
 90
        7
 70
     1
 43
0.0
 10
6362704.31772298
 20
6173327.43145001
 10
6362704.88286609
 20
6173326.60635858
 10
6362703.742806689
 20
6173325.82457969
 10
6362701.509244569
 20
6173324.29270701
 10
6362699.30288175
 20
6173327.51083031
 10
6362702.678532561
 20
6173329.822510599
 10
6362704.31772298
 20
6173327.43145001
  0
LWPOLYLINE
  5
2007F
330
1F
100
AcDbEntity
  8
tejido
 62
     8
420
  8421504
100
AcDbPolyline
 90
       15
 70
     1
 43
0.0
 10
6362740.836947109
 20
6173281.25844316
 10
6362742.402156889
 20
6173278.97590465
 10
6362744.856254151
 20
6173275.397273349
 10
6362742.91781493
 20
6173274.068756549
 10
6362740.823889581
 20
6173277.12044541
 10
6362737.251161689
 20
6173274.671867621
 10
6362736.29464761
 20
6173276.067478211
 10
6362736.219863109
 20
6173276.176416919
 10
6362734.28244528
 20
6173279.00330757
 10
6362732.562536209
 20
6173281.5122581
 10
6362733.027242249
 20
6173281.81908128
 10
6362735.19338339
 20
6173283.305979359
 10
6362736.80492339
 20
6173284.41166782
 10
6362738.07669108
 20
6173285.285427279
 10
6362740.836947109
 20
6173281.25844316
  0
LWPOLYLINE
  5
20080
330
1F
100
AcDbEntity
  8
tejido
 62
     8
420
  8421504
100
AcDbPolyline
 90
       17
 70
     1
 43
0.0
 10
6362744.856254151
 20
6173275.397273349
 10
6362746.09221769
 20
6173273.593158779
 10
6362747.21900753
 20
6173271.94956514
 10
6362748.33395064
 20
6173270.32295649
 10
6362745.420841799
 20
6173268.32708003
 10
6362743.77065816
 20
6173267.195798651
 10
6362742.821807009
 20
6173266.54584769
 10
6362740.33338234
 20
6173270.176000979
 10
6362740.04927413
 20
6173270.58999357
 10
6362738.207298009
 20
6173273.277045299
 10
6362738.037646799
 20
6173273.52406057
 10
6362737.993108559
 20
6173273.589233239
 10
6362737.6466845
 20
6173274.09439486
 10
6362737.251161689
 20
6173274.671867621
 10
6362740.823889581
 20
6173277.12044541
 10
6362742.91781493
 20
6173274.068756549
 10
6362744.856254151
 20
6173275.397273349
  0
LWPOLYLINE
  5
20081
330
1F
100
AcDbEntity
  8
tejido
 62
     8
420
  8421504
100
AcDbPolyline
 90
       32
 70
     1
 43
0.0
 10
6362723.918711879
 20
6173285.479747191
 10
6362722.923179989
 20
6173286.95563025
 10
6362724.37686909
 20
6173287.93643134
 10
6362721.40165544
 20
6173292.122159499
 10
6362723.222510229
 20
6173293.41636856
 10
6362722.002845051
 20
6173295.13224976
 10
6362723.14467094
 20
6173295.94386417
 10
6362725.17451735
 20
6173293.08815119
 10
6362726.41496834
 20
6173293.97000463
 10
6362727.46511059
 20
6173292.49228753
 10
6362725.083075259
 20
6173290.79900633
 10
6362726.159765839
 20
6173289.28412468
 10
6362728.542045321
 20
6173290.977409429
 10
6362733.47968323
 20
6173294.48713312
 10
6362733.58302072
 20
6173294.34173051
 10
6362735.36700726
 20
6173295.61000604
 10
6362739.667680069
 20
6173298.620526829
 10
6362744.075270979
 20
6173301.70623014
 10
6362745.88788396
 20
6173302.975103589
 10
6362747.576605251
 20
6173304.0971743
 10
6362748.106151379
 20
6173303.300194519
 10
6362748.742618811
 20
6173302.342233791
 10
6362747.20429593
 20
6173301.32003172
 10
6362745.34262308
 20
6173300.082867921
 10
6362742.98450357
 20
6173298.50038328
 10
6362744.508329659
 20
6173296.229639301
 10
6362741.27349408
 20
6173294.05845003
 10
6362739.852766569
 20
6173296.17499592
 10
6362736.43821864
 20
6173293.883364769
 10
6362734.70727149
 20
6173292.721667439
 10
6362729.79773048
 20
6173289.426045981
 10
6362723.918711879
 20
6173285.479747191
  0
LWPOLYLINE
  5
20082
330
1F
100
AcDbEntity
  8
tejido
 62
     8
420
  8421504
100
AcDbPolyline
 90
       34
 70
     1
 43
0.0
 10
6362713.78480287
 20
6173300.23031209
 10
6362712.65957539
 20
6173301.862999689
 10
6362716.70278424
 20
6173304.64968368
 10
6362714.85409974
 20
6173307.33199837
 10
6362716.616515211
 20
6173308.54678176
 10
6362718.17331871
 20
6173306.28817706
 10
6362721.253653139
 20
6173308.41090825
 10
6362721.59249371
 20
6173307.91925211
 10
6362725.12718345
 20
6173310.35525043
 10
6362722.986059869
 20
6173313.46187754
 10
6362727.491183631
 20
6173316.566822441
 10
6362729.62862512
 20
6173313.46569807
 10
6362732.39454475
 20
6173315.37200943
 10
6362737.538099289
 20
6173318.91713726
 10
6362738.791644531
 20
6173319.28301508
 10
6362737.96908772
 20
6173320.47633555
 10
6362739.79286546
 20
6173321.73315955
 10
6362740.34406144
 20
6173320.93368489
 10
6362739.35839151
 20
6173320.25438223
 10
6362739.9759525
 20
6173319.35818009
 10
6362740.3295123
 20
6173318.845123531
 10
6362739.38639907
 20
6173318.19525587
 10
6362739.639604531
 20
6173317.828194679
 10
6362738.73415305
 20
6173317.20427196
 10
6362737.03115639
 20
6173316.03082972
 10
6362734.43679855
 20
6173314.24282727
 10
6362726.30902228
 20
6173308.641629599
 10
6362724.49491672
 20
6173307.39147859
 10
6362721.75885947
 20
6173305.5058093
 10
6362718.174654141
 20
6173303.0360622
 10
6362718.12018787
 20
6173302.998456299
 10
6362718.017595279
 20
6173303.14722779
 10
6362714.825183279
 20
6173300.94722432
 10
6362713.78480287
 20
6173300.23031209
  0
LWPOLYLINE
  5
20083
330
1F
100
AcDbEntity
  8
tejido
 62
     8
420
  8421504
100
AcDbPolyline
 90
       15
 70
     1
 43
0.0
 10
6362708.89918171
 20
6173317.69447927
 10
6362707.99898957
 20
6173317.078386779
 10
6362709.71247395
 20
6173314.57459354
 10
6362709.54385994
 20
6173314.4593191
 10
6362711.992704701
 20
6173310.88079418
 10
6362707.87975812
 20
6173308.06122855
 10
6362705.52817779
 20
6173306.44879911
 10
6362703.1602562
 20
6173309.90766743
 10
6362701.52816833
 20
6173312.29284886
 10
6362700.52287401
 20
6173313.738795449
 10
6362703.929131349
 20
6173316.07591513
 10
6362704.625455831
 20
6173316.553143239
 10
6362705.75046135
 20
6173317.324705529
 10
6362708.06564508
 20
6173318.91236832
 10
6362708.89918171
 20
6173317.69447927
  0
LWPOLYLINE
  5
20084
330
1F
100
AcDbEntity
  8
tejido
 62
     8
420
  8421504
100
AcDbPolyline
 90
       27
 70
     1
 43
0.0
 10
6362707.134693319
 20
6173329.36290882
 10
6362706.30961638
 20
6173328.796765599
 10
6362706.875759609
 20
6173327.97168867
 10
6362705.80601359
 20
6173327.238944909
 10
6362705.239870351
 20
6173328.064021839
 10
6362704.31772298
 20
6173327.43145001
 10
6362702.678532561
 20
6173329.822510599
 10
6362699.30288175
 20
6173327.51083031
 10
6362701.509244569
 20
6173324.29270701
 10
6362700.33549968
 20
6173323.488432539
 10
6362695.923817319
 20
6173320.464503669
 10
6362695.852286631
 20
6173320.56850253
 10
6362695.75417291
 20
6173320.712129671
 10
6362693.87180704
 20
6173323.45478616
 10
6362693.70523548
 20
6173323.697455
 10
6362693.233089479
 20
6173324.386847861
 10
6362693.488964829
 20
6173325.78202511
 10
6362694.042845689
 20
6173324.974776529
 10
6362701.69953897
 20
6173330.21346046
 10
6362699.281686001
 20
6173333.73662298
 10
6362699.776938
 20
6173334.07591176
 10
6362700.10777759
 20
6173334.30178057
 10
6362702.58406658
 20
6173335.99622421
 10
6362704.590099901
 20
6173333.07229807
 10
6362705.37903909
 20
6173331.92133872
 10
6362705.49553191
 20
6173331.75196914
 10
6362707.134693319
 20
6173329.36290882
  0
LWPOLYLINE
  5
20085
330
1F
100
AcDbEntity
  8
tejido
 62
     8
420
  8421504
100
AcDbPolyline
 90
        8
 70
     1
 43
0.0
 10
6362693.488964829
 20
6173325.78202511
 10
6362694.32715121
 20
6173330.344706219
 10
6362695.98130566
 20
6173331.477050679
 10
6362696.80641162
 20
6173332.041193661
 10
6362699.281686001
 20
6173333.73662298
 10
6362701.69953897
 20
6173330.21346046
 10
6362694.042845689
 20
6173324.974776529
 10
6362693.488964829
 20
6173325.78202511
  0
LWPOLYLINE
  5
20086
330
1F
100
AcDbEntity
  8
tejido
 62
     8
420
  8421504
100
AcDbPolyline
 90
        5
 70
     1
 43
0.0
 10
6362705.80601359
 20
6173327.238944909
 10
6362704.88286609
 20
6173326.60635858
 10
6362704.31772298
 20
6173327.43145001
 10
6362705.239870351
 20
6173328.064021839
 10
6362705.80601359
 20
6173327.238944909
  0
LWPOLYLINE
  5
20087
330
1F
100
AcDbEntity
  8
tejido
 62
     8
420
  8421504
100
AcDbPolyline
 90
        5
 70
     1
 43
0.0
 10
6362707.70083655
 20
6173328.537831899
 10
6362706.875759609
 20
6173327.97168867
 10
6362706.30961638
 20
6173328.796765599
 10
6362707.134693319
 20
6173329.36290882
 10
6362707.70083655
 20
6173328.537831899
  0
LWPOLYLINE
  5
20088
330
1F
100
AcDbEntity
  8
tejido
 62
     8
420
  8421504
100
AcDbPolyline
 90
       17
 70
     1
 43
0.0
 10
6362717.848934451
 20
6173334.47341669
 10
6362715.93743088
 20
6173337.28266489
 10
6362712.16111779
 20
6173334.713139049
 10
6362711.55375857
 20
6173335.60574674
 10
6362708.54435226
 20
6173333.55804912
 10
6362709.70356163
 20
6173331.85441289
 10
6362706.78699198
 20
6173329.869884289
 10
6362705.49553055
 20
6173331.75199599
 10
6362705.379024639
 20
6173331.921324829
 10
6362704.59029523
 20
6173333.072335581
 10
6362703.64072515
 20
6173334.45644654
 10
6362716.84335599
 20
6173343.54474995
 10
6362718.62559831
 20
6173341.040304521
 10
6362721.11509464
 20
6173337.47519029
 10
6362722.048831679
 20
6173336.11333119
 10
6362718.41534515
 20
6173333.64098915
 10
6362717.848934451
 20
6173334.47341669
  0
LWPOLYLINE
  5
20089
330
1F
100
AcDbEntity
  8
tejido
 62
     8
420
  8421504
100
AcDbPolyline
 90
       18
 70
     1
 43
0.0
 10
6362786.676897379
 20
6173366.060546279
 10
6362787.58960526
 20
6173364.72131665
 10
6362787.78481798
 20
6173364.435048069
 10
6362788.83233975
 20
6173362.904706991
 10
6362789.78418641
 20
6173363.55871599
 10
6362791.69746818
 20
6173360.753486901
 10
6362793.65571208
 20
6173357.882887151
 10
6362790.6466018
 20
6173355.81860101
 10
6362788.68218318
 20
6173358.70111534
 10
6362784.28930127
 20
6173355.69146501
 10
6362782.333825649
 20
6173358.50908708
 10
6362781.29071014
 20
6173360.011482599
 10
6362784.32180885
 20
6173362.07708773
 10
6362785.26284252
 20
6173362.71793567
 10
6362785.760094669
 20
6173363.05725329
 10
6362784.200422151
 20
6173365.34543066
 10
6362786.2210725
 20
6173366.72816809
 10
6362786.676897379
 20
6173366.060546279
  0
LWPOLYLINE
  5
2008A
330
1F
100
AcDbEntity
  8
tejido
 62
     8
420
  8421504
100
AcDbPolyline
 90
       32
 70
     1
 43
0.0
 10
6362726.58798765
 20
6173344.77901001
 10
6362723.323171401
 20
6173342.548956341
 10
6362724.991838599
 20
6173340.12535144
 10
6362727.31857353
 20
6173336.74892211
 10
6362730.56625788
 20
6173338.98568791
 10
6362731.74554155
 20
6173337.26720657
 10
6362729.40996602
 20
6173335.666854229
 10
6362731.67348981
 20
6173332.36753822
 10
6362734.00912636
 20
6173333.96789146
 10
6362735.933406209
 20
6173331.16279015
 10
6362732.789527811
 20
6173329.009526429
 10
6362734.599372849
 20
6173326.369876409
 10
6362731.297037489
 20
6173324.108262581
 10
6362730.60061133
 20
6173323.638054461
 10
6362728.23582631
 20
6173327.08695494
 10
6362728.16122495
 20
6173327.19589632
 10
6362726.96046388
 20
6173328.94709756
 10
6362725.60232921
 20
6173330.92809117
 10
6362723.33644858
 20
6173334.23415027
 10
6362723.0402805
 20
6173334.66720074
 10
6362722.524192979
 20
6173335.420232369
 10
6362722.04878207
 20
6173336.11334721
 10
6362721.11498057
 20
6173337.47527914
 10
6362718.62548423
 20
6173341.04039337
 10
6362716.843364
 20
6173343.54484058
 10
6362715.78571723
 20
6173345.03063062
 10
6362716.92479806
 20
6173345.808380201
 10
6362718.57606321
 20
6173346.93668518
 10
6362720.22822985
 20
6173348.065980099
 10
6362721.879448099
 20
6173349.193307489
 10
6362722.95122592
 20
6173349.92606055
 10
6362726.58798765
 20
6173344.77901001
  0
LWPOLYLINE
  5
2008B
330
1F
100
AcDbEntity
  8
tejido
 62
     8
420
  8421504
100
AcDbPolyline
 90
        5
 70
     1
 43
0.0
 10
6362734.009047961
 20
6173333.967771
 10
6362731.67344395
 20
6173332.36739723
 10
6362729.409885879
 20
6173335.66671909
 10
6362731.745489919
 20
6173337.267092851
 10
6362734.009047961
 20
6173333.967771
  0
LWPOLYLINE
  5
2008C
330
1F
100
AcDbEntity
  8
tejido
 62
     8
420
  8421504
100
AcDbPolyline
 90
       47
 70
     1
 43
0.0
 10
6362751.54904974
 20
6173315.53375886
 10
6362750.88662899
 20
6173315.08058964
 10
6362748.210041091
 20
6173313.24963353
 10
6362747.81073898
 20
6173313.81404669
 10
6362745.587905879
 20
6173317.06089461
 10
6362745.48024057
 20
6173317.21844566
 10
6362744.78466692
 20
6173318.23568982
 10
6362744.71636093
 20
6173318.33574723
 10
6362742.7498925
 20
6173321.20819205
 10
6362742.721075881
 20
6173321.2502082
 10
6362740.60271268
 20
6173324.34513705
 10
6362739.979330531
 20
6173325.255419769
 10
6362739.94171226
 20
6173325.31074064
 10
6362737.74325122
 20
6173328.523140139
 10
6362735.933406209
 20
6173331.16279015
 10
6362734.00912636
 20
6173333.96789146
 10
6362731.74554155
 20
6173337.26720657
 10
6362730.56625788
 20
6173338.98568791
 10
6362728.03699547
 20
6173342.67429105
 10
6362726.76158625
 20
6173344.53345617
 10
6362726.58798765
 20
6173344.77901001
 10
6362722.95122592
 20
6173349.92606055
 10
6362729.0459334
 20
6173354.088751371
 10
6362730.96315159
 20
6173351.290630019
 10
6362728.388822689
 20
6173349.52770672
 10
6362729.688725949
 20
6173347.629881921
 10
6362732.26305483
 20
6173349.39280523
 10
6362734.59826478
 20
6173345.983467569
 10
6362732.81043416
 20
6173344.75714297
 10
6362734.25548566
 20
6173342.64736015
 10
6362736.04331626
 20
6173343.87368475
 10
6362737.59268896
 20
6173341.60538659
 10
6362735.804858369
 20
6173340.379061981
 10
6362734.938153209
 20
6173339.78628974
 10
6362735.449086571
 20
6173339.043440799
 10
6362736.66213042
 20
6173337.2704375
 10
6362738.821591559
 20
6173338.742218639
 10
6362739.32472468
 20
6173339.08959009
 10
6362740.498098649
 20
6173337.366016589
 10
6362742.82192642
 20
6173333.979532189
 10
6362740.16540466
 20
6173332.15845274
 10
6362743.217987709
 20
6173327.70220865
 10
6362746.14811189
 20
6173323.41319235
 10
6362748.809523191
 20
6173325.242341
 10
6362751.22140389
 20
6173321.716094021
 10
6362748.566867501
 20
6173319.89705812
 10
6362751.54904974
 20
6173315.53375886
  0
LWPOLYLINE
  5
2008D
330
1F
100
AcDbEntity
  8
tejido
 62
     8
420
  8421504
100
AcDbPolyline
 90
       12
 70
     1
 43
0.0
 10
6362738.75241327
 20
6173357.71679116
 10
6362739.940296329
 20
6173356.03363163
 10
6362736.335832189
 20
6173353.48975901
 10
6362744.941773439
 20
6173341.29611591
 10
6362741.21046276
 20
6173338.66277545
 10
6362735.10044068
 20
6173347.585872431
 10
6362738.397349249
 20
6173349.84339328
 10
6362736.658267021
 20
6173352.383456899
 10
6362733.36115839
 20
6173350.12593316
 10
6362731.178751239
 20
6173353.313192929
 10
6362738.37994504
 20
6173358.24437338
 10
6362738.75241327
 20
6173357.71679116
  0
LWPOLYLINE
  5
2008E
330
1F
100
AcDbEntity
  8
tejido
 62
     8
420
  8421504
100
AcDbPolyline
 90
       14
 70
     1
 43
0.0
 10
6362753.20095787
 20
6173364.587211501
 10
6362757.37953552
 20
6173358.57671717
 10
6362754.69207769
 20
6173356.70955676
 10
6362751.67449702
 20
6173361.09052024
 10
6362751.02961282
 20
6173360.64642863
 10
6362751.440291569
 20
6173360.049976751
 10
6362749.88122342
 20
6173358.976029771
 10
6362752.468617149
 20
6173355.219244911
 10
6362751.22886824
 20
6173354.36539783
 10
6362749.22811433
 20
6173357.27019368
 10
6362745.66579755
 20
6173362.441732609
 10
6362745.31683374
 20
6173362.948848409
 10
6362751.401432019
 20
6173367.17721631
 10
6362753.20095787
 20
6173364.587211501
  0
LWPOLYLINE
  5
2008F
330
1F
100
AcDbEntity
  8
tejido
 62
     8
420
  8421504
100
AcDbPolyline
 90
       12
 70
     1
 43
0.0
 10
6362750.468453921
 20
6173279.19730791
 10
6362751.94186828
 20
6173280.21340866
 10
6362752.86026963
 20
6173278.881665019
 10
6362754.608649749
 20
6173280.08738854
 10
6362754.42764871
 20
6173280.34985221
 10
6362755.853270599
 20
6173281.33299415
 10
6362757.045556779
 20
6173282.155222371
 10
6362759.79114926
 20
6173278.17392883
 10
6362753.92631761
 20
6173274.14913434
 10
6362752.807682779
 20
6173275.781917149
 10
6362751.682747269
 20
6173277.423950199
 10
6362750.468453921
 20
6173279.19730791
  0
LWPOLYLINE
  5
20090
330
1F
100
AcDbEntity
  8
tejido
 62
     8
420
  8421504
100
AcDbPolyline
 90
       13
 70
     1
 43
0.0
 10
6362763.82692624
 20
6173286.26305827
 10
6362761.53838316
 20
6173284.68357703
 10
6362761.36786068
 20
6173284.56588772
 10
6362758.661536631
 20
6173282.69806703
 10
6362758.45537539
 20
6173283.0179462
 10
6362757.222770039
 20
6173284.81753413
 10
6362756.375768561
 20
6173286.05444398
 10
6362755.952548489
 20
6173286.67292358
 10
6362754.737460821
 20
6173288.447911789
 10
6362754.21625538
 20
6173289.20862318
 10
6362758.009498939
 20
6173291.689469039
 10
6362759.46353771
 20
6173292.64043513
 10
6362763.82692624
 20
6173286.26305827
  0
LWPOLYLINE
  5
20091
330
1F
100
AcDbEntity
  8
tejido
 62
     8
420
  8421504
100
AcDbPolyline
 90
       24
 70
     1
 43
0.0
 10
6362759.44310025
 20
6173342.43937111
 10
6362766.94940357
 20
6173331.541236219
 10
6362774.62266127
 20
6173320.40163904
 10
6362778.24322483
 20
6173315.145416339
 10
6362781.01249809
 20
6173311.125078161
 10
6362783.27892888
 20
6173307.834601639
 10
6362785.68923129
 20
6173304.33543902
 10
6362787.407038539
 20
6173301.84148343
 10
6362788.35264503
 20
6173300.46861924
 10
6362789.63300491
 20
6173298.60974066
 10
6362781.37916402
 20
6173292.960268449
 10
6362775.33804261
 20
6173288.824360439
 10
6362774.00837211
 20
6173290.76565251
 10
6362772.30517378
 20
6173293.252417351
 10
6362767.87422742
 20
6173299.72421006
 10
6362763.34345416
 20
6173306.34050554
 10
6362761.730284541
 20
6173308.69623058
 10
6362755.2942488
 20
6173318.09586424
 10
6362752.30704967
 20
6173322.458061131
 10
6362746.77209768
 20
6173330.54060473
 10
6362744.84661236
 20
6173333.352659571
 10
6362752.32999242
 20
6173338.477693449
 10
6362759.016892
 20
6173343.05820554
 10
6362759.44310025
 20
6173342.43937111
  0
LWPOLYLINE
  5
20092
330
1F
100
AcDbEntity
  8
tejido
 62
     8
420
  8421504
100
AcDbPolyline
 90
       14
 70
     1
 43
0.0
 10
6362782.04676517
 20
6173334.966995319
 10
6362780.30649868
 20
6173333.77138243
 10
6362779.83529499
 20
6173334.464790119
 10
6362778.844733281
 20
6173333.790213241
 10
6362777.52146224
 20
6173332.88073748
 10
6362777.99266594
 20
6173332.187329791
 10
6362776.81197841
 20
6173331.378953591
 10
6362773.567877999
 20
6173336.073540771
 10
6362777.08214002
 20
6173338.484261729
 10
6362779.156717599
 20
6173335.45529386
 10
6362780.147134389
 20
6173336.139872001
 10
6362780.82571178
 20
6173335.149368271
 10
6362781.57541656
 20
6173335.670404279
 10
6362782.04676517
 20
6173334.966995319
  0
LWPOLYLINE
  5
20093
330
1F
100
AcDbEntity
  8
tejido
 62
     8
420
  8421504
100
AcDbPolyline
 90
       25
 70
     1
 43
0.0
 10
6362801.655632519
 20
6173306.85358272
 10
6362796.295989871
 20
6173303.183704439
 10
6362795.016840321
 20
6173305.03499798
 10
6362793.8048238
 20
6173306.78893124
 10
6362792.06915351
 20
6173309.300634009
 10
6362790.336753209
 20
6173311.80758258
 10
6362787.080803339
 20
6173316.51910339
 10
6362785.327359859
 20
6173319.05615735
 10
6362788.328570379
 20
6173321.113327061
 10
6362785.677717909
 20
6173324.97622767
 10
6362786.4205667
 20
6173325.487160971
 10
6362783.849318419
 20
6173329.241178119
 10
6362780.07957454
 20
6173326.65069553
 10
6362776.81197841
 20
6173331.378953591
 10
6362777.99266594
 20
6173332.187329791
 10
6362780.30649868
 20
6173333.77138243
 10
6362782.04676517
 20
6173334.966995319
 10
6362793.08064878
 20
6173318.87141177
 10
6362791.52552208
 20
6173317.808525551
 10
6362794.62314046
 20
6173313.28187344
 10
6362795.88498321
 20
6173314.150445589
 10
6362797.098076599
 20
6173312.377421479
 10
6362797.62407148
 20
6173312.73516176
 10
6362798.32723167
 20
6173311.705000891
 10
6362801.655632519
 20
6173306.85358272
  0
LWPOLYLINE
  5
20094
330
1F
100
AcDbEntity
  8
tejido
 62
     8
420
  8421504
100
AcDbPolyline
 90
        7
 70
     1
 43
0.0
 10
6362785.677717909
 20
6173324.97622767
 10
6362782.65749043
 20
6173322.91978273
 10
6362781.25654749
 20
6173324.94727148
 10
6362780.07957454
 20
6173326.65069553
 10
6362783.849318419
 20
6173329.241178119
 10
6362786.4205667
 20
6173325.487160971
 10
6362785.677717909
 20
6173324.97622767
  0
LWPOLYLINE
  5
20095
330
1F
100
AcDbEntity
  8
tejido
 62
     8
420
  8421504
100
AcDbPolyline
 90
        7
 70
     1
 43
0.0
 10
6362785.327359859
 20
6173319.05615735
 10
6362784.88493653
 20
6173319.696364
 10
6362783.20474713
 20
6173322.127843599
 10
6362782.65749043
 20
6173322.91978273
 10
6362785.677717909
 20
6173324.97622767
 10
6362788.328570379
 20
6173321.113327061
 10
6362785.327359859
 20
6173319.05615735
  0
LWPOLYLINE
  5
20096
330
1F
100
AcDbEntity
  8
tejido
 62
     8
420
  8421504
100
AcDbPolyline
 90
       11
 70
     1
 43
0.0
 10
6362799.24806071
 20
6173312.876905979
 10
6362788.41890779
 20
6173328.74102923
 10
6362785.98996441
 20
6173332.299479401
 10
6362792.373283229
 20
6173336.587728889
 10
6362792.48598002
 20
6173336.66343746
 10
6362805.514679401
 20
6173317.26943148
 10
6362802.42383945
 20
6173315.193035969
 10
6362802.28588031
 20
6173313.85510437
 10
6362800.93636979
 20
6173312.93723431
 10
6362799.708910801
 20
6173313.208641369
 10
6362799.24806071
 20
6173312.876905979
  0
LWPOLYLINE
  5
20097
330
1F
100
AcDbEntity
  8
tejido
 62
     8
420
  8421504
100
AcDbPolyline
 90
        5
 70
     1
 43
0.0
 10
6362785.82682401
 20
6173369.35934357
 10
6362784.860178321
 20
6173368.69111542
 10
6362783.956326681
 20
6173370.040476781
 10
6362784.91311602
 20
6173370.698558739
 10
6362785.82682401
 20
6173369.35934357
  0
LWPOLYLINE
  5
20098
330
1F
100
AcDbEntity
  8
tejido
 62
     8
420
  8421504
100
AcDbPolyline
 90
       31
 70
     1
 43
0.0
 10
6362811.385288259
 20
6173347.906467939
 10
6362812.81532822
 20
6173345.86350731
 10
6362815.37922248
 20
6173342.20343162
 10
6362818.47944026
 20
6173337.77584235
 10
6362821.05035184
 20
6173334.1118388
 10
6362821.42012237
 20
6173333.583997569
 10
6362827.67232504
 20
6173324.6746195
 10
6362819.290651311
 20
6173318.932247029
 10
6362813.111991009
 20
6173327.944776129
 10
6362809.56484815
 20
6173333.12212513
 10
6362807.440310279
 20
6173331.65884866
 10
6362805.091803089
 20
6173330.04927303
 10
6362801.333781809
 20
6173327.48200538
 10
6362801.27751807
 20
6173327.564225841
 10
6362801.16412184
 20
6173327.72963106
 10
6362795.94604721
 20
6173335.34361766
 10
6362793.52815651
 20
6173338.871730909
 10
6362792.42280296
 20
6173340.48547365
 10
6362791.51180957
 20
6173341.815559419
 10
6362789.76632355
 20
6173344.36211584
 10
6362788.45620692
 20
6173346.27377401
 10
6362790.058726671
 20
6173347.37835434
 10
6362792.92624358
 20
6173349.343590711
 10
6362797.39340587
 20
6173352.40530631
 10
6362800.26579557
 20
6173354.375558709
 10
6362803.128336099
 20
6173356.338708
 10
6362804.814187419
 20
6173357.494500431
 10
6362806.07628626
 20
6173355.6521774
 10
6362808.157528499
 20
6173352.61611832
 10
6362809.89221952
 20
6173350.08558534
 10
6362811.385288259
 20
6173347.906467939
  0
LWPOLYLINE
  5
20099
330
1F
100
AcDbEntity
  8
tejido
 62
     8
420
  8421504
100
AcDbPolyline
 90
        8
 70
     1
 43
0.0
 10
6362815.948492369
 20
6173329.842523901
 10
6362818.65250724
 20
6173325.90032555
 10
6362819.59841318
 20
6173326.551271441
 10
6362821.31895174
 20
6173327.727592909
 10
6362819.79315425
 20
6173329.95324877
 10
6362818.62293442
 20
6173331.66984608
 10
6362816.90238079
 20
6173330.49456235
 10
6362815.948492369
 20
6173329.842523901
  0
LWPOLYLINE
  5
2009A
330
1F
100
AcDbEntity
  8
tejido
 62
     8
420
  8421504
100
AcDbPolyline
 90
       13
 70
     1
 43
0.0
 10
6362819.2905999
 20
6173318.93211816
 10
6362818.88350432
 20
6173318.65312686
 10
6362811.38341395
 20
6173313.51474702
 10
6362811.05856077
 20
6173313.28996535
 10
6362804.875789679
 20
6173322.31143903
 10
6362803.541116
 20
6173324.25976094
 10
6362802.78997886
 20
6173325.356249161
 10
6362801.33369582
 20
6173327.481869171
 10
6362805.091771271
 20
6173330.04917473
 10
6362807.440245909
 20
6173331.65873768
 10
6362809.56476434
 20
6173333.12200703
 10
6362813.11196009
 20
6173327.94464854
 10
6362819.2905999
 20
6173318.93211816
  0
LWPOLYLINE
  5
2009B
330
1F
100
AcDbEntity
  8
tejido
 62
     8
420
  8421504
100
AcDbPolyline
 90
       29
 70
     1
 43
0.0
 10
6362835.894270451
 20
6173342.47171642
 10
6362835.23851504
 20
6173342.022063089
 10
6362834.108273021
 20
6173343.6722005
 10
6362831.30914323
 20
6173341.75301447
 10
6362830.992283321
 20
6173341.528377989
 10
6362833.283558621
 20
6173338.180437459
 10
6362837.062363411
 20
6173340.767055271
 10
6362837.772543691
 20
6173339.73195055
 10
6362837.88376005
 20
6173339.569505491
 10
6362841.57115839
 20
6173334.189164261
 10
6362834.65438692
 20
6173329.45431458
 10
6362830.149591369
 20
6173336.03427847
 10
6362828.82511566
 20
6173337.96776939
 10
6362828.165406599
 20
6173337.517081851
 10
6362827.037102861
 20
6173339.16828532
 10
6362823.69014248
 20
6173336.8809928
 10
6362824.13677466
 20
6173336.22726948
 10
6362821.05035184
 20
6173334.1118388
 10
6362818.47944026
 20
6173337.77584235
 10
6362821.9143725
 20
6173340.13541752
 10
6362823.58628551
 20
6173341.283986579
 10
6362825.60587894
 20
6173342.670704649
 10
6362831.386298799
 20
6173346.64176513
 10
6362832.50857115
 20
6173347.412310491
 10
6362833.77309749
 20
6173345.566786901
 10
6362834.76398155
 20
6173344.12087626
 10
6362835.34298802
 20
6173343.277173079
 10
6362835.43641882
 20
6173343.14127374
 10
6362835.894270451
 20
6173342.47171642
  0
LWPOLYLINE
  5
2009C
330
1F
100
AcDbEntity
  8
tejido
 62
     8
420
  8421504
100
AcDbPolyline
 90
        8
 70
     1
 43
0.0
 10
6362830.149512099
 20
6173336.03418438
 10
6362834.65434859
 20
6173329.45422645
 10
6362827.67223776
 20
6173324.674471549
 10
6362821.42006706
 20
6173333.583901871
 10
6362821.05029633
 20
6173334.111723059
 10
6362824.136691421
 20
6173336.22714602
 10
6362826.14898557
 20
6173333.28530573
 10
6362830.149512099
 20
6173336.03418438
  0
LWPOLYLINE
  5
2009D
330
1F
100
AcDbEntity
  8
tejido
 62
     8
420
  8421504
100
AcDbPolyline
 90
        7
 70
     1
 43
0.0
 10
6362842.338848341
 20
6173348.130367201
 10
6362838.561324159
 20
6173345.50979177
 10
6362836.97899368
 20
6173347.7906998
 10
6362833.77307796
 20
6173345.56666533
 10
6362832.508440369
 20
6173347.412164361
 10
6362839.52693368
 20
6173352.23530894
 10
6362842.338848341
 20
6173348.130367201
  0
LWPOLYLINE
  5
2009E
330
1F
100
AcDbEntity
  8
tejido
 62
     8
420
  8421504
100
AcDbPolyline
 90
        5
 70
     1
 43
0.0
 10
6362762.14589723
 20
6173366.73241249
 10
6362759.23292644
 20
6173364.73664202
 10
6362758.03502496
 20
6173366.48987996
 10
6362760.92720906
 20
6173368.477346509
 10
6362762.14589723
 20
6173366.73241249
  0
LWPOLYLINE
  5
2009F
330
1F
100
AcDbEntity
  8
tejido
 62
     8
420
  8421504
100
AcDbPolyline
 90
        7
 70
     1
 43
0.0
 10
6362768.826744749
 20
6173357.16496787
 10
6362769.69513999
 20
6173355.922228779
 10
6362762.600114219
 20
6173351.064811599
 10
6362761.16266245
 20
6173353.13348562
 10
6362760.48940021
 20
6173354.10235916
 10
6362767.57751361
 20
6173358.95357407
 10
6362768.826744749
 20
6173357.16496787
  0
LWPOLYLINE
  5
200A0
330
1F
100
AcDbEntity
  8
tejido
 62
     8
420
  8421504
100
AcDbPolyline
 90
        9
 70
     1
 43
0.0
 10
6362775.60770491
 20
6173347.45402555
 10
6362772.17864069
 20
6173345.10756053
 10
6362771.10846378
 20
6173346.68258851
 10
6362767.406916749
 20
6173344.149113169
 10
6362765.63203011
 20
6173346.70246231
 10
6362762.600114219
 20
6173351.064811599
 10
6362769.69513999
 20
6173355.922228779
 10
6362774.51465554
 20
6173349.019719051
 10
6362775.60770491
 20
6173347.45402555
  0
LWPOLYLINE
  5
200A1
330
1F
100
AcDbEntity
  8
tejido
 62
     8
420
  8421504
100
AcDbPolyline
 90
        8
 70
     1
 43
0.0
 10
6362780.320062249
 20
6173340.704915471
 10
6362777.08214002
 20
6173338.484261729
 10
6362773.567877999
 20
6173336.073540771
 10
6362773.195408521
 20
6173335.82116002
 10
6362768.49598016
 20
6173342.58236156
 10
6362772.17864069
 20
6173345.10756053
 10
6362775.60770491
 20
6173347.45402555
 10
6362780.320062249
 20
6173340.704915471
  0
LWPOLYLINE
  5
200A2
330
1F
100
AcDbEntity
  8
tejido
 62
     8
420
  8421504
100
AcDbPolyline
 90
       26
 70
     1
 43
0.0
 10
6362774.501675701
 20
6173369.79643297
 10
6362776.40607242
 20
6173367.05209551
 10
6362778.35440217
 20
6173364.24437315
 10
6362778.61391278
 20
6173363.87000631
 10
6362779.381182311
 20
6173362.764748641
 10
6362780.378350061
 20
6173361.32670919
 10
6362781.04856402
 20
6173360.36109263
 10
6362778.666533979
 20
6173358.72003306
 10
6362787.59042876
 20
6173345.68091259
 10
6362785.688648809
 20
6173344.37892422
 10
6362780.320062249
 20
6173340.704915471
 10
6362775.60770491
 20
6173347.45402555
 10
6362774.51465554
 20
6173349.019719051
 10
6362769.69513999
 20
6173355.922228779
 10
6362768.826744749
 20
6173357.16496787
 10
6362771.06732191
 20
6173358.69594128
 10
6362768.99071527
 20
6173361.72688067
 10
6362766.72341001
 20
6173360.17651354
 10
6362763.46471383
 20
6173364.84288023
 10
6362765.72104673
 20
6173366.39108766
 10
6362766.957176299
 20
6173367.23928032
 10
6362765.83284781
 20
6173368.89255032
 10
6362766.64695225
 20
6173369.45653365
 10
6362772.130351239
 20
6173373.21523379
 10
6362772.67185349
 20
6173372.43381472
 10
6362774.501675701
 20
6173369.79643297
  0
LWPOLYLINE
  5
200A3
330
1F
100
AcDbEntity
  8
tejido
 62
     8
420
  8421504
100
AcDbPolyline
 90
       11
 70
     1
 43
0.0
 10
6362781.29071014
 20
6173360.011482599
 10
6362782.333825649
 20
6173358.50908708
 10
6362784.28930127
 20
6173355.69146501
 10
6362786.27543288
 20
6173352.82927204
 10
6362788.04088483
 20
6173350.28498942
 10
6362790.0586726
 20
6173347.37824009
 10
6362788.456133901
 20
6173346.27365314
 10
6362787.59042876
 20
6173345.68091259
 10
6362778.666533979
 20
6173358.72003306
 10
6362781.04856402
 20
6173360.36109263
 10
6362781.29071014
 20
6173360.011482599
  0
LWPOLYLINE
  5
200A4
330
1F
100
AcDbEntity
  8
tejido
 62
     8
420
  8421504
100
AcDbPolyline
 90
       13
 70
     1
 43
0.0
 10
6362779.221440391
 20
6173373.02889355
 10
6362778.076452969
 20
6173372.24204193
 10
6362774.501675701
 20
6173369.79643297
 10
6362772.67185349
 20
6173372.43381472
 10
6362772.130351239
 20
6173373.21523379
 10
6362771.27623033
 20
6173374.44627575
 10
6362768.274551999
 20
6173378.772251001
 10
6362767.273311329
 20
6173380.21523323
 10
6362773.907887071
 20
6173384.74787006
 10
6362777.49431909
 20
6173379.486050269
 10
6362775.66076509
 20
6173378.239068941
 10
6362778.65419583
 20
6173373.86095676
 10
6362779.221440391
 20
6173373.02889355
  0
LWPOLYLINE
  5
200A5
330
1F
100
AcDbEntity
  8
tejido
 62
     8
420
  8421504
100
AcDbPolyline
 90
       12
 70
     1
 43
0.0
 10
6362783.956326681
 20
6173370.040476781
 10
6362784.860178321
 20
6173368.69111542
 10
6362782.34027554
 20
6173366.96903138
 10
6362778.35440217
 20
6173364.24437315
 10
6362776.40607242
 20
6173367.05209551
 10
6362774.501675701
 20
6173369.79643297
 10
6362778.076452969
 20
6173372.24204193
 10
6362779.221440391
 20
6173373.02889355
 10
6362781.05584954
 20
6173374.28589066
 10
6362781.36669982
 20
6173373.82023677
 10
6362782.97110253
 20
6173371.48269067
 10
6362783.956326681
 20
6173370.040476781
  0
LWPOLYLINE
  5
200A6
330
1F
100
AcDbEntity
  8
tejido
 62
     8
420
  8421504
100
AcDbPolyline
 90
       13
 70
     1
 43
0.0
 10
6362786.2210725
 20
6173366.72816809
 10
6362784.200422151
 20
6173365.34543066
 10
6362785.760094669
 20
6173363.05725329
 10
6362785.26284252
 20
6173362.71793567
 10
6362784.32180885
 20
6173362.07708773
 10
6362781.29071014
 20
6173360.011482599
 10
6362781.04856402
 20
6173360.36109263
 10
6362780.378350061
 20
6173361.32670919
 10
6362779.381182311
 20
6173362.764748641
 10
6362783.36718608
 20
6173365.48040574
 10
6362782.34027554
 20
6173366.96903138
 10
6362784.860178321
 20
6173368.69111542
 10
6362786.2210725
 20
6173366.72816809
  0
LWPOLYLINE
  5
200A7
330
1F
100
AcDbEntity
  8
tejido
 62
     8
420
  8421504
100
AcDbPolyline
 90
        5
 70
     1
 43
0.0
 10
6362790.6466018
 20
6173355.81860101
 10
6362786.27543288
 20
6173352.82927204
 10
6362784.28930127
 20
6173355.69146501
 10
6362788.68218318
 20
6173358.70111534
 10
6362790.6466018
 20
6173355.81860101
  0
LWPOLYLINE
  5
200A8
330
1F
100
AcDbEntity
  8
tejido
 62
     8
420
  8421504
100
AcDbPolyline
 90
        5
 70
     1
 43
0.0
 10
6362788.543423191
 20
6173365.37735488
 10
6362787.58960526
 20
6173364.72131665
 10
6362786.676897379
 20
6173366.060546279
 10
6362787.63072981
 20
6173366.715584379
 10
6362788.543423191
 20
6173365.37735488
  0
LWPOLYLINE
  5
200A9
330
1F
100
AcDbEntity
  8
tejido
 62
     8
420
  8421504
100
AcDbPolyline
 90
        7
 70
     1
 43
0.0
 10
6362797.39332259
 20
6173352.40518529
 10
6362792.926170481
 20
6173349.3434415
 10
6362790.0586726
 20
6173347.37824009
 10
6362788.04088483
 20
6173350.28498942
 10
6362790.93222638
 20
6173352.26154005
 10
6362795.404408171
 20
6173355.32135602
 10
6362797.39332259
 20
6173352.40518529
  0
LWPOLYLINE
  5
200AA
330
1F
100
AcDbEntity
  8
tejido
 62
     8
420
  8421504
100
AcDbPolyline
 90
       21
 70
     1
 43
0.0
 10
6362784.929280141
 20
6173386.775331599
 10
6362785.78600451
 20
6173385.49092267
 10
6362786.09088916
 20
6173385.033576261
 10
6362783.868255689
 20
6173383.50983765
 10
6362787.349186939
 20
6173378.41859362
 10
6362789.51347652
 20
6173379.8984425
 10
6362791.24977828
 20
6173377.294665669
 10
6362795.126025989
 20
6173371.63595921
 10
6362792.73089583
 20
6173370.00366709
 10
6362796.714474511
 20
6173364.18941969
 10
6362791.697553721
 20
6173360.753586459
 10
6362789.78426221
 20
6173363.55884667
 10
6362788.54350976
 20
6173365.37748426
 10
6362787.630810819
 20
6173366.71572687
 10
6362785.82689027
 20
6173369.35949219
 10
6362784.91320051
 20
6173370.69869736
 10
6362782.09640193
 20
6173374.82725278
 10
6362774.87669735
 20
6173385.41025467
 10
6362779.68364233
 20
6173388.69901445
 10
6362782.25289912
 20
6173384.94694367
 10
6362784.929280141
 20
6173386.775331599
  0
LWPOLYLINE
  5
200AB
330
1F
100
AcDbEntity
  8
tejido
 62
     8
420
  8421504
100
AcDbPolyline
 90
        6
 70
     1
 43
0.0
 10
6362784.929280141
 20
6173386.775331599
 10
6362782.25289912
 20
6173384.94694367
 10
6362779.68364233
 20
6173388.69901445
 10
6362782.40557208
 20
6173390.5610325
 10
6362783.77314994
 20
6173388.509778598
 10
6362784.929280141
 20
6173386.775331599
  0
LWPOLYLINE
  5
200AC
330
1F
100
AcDbEntity
  8
tejido
 62
     8
420
  8421504
100
AcDbPolyline
 90
       15
 70
     1
 43
0.0
 10
6362785.785936511
 20
6173385.49078004
 10
6362787.177477111
 20
6173386.39901299
 10
6362785.19439105
 20
6173389.437379699
 10
6362783.77304601
 20
6173388.50969396
 10
6362782.405540861
 20
6173390.56102692
 10
6362789.680094471
 20
6173395.52806579
 10
6362790.53686569
 20
6173394.24884728
 10
6362791.64462611
 20
6173392.59539193
 10
6362792.97848533
 20
6173390.604216749
 10
6362789.99666246
 20
6173388.65803586
 10
6362791.07909961
 20
6173386.99958995
 10
6362786.689322651
 20
6173384.134463271
 10
6362786.5786939
 20
6173384.30040023
 10
6362786.090857939
 20
6173385.03357068
 10
6362785.785936511
 20
6173385.49078004
  0
LWPOLYLINE
  5
200AD
102
{ACAD_REACTORS
330
2037D
102
}
330
1F
100
AcDbEntity
  8
tejido
 62
     8
420
  8421504
100
AcDbPolyline
 90
        6
 70
     1
 43
0.0
 10
6362798.77032592
 20
6173397.36958266
 10
6362796.52436551
 20
6173395.864940561
 10
6362791.644684821
 20
6173392.595351461
 10
6362790.536858661
 20
6173394.248860561
 10
6362797.677207451
 20
6173399.009100079
 10
6362798.77032592
 20
6173397.36958266
  0
LWPOLYLINE
  5
200AE
330
1F
100
AcDbEntity
  8
tejido
 62
     8
420
  8421504
100
AcDbPolyline
 90
       23
 70
     1
 43
0.0
 10
6362815.64458509
 20
6173403.97008765
 10
6362813.67086994
 20
6173402.59001822
 10
6362811.70608741
 20
6173401.217099629
 10
6362810.71777232
 20
6173400.5265248
 10
6362810.58570096
 20
6173400.434370599
 10
6362808.37075188
 20
6173398.88595496
 10
6362808.206338359
 20
6173398.7715352
 10
6362805.99685288
 20
6173402.011677199
 10
6362806.490023549
 20
6173402.342907491
 10
6362805.439489419
 20
6173403.87721755
 10
6362804.94711319
 20
6173403.54593771
 10
6362803.81888138
 20
6173405.19219707
 10
6362803.98428663
 20
6173405.305593259
 10
6362807.34908203
 20
6173407.605110529
 10
6362808.38421533
 20
6173408.31333727
 10
6362809.51005359
 20
6173407.864529181
 10
6362810.41959488
 20
6173407.50258289
 10
6362813.023255061
 20
6173406.90008198
 10
6362813.75294571
 20
6173406.730602541
 10
6362814.05539215
 20
6173406.289827981
 10
6362814.336451521
 20
6173405.87975981
 10
6362815.183652229
 20
6173404.641615291
 10
6362815.64458509
 20
6173403.97008765
  0
LWPOLYLINE
  5
200AF
330
1F
100
AcDbEntity
  8
tejido
 62
     8
420
  8421504
100
AcDbPolyline
 90
        7
 70
     1
 43
0.0
 10
6362829.993411329
 20
6173348.6701792
 10
6362824.666569959
 20
6173345.014782049
 10
6362820.332523031
 20
6173351.33712774
 10
6362820.744575799
 20
6173351.619191841
 10
6362826.071562239
 20
6173355.26458765
 10
6362830.40544959
 20
6173348.95324343
 10
6362829.993411329
 20
6173348.6701792
  0
LWPOLYLINE
  5
200B0
330
1F
100
AcDbEntity
  8
tejido
 62
     8
420
  8421504
100
AcDbPolyline
 90
        7
 70
     1
 43
0.0
 10
6362841.749090939
 20
6173365.878270161
 10
6362835.06520628
 20
6173361.2969032
 10
6362834.8997938
 20
6173361.1834688
 10
6362833.723560499
 20
6173362.898007139
 10
6362838.955447601
 20
6173366.409980039
 10
6362840.618834431
 20
6173367.52645216
 10
6362841.749090939
 20
6173365.878270161
  0
LWPOLYLINE
  5
200B1
330
1F
100
AcDbEntity
  8
tejido
 62
     8
420
  8421504
100
AcDbPolyline
 90
        6
 70
     1
 43
0.0
 10
6362847.40446105
 20
6173357.63141755
 10
6362842.180570741
 20
6173354.05083734
 10
6362840.72057663
 20
6173353.0500505
 10
6362839.303197359
 20
6173355.11421323
 10
6362845.98906759
 20
6173359.696609379
 10
6362847.40446105
 20
6173357.63141755
  0
LWPOLYLINE
  5
200B2
330
1F
100
AcDbEntity
  8
tejido
 62
     8
420
  8421504
100
AcDbPolyline
 90
        9
 70
     1
 43
0.0
 10
6362806.958865519
 20
6173368.05915722
 10
6362811.20285512
 20
6173361.87355738
 10
6362807.66561811
 20
6173359.449062969
 10
6362804.814187419
 20
6173357.494500431
 10
6362799.732986521
 20
6173364.911429209
 10
6362803.78319081
 20
6173367.68301005
 10
6362802.080734009
 20
6173370.16321193
 10
6362804.42324242
 20
6173371.76964755
 10
6362806.958865519
 20
6173368.05915722
  0
LWPOLYLINE
  5
200B3
330
1F
100
AcDbEntity
  8
tejido
 62
     8
420
  8421504
100
AcDbPolyline
 90
        5
 70
     1
 43
0.0
 10
6362814.25454077
 20
6173363.96533492
 10
6362811.2028165
 20
6173361.87342235
 10
6362806.95878092
 20
6173368.05902641
 10
6362810.01546244
 20
6173370.15401179
 10
6362814.25454077
 20
6173363.96533492
  0
LWPOLYLINE
  5
200B4
330
1F
100
AcDbEntity
  8
tejido
 62
     8
420
  8421504
100
AcDbPolyline
 90
        5
 70
     1
 43
0.0
 10
6362822.01763205
 20
6173375.04652517
 10
6362820.322203759
 20
6173377.52179877
 10
6362823.573011529
 20
6173379.75064119
 10
6362825.26843978
 20
6173377.2753676
 10
6362822.01763205
 20
6173375.04652517
  0
LWPOLYLINE
  5
200B5
102
{ACAD_REACTORS
330
20387
102
}
330
1F
100
AcDbEntity
  8
tejido
 62
     8
420
  8421504
100
AcDbPolyline
 90
       44
 70
     1
 43
0.0
 10
6362809.28028976
 20
6173384.70441151
 10
6362810.67295176
 20
6173382.66225228
 10
6362813.38565662
 20
6173384.51198643
 10
6362813.148170249
 20
6173384.86028704
 10
6362814.46598111
 20
6173385.75883009
 10
6362813.599442159
 20
6173387.0295423
 10
6362812.28398985
 20
6173386.132559831
 10
6362811.99541424
 20
6173386.55570711
 10
6362811.700411461
 20
6173386.98840805
 10
6362813.55333836
 20
6173388.25188143
 10
6362811.50348578
 20
6173391.257989821
 10
6362815.450408099
 20
6173393.96469771
 10
6362816.31630011
 20
6173394.55880109
 10
6362819.29056356
 20
6173396.59842318
 10
6362820.24346128
 20
6173397.25142394
 10
6362823.2172532
 20
6173392.91505108
 10
6362823.73640316
 20
6173392.15711847
 10
6362825.3163274
 20
6173389.85342375
 10
6362827.06995453
 20
6173387.2969722
 10
6362823.239705901
 20
6173384.67059481
 10
6362822.27199777
 20
6173384.00736626
 10
6362821.421158639
 20
6173383.42361624
 10
6362821.1735294
 20
6173383.254200509
 10
6362818.18264114
 20
6173381.20316419
 10
6362816.425531811
 20
6173383.76396133
 10
6362809.400400609
 20
6173378.943773711
 10
6362811.156013141
 20
6173376.38515286
 10
6362809.60848605
 20
6173375.323986561
 10
6362807.71067665
 20
6173374.02304608
 10
6362805.73168628
 20
6173372.665734819
 10
6362804.42324507
 20
6173371.76946442
 10
6362802.080734009
 20
6173370.16321193
 10
6362801.41548762
 20
6173369.70701023
 10
6362794.65394554
 20
6173379.66643332
 10
6362795.10317589
 20
6173379.979442879
 10
6362795.19783321
 20
6173380.04541152
 10
6362796.63720995
 20
6173381.04902254
 10
6362797.5282986
 20
6173381.66974507
 10
6362798.50697509
 20
6173382.35132724
 10
6362803.92065948
 20
6173386.05941777
 10
6362805.84500119
 20
6173383.237344199
 10
6362807.423751349
 20
6173384.31373841
 10
6362807.831103769
 20
6173383.716227619
 10
6362809.28028976
 20
6173384.70441151
  0
LWPOLYLINE
  5
200B6
330
1F
100
AcDbEntity
  8
tejido
 62
     8
420
  8421504
100
AcDbPolyline
 90
       18
 70
     1
 43
0.0
 10
6362808.20292624
 20
6173388.994085191
 10
6362805.973685209
 20
6173392.13400739
 10
6362806.20342783
 20
6173392.297117049
 10
6362804.88554879
 20
6173394.15337113
 10
6362807.89012738
 20
6173396.28652255
 10
6362806.81597576
 20
6173397.799482629
 10
6362808.206128599
 20
6173398.77141234
 10
6362808.37048108
 20
6173398.88583122
 10
6362810.585613289
 20
6173400.434249521
 10
6362811.9335902
 20
6173398.50531162
 10
6362812.364370529
 20
6173398.806453179
 10
6362812.59729904
 20
6173398.47353361
 10
6362813.257645219
 20
6173398.93503712
 10
6362816.31627348
 20
6173394.55868089
 10
6362815.450195689
 20
6173393.96475798
 10
6362811.50327602
 20
6173391.25786697
 10
6362808.8445897
 20
6173389.434498
 10
6362808.20292624
 20
6173388.994085191
  0
LWPOLYLINE
  5
200B7
330
1F
100
AcDbEntity
  8
tejido
 62
     8
420
  8421504
100
AcDbPolyline
 90
        5
 70
     1
 43
0.0
 10
6362737.74318099
 20
6173328.523029071
 10
6362734.599313929
 20
6173326.369760129
 10
6362732.78946467
 20
6173329.00943208
 10
6362735.93333176
 20
6173331.162701
 10
6362737.74318099
 20
6173328.523029071
  0
LWPOLYLINE
  5
200B8
330
1F
100
AcDbEntity
  8
tejido
 62
     8
420
  8421504
100
AcDbPolyline
 90
        8
 70
     1
 43
0.0
 10
6362730.56619773
 20
6173338.98558871
 10
6362727.31850559
 20
6173336.74878763
 10
6362724.991809191
 20
6173340.12522094
 10
6362723.32313702
 20
6173342.54886534
 10
6362726.58793286
 20
6173344.77891187
 10
6362726.76154875
 20
6173344.533344121
 10
6362728.03691089
 20
6173342.67419248
 10
6362730.56619773
 20
6173338.98558871
  0
LWPOLYLINE
  5
200B9
330
1F
100
AcDbEntity
  8
tejido
 62
     8
420
  8421504
100
AcDbPolyline
 90
       36
 70
     1
 43
0.0
 10
6362731.178751239
 20
6173353.313192929
 10
6362733.36115839
 20
6173350.12593316
 10
6362735.10044068
 20
6173347.585872431
 10
6362741.21046276
 20
6173338.66277545
 10
6362744.84661236
 20
6173333.352659571
 10
6362746.77209768
 20
6173330.54060473
 10
6362752.30704967
 20
6173322.458061131
 10
6362755.2942488
 20
6173318.09586424
 10
6362753.434852471
 20
6173316.82359956
 10
6362751.54900347
 20
6173315.5336457
 10
6362748.566888971
 20
6173319.89701667
 10
6362751.22143222
 20
6173321.716084419
 10
6362748.80953684
 20
6173325.24233363
 10
6362746.14813758
 20
6173323.413163171
 10
6362743.21801804
 20
6173327.70216244
 10
6362740.165433949
 20
6173332.158444119
 10
6362742.821948619
 20
6173333.97954106
 10
6362740.49810776
 20
6173337.36601893
 10
6362739.324743901
 20
6173339.08960234
 10
6362738.82160689
 20
6173338.74219664
 10
6362736.662099409
 20
6173337.270417269
 10
6362735.44910594
 20
6173339.04344328
 10
6362734.93817258
 20
6173339.78629222
 10
6362735.80487798
 20
6173340.379047369
 10
6362737.59271607
 20
6173341.605359881
 10
6362736.04333427
 20
6173343.87367988
 10
6362734.25549616
 20
6173342.647367389
 10
6362732.810446201
 20
6173344.75714535
 10
6362734.59828432
 20
6173345.983457839
 10
6362732.263008791
 20
6173349.39277794
 10
6362729.6886784
 20
6173347.62989124
 10
6362728.38884802
 20
6173349.52770147
 10
6362730.963178441
 20
6173351.29058816
 10
6362729.045897119
 20
6173354.088757441
 10
6362730.13757348
 20
6173354.83372286
 10
6362731.178751239
 20
6173353.313192929
  0
LWPOLYLINE
  5
200BA
330
1F
100
AcDbEntity
  8
tejido
 62
     8
420
  8421504
100
AcDbPolyline
 90
       25
 70
     1
 43
0.0
 10
6362782.06717977
 20
6173338.04746746
 10
6362784.14991921
 20
6173334.996593401
 10
6362784.64272367
 20
6173334.274485061
 10
6362785.1609237
 20
6173333.51470701
 10
6362785.99002428
 20
6173332.299562519
 10
6362788.41915846
 20
6173328.74132852
 10
6362799.248203479
 20
6173312.877048
 10
6362799.4039634
 20
6173312.649064
 10
6362802.81757608
 20
6173307.64879543
 10
6362801.65566826
 20
6173306.853680579
 10
6362798.32730926
 20
6173311.70510962
 10
6362797.624160219
 20
6173312.73530973
 10
6362797.09816001
 20
6173312.37753273
 10
6362795.88505522
 20
6173314.150534699
 10
6362794.62322531
 20
6173313.281987161
 10
6362791.52560096
 20
6173317.80864651
 10
6362793.08073531
 20
6173318.87151086
 10
6362782.046854619
 20
6173334.96709446
 10
6362781.575446111
 20
6173335.670524521
 10
6362780.82578347
 20
6173335.149479349
 10
6362780.147204619
 20
6173336.13998307
 10
6362779.15678759
 20
6173335.455422019
 10
6362777.082180939
 20
6173338.484372861
 10
6362780.32014565
 20
6173340.70506189
 10
6362782.06717977
 20
6173338.04746746
  0
LWPOLYLINE
  5
200BB
330
1F
100
AcDbEntity
  8
tejido
 62
     8
420
  8421504
100
AcDbPolyline
 90
        6
 70
     1
 43
0.0
 10
6362780.30649868
 20
6173333.77138243
 10
6362777.99266594
 20
6173332.187329791
 10
6362777.52146224
 20
6173332.88073748
 10
6362778.844733281
 20
6173333.790213241
 10
6362779.83529499
 20
6173334.464790119
 10
6362780.30649868
 20
6173333.77138243
  0
LWPOLYLINE
  5
200BC
330
1F
100
AcDbEntity
  8
tejido
 62
     8
420
  8421504
100
AcDbPolyline
 90
        8
 70
     1
 43
0.0
 10
6362830.149512099
 20
6173336.03418438
 10
6362826.14898557
 20
6173333.28530573
 10
6362824.136691421
 20
6173336.22714602
 10
6362823.690070571
 20
6173336.88089636
 10
6362827.037064209
 20
6173339.16815225
 10
6362828.16536415
 20
6173337.516940911
 10
6362828.825057289
 20
6173337.96764921
 10
6362830.149512099
 20
6173336.03418438
  0
LWPOLYLINE
  5
200BD
330
1F
100
AcDbEntity
  8
tejido
 62
     8
420
  8421504
100
AcDbPolyline
 90
       10
 70
     1
 43
0.0
 10
6362835.89419339
 20
6173342.47157155
 10
6362836.15479105
 20
6173342.09121853
 10
6362836.946788211
 20
6173340.93630262
 10
6362837.062280849
 20
6173340.76691863
 10
6362833.283478409
 20
6173338.180306711
 10
6362830.992207579
 20
6173341.528242421
 10
6362831.309059751
 20
6173341.752908091
 10
6362834.10820062
 20
6173343.67210357
 10
6362835.23848628
 20
6173342.02192137
 10
6362835.89419339
 20
6173342.47157155
  0
LWPOLYLINE
  5
200BE
330
1F
100
AcDbEntity
  8
tejido
 62
     8
420
  8421504
100
AcDbPolyline
 90
        5
 70
     1
 43
0.0
 10
6362772.17864069
 20
6173345.10756053
 10
6362768.49598016
 20
6173342.58236156
 10
6362767.406916749
 20
6173344.149113169
 10
6362771.10846378
 20
6173346.68258851
 10
6362772.17864069
 20
6173345.10756053
  0
LWPOLYLINE
  5
200BF
330
1F
100
AcDbEntity
  8
tejido
 62
     8
420
  8421504
100
AcDbPolyline
 90
       13
 70
     1
 43
0.0
 10
6362784.91311602
 20
6173370.698558739
 10
6362783.956326681
 20
6173370.040476781
 10
6362782.97110253
 20
6173371.48269067
 10
6362781.36669982
 20
6173373.82023677
 10
6362781.05584954
 20
6173374.28589066
 10
6362779.221440391
 20
6173373.02889355
 10
6362778.65419583
 20
6173373.86095676
 10
6362775.66076509
 20
6173378.239068941
 10
6362777.49431909
 20
6173379.486050269
 10
6362773.907887071
 20
6173384.74787006
 10
6362774.876620041
 20
6173385.41012641
 10
6362782.096359481
 20
6173374.82714603
 10
6362784.91311602
 20
6173370.698558739
  0
LWPOLYLINE
  5
200C0
330
1F
100
AcDbEntity
  8
tejido
 62
     8
420
  8421504
100
AcDbPolyline
 90
        6
 70
     1
 43
0.0
 10
6362779.381182311
 20
6173362.764748641
 10
6362778.61391278
 20
6173363.87000631
 10
6362778.35440217
 20
6173364.24437315
 10
6362782.34027554
 20
6173366.96903138
 10
6362783.36718608
 20
6173365.48040574
 10
6362779.381182311
 20
6173362.764748641
  0
LWPOLYLINE
  5
200C1
330
1F
100
AcDbEntity
  8
tejido
 62
     8
420
  8421504
100
AcDbPolyline
 90
        6
 70
     1
 43
0.0
 10
6362787.63072981
 20
6173366.715584379
 10
6362786.676897379
 20
6173366.060546279
 10
6362786.2210725
 20
6173366.72816809
 10
6362784.860178321
 20
6173368.69111542
 10
6362785.82682401
 20
6173369.35934357
 10
6362787.63072981
 20
6173366.715584379
  0
LWPOLYLINE
  5
200C2
330
1F
100
AcDbEntity
  8
tejido
 62
     8
420
  8421504
100
AcDbPolyline
 90
        7
 70
     1
 43
0.0
 10
6362795.404408171
 20
6173355.32135602
 10
6362790.93222638
 20
6173352.26154005
 10
6362788.04088483
 20
6173350.28498942
 10
6362786.27543288
 20
6173352.82927204
 10
6362790.6466018
 20
6173355.81860101
 10
6362793.65571208
 20
6173357.882887151
 10
6362795.404408171
 20
6173355.32135602
  0
LWPOLYLINE
  5
200C3
330
1F
100
AcDbEntity
  8
tejido
 62
     8
420
  8421504
100
AcDbPolyline
 90
        6
 70
     1
 43
0.0
 10
6362789.78418641
 20
6173363.55871599
 10
6362788.83233975
 20
6173362.904706991
 10
6362787.78481798
 20
6173364.435048069
 10
6362787.58960526
 20
6173364.72131665
 10
6362788.543423191
 20
6173365.37735488
 10
6362789.78418641
 20
6173363.55871599
  0
LWPOLYLINE
  5
200C4
330
1F
100
AcDbEntity
  8
tejido
 62
     8
420
  8421504
100
AcDbPolyline
 90
        7
 70
     1
 43
0.0
 10
6362789.51347652
 20
6173379.8984425
 10
6362787.349186939
 20
6173378.41859362
 10
6362783.868255689
 20
6173383.50983765
 10
6362786.09088916
 20
6173385.033576261
 10
6362786.578725109
 20
6173384.300405809
 10
6362786.68931954
 20
6173384.134532569
 10
6362789.51347652
 20
6173379.8984425
  0
LWPOLYLINE
  5
200C5
330
1F
100
AcDbEntity
  8
tejido
 62
     8
420
  8421504
100
AcDbPolyline
 90
       14
 70
     1
 43
0.0
 10
6362795.42336496
 20
6173371.201981459
 10
6362798.03547278
 20
6173367.389536321
 10
6362799.732944999
 20
6173364.911291209
 10
6362804.81409947
 20
6173357.49439888
 10
6362803.128274791
 20
6173356.33858827
 10
6362800.26574861
 20
6173354.37545971
 10
6362797.39332259
 20
6173352.40518529
 10
6362795.404408171
 20
6173355.32135602
 10
6362793.65571208
 20
6173357.882887151
 10
6362791.69746818
 20
6173360.753486901
 10
6362796.71438653
 20
6173364.189320579
 10
6362792.73081802
 20
6173370.00357301
 10
6362795.1259801
 20
6173371.63581967
 10
6362795.42336496
 20
6173371.201981459
  0
LWPOLYLINE
  5
200C6
330
1F
100
AcDbEntity
  8
tejido
 62
     8
420
  8421504
100
AcDbPolyline
 90
       14
 70
     1
 43
0.0
 10
6362808.206338359
 20
6173398.7715352
 10
6362806.815959669
 20
6173397.799467469
 10
6362806.6238689
 20
6173397.66529197
 10
6362803.671931049
 20
6173395.60181526
 10
6362801.13258449
 20
6173393.826455869
 10
6362798.77046476
 20
6173397.36960367
 10
6362797.67719366
 20
6173399.00910403
 10
6362796.768283139
 20
6173400.37243445
 10
6362803.81888138
 20
6173405.19219707
 10
6362804.94711319
 20
6173403.54593771
 10
6362805.439489419
 20
6173403.87721755
 10
6362806.490023549
 20
6173402.342907491
 10
6362805.99685288
 20
6173402.011677199
 10
6362808.206338359
 20
6173398.7715352
  0
LWPOLYLINE
  5
200C7
330
1F
100
AcDbEntity
  8
tejido
 62
     8
420
  8421504
100
AcDbPolyline
 90
        7
 70
     1
 43
0.0
 10
6362821.9143287
 20
6173340.13526874
 10
6362818.47935269
 20
6173337.775713941
 10
6362815.37916922
 20
6173342.203295399
 10
6362812.815284489
 20
6173345.86338735
 10
6362811.38520774
 20
6173347.906359169
 10
6362814.94677973
 20
6173350.2967582
 10
6362821.9143287
 20
6173340.13526874
  0
LWPOLYLINE
  5
200C8
330
1F
100
AcDbEntity
  8
tejido
 62
     8
420
  8421504
100
AcDbPolyline
 90
        6
 70
     1
 43
0.0
 10
6362799.732986521
 20
6173364.911429209
 10
6362798.03550423
 20
6173367.38962729
 10
6362801.41548762
 20
6173369.70701023
 10
6362802.080734009
 20
6173370.16321193
 10
6362803.78319081
 20
6173367.68301005
 10
6362799.732986521
 20
6173364.911429209
  0
LWPOLYLINE
  5
200C9
102
{ACAD_REACTORS
330
20369
102
}
330
1F
100
AcDbEntity
  8
tejido
 62
     8
420
  8421504
100
AcDbPolyline
 90
       14
 70
     1
 43
0.0
 10
6362748.08686802
 20
6173282.675530949
 10
6362748.140643181
 20
6173282.59651037
 10
6362749.35517002
 20
6173280.82230774
 10
6362749.52932687
 20
6173280.56772579
 10
6362750.386286291
 20
6173279.31769479
 10
6362750.468500309
 20
6173279.19744632
 10
6362751.68295463
 20
6173277.42403639
 10
6362746.09221769
 20
6173273.593158779
 10
6362744.856254151
 20
6173275.397273349
 10
6362742.402156889
 20
6173278.97590465
 10
6362744.578661099
 20
6173280.46814261
 10
6362744.3514377
 20
6173280.79919107
 10
6362747.767447009
 20
6173283.14164186
 10
6362748.08686802
 20
6173282.675530949
  0
LWPOLYLINE
  5
200CA
330
1F
100
AcDbEntity
  8
tejido
 62
     8
420
  8421504
100
AcDbPolyline
 90
       11
 70
     1
 43
0.0
 10
6362749.22811433
 20
6173357.27019368
 10
6362751.22886824
 20
6173354.36539783
 10
6362751.31409047
 20
6173354.24159064
 10
6362747.406264499
 20
6173351.570680701
 10
6362745.71731738
 20
6173350.416325109
 10
6362743.926250459
 20
6173353.03696276
 10
6362743.446241051
 20
6173352.70889865
 10
6362741.29287676
 20
6173355.85936664
 10
6362744.66769967
 20
6173358.16603261
 10
6362746.53725025
 20
6173355.430993289
 10
6362749.22811433
 20
6173357.27019368
  0
LWPOLYLINE
  5
200CB
102
{ACAD_REACTORS
330
20369
102
}
330
1F
100
AcDbEntity
  8
tejido
 62
     8
420
  8421504
100
AcDbPolyline
 90
        9
 70
     1
 43
0.0
 10
6362746.83911266
 20
6173284.497058721
 10
6362747.01401353
 20
6173284.241693821
 10
6362747.767447009
 20
6173283.14164186
 10
6362744.3514377
 20
6173280.79919107
 10
6362744.578661099
 20
6173280.46814261
 10
6362742.402156889
 20
6173278.97590465
 10
6362740.836947109
 20
6173281.25844316
 10
6362746.43030644
 20
6173285.093754709
 10
6362746.83911266
 20
6173284.497058721
  0
LWPOLYLINE
  5
200CC
102
{ACAD_REACTORS
330
20369
102
}
330
1F
100
AcDbEntity
  8
tejido
 62
     8
420
  8421504
100
AcDbPolyline
 90
        5
 70
     1
 43
0.0
 10
6362753.92631761
 20
6173274.14913434
 10
6362748.33386208
 20
6173270.32282953
 10
6362747.21892256
 20
6173271.94942631
 10
6362752.80778782
 20
6173275.78188116
 10
6362753.92631761
 20
6173274.14913434
  0
LWPOLYLINE
  5
200CD
330
1F
100
AcDbEntity
  8
tejido
 62
     8
420
  8421504
100
AcDbPolyline
 90
        6
 70
     1
 43
0.0
 10
6362746.43030644
 20
6173285.093754709
 10
6362740.836947109
 20
6173281.25844316
 10
6362738.07669108
 20
6173285.285427279
 10
6362739.18806082
 20
6173286.04574091
 10
6362743.675128569
 20
6173289.115805809
 10
6362746.43030644
 20
6173285.093754709
  0
LWPOLYLINE
  5
200CE
102
{ACAD_REACTORS
330
20369
102
}
330
1F
100
AcDbEntity
  8
tejido
 62
     8
420
  8421504
100
AcDbPolyline
 90
        5
 70
     1
 43
0.0
 10
6362752.80778782
 20
6173275.78188116
 10
6362747.21892256
 20
6173271.94942631
 10
6362746.09223084
 20
6173273.593158629
 10
6362751.68291957
 20
6173277.424039349
 10
6362752.80778782
 20
6173275.78188116
  0
LWPOLYLINE
  5
200CF
330
1F
100
AcDbEntity
  8
tejido
 62
     8
420
  8421504
100
AcDbPolyline
 90
        5
 70
     1
 43
0.0
 10
6362759.016892
 20
6173343.05820554
 10
6362752.32999242
 20
6173338.477693449
 10
6362749.50260171
 20
6173342.48408566
 10
6362756.17067892
 20
6173347.1899673
 10
6362759.016892
 20
6173343.05820554
  0
LWPOLYLINE
  5
200D0
330
1F
100
AcDbEntity
  8
tejido
 62
     8
420
  8421504
100
AcDbPolyline
 90
        5
 70
     1
 43
0.0
 10
6362756.17067892
 20
6173347.1899673
 10
6362749.50260171
 20
6173342.48408566
 10
6362748.880419669
 20
6173343.36576979
 10
6362755.55859822
 20
6173348.07870012
 10
6362756.17067892
 20
6173347.1899673
  0
LWPOLYLINE
  5
200D1
330
1F
100
AcDbEntity
  8
tejido
 62
     8
420
  8421504
100
AcDbPolyline
 90
        6
 70
     1
 43
0.0
 10
6362755.55859822
 20
6173348.07870012
 10
6362748.880419669
 20
6173343.36576979
 10
6362748.545540179
 20
6173343.839778429
 10
6362747.3669481
 20
6173345.509968091
 10
6362754.06998207
 20
6173350.24036434
 10
6362755.55859822
 20
6173348.07870012
  0
LWPOLYLINE
  5
200D2
330
1F
100
AcDbEntity
  8
tejido
 62
     8
420
  8421504
100
AcDbPolyline
 90
        9
 70
     1
 43
0.0
 10
6362751.74091038
 20
6173353.621964779
 10
6362753.860606679
 20
6173350.54443377
 10
6362754.06998207
 20
6173350.24036434
 10
6362747.3669481
 20
6173345.509968091
 10
6362746.39363818
 20
6173346.88933348
 10
6362749.26487897
 20
6173348.85168843
 10
6362747.406264499
 20
6173351.570680701
 10
6362751.31409047
 20
6173354.24159064
 10
6362751.74091038
 20
6173353.621964779
  0
LWPOLYLINE
  5
200D3
330
1F
100
AcDbEntity
  8
tejido
 62
     8
420
  8421504
100
AcDbPolyline
 90
        6
 70
     1
 43
0.0
 10
6362746.39363818
 20
6173346.88933348
 10
6362744.49451268
 20
6173349.58052953
 10
6362745.71731738
 20
6173350.416325109
 10
6362747.406264499
 20
6173351.570680701
 10
6362749.26487897
 20
6173348.85168843
 10
6362746.39363818
 20
6173346.88933348
  0
LWPOLYLINE
  5
200D4
330
1F
100
AcDbEntity
  8
tejido
 62
     8
420
  8421504
100
AcDbPolyline
 90
        7
 70
     1
 43
0.0
 10
6362745.71731738
 20
6173350.416325109
 10
6362744.49451268
 20
6173349.58052953
 10
6362740.46340946
 20
6173355.29245969
 10
6362741.29287676
 20
6173355.85936664
 10
6362743.446241051
 20
6173352.70889865
 10
6362743.926250459
 20
6173353.03696276
 10
6362745.71731738
 20
6173350.416325109
  0
LWPOLYLINE
  5
200D5
330
1F
100
AcDbEntity
  8
tejido
 62
     8
420
  8421504
100
AcDbPolyline
 90
        9
 70
     1
 43
0.0
 10
6362749.22811433
 20
6173357.27019368
 10
6362746.53725025
 20
6173355.430993289
 10
6362744.66769967
 20
6173358.16603261
 10
6362741.29287676
 20
6173355.85936664
 10
6362740.46340946
 20
6173355.29245969
 10
6362739.940296329
 20
6173356.03363163
 10
6362738.75241327
 20
6173357.71679116
 10
6362745.66579755
 20
6173362.441732609
 10
6362749.22811433
 20
6173357.27019368
  0
LWPOLYLINE
  5
200D6
330
1F
100
AcDbEntity
  8
tejido
 62
     8
420
  8421504
100
AcDbPolyline
 90
        7
 70
     1
 43
0.0
 10
6362745.31683374
 20
6173362.948848409
 10
6362745.66579755
 20
6173362.441732609
 10
6362738.75241327
 20
6173357.71679116
 10
6362738.37994504
 20
6173358.24437338
 10
6362737.31879955
 20
6173359.748408479
 10
6362744.25545645
 20
6173364.4895925
 10
6362745.31683374
 20
6173362.948848409
  0
LWPOLYLINE
  5
200D7
330
1F
100
AcDbEntity
  8
tejido
 62
     8
420
  8421504
100
AcDbPolyline
 90
        7
 70
     1
 43
0.0
 10
6362846.594931591
 20
6173345.30595966
 10
6362844.92823142
 20
6173347.74543699
 10
6362844.07449464
 20
6173347.162073099
 10
6362843.18851047
 20
6173348.45887526
 10
6362845.114965701
 20
6173349.78382855
 10
6362847.680563249
 20
6173346.05383824
 10
6362846.594931591
 20
6173345.30595966
  0
LWPOLYLINE
  5
200D8
330
1F
100
AcDbEntity
  8
tejido
 62
     8
420
  8421504
100
AcDbPolyline
 90
       15
 70
     1
 43
0.0
 10
6362855.267523
 20
6173343.580458499
 10
6362848.23289454
 20
6173338.76691011
 10
6362846.331011979
 20
6173341.543272449
 10
6362846.277377189
 20
6173341.62188143
 10
6362845.3427926
 20
6173342.98647414
 10
6362844.592092369
 20
6173342.46541406
 10
6362843.90667779
 20
6173343.46839601
 10
6362846.595013589
 20
6173345.305993421
 10
6362847.68055217
 20
6173346.053965319
 10
6362845.115035841
 20
6173349.78386488
 10
6362842.18041259
 20
6173354.050590541
 10
6362847.404288491
 20
6173357.63125475
 10
6362855.66789775
 20
6173345.56690781
 10
6362856.46661296
 20
6173344.4009005
 10
6362855.267523
 20
6173343.580458499
  0
LWPOLYLINE
  5
200D9
330
1F
100
AcDbEntity
  8
tejido
 62
     8
420
  8421504
100
AcDbPolyline
 90
        6
 70
     1
 43
0.0
 10
6362844.07449464
 20
6173347.162073099
 10
6362842.2399338
 20
6173345.908675091
 10
6362841.35832987
 20
6173347.20003888
 10
6362842.45774593
 20
6173347.95621995
 10
6362843.18851047
 20
6173348.45887526
 10
6362844.07449464
 20
6173347.162073099
  0
LWPOLYLINE
  5
200DA
330
1F
100
AcDbEntity
  8
tejido
 62
     8
420
  8421504
100
AcDbPolyline
 90
        8
 70
     1
 43
0.0
 10
6362845.114965701
 20
6173349.78382855
 10
6362843.18851047
 20
6173348.45887526
 10
6362842.45774593
 20
6173347.95621995
 10
6362842.338848341
 20
6173348.130367201
 10
6362839.52677248
 20
6173352.23520233
 10
6362840.72037452
 20
6173353.049767451
 10
6362842.18036863
 20
6173354.050554291
 10
6362845.114965701
 20
6173349.78382855
  0
LWPOLYLINE
  5
200DB
330
1F
100
AcDbEntity
  8
tejido
 62
     8
420
  8421504
100
AcDbPolyline
 90
        8
 70
     1
 43
0.0
 10
6362846.594931591
 20
6173345.30595966
 10
6362843.90674705
 20
6173343.46829908
 10
6362843.77743226
 20
6173343.658190759
 10
6362843.686503691
 20
6173343.79061713
 10
6362842.2399338
 20
6173345.908675091
 10
6362844.07449464
 20
6173347.162073099
 10
6362844.92823142
 20
6173347.74543699
 10
6362846.594931591
 20
6173345.30595966
  0
LWPOLYLINE
  5
200DC
330
1F
100
AcDbEntity
  8
tejido
 62
     8
420
  8421504
100
AcDbPolyline
 90
        5
 70
     1
 43
0.0
 10
6362766.63781928
 20
6173290.639236981
 10
6362763.370261619
 20
6173295.399306161
 10
6362765.65233805
 20
6173296.965793211
 10
6362768.919795639
 20
6173292.205722609
 10
6362766.63781928
 20
6173290.639236981
  0
LWPOLYLINE
  5
200DD
330
1F
100
AcDbEntity
  8
tejido
 62
     8
420
  8421504
100
AcDbPolyline
 90
        5
 70
     1
 43
0.0
 10
6362774.00837211
 20
6173290.76565251
 10
6362766.87569481
 20
6173285.869575389
 10
6362765.18368914
 20
6173288.36400499
 10
6362772.30517378
 20
6173293.252417351
 10
6362774.00837211
 20
6173290.76565251
  0
LWPOLYLINE
  5
200DE
330
1F
100
AcDbEntity
  8
tejido
 62
     8
420
  8421504
100
AcDbPolyline
 90
       11
 70
     1
 43
0.0
 10
6362761.73032727
 20
6173308.69633871
 10
6362754.65529025
 20
6173303.839829779
 10
6362753.426116829
 20
6173305.63464024
 10
6362752.85482184
 20
6173306.46862535
 10
6362750.49042075
 20
6173309.92052273
 10
6362748.210041091
 20
6173313.24963353
 10
6362750.88662899
 20
6173315.08058964
 10
6362751.54904974
 20
6173315.53375886
 10
6362753.43499035
 20
6173316.82372108
 10
6362755.29438522
 20
6173318.09589772
 10
6362761.73032727
 20
6173308.69633871
  0
LWPOLYLINE
  5
200DF
330
1F
100
AcDbEntity
  8
tejido
 62
     8
420
  8421504
100
AcDbPolyline
 90
        7
 70
     1
 43
0.0
 10
6362763.34342876
 20
6173306.340494669
 10
6362756.2685723
 20
6173301.484171499
 10
6362755.44752473
 20
6173302.682886631
 10
6362755.39787041
 20
6173302.75561712
 10
6362754.65529025
 20
6173303.839829779
 10
6362761.73032727
 20
6173308.69633871
 10
6362763.34342876
 20
6173306.340494669
  0
LWPOLYLINE
  5
200E0
330
1F
100
AcDbEntity
  8
tejido
 62
     8
420
  8421504
100
AcDbPolyline
 90
       13
 70
     1
 43
0.0
 10
6362767.87421071
 20
6173299.72433394
 10
6362765.077049011
 20
6173297.804137649
 10
6362765.652375481
 20
6173296.965815
 10
6362763.37034218
 20
6173295.39945273
 10
6362762.2217708
 20
6173294.61094185
 10
6362763.16290901
 20
6173293.239897141
 10
6362762.28535517
 20
6173292.637381849
 10
6362761.416901251
 20
6173293.91801836
 10
6362761.31427683
 20
6173294.06898737
 10
6362758.00653911
 20
6173298.946725489
 10
6362756.2685723
 20
6173301.484171499
 10
6362763.34342876
 20
6173306.340494669
 10
6362767.87421071
 20
6173299.72433394
  0
LWPOLYLINE
  5
200E1
330
1F
100
AcDbEntity
  8
tejido
 62
     8
420
  8421504
100
AcDbPolyline
 90
       11
 70
     1
 43
0.0
 10
6362772.30517378
 20
6173293.252417351
 10
6362765.18368914
 20
6173288.36400499
 10
6362764.195143849
 20
6173289.821375711
 10
6362765.088559749
 20
6173290.43472483
 10
6362765.48925331
 20
6173289.85083265
 10
6362766.63781928
 20
6173290.639236981
 10
6362768.919795639
 20
6173292.205722609
 10
6362765.65233805
 20
6173296.965793211
 10
6362765.076900919
 20
6173297.80403972
 10
6362767.87422742
 20
6173299.72421006
 10
6362772.30517378
 20
6173293.252417351
  0
LWPOLYLINE
  5
200E2
330
1F
100
AcDbEntity
  8
tejido
 62
     8
420
  8421504
100
AcDbPolyline
 90
        7
 70
     1
 43
0.0
 10
6362766.63781928
 20
6173290.639236981
 10
6362765.48925331
 20
6173289.85083265
 10
6362765.088559749
 20
6173290.43472483
 10
6362763.16297415
 20
6173293.239875469
 10
6362762.22179564
 20
6173294.61090328
 10
6362763.370261619
 20
6173295.399306161
 10
6362766.63781928
 20
6173290.639236981
  0
LWPOLYLINE
  5
200E3
330
1F
100
AcDbEntity
  8
tejido
 62
     8
420
  8421504
100
AcDbPolyline
 90
        5
 70
     1
 43
0.0
 10
6362765.088559749
 20
6173290.43472483
 10
6362764.195143849
 20
6173289.821375711
 10
6362762.28520662
 20
6173292.63735669
 10
6362763.16297415
 20
6173293.239875469
 10
6362765.088559749
 20
6173290.43472483
  0
LWPOLYLINE
  5
200E4
330
1F
100
AcDbEntity
  8
tejido
 62
     8
420
  8421504
100
AcDbPolyline
 90
        5
 70
     1
 43
0.0
 10
6362775.33804261
 20
6173288.824360439
 10
6362768.1965512
 20
6173283.92215354
 10
6362766.87569481
 20
6173285.869575389
 10
6362774.00837211
 20
6173290.76565251
 10
6362775.33804261
 20
6173288.824360439
  0
LWPOLYLINE
  5
200E5
330
1F
100
AcDbEntity
  8
tejido
 62
     8
420
  8421504
100
AcDbPolyline
 90
        5
 70
     1
 43
0.0
 10
6362796.295989871
 20
6173303.183704439
 10
6362789.63300491
 20
6173298.60974066
 10
6362788.35264503
 20
6173300.46861924
 10
6362795.016840321
 20
6173305.03499798
 10
6362796.295989871
 20
6173303.183704439
  0
LWPOLYLINE
  5
200E6
330
1F
100
AcDbEntity
  8
tejido
 62
     8
420
  8421504
100
AcDbPolyline
 90
        7
 70
     1
 43
0.0
 10
6362785.327359859
 20
6173319.05615735
 10
6362787.080803339
 20
6173316.51910339
 10
6362785.04819516
 20
6173315.126289
 10
6362783.711792149
 20
6173317.07658663
 10
6362782.865005309
 20
6173318.312336229
 10
6362784.88493653
 20
6173319.696364
 10
6362785.327359859
 20
6173319.05615735
  0
LWPOLYLINE
  5
200E7
330
1F
100
AcDbEntity
  8
tejido
 62
     8
420
  8421504
100
AcDbPolyline
 90
        5
 70
     1
 43
0.0
 10
6362792.06915351
 20
6173309.300634009
 10
6362790.00781999
 20
6173307.88819686
 10
6362788.28532528
 20
6173310.4018912
 10
6362790.336753209
 20
6173311.80758258
 10
6362792.06915351
 20
6173309.300634009
  0
LWPOLYLINE
  5
200E8
330
1F
100
AcDbEntity
  8
tejido
 62
     8
420
  8421504
100
AcDbPolyline
 90
        8
 70
     1
 43
0.0
 10
6362782.65749043
 20
6173322.91978273
 10
6362783.20474713
 20
6173322.127843599
 10
6362779.118430869
 20
6173319.32790436
 10
6362780.789013279
 20
6173316.889783331
 10
6362778.24322483
 20
6173315.145416339
 10
6362774.62266127
 20
6173320.40163904
 10
6362781.25654749
 20
6173324.94727148
 10
6362782.65749043
 20
6173322.91978273
  0
LWPOLYLINE
  5
200E9
330
1F
100
AcDbEntity
  8
tejido
 62
     8
420
  8421504
100
AcDbPolyline
 90
        7
 70
     1
 43
0.0
 10
6362784.88493653
 20
6173319.696364
 10
6362782.865005309
 20
6173318.312336229
 10
6362781.13410387
 20
6173317.12626212
 10
6362780.789013279
 20
6173316.889783331
 10
6362779.118430869
 20
6173319.32790436
 10
6362783.20474713
 20
6173322.127843599
 10
6362784.88493653
 20
6173319.696364
  0
LWPOLYLINE
  5
200EA
330
1F
100
AcDbEntity
  8
tejido
 62
     8
420
  8421504
100
AcDbPolyline
 90
        5
 70
     1
 43
0.0
 10
6362783.711792149
 20
6173317.07658663
 10
6362781.980790701
 20
6173315.890511069
 10
6362781.13410387
 20
6173317.12626212
 10
6362782.865005309
 20
6173318.312336229
 10
6362783.711792149
 20
6173317.07658663
  0
LWPOLYLINE
  5
200EB
330
1F
100
AcDbEntity
  8
tejido
 62
     8
420
  8421504
100
AcDbPolyline
 90
        5
 70
     1
 43
0.0
 10
6362787.407038539
 20
6173301.84148343
 10
6362785.68923129
 20
6173304.33543902
 10
6362787.3810088
 20
6173305.49463736
 10
6362789.09267467
 20
6173302.996491401
 10
6362787.407038539
 20
6173301.84148343
  0
LWPOLYLINE
  5
200EC
330
1F
100
AcDbEntity
  8
tejido
 62
     8
420
  8421504
100
AcDbPolyline
 90
        6
 70
     1
 43
0.0
 10
6362793.8048238
 20
6173306.78893124
 10
6362790.82945442
 20
6173304.75024199
 10
6362789.103789729
 20
6173307.268692
 10
6362790.00781999
 20
6173307.88819686
 10
6362792.06915351
 20
6173309.300634009
 10
6362793.8048238
 20
6173306.78893124
  0
LWPOLYLINE
  5
200ED
330
1F
100
AcDbEntity
  8
tejido
 62
     8
420
  8421504
100
AcDbPolyline
 90
       24
 70
     1
 43
0.0
 10
6362783.711792149
 20
6173317.07658663
 10
6362785.04819516
 20
6173315.126289
 10
6362787.080803339
 20
6173316.51910339
 10
6362790.336753209
 20
6173311.80758258
 10
6362788.28532528
 20
6173310.4018912
 10
6362790.00781999
 20
6173307.88819686
 10
6362789.103789729
 20
6173307.268692
 10
6362790.82945442
 20
6173304.75024199
 10
6362793.8048238
 20
6173306.78893124
 10
6362795.016840321
 20
6173305.03499798
 10
6362788.35264503
 20
6173300.46861924
 10
6362787.407038539
 20
6173301.84148343
 10
6362789.09267467
 20
6173302.996491401
 10
6362787.3810088
 20
6173305.49463736
 10
6362785.68923129
 20
6173304.33543902
 10
6362783.27892888
 20
6173307.834601639
 10
6362786.522426901
 20
6173310.05703703
 10
6362784.26401892
 20
6173313.35303161
 10
6362781.01249809
 20
6173311.125078161
 10
6362778.24322483
 20
6173315.145416339
 10
6362780.789013279
 20
6173316.889783331
 10
6362781.13410387
 20
6173317.12626212
 10
6362781.980790701
 20
6173315.890511069
 10
6362783.711792149
 20
6173317.07658663
  0
LWPOLYLINE
  5
200EE
330
1F
100
AcDbEntity
  8
tejido
 62
     8
420
  8421504
100
AcDbPolyline
 90
        8
 70
     1
 43
0.0
 10
6362776.81197841
 20
6173331.378953591
 10
6362780.07957454
 20
6173326.65069553
 10
6362781.25654749
 20
6173324.94727148
 10
6362774.62266127
 20
6173320.40163904
 10
6362766.94940357
 20
6173331.541236219
 10
6362773.195408521
 20
6173335.82116002
 10
6362773.567877999
 20
6173336.073540771
 10
6362776.81197841
 20
6173331.378953591
  0
LWPOLYLINE
  5
200EF
330
1F
100
AcDbEntity
  8
tejido
 62
     8
420
  8421504
100
AcDbPolyline
 90
        5
 70
     1
 43
0.0
 10
6362783.27892888
 20
6173307.834601639
 10
6362781.01249809
 20
6173311.125078161
 10
6362784.26401892
 20
6173313.35303161
 10
6362786.522426901
 20
6173310.05703703
 10
6362783.27892888
 20
6173307.834601639
  0
LWPOLYLINE
  5
200F0
330
1F
100
AcDbEntity
  8
tejido
 62
     8
420
  8421504
100
AcDbPolyline
 90
        9
 70
     1
 43
0.0
 10
6362805.56432578
 20
6173387.18541409
 10
6362804.836259069
 20
6173386.686662099
 10
6362803.92065948
 20
6173386.05941777
 10
6362798.506972439
 20
6173382.35151037
 10
6362796.617631261
 20
6173385.17250375
 10
6362796.50311595
 20
6173385.34350991
 10
6362796.186407591
 20
6173385.81625418
 10
6362803.298371329
 20
6173390.5809183
 10
6362805.56432578
 20
6173387.18541409
  0
LWPOLYLINE
  5
200F1
102
{ACAD_REACTORS
330
2037D
102
}
330
1F
100
AcDbEntity
  8
tejido
 62
     8
420
  8421504
100
AcDbPolyline
 90
        5
 70
     1
 43
0.0
 10
6362803.298393099
 20
6173390.580889349
 10
6362796.18641774
 20
6173385.81625926
 10
6362795.51160338
 20
6173386.823223111
 10
6362802.626173309
 20
6173391.58829093
 10
6362803.298393099
 20
6173390.580889349
  0
LWPOLYLINE
  5
200F2
102
{ACAD_REACTORS
330
2037D
102
}
330
1F
100
AcDbEntity
  8
tejido
 62
     8
420
  8421504
100
AcDbPolyline
 90
        5
 70
     1
 43
0.0
 10
6362802.626173309
 20
6173391.58829093
 10
6362795.51160338
 20
6173386.823223111
 10
6362795.18768773
 20
6173387.3068938
 10
6362802.302751939
 20
6173392.072368909
 10
6362802.626173309
 20
6173391.58829093
  0
LWPOLYLINE
  5
200F3
102
{ACAD_REACTORS
330
2037D
102
}
330
1F
100
AcDbEntity
  8
tejido
 62
     8
420
  8421504
100
AcDbPolyline
 90
        6
 70
     1
 43
0.0
 10
6362802.302751939
 20
6173392.072368909
 10
6362795.18768773
 20
6173387.3068938
 10
6362794.166359271
 20
6173388.83141241
 10
6362799.04623991
 20
6173392.10100445
 10
6362801.28357743
 20
6173393.60011979
 10
6362802.302751939
 20
6173392.072368909
  0
LWPOLYLINE
  5
200F4
102
{ACAD_REACTORS
330
2037D
102
}
330
1F
100
AcDbEntity
  8
tejido
 62
     8
420
  8421504
100
AcDbPolyline
 90
        6
 70
     1
 43
0.0
 10
6362801.13254851
 20
6173393.826408211
 10
6362801.28357743
 20
6173393.60011979
 10
6362799.04623991
 20
6173392.10100445
 10
6362796.52436551
 20
6173395.864940561
 10
6362798.77032592
 20
6173397.36958266
 10
6362801.13254851
 20
6173393.826408211
  0
LWPOLYLINE
  5
200F5
102
{ACAD_REACTORS
330
2037D
102
}
330
1F
100
AcDbEntity
  8
tejido
 62
     8
420
  8421504
100
AcDbPolyline
 90
        7
 70
     1
 43
0.0
 10
6362799.04623991
 20
6173392.10100445
 10
6362794.166359271
 20
6173388.83141241
 10
6362794.080968471
 20
6173388.95885451
 10
6362792.97847821
 20
6173390.604201991
 10
6362791.644684821
 20
6173392.595351461
 10
6362796.52436551
 20
6173395.864940561
 10
6362799.04623991
 20
6173392.10100445
  0
LWPOLYLINE
  5
200F6
102
{ACAD_REACTORS
330
2037D
102
}
330
1F
100
AcDbEntity
  8
tejido
 62
     8
420
  8421504
100
AcDbPolyline
 90
        5
 70
     1
 43
0.0
 10
6362797.677207451
 20
6173399.009100079
 10
6362790.536858661
 20
6173394.248860561
 10
6362789.68013909
 20
6173395.52808109
 10
6362796.76825245
 20
6173400.372392239
 10
6362797.677207451
 20
6173399.009100079
  0
LWPOLYLINE
  5
200F7
330
1F
100
AcDbEntity
  8
tejido
 62
     8
420
  8421504
100
AcDbPolyline
 90
        8
 70
     1
 43
0.0
 10
6362748.880419669
 20
6173343.36576979
 10
6362749.50260171
 20
6173342.48408566
 10
6362752.32999242
 20
6173338.477693449
 10
6362744.84661236
 20
6173333.352659571
 10
6362741.21046276
 20
6173338.66277545
 10
6362744.941773439
 20
6173341.29611591
 10
6362748.545540179
 20
6173343.839778429
 10
6362748.880419669
 20
6173343.36576979
  0
LWPOLYLINE
  5
200F8
330
1F
100
AcDbEntity
  8
tejido
 62
     8
420
  8421504
100
AcDbPolyline
 90
        5
 70
     1
 43
0.0
 10
6362735.10044068
 20
6173347.585872431
 10
6362733.36115839
 20
6173350.12593316
 10
6362736.658267021
 20
6173352.383456899
 10
6362738.397349249
 20
6173349.84339328
 10
6362735.10044068
 20
6173347.585872431
  0
LWPOLYLINE
  5
200F9
330
1F
100
AcDbEntity
  8
tejido
 62
     8
420
  8421504
100
AcDbPolyline
 90
        5
 70
     1
 43
0.0
 10
6362738.37994504
 20
6173358.24437338
 10
6362731.178751239
 20
6173353.313192929
 10
6362730.13757348
 20
6173354.83372286
 10
6362737.31879955
 20
6173359.748408479
 10
6362738.37994504
 20
6173358.24437338
  0
LWPOLYLINE
  5
200FA
330
1F
100
AcDbEntity
  8
tejido
 62
     8
420
  8421504
100
AcDbPolyline
 90
        9
 70
     1
 43
0.0
 10
6362740.46340946
 20
6173355.29245969
 10
6362744.49451268
 20
6173349.58052953
 10
6362746.39363818
 20
6173346.88933348
 10
6362747.3669481
 20
6173345.509968091
 10
6362748.545540179
 20
6173343.839778429
 10
6362744.941773439
 20
6173341.29611591
 10
6362736.335832189
 20
6173353.48975901
 10
6362739.940296329
 20
6173356.03363163
 10
6362740.46340946
 20
6173355.29245969
  0
LWPOLYLINE
  5
200FB
330
1F
100
AcDbEntity
  8
tejido
 62
     8
420
  8421504
100
AcDbPolyline
 90
        7
 70
     1
 43
0.0
 10
6362767.406916749
 20
6173344.149113169
 10
6362768.49598016
 20
6173342.58236156
 10
6362773.195408521
 20
6173335.82116002
 10
6362766.94940357
 20
6173331.541236219
 10
6362759.44310025
 20
6173342.43937111
 10
6362765.63203011
 20
6173346.70246231
 10
6362767.406916749
 20
6173344.149113169
  0
LWPOLYLINE
  5
200FC
330
1F
100
AcDbEntity
  8
tejido
 62
     8
420
  8421504
100
AcDbPolyline
 90
        5
 70
     1
 43
0.0
 10
6362750.893575941
 20
6173367.90790573
 10
6362748.215043771
 20
6173366.046076459
 10
6362747.674187921
 20
6173366.82430387
 10
6362750.36805099
 20
6173368.663647639
 10
6362750.893575941
 20
6173367.90790573
  0
LWPOLYLINE
  5
200FD
330
1F
100
AcDbEntity
  8
tejido
 62
     8
420
  8421504
100
AcDbPolyline
 90
        9
 70
     1
 43
0.0
 10
6362760.48940021
 20
6173354.10235916
 10
6362761.16266245
 20
6173353.13348562
 10
6362757.830578519
 20
6173350.81823595
 10
6362756.67438066
 20
6173352.482447969
 10
6362754.53403829
 20
6173355.56268078
 10
6362754.04804289
 20
6173356.26207631
 10
6362754.69207769
 20
6173356.70955676
 10
6362757.37953552
 20
6173358.57671717
 10
6362760.48940021
 20
6173354.10235916
  0
LWPOLYLINE
  5
200FE
330
1F
100
AcDbEntity
  8
tejido
 62
     8
420
  8421504
100
AcDbPolyline
 90
        8
 70
     1
 43
0.0
 10
6362751.401432019
 20
6173367.17721631
 10
6362745.31683374
 20
6173362.948848409
 10
6362744.25545645
 20
6173364.4895925
 10
6362747.674187921
 20
6173366.82430387
 10
6362748.215043771
 20
6173366.046076459
 10
6362750.893575941
 20
6173367.90790573
 10
6362751.151132689
 20
6173367.53721178
 10
6362751.401432019
 20
6173367.17721631
  0
LWPOLYLINE
  5
200FF
330
1F
100
AcDbEntity
  8
tejido
 62
     8
420
  8421504
100
AcDbPolyline
 90
       12
 70
     1
 43
0.0
 10
6362762.600114219
 20
6173351.064811599
 10
6362765.63203011
 20
6173346.70246231
 10
6362759.44310025
 20
6173342.43937111
 10
6362759.016892
 20
6173343.05820554
 10
6362756.17067892
 20
6173347.1899673
 10
6362755.55859822
 20
6173348.07870012
 10
6362754.06998207
 20
6173350.24036434
 10
6362753.860606679
 20
6173350.54443377
 10
6362756.67438066
 20
6173352.482447969
 10
6362757.830578519
 20
6173350.81823595
 10
6362761.16266245
 20
6173353.13348562
 10
6362762.600114219
 20
6173351.064811599
  0
LWPOLYLINE
  5
20100
330
1F
100
AcDbEntity
  8
tejido
 62
     8
420
  8421504
100
AcDbPolyline
 90
       12
 70
     1
 43
0.0
 10
6362754.69207769
 20
6173356.70955676
 10
6362754.04804289
 20
6173356.26207631
 10
6362754.53403829
 20
6173355.56268078
 10
6362751.74091038
 20
6173353.621964779
 10
6362751.31409047
 20
6173354.24159064
 10
6362751.22886824
 20
6173354.36539783
 10
6362752.468617149
 20
6173355.219244911
 10
6362749.88122342
 20
6173358.976029771
 10
6362751.440291569
 20
6173360.049976751
 10
6362751.02961282
 20
6173360.64642863
 10
6362751.67449702
 20
6173361.09052024
 10
6362754.69207769
 20
6173356.70955676
  0
LWPOLYLINE
  5
20101
330
1F
100
AcDbEntity
  8
tejido
 62
     8
420
  8421504
100
AcDbPolyline
 90
        5
 70
     1
 43
0.0
 10
6362756.67438066
 20
6173352.482447969
 10
6362753.860606679
 20
6173350.54443377
 10
6362751.74091038
 20
6173353.621964779
 10
6362754.53403829
 20
6173355.56268078
 10
6362756.67438066
 20
6173352.482447969
  0
LWPOLYLINE
  5
20102
330
1F
100
AcDbEntity
  8
tejido
 62
     8
420
  8421504
100
AcDbPolyline
 90
        8
 70
     1
 43
0.0
 10
6362819.598331969
 20
6173326.55114263
 10
6362818.65244278
 20
6173325.900220921
 10
6362815.948424599
 20
6173329.842377699
 10
6362816.90230033
 20
6173330.49441548
 10
6362818.62285392
 20
6173331.669735839
 10
6362819.79311568
 20
6173329.953110319
 10
6362821.31887104
 20
6173327.72746313
 10
6362819.598331969
 20
6173326.55114263
  0
LWPOLYLINE
  5
20103
330
1F
100
AcDbEntity
  8
tejido
 62
     8
420
  8421504
100
AcDbPolyline
 90
        6
 70
     1
 43
0.0
 10
6362794.080968471
 20
6173388.95885451
 10
6362791.56283204
 20
6173387.315313211
 10
6362791.07909961
 20
6173386.99958995
 10
6362789.99666246
 20
6173388.65803586
 10
6362792.97848533
 20
6173390.604216749
 10
6362794.080968471
 20
6173388.95885451
  0
LWPOLYLINE
  5
20104
330
1F
100
AcDbEntity
  8
tejido
 62
     8
420
  8421504
100
AcDbPolyline
 90
       11
 70
     1
 43
0.0
 10
6362796.617631261
 20
6173385.17250375
 10
6362795.653040721
 20
6173384.5427178
 10
6362794.053851789
 20
6173383.49899746
 10
6362791.56291325
 20
6173387.31539568
 10
6362794.08097068
 20
6173388.958810529
 10
6362794.16640222
 20
6173388.831404099
 10
6362795.18767039
 20
6173387.3069273
 10
6362795.51174191
 20
6173386.823238651
 10
6362796.186407591
 20
6173385.81625418
 10
6362796.50311595
 20
6173385.34350991
 10
6362796.617631261
 20
6173385.17250375
  0
LWPOLYLINE
  5
20105
330
1F
100
AcDbEntity
  8
tejido
 62
     8
420
  8421504
100
AcDbPolyline
 90
       12
 70
     1
 43
0.0
 10
6362794.053851789
 20
6173383.49899746
 10
6362794.61608202
 20
6173382.637466939
 10
6362793.83777872
 20
6173382.129439139
 10
6362795.19783056
 20
6173380.04559464
 10
6362795.10317589
 20
6173379.979442879
 10
6362794.65394554
 20
6173379.66643332
 10
6362791.24977828
 20
6173377.294665669
 10
6362789.51347652
 20
6173379.8984425
 10
6362786.68931954
 20
6173384.134532569
 10
6362791.0791034
 20
6173386.99968703
 10
6362791.56291325
 20
6173387.31539568
 10
6362794.053851789
 20
6173383.49899746
  0
LWPOLYLINE
  5
20106
330
1F
100
AcDbEntity
  8
tejido
 62
     8
420
  8421504
100
AcDbPolyline
 90
        6
 70
     1
 43
0.0
 10
6362785.785936511
 20
6173385.49078004
 10
6362784.92924892
 20
6173386.77532602
 10
6362783.77304601
 20
6173388.50969396
 10
6362785.19439105
 20
6173389.437379699
 10
6362787.177477111
 20
6173386.39901299
 10
6362785.785936511
 20
6173385.49078004
  0
LWPOLYLINE
  5
20107
330
1F
100
AcDbEntity
  8
tejido
 62
     8
420
  8421504
100
AcDbPolyline
 90
        8
 70
     1
 43
0.0
 10
6362797.5281716
 20
6173381.669687969
 10
6362796.63717873
 20
6173381.04901695
 10
6362795.19785749
 20
6173380.045474231
 10
6362793.83771847
 20
6173382.12939836
 10
6362794.616028501
 20
6173382.637387009
 10
6362794.053737001
 20
6173383.49889662
 10
6362795.653003781
 20
6173384.542708641
 10
6362797.5281716
 20
6173381.669687969
  0
LWPOLYLINE
  5
20108
330
1F
100
AcDbEntity
  8
tejido
 62
     8
420
  8421504
100
AcDbPolyline
 90
        5
 70
     1
 43
0.0
 10
6362797.5281716
 20
6173381.669687969
 10
6362795.653003781
 20
6173384.542708641
 10
6362796.61771015
 20
6173385.17235475
 10
6362798.50694122
 20
6173382.35150479
 10
6362797.5281716
 20
6173381.669687969
  0
LWPOLYLINE
  5
20109
330
1F
100
AcDbEntity
  8
tejido
 62
     8
420
  8421504
100
AcDbPolyline
 90
        8
 70
     1
 43
0.0
 10
6362716.84335599
 20
6173343.54474995
 10
6362703.64072515
 20
6173334.45644654
 10
6362702.58406658
 20
6173335.99622421
 10
6362707.61405796
 20
6173339.44024656
 10
6362708.8521877
 20
6173340.28848556
 10
6362714.7129087
 20
6173344.29673413
 10
6362715.78583131
 20
6173345.03054176
 10
6362716.84335599
 20
6173343.54474995
  0
LWPOLYLINE
  5
2010A
330
1F
100
AcDbEntity
  8
tejido
 62
     8
420
  8421504
100
AcDbPolyline
 90
        5
 70
     1
 43
0.0
 10
6362723.336424239
 20
6173334.23416837
 10
6362710.01242809
 20
6173325.16813739
 10
6362709.715679921
 20
6173325.600772709
 10
6362723.040297241
 20
6173334.667274851
 10
6362723.336424239
 20
6173334.23416837
  0
LWPOLYLINE
  5
2010B
330
1F
100
AcDbEntity
  8
tejido
 62
     8
420
  8421504
100
AcDbPolyline
 90
       14
 70
     1
 43
0.0
 10
6362710.012483581
 20
6173325.168083259
 10
6362723.33644858
 20
6173334.23415027
 10
6362725.60251234
 20
6173330.92809382
 10
6362723.325351391
 20
6173329.366747731
 10
6362721.9654109
 20
6173328.43456251
 10
6362720.33367162
 20
6173327.31551559
 10
6362719.475087811
 20
6173326.726890641
 10
6362718.31343794
 20
6173325.9308025
 10
6362717.71534315
 20
6173325.52160972
 10
6362717.16125593
 20
6173325.14284985
 10
6362715.44865503
 20
6173323.97067268
 10
6362713.644139311
 20
6173322.737084681
 10
6362712.30794009
 20
6173321.822400099
 10
6362710.012483581
 20
6173325.168083259
  0
LWPOLYLINE
  5
2010C
330
1F
100
AcDbEntity
  8
tejido
 62
     8
420
  8421504
100
AcDbPolyline
 90
        5
 70
     1
 43
0.0
 10
6362709.19934826
 20
6173326.353466911
 10
6362722.52414221
 20
6173335.420088949
 10
6362723.040297241
 20
6173334.667274851
 10
6362709.715679921
 20
6173325.600772709
 10
6362709.19934826
 20
6173326.353466911
  0
LWPOLYLINE
  5
2010D
330
1F
100
AcDbEntity
  8
tejido
 62
     8
420
  8421504
100
AcDbPolyline
 90
       12
 70
     1
 43
0.0
 10
6362706.787094211
 20
6173329.86995421
 10
6362709.70354348
 20
6173331.85446131
 10
6362711.063331659
 20
6173329.85627384
 10
6362717.07670327
 20
6173333.947999861
 10
6362717.848955489
 20
6173334.47334112
 10
6362718.41540242
 20
6173333.64105622
 10
6362722.04878207
 20
6173336.11334721
 10
6362722.524192979
 20
6173335.420232369
 10
6362709.19944321
 20
6173326.35354346
 10
6362707.701107311
 20
6173328.537958079
 10
6362707.13494785
 20
6173329.36304259
 10
6362706.787094211
 20
6173329.86995421
  0
LWPOLYLINE
  5
2010E
330
1F
100
AcDbEntity
  8
tejido
 62
     8
420
  8421504
100
AcDbPolyline
 90
        9
 70
     1
 43
0.0
 10
6362717.07670327
 20
6173333.947999861
 10
6362711.063331659
 20
6173329.85627384
 10
6362709.70354348
 20
6173331.85446131
 10
6362708.544440099
 20
6173333.55809337
 10
6362711.553817169
 20
6173335.60573546
 10
6362712.161128271
 20
6173334.713231191
 10
6362712.6284497
 20
6173334.02640995
 10
6362715.632446089
 20
6173336.07037176
 10
6362717.07670327
 20
6173333.947999861
  0
LWPOLYLINE
  5
2010F
330
1F
100
AcDbEntity
  8
tejido
 62
     8
420
  8421504
100
AcDbPolyline
 90
        7
 70
     1
 43
0.0
 10
6362717.848934451
 20
6173334.47341669
 10
6362717.07657022
 20
6173333.94787503
 10
6362715.6324193
 20
6173336.07027669
 10
6362712.62847045
 20
6173334.02629251
 10
6362712.16111779
 20
6173334.713139049
 10
6362715.93743088
 20
6173337.28266489
 10
6362717.848934451
 20
6173334.47341669
  0
LWPOLYLINE
  5
20110
330
1F
100
AcDbEntity
  8
tejido
 62
     8
420
  8421504
100
AcDbPolyline
 90
        6
 70
     1
 43
0.0
 10
6362708.63101995
 20
6173319.300083798
 10
6362708.06564508
 20
6173318.91236832
 10
6362705.75046135
 20
6173317.324705529
 10
6362703.68250932
 20
6173320.256735849
 10
6362706.53651258
 20
6173322.26976702
 10
6362708.63101995
 20
6173319.300083798
  0
LWPOLYLINE
  5
20111
330
1F
100
AcDbEntity
  8
tejido
 62
     8
420
  8421504
100
AcDbPolyline
 90
        6
 70
     1
 43
0.0
 10
6362726.74974101
 20
6173320.99794435
 10
6362724.39991514
 20
6173324.547925709
 10
6362725.87074324
 20
6173325.52152617
 10
6362728.23582631
 20
6173327.08695494
 10
6362730.60061487
 20
6173323.63781029
 10
6362726.74974101
 20
6173320.99794435
  0
LWPOLYLINE
  5
20112
330
1F
100
AcDbEntity
  8
tejido
 62
     8
420
  8421504
100
AcDbPolyline
 90
        8
 70
     1
 43
0.0
 10
6362725.87074324
 20
6173325.52152617
 10
6362725.68460257
 20
6173325.80255481
 10
6362723.325351391
 20
6173329.366747731
 10
6362725.60233186
 20
6173330.92790804
 10
6362726.960466531
 20
6173328.94691443
 10
6362728.16122761
 20
6173327.19571319
 10
6362728.23582631
 20
6173327.08695494
 10
6362725.87074324
 20
6173325.52152617
  0
LWPOLYLINE
  5
20113
330
1F
100
AcDbEntity
  8
tejido
 62
     8
420
  8421504
100
AcDbPolyline
 90
        9
 70
     1
 43
0.0
 10
6362722.59510369
 20
6173318.14952566
 10
6362720.013897241
 20
6173322.049063759
 10
6362722.6601535
 20
6173323.80066927
 10
6362725.684488751
 20
6173325.802576719
 10
6362725.87061636
 20
6173325.52138581
 10
6362724.39984484
 20
6173324.54784365
 10
6362726.749709551
 20
6173320.99780329
 10
6362725.6292285
 20
6173320.22963934
 10
6362722.59510369
 20
6173318.14952566
  0
LWPOLYLINE
  5
20114
330
1F
100
AcDbEntity
  8
tejido
 62
     8
420
  8421504
100
AcDbPolyline
 90
        6
 70
     1
 43
0.0
 10
6362722.6601535
 20
6173323.80066927
 10
6362720.33367162
 20
6173327.31551559
 10
6362721.96523042
 20
6173328.434376729
 10
6362723.325351391
 20
6173329.366747731
 10
6362725.68460257
 20
6173325.80255481
 10
6362722.6601535
 20
6173323.80066927
  0
LWPOLYLINE
  5
20115
330
1F
100
AcDbEntity
  8
tejido
 62
     8
420
  8421504
100
AcDbPolyline
 90
       11
 70
     1
 43
0.0
 10
6362718.640357861
 20
6173315.4377985
 10
6362716.14062917
 20
6173319.08964662
 10
6362714.48092356
 20
6173321.51417507
 10
6362713.643958831
 20
6173322.73689889
 10
6362715.448658569
 20
6173323.970428501
 10
6362717.16125859
 20
6173325.142666719
 10
6362717.71534315
 20
6173325.52160972
 10
6362720.014040869
 20
6173322.04916082
 10
6362722.59520479
 20
6173318.149629609
 10
6362722.154607999
 20
6173317.84755186
 10
6362718.640357861
 20
6173315.4377985
  0
LWPOLYLINE
  5
20116
330
1F
100
AcDbEntity
  8
tejido
 62
     8
420
  8421504
100
AcDbPolyline
 90
       13
 70
     1
 43
0.0
 10
6362716.14062917
 20
6173319.08964662
 10
6362718.640357861
 20
6173315.4377985
 10
6362717.290339079
 20
6173314.511923611
 10
6362716.907952531
 20
6173314.250314559
 10
6362715.215993929
 20
6173313.090403381
 10
6362712.76895661
 20
6173316.66639014
 10
6362712.55781314
 20
6173316.974836819
 10
6362714.33976064
 20
6173318.194238159
 10
6362713.85390605
 20
6173318.904419381
 10
6362711.86616848
 20
6173317.54398885
 10
6362710.849923709
 20
6173319.02934084
 10
6362714.48092356
 20
6173321.51417507
 10
6362716.14062917
 20
6173319.08964662
  0
LWPOLYLINE
  5
20117
330
1F
100
AcDbEntity
  8
tejido
 62
     8
420
  8421504
100
AcDbPolyline
 90
        9
 70
     1
 43
0.0
 10
6362710.84979788
 20
6173319.029248919
 10
6362708.899152801
 20
6173317.694378741
 10
6362708.065635389
 20
6173318.91239727
 10
6362708.63098068
 20
6173319.30010043
 10
6362710.14350391
 20
6173320.33731472
 10
6362712.30772123
 20
6173321.822169911
 10
6362713.64399535
 20
6173322.73692382
 10
6362714.480919009
 20
6173321.514106529
 10
6362710.84979788
 20
6173319.029248919
  0
LWPOLYLINE
  5
20118
330
1F
100
AcDbEntity
  8
tejido
 62
     8
420
  8421504
100
AcDbPolyline
 90
        7
 70
     1
 43
0.0
 10
6362711.992704701
 20
6173310.88079418
 10
6362709.54385994
 20
6173314.4593191
 10
6362709.71247395
 20
6173314.57459354
 10
6362712.76895661
 20
6173316.66639014
 10
6362715.215993929
 20
6173313.090403381
 10
6362714.04025284
 20
6173312.284373659
 10
6362711.992704701
 20
6173310.88079418
  0
LWPOLYLINE
  5
20119
330
1F
100
AcDbEntity
  8
tejido
 62
     8
420
  8421504
100
AcDbPolyline
 90
       10
 70
     1
 43
0.0
 10
6362709.71232399
 20
6173314.574562129
 10
6362707.998933579
 20
6173317.07833853
 10
6362708.899152801
 20
6173317.694378741
 10
6362710.84979788
 20
6173319.029248919
 10
6362711.86618183
 20
6173317.544007621
 10
6362713.8539545
 20
6173318.90428505
 10
6362714.33983514
 20
6173318.19426794
 10
6362712.557771289
 20
6173316.97476167
 10
6362712.768897069
 20
6173316.6662437
 10
6362709.71232399
 20
6173314.574562129
  0
LWPOLYLINE
  5
2011A
330
1F
100
AcDbEntity
  8
tejido
 62
     8
420
  8421504
100
AcDbPolyline
 90
       11
 70
     1
 43
0.0
 10
6362707.87975812
 20
6173308.06122855
 10
6362711.992704701
 20
6173310.88079418
 10
6362714.04025996
 20
6173312.28452533
 10
6362716.37128597
 20
6173308.9027243
 10
6362716.616515211
 20
6173308.54678176
 10
6362714.85391661
 20
6173307.33199571
 10
6362711.85386693
 20
6173305.26427906
 10
6362709.92915936
 20
6173308.05673571
 10
6362708.54190876
 20
6173307.10052602
 10
6362708.23843053
 20
6173307.54085829
 10
6362707.87975812
 20
6173308.06122855
  0
LWPOLYLINE
  5
2011B
330
1F
100
AcDbEntity
  8
tejido
 62
     8
420
  8421504
100
AcDbPolyline
 90
       14
 70
     1
 43
0.0
 10
6362708.23843053
 20
6173307.54085829
 10
6362708.54190876
 20
6173307.10052602
 10
6362709.92915936
 20
6173308.05673571
 10
6362711.85386693
 20
6173305.26427906
 10
6362714.85391661
 20
6173307.33199571
 10
6362716.70278689
 20
6173304.64950055
 10
6362712.65957539
 20
6173301.862999689
 10
6362709.94897122
 20
6173299.99467262
 10
6362709.891896209
 20
6173300.078102459
 10
6362707.773372431
 20
6173303.17144173
 10
6362706.49636161
 20
6173305.035773339
 10
6362705.528357381
 20
6173306.44904593
 10
6362707.87975812
 20
6173308.06122855
 10
6362708.23843053
 20
6173307.54085829
  0
LWPOLYLINE
  5
2011C
330
1F
100
AcDbEntity
  8
tejido
 62
     8
420
  8421504
100
AcDbPolyline
 90
       22
 70
     1
 43
0.0
 10
6362722.986059869
 20
6173313.46187754
 10
6362719.45166817
 20
6173311.025732
 10
6362716.37128597
 20
6173308.9027243
 10
6362714.04025996
 20
6173312.28452533
 10
6362715.215993929
 20
6173313.090403381
 10
6362716.90794988
 20
6173314.250497691
 10
6362717.290519559
 20
6173314.512109391
 10
6362718.6403552
 20
6173315.437981621
 10
6362722.154605351
 20
6173317.847734989
 10
6362722.59520479
 20
6173318.149629609
 10
6362725.62926424
 20
6173320.22986688
 10
6362726.74974101
 20
6173320.99794435
 10
6362730.60079446
 20
6173323.638057119
 10
6362731.29722062
 20
6173324.10826523
 10
6362734.599372849
 20
6173326.369876409
 10
6362737.743434339
 20
6173328.523142791
 10
6362739.94171226
 20
6173325.31074064
 10
6362733.70409574
 20
6173321.01171688
 10
6362733.78012143
 20
6173320.90139186
 10
6362730.25696797
 20
6173318.473000319
 10
6362727.49111546
 20
6173316.56666989
 10
6362722.986059869
 20
6173313.46187754
  0
LWPOLYLINE
  5
2011D
330
1F
100
AcDbEntity
  8
tejido
 62
     8
420
  8421504
100
AcDbPolyline
 90
        6
 70
     1
 43
0.0
 10
6362721.25358498
 20
6173308.4107557
 10
6362718.17331159
 20
6173306.288025401
 10
6362716.616447051
 20
6173308.54662921
 10
6362716.37121692
 20
6173308.90263279
 10
6362719.45166817
 20
6173311.025732
 10
6362721.25358498
 20
6173308.4107557
  0
LWPOLYLINE
  5
2011E
330
1F
100
AcDbEntity
  8
tejido
 62
     8
420
  8421504
100
AcDbPolyline
 90
        6
 70
     1
 43
0.0
 10
6362721.25358498
 20
6173308.4107557
 10
6362719.45166817
 20
6173311.025732
 10
6362722.985990821
 20
6173313.46178603
 10
6362725.1271144
 20
6173310.35515892
 10
6362721.59242554
 20
6173307.91909956
 10
6362721.25358498
 20
6173308.4107557
  0
LWPOLYLINE
  5
2011F
330
1F
100
AcDbEntity
  8
tejido
 62
     8
420
  8421504
100
AcDbPolyline
 90
        5
 70
     1
 43
0.0
 10
6362727.49111033
 20
6173316.56672173
 10
6362730.25696797
 20
6173318.473000319
 10
6362732.39438296
 20
6173315.371782329
 10
6362729.62852536
 20
6173313.46550372
 10
6362727.49111033
 20
6173316.56672173
  0
LWPOLYLINE
  5
20120
330
1F
100
AcDbEntity
  8
tejido
 62
     8
420
  8421504
100
AcDbPolyline
 90
       17
 70
     1
 43
0.0
 10
6362738.791644531
 20
6173319.28301508
 10
6362737.538099289
 20
6173318.91713726
 10
6362732.39454475
 20
6173315.37200943
 10
6362730.2571033
 20
6173318.47313378
 10
6362733.78012143
 20
6173320.90139186
 10
6362733.70409574
 20
6173321.01171688
 10
6362739.94171226
 20
6173325.31074064
 10
6362739.979330531
 20
6173325.255419769
 10
6362740.60271268
 20
6173324.34513705
 10
6362742.721075881
 20
6173321.2502082
 10
6362740.70572847
 20
6173319.86116996
 10
6362739.9759525
 20
6173319.35818009
 10
6362739.35839151
 20
6173320.25438223
 10
6362740.34406144
 20
6173320.93368489
 10
6362739.79286546
 20
6173321.73315955
 10
6362737.96908772
 20
6173320.47633555
 10
6362738.791644531
 20
6173319.28301508
  0
LWPOLYLINE
  5
20121
330
1F
100
AcDbEntity
  8
tejido
 62
     8
420
  8421504
100
AcDbPolyline
 90
        6
 70
     1
 43
0.0
 10
6362744.71623636
 20
6173318.335725359
 10
6362742.71006502
 20
6173316.95300695
 10
6362740.705707871
 20
6173319.861107249
 10
6362742.721006831
 20
6173321.25011669
 10
6362742.74982345
 20
6173321.208100539
 10
6362744.71623636
 20
6173318.335725359
  0
LWPOLYLINE
  5
20122
330
1F
100
AcDbEntity
  8
tejido
 62
     8
420
  8421504
100
AcDbPolyline
 90
       14
 70
     1
 43
0.0
 10
6362745.48024057
 20
6173317.21844566
 10
6362739.19679782
 20
6173312.888107751
 10
6362739.071751231
 20
6173313.069585
 10
6362737.03115904
 20
6173316.030646589
 10
6362738.73415305
 20
6173317.20427196
 10
6362739.63942141
 20
6173317.828192019
 10
6362739.38639907
 20
6173318.19525587
 10
6362740.3295123
 20
6173318.845123531
 10
6362739.9759525
 20
6173319.35818009
 10
6362740.70572847
 20
6173319.86116996
 10
6362742.710141681
 20
6173316.953007879
 10
6362744.71636093
 20
6173318.33574723
 10
6362744.78485005
 20
6173318.23569247
 10
6362745.48024057
 20
6173317.21844566
  0
LWPOLYLINE
  5
20123
330
1F
100
AcDbEntity
  8
tejido
 62
     8
420
  8421504
100
AcDbPolyline
 90
        8
 70
     1
 43
0.0
 10
6362739.19679782
 20
6173312.888107751
 10
6362745.48024057
 20
6173317.21844566
 10
6362745.587905879
 20
6173317.06089461
 10
6362747.810922111
 20
6173313.814049341
 10
6362743.440609039
 20
6173310.81869945
 10
6362741.540686011
 20
6173309.51614021
 10
6362741.52702388
 20
6173309.50672281
 10
6362739.19679782
 20
6173312.888107751
  0
LWPOLYLINE
  5
20124
330
1F
100
AcDbEntity
  8
tejido
 62
     8
420
  8421504
100
AcDbPolyline
 90
       18
 70
     1
 43
0.0
 10
6362732.263267201
 20
6173303.158226129
 10
6362729.99273199
 20
6173306.452616911
 10
6362732.89612127
 20
6173308.453542
 10
6362732.727730761
 20
6173308.69782806
 10
6362736.477210289
 20
6173311.28157989
 10
6362739.071751231
 20
6173313.069585
 10
6362739.19679782
 20
6173312.888107751
 10
6362741.52702388
 20
6173309.50672281
 10
6362741.398434629
 20
6173309.41864869
 10
6362738.590159259
 20
6173307.494322661
 10
6362736.490300971
 20
6173306.05539821
 10
6362735.175873901
 20
6173305.155071959
 10
6362735.07285989
 20
6173305.08434194
 10
6362734.127165171
 20
6173304.43565793
 10
6362733.123790141
 20
6173303.747856111
 10
6362732.85851326
 20
6173303.565973371
 10
6362732.466095341
 20
6173303.297197549
 10
6362732.263267201
 20
6173303.158226129
  0
LWPOLYLINE
  5
20125
330
1F
100
AcDbEntity
  8
tejido
 62
     8
420
  8421504
100
AcDbPolyline
 90
        5
 70
     1
 43
0.0
 10
6362736.47715613
 20
6173311.281530289
 10
6362734.43658182
 20
6173314.24260629
 10
6362737.03116067
 20
6173316.030615381
 10
6362739.071734949
 20
6173313.06953939
 10
6362736.47715613
 20
6173311.281530289
  0
LWPOLYLINE
  5
20126
330
1F
100
AcDbEntity
  8
tejido
 62
     8
420
  8421504
100
AcDbPolyline
 90
       13
 70
     1
 43
0.0
 10
6362745.31161559
 20
6173290.240237941
 10
6362743.01705529
 20
6173293.658067479
 10
6362742.63672155
 20
6173294.224579709
 10
6362745.84578285
 20
6173296.37879576
 10
6362744.53850737
 20
6173298.32609068
 10
6362745.901751919
 20
6173299.24092296
 10
6362747.2251303
 20
6173297.269439109
 10
6362749.03812712
 20
6173298.48654287
 10
6362751.65630345
 20
6173294.5861443
 10
6362751.60715412
 20
6173294.552400911
 10
6362750.88688326
 20
6173294.071834079
 10
6362745.43136248
 20
6173290.322532911
 10
6362745.31161559
 20
6173290.240237941
  0
LWPOLYLINE
  5
20127
330
1F
100
AcDbEntity
  8
tejido
 62
     8
420
  8421504
100
AcDbPolyline
 90
       11
 70
     1
 43
0.0
 10
6362743.75079652
 20
6173306.19083447
 10
6362741.848548941
 20
6173304.83885583
 10
6362737.46319922
 20
6173301.7216564
 10
6362735.07310052
 20
6173305.084589649
 10
6362735.175873901
 20
6173305.155071959
 10
6362736.490300971
 20
6173306.05539821
 10
6362738.590159259
 20
6173307.494322661
 10
6362741.398434629
 20
6173309.41864869
 10
6362741.52702388
 20
6173309.50672281
 10
6362741.540686011
 20
6173309.51614021
 10
6362743.75079652
 20
6173306.19083447
  0
LWPOLYLINE
  5
20128
330
1F
100
AcDbEntity
  8
tejido
 62
     8
420
  8421504
100
AcDbPolyline
 90
       21
 70
     1
 43
0.0
 10
6362750.124935971
 20
6173300.74856216
 10
6362750.37698823
 20
6173303.031181189
 10
6362749.557453511
 20
6173304.264536869
 10
6362748.106151379
 20
6173303.300194519
 10
6362747.576605251
 20
6173304.0971743
 10
6362745.88788396
 20
6173302.975103589
 10
6362743.82644445
 20
6173306.07708486
 10
6362744.78833142
 20
6173306.7164788
 10
6362745.057912269
 20
6173306.310640299
 10
6362750.49042075
 20
6173309.92052273
 10
6362752.85482184
 20
6173306.46862535
 10
6362753.426299961
 20
6173305.634642889
 10
6362754.65529025
 20
6173303.839829779
 10
6362755.39787041
 20
6173302.75561712
 10
6362749.038196169
 20
6173298.48663438
 10
6362747.22519846
 20
6173297.269591659
 10
6362745.90175904
 20
6173299.24107463
 10
6362745.34262308
 20
6173300.082867921
 10
6362747.20429593
 20
6173301.32003172
 10
6362748.362315551
 20
6173299.57743074
 10
6362750.124935971
 20
6173300.74856216
  0
LWPOLYLINE
  5
20129
330
1F
100
AcDbEntity
  8
tejido
 62
     8
420
  8421504
100
AcDbPolyline
 90
        7
 70
     1
 43
0.0
 10
6362734.9176348
 20
6173271.366411379
 10
6362731.29174726
 20
6173268.857472719
 10
6362731.22182583
 20
6173268.9594605
 10
6362729.664442229
 20
6173271.23227851
 10
6362734.260203779
 20
6173274.41043772
 10
6362735.8969409
 20
6173272.04364206
 10
6362734.9176348
 20
6173271.366411379
  0
LWPOLYLINE
  5
2012A
330
1F
100
AcDbEntity
  8
tejido
 62
     8
420
  8421504
100
AcDbPolyline
 90
        6
 70
     1
 43
0.0
 10
6362739.66755887
 20
6173298.6204956
 10
6362737.72274608
 20
6173301.35638639
 10
6362737.463108239
 20
6173301.72165683
 10
6362741.848548941
 20
6173304.83885583
 10
6362744.075295791
 20
6173301.70615044
 10
6362739.66755887
 20
6173298.6204956
  0
LWPOLYLINE
  5
2012B
330
1F
100
AcDbEntity
  8
tejido
 62
     8
420
  8421504
100
AcDbPolyline
 90
        8
 70
     1
 43
0.0
 10
6362734.2383888
 20
6173297.202836019
 10
6362735.36700726
 20
6173295.61000604
 10
6362733.58302072
 20
6173294.34173051
 10
6362733.47968323
 20
6173294.48713312
 10
6362732.84919077
 20
6173295.374050529
 10
6362731.62628063
 20
6173297.09476912
 10
6362733.41268591
 20
6173298.36466715
 10
6362734.2383888
 20
6173297.202836019
  0
LWPOLYLINE
  5
2012C
330
1F
100
AcDbEntity
  8
tejido
 62
     8
420
  8421504
100
AcDbPolyline
 90
       13
 70
     1
 43
0.0
 10
6362745.901683171
 20
6173299.24094304
 10
6362744.53851633
 20
6173298.32595725
 10
6362745.845687051
 20
6173296.3786453
 10
6362742.63673214
 20
6173294.224572409
 10
6362743.01705317
 20
6173293.65800244
 10
6362738.585697879
 20
6173290.683369649
 10
6362736.43814796
 20
6173293.883267279
 10
6362739.85275613
 20
6173296.174915971
 10
6362741.27327973
 20
6173294.058303841
 10
6362744.50829567
 20
6173296.22942267
 10
6362742.98437969
 20
6173298.500091799
 10
6362745.3424094
 20
6173300.08263812
 10
6362745.901683171
 20
6173299.24094304
  0
LWPOLYLINE
  5
2012D
330
1F
100
AcDbEntity
  8
tejido
 62
     8
420
  8421504
100
AcDbPolyline
 90
        8
 70
     1
 43
0.0
 10
6362739.72623005
 20
6173264.413248521
 10
6362738.138667839
 20
6173266.70883427
 10
6362735.08870331
 20
6173271.11914082
 10
6362738.207298009
 20
6173273.277045299
 10
6362740.049457251
 20
6173270.589996219
 10
6362740.333565469
 20
6173270.17600363
 10
6362742.821990139
 20
6173266.545850339
 10
6362739.72623005
 20
6173264.413248521
  0
LWPOLYLINE
  5
2012E
330
1F
100
AcDbEntity
  8
tejido
 62
     8
420
  8421504
100
AcDbPolyline
 90
       13
 70
     1
 43
0.0
 10
6362726.62053018
 20
6173304.30605734
 10
6362728.96784488
 20
6173300.8998871
 10
6362728.96149553
 20
6173300.8956433
 10
6362728.936602881
 20
6173300.87843645
 10
6362728.274316959
 20
6173300.423493239
 10
6362726.49021276
 20
6173299.201252031
 10
6362724.89569923
 20
6173298.10875416
 10
6362723.685326529
 20
6173297.27898976
 10
6362721.85316957
 20
6173299.937304721
 10
6362721.251324789
 20
6173300.810716611
 10
6362723.78922233
 20
6173302.55968017
 10
6362726.524858441
 20
6173304.444915981
 10
6362726.62053018
 20
6173304.30605734
  0
LWPOLYLINE
  5
2012F
330
1F
100
AcDbEntity
  8
tejido
 62
     8
420
  8421504
100
AcDbPolyline
 90
        6
 70
     1
 43
0.0
 10
6362722.63702122
 20
6173296.560024789
 10
6362720.80669667
 20
6173299.216050041
 10
6362721.853187411
 20
6173299.93720945
 10
6362723.68520719
 20
6173297.27872413
 10
6362722.68980652
 20
6173296.59621779
 10
6362722.63702122
 20
6173296.560024789
  0
LWPOLYLINE
  5
20130
330
1F
100
AcDbEntity
  8
tejido
 62
     8
420
  8421504
100
AcDbPolyline
 90
       18
 70
     1
 43
0.0
 10
6362720.181990241
 20
6173293.8380407
 10
6362719.68506293
 20
6173294.537071369
 10
6362722.6371592
 20
6173296.56013304
 10
6362722.68987557
 20
6173296.596309291
 10
6362723.685326529
 20
6173297.27898976
 10
6362724.89569923
 20
6173298.10875416
 10
6362726.49021276
 20
6173299.201252031
 10
6362728.274316959
 20
6173300.423493239
 10
6362728.93652895
 20
6173300.87843012
 10
6362731.62628063
 20
6173297.09476912
 10
6362732.84919077
 20
6173295.374050529
 10
6362727.91155196
 20
6173291.86438789
 10
6362727.46511059
 20
6173292.49228753
 10
6362726.414971
 20
6173293.9698215
 10
6362725.17451735
 20
6173293.08815119
 10
6362723.14467094
 20
6173295.94386417
 10
6362722.002845051
 20
6173295.13224976
 10
6362720.181990241
 20
6173293.8380407
  0
LWPOLYLINE
  5
20131
330
1F
100
AcDbEntity
  8
tejido
 62
     8
420
  8421504
100
AcDbPolyline
 90
        7
 70
     1
 43
0.0
 10
6362743.82644445
 20
6173306.07708486
 10
6362743.75079652
 20
6173306.19083447
 10
6362741.540686011
 20
6173309.51614021
 10
6362743.441637931
 20
6173310.819324909
 10
6362745.745629551
 20
6173307.352326051
 10
6362744.78833142
 20
6173306.7164788
 10
6362743.82644445
 20
6173306.07708486
  0
LWPOLYLINE
  5
20132
330
1F
100
AcDbEntity
  8
tejido
 62
     8
420
  8421504
100
AcDbPolyline
 90
        6
 70
     1
 43
0.0
 10
6362726.52478939
 20
6173304.444824471
 10
6362724.494847671
 20
6173307.39138708
 10
6362726.308954111
 20
6173308.64147705
 10
6362728.43492849
 20
6173305.55642738
 10
6362726.620461129
 20
6173304.30596583
 10
6362726.52478939
 20
6173304.444824471
  0
LWPOLYLINE
  5
20133
330
1F
100
AcDbEntity
  8
tejido
 62
     8
420
  8421504
100
AcDbPolyline
 90
        6
 70
     1
 43
0.0
 10
6362744.075295791
 20
6173301.70615044
 10
6362741.848548941
 20
6173304.83885583
 10
6362743.750670449
 20
6173306.190895809
 10
6362743.8263754
 20
6173306.07699335
 10
6362745.88781491
 20
6173302.97501208
 10
6362744.075295791
 20
6173301.70615044
  0
LWPOLYLINE
  5
20134
330
1F
100
AcDbEntity
  8
tejido
 62
     8
420
  8421504
100
AcDbPolyline
 90
        6
 70
     1
 43
0.0
 10
6362736.55500554
 20
6173264.89053372
 10
6362736.702427731
 20
6173265.715657611
 10
6362738.13856279
 20
6173266.70880446
 10
6362739.726089881
 20
6173264.41316885
 10
6362739.58808709
 20
6173264.318107181
 10
6362736.55500554
 20
6173264.89053372
  0
LWPOLYLINE
  5
20135
330
1F
100
AcDbEntity
  8
tejido
 62
     8
420
  8421504
100
AcDbPolyline
 90
        5
 70
     1
 43
0.0
 10
6362723.222492689
 20
6173293.4161946
 10
6362721.40167792
 20
6173292.12194785
 10
6362720.181969209
 20
6173293.837898531
 10
6362722.002783999
 20
6173295.13214528
 10
6362723.222492689
 20
6173293.4161946
  0
LWPOLYLINE
  5
20136
330
1F
100
AcDbEntity
  8
tejido
 62
     8
420
  8421504
100
AcDbPolyline
 90
        6
 70
     1
 43
0.0
 10
6362738.585697879
 20
6173290.683369649
 10
6362736.854828219
 20
6173289.521489949
 10
6362736.112588801
 20
6173290.627215171
 10
6362734.70706177
 20
6173292.72148201
 10
6362736.43814796
 20
6173293.883267279
 10
6362738.585697879
 20
6173290.683369649
  0
LWPOLYLINE
  5
20137
330
1F
100
AcDbEntity
  8
tejido
 62
     8
420
  8421504
100
AcDbPolyline
 90
       12
 70
     1
 43
0.0
 10
6362731.37414959
 20
6173302.54894921
 10
6362728.96784488
 20
6173300.8998871
 10
6362726.62053018
 20
6173304.30605734
 10
6362728.43499666
 20
6173305.55657993
 10
6362726.30902228
 20
6173308.641629599
 10
6362734.43679855
 20
6173314.24282727
 10
6362736.47720675
 20
6173311.28182407
 10
6362732.727730761
 20
6173308.69782806
 10
6362732.89612127
 20
6173308.453542
 10
6362729.99273199
 20
6173306.452616911
 10
6362732.263267201
 20
6173303.158226129
 10
6362731.37414959
 20
6173302.54894921
  0
LWPOLYLINE
  5
20138
330
1F
100
AcDbEntity
  8
tejido
 62
     8
420
  8421504
100
AcDbPolyline
 90
        8
 70
     1
 43
0.0
 10
6362751.65630345
 20
6173294.5861443
 10
6362749.03812712
 20
6173298.48654287
 10
6362755.397801359
 20
6173302.75552562
 10
6362755.44751673
 20
6173302.68279601
 10
6362756.268503249
 20
6173301.484079989
 10
6362758.00665319
 20
6173298.94663663
 10
6362754.58537118
 20
6173296.597271449
 10
6362751.65630345
 20
6173294.5861443
  0
LWPOLYLINE
  5
20139
330
1F
100
AcDbEntity
  8
tejido
 62
     8
420
  8421504
100
AcDbPolyline
 90
        5
 70
     1
 43
0.0
 10
6362726.52478939
 20
6173304.444824471
 10
6362723.78921521
 20
6173302.5595285
 10
6362721.75884881
 20
6173305.50590181
 10
6362724.494847671
 20
6173307.39138708
 10
6362726.52478939
 20
6173304.444824471
  0
LWPOLYLINE
  5
2013A
330
1F
100
AcDbEntity
  8
tejido
 62
     8
420
  8421504
100
AcDbPolyline
 90
        7
 70
     1
 43
0.0
 10
6362723.91867873
 20
6173285.479786381
 10
6362723.42649573
 20
6173285.14941682
 10
6362721.164707259
 20
6173283.631154269
 10
6362720.16647706
 20
6173285.086788791
 10
6362720.16223679
 20
6173285.092893981
 10
6362722.92305956
 20
6173286.95552127
 10
6362723.91867873
 20
6173285.479786381
  0
LWPOLYLINE
  5
2013B
330
1F
100
AcDbEntity
  8
tejido
 62
     8
420
  8421504
100
AcDbPolyline
 90
        6
 70
     1
 43
0.0
 10
6362735.8969409
 20
6173272.04364206
 10
6362738.037733489
 20
6173273.52408869
 10
6362738.20729
 20
6173273.27695467
 10
6362735.0886953
 20
6173271.11905019
 10
6362734.9176348
 20
6173271.366411379
 10
6362735.8969409
 20
6173272.04364206
  0
LWPOLYLINE
  5
2013C
330
1F
100
AcDbEntity
  8
tejido
 62
     8
420
  8421504
100
AcDbPolyline
 90
       12
 70
     1
 43
0.0
 10
6362720.320904569
 20
6173299.92114477
 10
6362720.80668489
 20
6173299.216091209
 10
6362722.6371592
 20
6173296.56013304
 10
6362719.68506293
 20
6173294.537071369
 10
6362715.603600629
 20
6173291.74000296
 10
6362713.379864679
 20
6173294.98592215
 10
6362711.11108536
 20
6173298.298166801
 10
6362711.069418789
 20
6173298.358985081
 10
6362713.78480287
 20
6173300.23031209
 10
6362714.82500015
 20
6173300.94722166
 10
6362717.07402635
 20
6173297.68353538
 10
6362720.320904569
 20
6173299.92114477
  0
LWPOLYLINE
  5
2013D
330
1F
100
AcDbEntity
  8
tejido
 62
     8
420
  8421504
100
AcDbPolyline
 90
        5
 70
     1
 43
0.0
 10
6362733.47962933
 20
6173294.487069349
 10
6362728.54193129
 20
6173290.977273181
 10
6362727.91144857
 20
6173291.86425893
 10
6362732.849139059
 20
6173295.374093781
 10
6362733.47962933
 20
6173294.487069349
  0
LWPOLYLINE
  5
2013E
330
1F
100
AcDbEntity
  8
tejido
 62
     8
420
  8421504
100
AcDbPolyline
 90
        7
 70
     1
 43
0.0
 10
6362731.37414959
 20
6173302.54894921
 10
6362732.263267201
 20
6173303.158226129
 10
6362732.466095341
 20
6173303.297197549
 10
6362732.85851326
 20
6173303.565973371
 10
6362734.06800289
 20
6173301.932919501
 10
6362732.62299768
 20
6173300.86267557
 10
6362731.37414959
 20
6173302.54894921
  0
LWPOLYLINE
  5
2013F
330
1F
100
AcDbEntity
  8
tejido
 62
     8
420
  8421504
100
AcDbPolyline
 90
        8
 70
     1
 43
0.0
 10
6362744.788263261
 20
6173306.716326241
 10
6362745.7455605
 20
6173307.352234539
 10
6362743.44259511
 20
6173310.820042001
 10
6362747.81085395
 20
6173313.81389679
 10
6362748.210156049
 20
6173313.249483631
 10
6362750.4903517
 20
6173309.92043122
 10
6362745.057844099
 20
6173306.310487739
 10
6362744.788263261
 20
6173306.716326241
  0
LWPOLYLINE
  5
20140
330
1F
100
AcDbEntity
  8
tejido
 62
     8
420
  8421504
100
AcDbPolyline
 90
        5
 70
     1
 43
0.0
 10
6362713.78475505
 20
6173300.23023369
 10
6362711.06934855
 20
6173298.35893934
 10
6362709.94889952
 20
6173299.99476424
 10
6362712.65955817
 20
6173301.8629896
 10
6362713.78475505
 20
6173300.23023369
  0
LWPOLYLINE
  5
20141
330
1F
100
AcDbEntity
  8
tejido
 62
     8
420
  8421504
100
AcDbPolyline
 90
       11
 70
     1
 43
0.0
 10
6362721.75885594
 20
6173305.506053471
 10
6362723.78922233
 20
6173302.55968017
 10
6362721.251324789
 20
6173300.810716611
 10
6362720.20483745
 20
6173300.08968623
 10
6362720.320904569
 20
6173299.92114477
 10
6362717.074023691
 20
6173297.68371851
 10
6362714.825183279
 20
6173300.94722432
 10
6362718.017592631
 20
6173303.14741093
 10
6362718.12018787
 20
6173302.998456299
 10
6362718.174654141
 20
6173303.0360622
 10
6362721.75885594
 20
6173305.506053471
  0
LWPOLYLINE
  5
20142
330
1F
100
AcDbEntity
  8
tejido
 62
     8
420
  8421504
100
AcDbPolyline
 90
        7
 70
     1
 43
0.0
 10
6362739.66755887
 20
6173298.6204956
 10
6362735.36699942
 20
6173295.60987073
 10
6362734.23833056
 20
6173297.20285798
 10
6362737.35014781
 20
6173299.414707111
 10
6362736.55835377
 20
6173300.52861241
 10
6362737.72274608
 20
6173301.35638639
 10
6362739.66755887
 20
6173298.6204956
  0
LWPOLYLINE
  5
20143
330
1F
100
AcDbEntity
  8
tejido
 62
     8
420
  8421504
100
AcDbPolyline
 90
       10
 70
     1
 43
0.0
 10
6362738.037733489
 20
6173273.52408869
 10
6362735.8969409
 20
6173272.04364206
 10
6362734.260203779
 20
6173274.41043772
 10
6362734.068062869
 20
6173274.68828213
 10
6362736.219889401
 20
6173276.176359159
 10
6362736.29457856
 20
6173276.067386701
 10
6362737.251153679
 20
6173274.671777
 10
6362737.646615451
 20
6173274.09430334
 10
6362737.99310056
 20
6173273.58914262
 10
6362738.037733489
 20
6173273.52408869
  0
LWPOLYLINE
  5
20144
330
1F
100
AcDbEntity
  8
tejido
 62
     8
420
  8421504
100
AcDbPolyline
 90
        6
 70
     1
 43
0.0
 10
6362725.08288284
 20
6173290.79889943
 10
6362727.46508749
 20
6173292.492185701
 10
6362727.911416481
 20
6173291.8642665
 10
6362728.54188542
 20
6173290.97728948
 10
6362726.15968079
 20
6173289.28400319
 10
6362725.08288284
 20
6173290.79889943
  0
LWPOLYLINE
  5
20145
330
1F
100
AcDbEntity
  8
tejido
 62
     8
420
  8421504
100
AcDbPolyline
 90
        8
 70
     1
 43
0.0
 10
6362750.12492885
 20
6173300.74841049
 10
6362748.36230843
 20
6173299.57727907
 10
6362747.204226881
 20
6173301.31994021
 10
6362748.742549751
 20
6173302.342142281
 10
6362748.106083209
 20
6173303.300041959
 10
6362749.557385341
 20
6173304.264384309
 10
6362750.37692007
 20
6173303.03102863
 10
6362750.12492885
 20
6173300.74841049
  0
LWPOLYLINE
  5
20146
330
1F
100
AcDbEntity
  8
tejido
 62
     8
420
  8421504
100
AcDbPolyline
 90
        7
 70
     1
 43
0.0
 10
6362736.112588801
 20
6173290.627215171
 10
6362732.498137489
 20
6173288.20123406
 10
6362732.268932431
 20
6173288.54263329
 10
6362730.97408075
 20
6173287.67342377
 10
6362729.79766144
 20
6173289.42595448
 10
6362734.70706177
 20
6173292.72148201
 10
6362736.112588801
 20
6173290.627215171
  0
LWPOLYLINE
  5
20147
330
1F
100
AcDbEntity
  8
tejido
 62
     8
420
  8421504
100
AcDbPolyline
 90
        9
 70
     1
 43
0.0
 10
6362720.16224392
 20
6173285.09304565
 10
6362717.88660474
 20
6173288.41099104
 10
6362715.603600629
 20
6173291.74000296
 10
6362719.68506293
 20
6173294.537071369
 10
6362720.181990241
 20
6173293.8380407
 10
6362721.40165898
 20
6173292.121915331
 10
6362724.37686909
 20
6173287.93643134
 10
6362722.923179989
 20
6173286.95563025
 10
6362720.16224392
 20
6173285.09304565
  0
LWPOLYLINE
  5
20148
330
1F
100
AcDbEntity
  8
tejido
 62
     8
420
  8421504
100
AcDbPolyline
 90
        7
 70
     1
 43
0.0
 10
6362745.311551081
 20
6173290.24029362
 10
6362743.675311691
 20
6173289.11580846
 10
6362739.18806082
 20
6173286.04574091
 10
6362736.85493728
 20
6173289.52172012
 10
6362738.585701269
 20
6173290.68341481
 10
6362743.017062419
 20
6173293.65821914
 10
6362745.311551081
 20
6173290.24029362
  0
LWPOLYLINE
  5
20149
330
1F
100
AcDbEntity
  8
tejido
 62
     8
420
  8421504
100
AcDbPolyline
 90
        5
 70
     1
 43
0.0
 10
6362720.80669667
 20
6173299.216050041
 10
6362720.20475375
 20
6173300.08954303
 10
6362721.251277069
 20
6173300.81065516
 10
6362721.853187411
 20
6173299.93720945
 10
6362720.80669667
 20
6173299.216050041
  0
LWPOLYLINE
  5
2014A
330
1F
100
AcDbEntity
  8
tejido
 62
     8
420
  8421504
100
AcDbPolyline
 90
        6
 70
     1
 43
0.0
 10
6362721.164609701
 20
6173283.6311639
 10
6362723.42649573
 20
6173285.14941682
 10
6362727.97884966
 20
6173278.36767967
 10
6362725.799578051
 20
6173276.872592951
 10
6362721.255899891
 20
6173283.49803103
 10
6362721.164609701
 20
6173283.6311639
  0
LWPOLYLINE
  5
2014B
330
1F
100
AcDbEntity
  8
tejido
 62
     8
420
  8421504
100
AcDbPolyline
 90
        8
 70
     1
 43
0.0
 10
6362738.13856279
 20
6173266.70880446
 10
6362736.702427731
 20
6173265.715657611
 10
6362736.55500554
 20
6173264.89053372
 10
6362733.631806161
 20
6173265.442222461
 10
6362731.29174726
 20
6173268.857472719
 10
6362734.9176348
 20
6173271.366411379
 10
6362735.0886953
 20
6173271.11905019
 10
6362738.13856279
 20
6173266.70880446
  0
LWPOLYLINE
  5
2014C
330
1F
100
AcDbEntity
  8
tejido
 62
     8
420
  8421504
100
AcDbPolyline
 90
       20
 70
     1
 43
0.0
 10
6362739.18806082
 20
6173286.04574091
 10
6362738.07669108
 20
6173285.285427279
 10
6362736.80492339
 20
6173284.41166782
 10
6362735.19338339
 20
6173283.305979359
 10
6362733.02742538
 20
6173281.81908393
 10
6362732.56271933
 20
6173281.512260761
 10
6362730.943256121
 20
6173280.40138981
 10
6362730.60749849
 20
6173280.170495879
 10
6362729.385217179
 20
6173279.3324995
 10
6362728.51237244
 20
6173278.733654631
 10
6362727.978918711
 20
6173278.36777118
 10
6362723.42656477
 20
6173285.14950833
 10
6362723.918711879
 20
6173285.479747191
 10
6362729.79773048
 20
6173289.426045981
 10
6362730.97414981
 20
6173287.67351528
 10
6362732.26893955
 20
6173288.54278496
 10
6362732.49820566
 20
6173288.20138661
 10
6362736.112656961
 20
6173290.62736772
 10
6362736.854939931
 20
6173289.52153699
 10
6362739.18806082
 20
6173286.04574091
  0
LWPOLYLINE
  5
2014D
330
1F
100
AcDbEntity
  8
tejido
 62
     8
420
  8421504
100
AcDbPolyline
 90
       17
 70
     1
 43
0.0
 10
6362731.37414959
 20
6173302.54894921
 10
6362732.62299768
 20
6173300.86267557
 10
6362734.06800289
 20
6173301.932919501
 10
6362732.85851326
 20
6173303.565973371
 10
6362733.123790141
 20
6173303.747856111
 10
6362734.127165171
 20
6173304.43565793
 10
6362735.07285989
 20
6173305.08434194
 10
6362737.46319922
 20
6173301.7216564
 10
6362737.722787681
 20
6173301.35651939
 10
6362736.558360889
 20
6173300.52876408
 10
6362737.35015847
 20
6173299.414614599
 10
6362734.2383888
 20
6173297.202836019
 10
6362733.412689451
 20
6173298.36442297
 10
6362731.62628063
 20
6173297.09476912
 10
6362728.93652895
 20
6173300.87843012
 10
6362728.96149553
 20
6173300.8956433
 10
6362731.37414959
 20
6173302.54894921
  0
LWPOLYLINE
  5
2014E
330
1F
100
AcDbEntity
  8
tejido
 62
     8
420
  8421504
100
AcDbPolyline
 90
        7
 70
     1
 43
0.0
 10
6362722.6601535
 20
6173323.80066927
 10
6362720.014040869
 20
6173322.04916082
 10
6362717.71534315
 20
6173325.52160972
 10
6362718.31325747
 20
6173325.930616719
 10
6362719.475090471
 20
6173326.726707509
 10
6362720.33367162
 20
6173327.31551559
 10
6362722.6601535
 20
6173323.80066927
  0
LWPOLYLINE
  5
2014F
330
1F
100
AcDbEntity
  8
tejido
 62
     8
420
  8421504
100
AcDbPolyline
 90
       12
 70
     1
 43
0.0
 10
6362754.21625482
 20
6173289.20845954
 10
6362753.239837541
 20
6173288.53509956
 10
6362750.546833011
 20
6173286.67794122
 10
6362747.0139893
 20
6173284.24161029
 10
6362746.839027391
 20
6173284.496974299
 10
6362746.43003803
 20
6173285.09366764
 10
6362743.6750433
 20
6173289.115721389
 10
6362745.31134372
 20
6173290.24020743
 10
6362745.431163131
 20
6173290.32253735
 10
6362750.88668391
 20
6173294.07183851
 10
6362754.05967476
 20
6173289.43826335
 10
6362754.21625482
 20
6173289.20845954
  0
LWPOLYLINE
  5
20150
330
1F
100
AcDbEntity
  8
tejido
 62
     8
420
  8421504
100
AcDbPolyline
 90
        7
 70
     1
 43
0.0
 10
6362748.14069897
 20
6173282.59647844
 10
6362748.08666066
 20
6173282.67544476
 10
6362747.76736174
 20
6173283.14155744
 10
6362747.0139893
 20
6173284.24161029
 10
6362750.546833011
 20
6173286.67794122
 10
6362751.67883645
 20
6173285.036460121
 10
6362748.14069897
 20
6173282.59647844
  0
LWPOLYLINE
  5
20151
330
1F
100
AcDbEntity
  8
tejido
 62
     8
420
  8421504
100
AcDbPolyline
 90
        9
 70
     1
 43
0.0
 10
6362749.529334239
 20
6173280.5676528
 10
6362749.35490251
 20
6173280.82215963
 10
6362748.14069897
 20
6173282.59647844
 10
6362751.67883645
 20
6173285.036460121
 10
6362751.909424801
 20
6173284.702091519
 10
6362752.553406149
 20
6173285.14619599
 10
6362752.82127002
 20
6173284.75810115
 10
6362753.7185621
 20
6173283.45664154
 10
6362749.529334239
 20
6173280.5676528
  0
LWPOLYLINE
  5
20152
330
1F
100
AcDbEntity
  8
tejido
 62
     8
420
  8421504
100
AcDbPolyline
 90
       11
 70
     1
 43
0.0
 10
6362757.045556779
 20
6173282.155222371
 10
6362755.85842176
 20
6173283.87664792
 10
6362757.222770039
 20
6173284.81753413
 10
6362758.45519171
 20
6173283.0177799
 10
6362758.66130929
 20
6173282.698026199
 10
6362759.19447021
 20
6173281.87069311
 10
6362760.324810911
 20
6173280.11688431
 10
6362761.030093899
 20
6173279.023705549
 10
6362759.93047991
 20
6173278.26954577
 10
6362759.79114926
 20
6173278.17392883
 10
6362757.045556779
 20
6173282.155222371
  0
LWPOLYLINE
  5
20153
330
1F
100
AcDbEntity
  8
tejido
 62
     8
420
  8421504
100
AcDbPolyline
 90
        8
 70
     1
 43
0.0
 10
6362756.375768561
 20
6173286.05444398
 10
6362755.40990208
 20
6173285.38836006
 10
6362754.870144179
 20
6173286.171045299
 10
6362753.239837541
 20
6173288.53509956
 10
6362754.21625482
 20
6173289.20845954
 10
6362754.73727714
 20
6173288.4477455
 10
6362755.95236481
 20
6173286.672757289
 10
6362756.375768561
 20
6173286.05444398
  0
LWPOLYLINE
  5
20154
330
1F
100
AcDbEntity
  8
tejido
 62
     8
420
  8421504
100
AcDbPolyline
 90
        6
 70
     1
 43
0.0
 10
6362755.02057966
 20
6173283.298868851
 10
6362754.21197696
 20
6173282.74137389
 10
6362753.71859904
 20
6173283.456696729
 10
6362752.82127002
 20
6173284.75810115
 10
6362753.62987184
 20
6173285.31565715
 10
6362755.02057966
 20
6173283.298868851
  0
LWPOLYLINE
  5
20155
330
1F
100
AcDbEntity
  8
tejido
 62
     8
420
  8421504
100
AcDbPolyline
 90
        9
 70
     1
 43
0.0
 10
6362752.821121021
 20
6173284.757991419
 10
6362752.553406149
 20
6173285.14619599
 10
6362751.909424801
 20
6173284.702091519
 10
6362751.67883645
 20
6173285.036460121
 10
6362750.546833011
 20
6173286.67794122
 10
6362753.239837541
 20
6173288.53509956
 10
6362754.870144179
 20
6173286.171045299
 10
6362753.62987184
 20
6173285.31565715
 10
6362752.821121021
 20
6173284.757991419
  0
LWPOLYLINE
  5
20156
330
1F
100
AcDbEntity
  8
tejido
 62
     8
420
  8421504
100
AcDbPolyline
 90
        8
 70
     1
 43
0.0
 10
6362757.222770039
 20
6173284.81753413
 10
6362755.85843964
 20
6173283.8766309
 10
6362755.02059631
 20
6173283.29886406
 10
6362753.62977056
 20
6173285.31565489
 10
6362754.870144179
 20
6173286.171045299
 10
6362755.40990208
 20
6173285.38836006
 10
6362756.375768561
 20
6173286.05444398
 10
6362757.222770039
 20
6173284.81753413
  0
LWPOLYLINE
  5
20157
330
1F
100
AcDbEntity
  8
tejido
 62
     8
420
  8421504
100
AcDbPolyline
 90
       14
 70
     1
 43
0.0
 10
6362755.85852491
 20
6173283.87671532
 10
6362757.04566564
 20
6173282.15535647
 10
6362755.853377761
 20
6173281.333180851
 10
6362754.42775089
 20
6173280.349794751
 10
6362754.60879938
 20
6173280.087314381
 10
6362752.86023481
 20
6173278.88158477
 10
6362751.94189023
 20
6173280.213334621
 10
6362750.468500309
 20
6173279.19744632
 10
6362750.386103159
 20
6173279.31769214
 10
6362749.52932687
 20
6173280.56772579
 10
6362753.71868431
 20
6173283.45678115
 10
6362754.21200119
 20
6173282.74145743
 10
6362755.020603
 20
6173283.29901343
 10
6362755.85852491
 20
6173283.87671532
  0
LWPOLYLINE
  5
20158
330
1F
100
AcDbEntity
  8
tejido
 62
     8
420
  8421504
100
AcDbPolyline
 90
        5
 70
     1
 43
0.0
 10
6362818.18255347
 20
6173381.203043101
 10
6362811.15598651
 20
6173376.38503266
 10
6362809.400312051
 20
6173378.94371367
 10
6362816.42544326
 20
6173383.76390128
 10
6362818.18255347
 20
6173381.203043101
  0
LWPOLYLINE
  5
20159
330
1F
100
AcDbEntity
  8
tejido
 62
     8
420
  8421504
100
AcDbPolyline
 90
       14
 70
     1
 43
0.0
 10
6362803.92065948
 20
6173386.05941777
 10
6362804.83626173
 20
6173386.686478969
 10
6362805.56432578
 20
6173387.18541409
 10
6362808.20301656
 20
6173388.99402314
 10
6362808.84479857
 20
6173389.434681889
 10
6362811.50348578
 20
6173391.257989821
 10
6362813.55333836
 20
6173388.25188143
 10
6362811.700411461
 20
6173386.98840805
 10
6362811.99541424
 20
6173386.55570711
 10
6362809.28028976
 20
6173384.70441151
 10
6362807.831103769
 20
6173383.716227619
 10
6362807.423751349
 20
6173384.31373841
 10
6362805.84500119
 20
6173383.237344199
 10
6362803.92065948
 20
6173386.05941777
  0
LWPOLYLINE
  5
2015A
330
1F
100
AcDbEntity
  8
tejido
 62
     8
420
  8421504
100
AcDbPolyline
 90
        7
 70
     1
 43
0.0
 10
6362801.415500209
 20
6173369.707010859
 10
6362798.03547937
 20
6173367.389385
 10
6362795.42334128
 20
6173371.20182872
 10
6362795.125999361
 20
6173371.63583901
 10
6362791.249692381
 20
6173377.2944225
 10
6362794.653890619
 20
6173379.66633803
 10
6362801.415500209
 20
6173369.707010859
  0
LWPOLYLINE
  5
2015B
102
{ACAD_REACTORS
330
20387
102
}
330
1F
100
AcDbEntity
  8
tejido
 62
     8
420
  8421504
100
AcDbPolyline
 90
        9
 70
     1
 43
0.0
 10
6362809.28030207
 20
6173384.704426551
 10
6362811.99530654
 20
6173386.555716469
 10
6362812.28390799
 20
6173386.132468769
 10
6362813.599390229
 20
6173387.02946141
 10
6362814.465846089
 20
6173385.758762811
 10
6362813.14815057
 20
6173384.86026101
 10
6362813.38568554
 20
6173384.51190472
 10
6362810.67289436
 20
6173382.662123961
 10
6362809.28030207
 20
6173384.704426551
  0
LWPOLYLINE
  5
2015C
330
1F
100
AcDbEntity
  8
tejido
 62
     8
420
  8421504
100
AcDbPolyline
 90
       11
 70
     1
 43
0.0
 10
6362838.561324159
 20
6173345.50979177
 10
6362842.338848341
 20
6173348.130367201
 10
6362842.457946579
 20
6173347.95650298
 10
6362841.35848752
 20
6173347.20008683
 10
6362842.240099701
 20
6173345.90883433
 10
6362843.68667318
 20
6173343.79089286
 10
6362843.77743226
 20
6173343.658190759
 10
6362840.84987343
 20
6173341.627243409
 10
6362840.182102429
 20
6173341.16399175
 10
6362837.62021506
 20
6173344.856917751
 10
6362838.561324159
 20
6173345.50979177
  0
LWPOLYLINE
  5
2015D
330
1F
100
AcDbEntity
  8
tejido
 62
     8
420
  8421504
100
AcDbPolyline
 90
        8
 70
     1
 43
0.0
 10
6362846.277377189
 20
6173341.62188143
 10
6362842.61573602
 20
6173339.08177644
 10
6362840.84987343
 20
6173341.627243409
 10
6362843.77743226
 20
6173343.658190759
 10
6362843.90681282
 20
6173343.468350671
 10
6362844.5921637
 20
6173342.465550979
 10
6362845.342863931
 20
6173342.98661106
 10
6362846.277377189
 20
6173341.62188143
  0
LWPOLYLINE
  5
2015E
330
1F
100
AcDbEntity
  8
tejido
 62
     8
420
  8421504
100
AcDbPolyline
 90
       14
 70
     1
 43
0.0
 10
6362837.883638611
 20
6173339.56948228
 10
6362840.182102429
 20
6173341.16399175
 10
6362840.84987343
 20
6173341.627243409
 10
6362842.61573602
 20
6173339.08177644
 10
6362846.277377189
 20
6173341.62188143
 10
6362846.331146999
 20
6173341.54322712
 10
6362848.23296587
 20
6173338.767047019
 10
6362848.02699275
 20
6173338.626015249
 10
6362847.74963829
 20
6173338.43492135
 10
6362842.41389031
 20
6173334.77124838
 10
6362841.82547063
 20
6173334.37275862
 10
6362841.80076504
 20
6173334.35438917
 10
6362841.571088651
 20
6173334.18901901
 10
6362837.883638611
 20
6173339.56948228
  0
LWPOLYLINE
  5
2015F
330
1F
100
AcDbEntity
  8
tejido
 62
     8
420
  8421504
100
AcDbPolyline
 90
       11
 70
     1
 43
0.0
 10
6362840.182102429
 20
6173341.16399175
 10
6362837.883638611
 20
6173339.56948228
 10
6362837.77247572
 20
6173339.73168322
 10
6362837.06223263
 20
6173340.76690914
 10
6362836.94676716
 20
6173340.93606982
 10
6362836.154745361
 20
6173342.091001001
 10
6362835.894200721
 20
6173342.47157117
 10
6362835.436290689
 20
6173343.14094447
 10
6362835.34287816
 20
6173343.27706466
 10
6362837.62021506
 20
6173344.856917751
 10
6362840.182102429
 20
6173341.16399175
  0
LWPOLYLINE
  5
20160
330
1F
100
AcDbEntity
  8
tejido
 62
     8
420
  8421504
100
AcDbPolyline
 90
        7
 70
     1
 43
0.0
 10
6362837.62021506
 20
6173344.856917751
 10
6362835.34287816
 20
6173343.27706466
 10
6362834.76391181
 20
6173344.12073101
 10
6362833.77307796
 20
6173345.56666533
 10
6362836.97899368
 20
6173347.7906998
 10
6362838.561324159
 20
6173345.50979177
 10
6362837.62021506
 20
6173344.856917751
  0
LWPOLYLINE
  5
20161
330
1F
100
AcDbEntity
  8
tejido
 62
     8
420
  8421504
100
AcDbPolyline
 90
       15
 70
     1
 43
0.0
 10
6362816.31627348
 20
6173394.55868089
 10
6362813.257645219
 20
6173398.93503712
 10
6362812.59729904
 20
6173398.47353361
 10
6362812.364370529
 20
6173398.806453179
 10
6362811.9335902
 20
6173398.50531162
 10
6362810.585613289
 20
6173400.434249521
 10
6362810.71750152
 20
6173400.52640106
 10
6362811.70587854
 20
6173401.216915729
 10
6362813.67060003
 20
6173402.58983344
 10
6362815.644498311
 20
6173403.969905519
 10
6362816.40462819
 20
6173402.85853313
 10
6362818.534459901
 20
6173399.74734673
 10
6362820.24337361
 20
6173397.251302859
 10
6362819.290293649
 20
6173396.5982384
 10
6362816.31627348
 20
6173394.55868089
  0
LWPOLYLINE
  5
20162
330
1F
100
AcDbEntity
  8
tejido
 62
     8
420
  8421504
100
AcDbPolyline
 90
       15
 70
     1
 43
0.0
 10
6362808.20292624
 20
6173388.994085191
 10
6362805.564239001
 20
6173387.18523197
 10
6362803.298284539
 20
6173390.58073617
 10
6362802.62605441
 20
6173391.58818331
 10
6362802.302526979
 20
6173392.07224618
 10
6362801.28347057
 20
6173393.59999095
 10
6362801.13237562
 20
6173393.826271969
 10
6362803.67166025
 20
6173395.60169152
 10
6362806.623782111
 20
6173397.66510984
 10
6362806.81597576
 20
6173397.799482629
 10
6362807.89012738
 20
6173396.28652255
 10
6362804.88554879
 20
6173394.15337113
 10
6362806.20342783
 20
6173392.297117049
 10
6362805.973685209
 20
6173392.13400739
 10
6362808.20292624
 20
6173388.994085191
  0
LWPOLYLINE
  5
20163
330
1F
100
AcDbEntity
  8
tejido
 62
     8
420
  8421504
100
AcDbPolyline
 90
       12
 70
     1
 43
0.0
 10
6362763.82692624
 20
6173286.26305827
 10
6362759.46353771
 20
6173292.64043513
 10
6362761.416819189
 20
6173293.91791445
 10
6362762.285270459
 20
6173292.637461059
 10
6362764.195114301
 20
6173289.82158844
 10
6362765.18353942
 20
6173288.36422458
 10
6362766.87570648
 20
6173285.86946458
 10
6362768.19653347
 20
6173283.92236625
 10
6362766.91769771
 20
6173283.05014502
 10
6362765.78163032
 20
6173284.696216549
 10
6362764.41847204
 20
6173286.67132478
 10
6362763.82692624
 20
6173286.26305827
  0
LWPOLYLINE
  5
20164
330
1F
100
AcDbEntity
  8
tejido
 62
     8
420
  8421504
100
AcDbPolyline
 90
        8
 70
     1
 43
0.0
 10
6362765.78163032
 20
6173284.696216549
 10
6362762.68970209
 20
6173282.6083596
 10
6362761.88221065
 20
6173283.80418171
 10
6362761.36786068
 20
6173284.56588772
 10
6362761.53838316
 20
6173284.68357703
 10
6362763.82692624
 20
6173286.26305827
 10
6362764.41847204
 20
6173286.67132478
 10
6362765.78163032
 20
6173284.696216549
  0
LWPOLYLINE
  5
20165
330
1F
100
AcDbEntity
  8
tejido
 62
     8
420
  8421504
100
AcDbPolyline
 90
        5
 70
     1
 43
0.0
 10
6362761.88221065
 20
6173283.80418171
 10
6362759.1947152
 20
6173281.87078874
 10
6362758.661536631
 20
6173282.69806703
 10
6362761.36786068
 20
6173284.56588772
 10
6362761.88221065
 20
6173283.80418171
  0
LWPOLYLINE
  5
20166
330
1F
100
AcDbEntity
  8
tejido
 62
     8
420
  8421504
100
AcDbPolyline
 90
        8
 70
     1
 43
0.0
 10
6362758.0094373
 20
6173291.689499519
 10
6362754.21633744
 20
6173289.20872709
 10
6362754.059940511
 20
6173289.438533551
 10
6362750.886769179
 20
6173294.071922931
 10
6362751.607036509
 20
6173294.55273394
 10
6362751.656372499
 20
6173294.58623581
 10
6362754.58537653
 20
6173296.597545199
 10
6362758.0094373
 20
6173291.689499519
  0
LWPOLYLINE
  5
20167
330
1F
100
AcDbEntity
  8
tejido
 62
     8
420
  8421504
100
AcDbPolyline
 90
        7
 70
     1
 43
0.0
 10
6362758.009498939
 20
6173291.689469039
 10
6362754.58529447
 20
6173296.597441289
 10
6362758.0064544
 20
6173298.946804711
 10
6362761.31419212
 20
6173294.06906659
 10
6362761.416819189
 20
6173293.91791445
 10
6362759.46353771
 20
6173292.64043513
 10
6362758.009498939
 20
6173291.689469039
  0
LWPOLYLINE
  5
20168
330
1F
100
AcDbEntity
  8
tejido
 62
     8
420
  8421504
100
AcDbPolyline
 90
        9
 70
     1
 43
0.0
 10
6362759.1947152
 20
6173281.87078874
 10
6362761.88221065
 20
6173283.80418171
 10
6362762.68970209
 20
6173282.6083596
 10
6362765.78163032
 20
6173284.696216549
 10
6362766.91769771
 20
6173283.05014502
 10
6362763.11206067
 20
6173280.454536129
 10
6362761.030097121
 20
6173279.02368606
 10
6362760.32499459
 20
6173280.117050599
 10
6362759.1947152
 20
6173281.87078874
  0
LWPOLYLINE
  5
20169
330
1F
100
AcDbEntity
  8
tejido
 62
     8
420
  8421504
100
AcDbPolyline
 90
       10
 70
     1
 43
0.0
 10
6362792.42273276
 20
6173340.485360141
 10
6362784.14984902
 20
6173334.9964799
 10
6362782.066743321
 20
6173338.04734865
 10
6362780.32007634
 20
6173340.70488734
 10
6362785.68864535
 20
6173344.37892759
 10
6362787.59040839
 20
6173345.680902531
 10
6362788.45613672
 20
6173346.2736605
 10
6362789.76625335
 20
6173344.362002329
 10
6362791.511740259
 20
6173341.81538486
 10
6362792.42273276
 20
6173340.485360141
  0
LWPOLYLINE
  5
2016A
330
1F
100
AcDbEntity
  8
tejido
 62
     8
420
  8421504
100
AcDbPolyline
 90
       26
 70
     1
 43
0.0
 10
6362799.24806071
 20
6173312.876905979
 10
6362799.708910801
 20
6173313.208641369
 10
6362800.93636979
 20
6173312.93723431
 10
6362802.28588031
 20
6173313.85510437
 10
6362802.42383945
 20
6173315.193035969
 10
6362805.514679401
 20
6173317.26943148
 10
6362792.48598002
 20
6173336.66343746
 10
6362792.373283229
 20
6173336.587728889
 10
6362785.98996441
 20
6173332.299479401
 10
6362785.16067303
 20
6173333.51440773
 10
6362784.64265348
 20
6173334.27437156
 10
6362784.14984902
 20
6173334.9964799
 10
6362792.42273276
 20
6173340.485360141
 10
6362793.52808632
 20
6173338.871617399
 10
6362795.945977901
 20
6173335.3434431
 10
6362801.164051639
 20
6173327.72951756
 10
6362801.27708162
 20
6173327.56410703
 10
6362801.33371161
 20
6173327.481891869
 10
6362802.78998238
 20
6173325.35627559
 10
6362803.54110568
 20
6173324.25973149
 10
6362804.87538205
 20
6173322.31142384
 10
6362811.058567809
 20
6173313.28998499
 10
6362803.853086619
 20
6173308.36393691
 10
6362802.817505889
 20
6173307.648681929
 10
6362799.40371096
 20
6173312.6488868
 10
6362799.24806071
 20
6173312.876905979
  0
LWPOLYLINE
  5
2016B
330
1F
100
AcDbEntity
  8
tejido
 62
     8
420
  8421504
100
AcDbPolyline
 90
       21
 70
     1
 43
0.0
 10
6362827.54000469
 20
6173358.747424069
 10
6362825.50983258
 20
6173361.802661889
 10
6362828.335133561
 20
6173363.679912211
 10
6362828.96631385
 20
6173364.09929527
 10
6362828.48302427
 20
6173364.82630378
 10
6362831.582833221
 20
6173366.88593998
 10
6362830.323385139
 20
6173368.78129767
 10
6362823.64518232
 20
6173364.34388904
 10
6362820.879541571
 20
6173368.506643741
 10
6362821.30786863
 20
6173368.800117819
 10
6362824.70430506
 20
6173371.12811847
 10
6362828.20665989
 20
6173373.52866173
 10
6362833.856496791
 20
6173377.40178865
 10
6362834.01600059
 20
6173377.164028929
 10
6362838.80690343
 20
6173370.171077841
 10
6362840.321420009
 20
6173367.961255051
 10
6362840.618834431
 20
6173367.52645216
 10
6362838.95543208
 20
6173366.409938779
 10
6362833.72353908
 20
6173362.897968241
 10
6362827.6277429
 20
6173358.80633209
 10
6362827.54000469
 20
6173358.747424069
  0
LWPOLYLINE
  5
2016C
330
1F
100
AcDbEntity
  8
tejido
 62
     8
420
  8421504
100
AcDbPolyline
 90
       12
 70
     1
 43
0.0
 10
6362828.335133561
 20
6173363.679912211
 10
6362826.98270753
 20
6173365.63929893
 10
6362821.41175619
 20
6173361.79406536
 10
6362818.09546803
 20
6173366.598683701
 10
6362818.98710406
 20
6173367.209993961
 10
6362820.879541571
 20
6173368.506643741
 10
6362823.64518232
 20
6173364.34388904
 10
6362830.323385139
 20
6173368.78129767
 10
6362831.582833221
 20
6173366.88593998
 10
6362828.48302427
 20
6173364.82630378
 10
6362828.96631385
 20
6173364.09929527
 10
6362828.335133561
 20
6173363.679912211
  0
LWPOLYLINE
  5
2016D
330
1F
100
AcDbEntity
  8
tejido
 62
     8
420
  8421504
100
AcDbPolyline
 90
        6
 70
     1
 43
0.0
 10
6362808.15743687
 20
6173352.616022549
 10
6362806.076210169
 20
6173355.65206626
 10
6362804.81405029
 20
6173357.494388401
 10
6362807.66559861
 20
6173359.44891172
 10
6362811.07571807
 20
6173354.72082466
 10
6362808.15743687
 20
6173352.616022549
  0
HATCH
  5
20188
330
1F
100
AcDbEntity
  8
mdr_tejidoconsolidado
 62
     7
440
 33554585
100
AcDbHatch
 10
0.0
 20
0.0
 30
0.0
210
0.0
220
0.0
230
1.0
  2
SOLID
 70
     0
 71
     0
 91
        1
 92
        3
 72
     0
 73
     1
 93
       31
 10
6362754.655370021
 20
6173303.839814909
 10
6362754.65630154
 20
6173303.840523961
 10
6362761.72931456
 20
6173308.69564356
 10
6362761.73031233
 20
6173308.69625864
 10
6362761.73102124
 20
6173308.69532519
 10
6362763.34342757
 20
6173306.34049642
 10
6362767.873561571
 20
6173299.725281859
 10
6362767.874809549
 20
6173299.7233598
 10
6362772.30516981
 20
6173293.25242315
 10
6362774.00837211
 20
6173290.76565251
 10
6362775.33734944
 20
6173288.82537244
 10
6362775.33796284
 20
6173288.824375309
 10
6362775.337031299
 20
6173288.82366623
 10
6362768.19756677
 20
6173283.92285066
 10
6362768.19656643
 20
6173283.92223417
 10
6362768.19585976
 20
6173283.92317298
 10
6362766.87569522
 20
6173285.86957478
 10
6362765.18368914
 20
6173288.36400499
 10
6362764.19514386
 20
6173289.821375711
 10
6362762.28520771
 20
6173292.637355079
 10
6362761.41691835
 20
6173293.91799313
 10
6362761.41688455
 20
6173293.91804292
 10
6362761.314292679
 20
6173294.06896405
 10
6362758.006604271
 20
6173298.94662941
 10
6362758.00647355
 20
6173298.946821209
 10
6362756.26857246
 20
6173301.48417127
 10
6362755.44754609
 20
6173302.68285546
 10
6362755.39789126
 20
6173302.75558659
 10
6362755.39784924
 20
6173302.75564804
 10
6362754.655983381
 20
6173303.83881777
 10
6362754.655370021
 20
6173303.839814909
 97
        0
 75
     1
 76
     1
 52
0.0
 41
1.0
 77
     0
 78
     1
 53
45.0
 43
0.0
 44
0.0
 45
-0.0034798562
 46
0.0034798562
 79
     0
 98
        0
  0
HATCH
  5
20189
330
1F
100
AcDbEntity
  8
mdr_tejidoparairregular
 62
     7
440
 33554585
100
AcDbHatch
 10
0.0
 20
0.0
 30
0.0
210
0.0
220
0.0
230
1.0
  2
SOLID
 70
     0
 71
     0
 91
        1
 92
        3
 72
     0
 73
     1
 93
       19
 10
6362748.21012107
 20
6173313.24961855
 10
6362748.21105457
 20
6173313.250326811
 10
6362750.88662899
 20
6173315.08058964
 10
6362751.54904832
 20
6173315.533757889
 10
6362753.43499035
 20
6173316.82372108
 10
6362755.29337243
 20
6173318.09520478
 10
6362755.29437026
 20
6173318.095817879
 10
6362755.295078519
 20
6173318.09488517
 10
6362761.72963433
 20
6173308.69735072
 10
6362761.73024752
 20
6173308.696353579
 10
6362761.729316069
 20
6173308.69564459
 10
6362754.65630291
 20
6173303.8405249
 10
6362754.655305179
 20
6173303.83990984
 10
6362754.654596219
 20
6173303.8408432
 10
6362753.426116829
 20
6173305.63464024
 10
6362752.85482184
 20
6173306.46862535
 10
6362750.49042075
 20
6173309.92052273
 10
6362748.210734999
 20
6173313.248620489
 10
6362748.21012107
 20
6173313.24961855
 97
        0
 75
     1
 76
     1
 52
0.0
 41
1.0
 77
     0
 78
     1
 53
45.0
 43
0.0
 44
0.0
 45
-0.0034798562
 46
0.0034798562
 79
     0
 98
        0
  0
TEXT
  5
2018B
330
1F
100
AcDbEntity
  8
tejido
 62
     8
100
AcDbText
 10
6362730.676507274
 20
6173276.206846213
 30
0.0
 40
0.375
  1
8.0
  7
ARIAL
 72
     1
 11
6362731.040635854
 21
6173276.394346214
 31
0.0
100
AcDbText
 73
     2
  0
TEXT
  5
2018C
330
1F
100
AcDbEntity
  8
tejido
 62
     8
100
AcDbText
 10
6362703.501761131
 20
6173321.116616031
 30
0.0
 40
0.375
  1
5.0
  7
ARIAL
 72
     1
 11
6362703.865889713
 21
6173321.30411603
 31
0.0
100
AcDbText
 73
     2
  0
TEXT
  5
2018D
330
1F
100
AcDbEntity
  8
tejido
 62
     8
100
AcDbText
 10
6362755.140560015
 20
6173368.758619053
 30
0.0
 40
0.375
  1
11.2
  7
ARIAL
 72
     1
 11
6362755.650365609
 21
6173368.946119053
 31
0.0
100
AcDbText
 73
     2
  0
TEXT
  5
2018E
330
1F
100
AcDbEntity
  8
tejido
 62
     8
100
AcDbText
 10
6362760.094700322
 20
6173360.950778818
 30
0.0
 40
0.375
  1
8.4
  7
ARIAL
 72
     1
 11
6362760.458828904
 21
6173361.138278818
 31
0.0
100
AcDbText
 73
     2
  0
TEXT
  5
2018F
330
1F
100
AcDbEntity
  8
tejido
 62
     8
100
AcDbText
 10
6362764.707421761
 20
6173373.118902783
 30
0.0
 40
0.375
  1
8.4
  7
ARIAL
 72
     1
 11
6362765.071550342
 21
6173373.306402782
 31
0.0
100
AcDbText
 73
     2
  0
TEXT
  5
20190
330
1F
100
AcDbEntity
  8
tejido
 62
     8
100
AcDbText
 10
6362761.750219443
 20
6173368.805590735
 30
0.0
 40
0.375
  1
11.2
  7
ARIAL
 72
     1
 11
6362762.260025037
 21
6173368.993090734
 31
0.0
100
AcDbText
 73
     2
  0
TEXT
  5
20191
330
1F
100
AcDbEntity
  8
tejido
 62
     8
100
AcDbText
 10
6362768.535856054
 20
6173359.256650137
 30
0.0
 40
0.375
  1
8.4
  7
ARIAL
 72
     1
 11
6362768.899984636
 21
6173359.444150138
 31
0.0
100
AcDbText
 73
     2
  0
TEXT
  5
20192
330
1F
100
AcDbEntity
  8
tejido
 62
     8
100
AcDbText
 10
6362821.6549448
 20
6173346.3562568
 30
0.0
 40
0.375
  1
8.4
  7
ARIAL
 72
     1
 11
6362822.01907338
 21
6173346.5437568
 31
0.0
100
AcDbText
 73
     2
  0
TEXT
  5
20193
330
1F
100
AcDbEntity
  8
tejido
 62
     8
100
AcDbText
 10
6362834.049013156
 20
6173356.317685551
 30
0.0
 40
0.375
  1
8.4
  7
ARIAL
 72
     1
 11
6362834.413141738
 21
6173356.505185551
 31
0.0
100
AcDbText
 73
     2
  0
TEXT
  5
20194
330
1F
100
AcDbEntity
  8
tejido
 62
     8
100
AcDbText
 10
6362816.60551206
 20
6173357.74831241
 30
0.0
 40
0.375
  1
0.0
  7
ARIAL
 72
     1
 11
6362816.969640642
 21
6173357.935812409
 31
0.0
100
AcDbText
 73
     2
  0
TEXT
  5
20195
330
1F
100
AcDbEntity
  8
tejido
 62
     8
100
AcDbText
 10
6362815.349349526
 20
6173372.882508315
 30
0.0
 40
0.375
  1
8.4
  7
ARIAL
 72
     1
 11
6362815.713478108
 21
6173373.070008315
 31
0.0
100
AcDbText
 73
     2
  0
TEXT
  5
20196
330
1F
100
AcDbEntity
  8
tejido
 62
     8
100
AcDbText
 10
6362824.181094325
 20
6173377.038469157
 30
0.0
 40
0.375
  1
8.4
  7
ARIAL
 72
     1
 11
6362824.545222905
 21
6173377.225969158
 31
0.0
100
AcDbText
 73
     2
  0
TEXT
  5
20197
330
1F
100
AcDbEntity
  8
tejido
 62
     8
100
AcDbText
 10
6362827.732405589
 20
6173379.982112997
 30
0.0
 40
0.375
  1
11.2
  7
ARIAL
 72
     1
 11
6362828.242211183
 21
6173380.169612998
 31
0.0
100
AcDbText
 73
     2
  0
TEXT
  5
20198
330
1F
100
AcDbEntity
  8
tejido
 62
     8
100
AcDbText
 10
6362701.729086182
 20
6173326.870547392
 30
0.0
 40
0.375
  1
0.0
  7
ARIAL
 72
     1
 11
6362702.093214762
 21
6173327.058047392
 31
0.0
100
AcDbText
 73
     2
  0
TEXT
  5
20199
330
1F
100
AcDbEntity
  8
tejido
 62
     8
100
AcDbText
 10
6362738.003499643
 20
6173279.285304431
 30
0.0
 40
0.375
  1
2.8
  7
ARIAL
 72
     1
 11
6362738.367628224
 21
6173279.472804431
 31
0.0
100
AcDbText
 73
     2
  0
TEXT
  5
2019A
330
1F
100
AcDbEntity
  8
tejido
 62
     8
100
AcDbText
 10
6362742.421150586
 20
6173271.737547946
 30
0.0
 40
0.375
  1
8.4
  7
ARIAL
 72
     1
 11
6362742.785279168
 21
6173271.925047945
 31
0.0
100
AcDbText
 73
     2
  0
TEXT
  5
2019B
330
1F
100
AcDbEntity
  8
tejido
 62
     8
100
AcDbText
 10
6362733.584926309
 20
6173294.149018927
 30
0.0
 40
0.375
  1
0.0
  7
ARIAL
 72
     1
 11
6362733.949054891
 21
6173294.336518928
 31
0.0
100
AcDbText
 73
     2
  0
TEXT
  5
2019C
330
1F
100
AcDbEntity
  8
tejido
 62
     8
100
AcDbText
 10
6362725.575304482
 20
6173310.547208248
 30
0.0
 40
0.375
  1
0.0
  7
ARIAL
 72
     1
 11
6362725.939433063
 21
6173310.734708247
 31
0.0
100
AcDbText
 73
     2
  0
TEXT
  5
2019D
330
1F
100
AcDbEntity
  8
tejido
 62
     8
100
AcDbText
 10
6362705.964382093
 20
6173312.306064704
 30
0.0
 40
0.375
  1
4.6
  7
ARIAL
 72
     1
 11
6362706.328510673
 21
6173312.493564703
 31
0.0
100
AcDbText
 73
     2
  0
TEXT
  5
2019E
330
1F
100
AcDbEntity
  8
tejido
 62
     8
100
AcDbText
 10
6362699.912579373
 20
6173327.761505269
 30
0.0
 40
0.375
  1
5.6
  7
ARIAL
 72
     1
 11
6362700.276707954
 21
6173327.949005271
 31
0.0
100
AcDbText
 73
     2
  0
TEXT
  5
2019F
330
1F
100
AcDbEntity
  8
tejido
 62
     8
100
AcDbText
 10
6362696.851882495
 20
6173329.348385225
 30
0.0
 40
0.375
  1
8.4
  7
ARIAL
 72
     1
 11
6362697.216011077
 21
6173329.535885224
 31
0.0
100
AcDbText
 73
     2
  0
TEXT
  5
201A0
330
1F
100
AcDbEntity
  8
tejido
 62
     8
100
AcDbText
 10
6362704.69756732
 20
6173327.147671799
 30
0.0
 40
0.375
  1
8.4
  7
ARIAL
 72
     1
 11
6362705.061695902
 21
6173327.335171799
 31
0.0
100
AcDbText
 73
     2
  0
TEXT
  5
201A1
330
1F
100
AcDbEntity
  8
tejido
 62
     8
100
AcDbText
 10
6362706.641097883
 20
6173328.479798746
 30
0.0
 40
0.375
  1
8.4
  7
ARIAL
 72
     1
 11
6362707.005226464
 21
6173328.667298745
 31
0.0
100
AcDbText
 73
     2
  0
TEXT
  5
201A2
330
1F
100
AcDbEntity
  8
tejido
 62
     8
100
AcDbText
 10
6362712.528321751
 20
6173336.749825248
 30
0.0
 40
0.375
  1
19.4
  7
ARIAL
 72
     1
 11
6362713.038127346
 21
6173336.937325248
 31
0.0
100
AcDbText
 73
     2
  0
TEXT
  5
201A3
330
1F
100
AcDbEntity
  8
tejido
 62
     8
100
AcDbText
 10
6362786.926044122
 20
6173360.141291868
 30
0.0
 40
0.375
  1
5.6
  7
ARIAL
 72
     1
 11
6362787.290172702
 21
6173360.328791869
 31
0.0
100
AcDbText
 73
     2
  0
TEXT
  5
201A4
330
1F
100
AcDbEntity
  8
tejido
 62
     8
100
AcDbText
 10
6362725.498830961
 20
6173336.676455302
 30
0.0
 40
0.375
  1
5.6
  7
ARIAL
 72
     1
 11
6362725.862959543
 21
6173336.863955301
 31
0.0
100
AcDbText
 73
     2
  0
TEXT
  5
201A5
330
1F
100
AcDbEntity
  8
tejido
 62
     8
100
AcDbText
 10
6362731.345338341
 20
6173334.629745042
 30
0.0
 40
0.375
  1
2.8
  7
ARIAL
 72
     1
 11
6362731.709466922
 21
6173334.817245041
 31
0.0
100
AcDbText
 73
     2
  0
TEXT
  5
201A6
330
1F
100
AcDbEntity
  8
tejido
 62
     8
100
AcDbText
 10
6362736.961549401
 20
6173334.287685563
 30
0.0
 40
0.375
  1
2.8
  7
ARIAL
 72
     1
 11
6362737.325677983
 21
6173334.475185564
 31
0.0
100
AcDbText
 73
     2
  0
TEXT
  5
201A7
330
1F
100
AcDbEntity
  8
tejido
 62
     8
100
AcDbText
 10
6362737.785762591
 20
6173347.897214061
 30
0.0
 40
0.375
  1
19.9
  7
ARIAL
 72
     1
 11
6362738.295568185
 21
6173348.084714062
 31
0.0
100
AcDbText
 73
     2
  0
TEXT
  5
201A8
330
1F
100
AcDbEntity
  8
tejido
 62
     8
100
AcDbText
 10
6362750.649963343
 20
6173361.125530716
 30
0.0
 40
0.375
  1
19.9
  7
ARIAL
 72
     1
 11
6362751.159768936
 21
6173361.313030716
 31
0.0
100
AcDbText
 73
     2
  0
TEXT
  5
201A9
330
1F
100
AcDbEntity
  8
tejido
 62
     8
100
AcDbText
 10
6362754.910345995
 20
6173278.002226197
 30
0.0
 40
0.375
  1
6.7
  7
ARIAL
 72
     1
 11
6362755.274474576
 21
6173278.189726197
 31
0.0
100
AcDbText
 73
     2
  0
TEXT
  5
201AA
330
1F
100
AcDbEntity
  8
tejido
 62
     8
100
AcDbText
 10
6362758.67125471
 20
6173287.510736482
 30
0.0
 40
0.375
  1
4.7
  7
ARIAL
 72
     1
 11
6362759.035383293
 21
6173287.698236483
 31
0.0
100
AcDbText
 73
     2
  0
TEXT
  5
201AB
330
1F
100
AcDbEntity
  8
tejido
 62
     8
100
AcDbText
 10
6362766.866498771
 20
6173315.741824443
 30
0.0
 40
0.375
  1
5.6
  7
ARIAL
 72
     1
 11
6362767.230627351
 21
6173315.929324443
 31
0.0
100
AcDbText
 73
     2
  0
TEXT
  5
201AC
330
1F
100
AcDbEntity
  8
tejido
 62
     8
100
AcDbText
 10
6362776.851145333
 20
6173334.899075476
 30
0.0
 40
0.375
  1
2.8
  7
ARIAL
 72
     1
 11
6362777.215273914
 21
6173335.086575477
 31
0.0
100
AcDbText
 73
     2
  0
TEXT
  5
201AD
330
1F
100
AcDbEntity
  8
tejido
 62
     8
100
AcDbText
 10
6362789.634597326
 20
6173317.863731239
 30
0.0
 40
0.375
  1
2.8
  7
ARIAL
 72
     1
 11
6362789.998725908
 21
6173318.051231238
 31
0.0
100
AcDbText
 73
     2
  0
TEXT
  5
201AE
330
1F
100
AcDbEntity
  8
tejido
 62
     8
100
AcDbText
 10
6362782.888410533
 20
6173325.888591119
 30
0.0
 40
0.375
  1
8.4
  7
ARIAL
 72
     1
 11
6362783.252539116
 21
6173326.076091121
 31
0.0
100
AcDbText
 73
     2
  0
TEXT
  5
201AF
330
1F
100
AcDbEntity
  8
tejido
 62
     8
100
AcDbText
 10
6362785.132121778
 20
6173321.829803085
 30
0.0
 40
0.375
  1
5.6
  7
ARIAL
 72
     1
 11
6362785.49625036
 21
6173322.017303084
 31
0.0
100
AcDbText
 73
     2
  0
TEXT
  5
201B0
330
1F
100
AcDbEntity
  8
tejido
 62
     8
100
AcDbText
 10
6362795.480628261
 20
6173324.493464142
 30
0.0
 40
0.375
  1
6.2
  7
ARIAL
 72
     1
 11
6362795.844756842
 21
6173324.680964142
 31
0.0
100
AcDbText
 73
     2
  0
TEXT
  5
201B1
330
1F
100
AcDbEntity
  8
tejido
 62
     8
100
AcDbText
 10
6362784.525744242
 20
6173369.508451693
 30
0.0
 40
0.375
  1
2.8
  7
ARIAL
 72
     1
 11
6362784.889872823
 21
6173369.695951692
 31
0.0
100
AcDbText
 73
     2
  0
TEXT
  5
201B2
330
1F
100
AcDbEntity
  8
tejido
 62
     8
100
AcDbText
 10
6362806.733221296
 20
6173338.776140048
 30
0.0
 40
0.375
  1
2.8
  7
ARIAL
 72
     1
 11
6362807.097349878
 21
6173338.963640047
 31
0.0
100
AcDbText
 73
     2
  0
TEXT
  5
201B3
330
1F
100
AcDbEntity
  8
tejido
 62
     8
100
AcDbText
 10
6362809.948426627
 20
6173323.01711268
 30
0.0
 40
0.375
  1
5.6
  7
ARIAL
 72
     1
 11
6362810.312555208
 21
6173323.204612679
 31
0.0
100
AcDbText
 73
     2
  0
TEXT
  5
201B4
330
1F
100
AcDbEntity
  8
tejido
 62
     8
100
AcDbText
 10
6362830.734654595
 20
6173337.964571596
 30
0.0
 40
0.375
  1
2.8
  7
ARIAL
 72
     1
 11
6362831.098783176
 21
6173338.152071598
 31
0.0
100
AcDbText
 73
     2
  0
TEXT
  5
201B5
330
1F
100
AcDbEntity
  8
tejido
 62
     8
100
AcDbText
 10
6362827.661635809
 20
6173330.707748082
 30
0.0
 40
0.375
  1
2.8
  7
ARIAL
 72
     1
 11
6362828.025764391
 21
6173330.895248083
 31
0.0
100
AcDbText
 73
     2
  0
TEXT
  5
201B6
330
1F
100
AcDbEntity
  8
tejido
 62
     8
100
AcDbText
 10
6362837.492388015
 20
6173348.3356391
 30
0.0
 40
0.375
  1
8.8
  7
ARIAL
 72
     1
 11
6362837.856516596
 21
6173348.523139099
 31
0.0
100
AcDbText
 73
     2
  0
TEXT
  5
201B7
330
1F
100
AcDbEntity
  8
tejido
 62
     8
100
AcDbText
 10
6362759.722319122
 20
6173366.421050257
 30
0.0
 40
0.375
  1
2.8
  7
ARIAL
 72
     1
 11
6362760.086447702
 21
6173366.608550256
 31
0.0
100
AcDbText
 73
     2
  0
TEXT
  5
201B8
330
1F
100
AcDbEntity
  8
tejido
 62
     8
100
AcDbText
 10
6362764.726368911
 20
6173354.822813722
 30
0.0
 40
0.375
  1
2.8
  7
ARIAL
 72
     1
 11
6362765.090497492
 21
6173355.010313722
 31
0.0
100
AcDbText
 73
     2
  0
TEXT
  5
201B9
330
1F
100
AcDbEntity
  8
tejido
 62
     8
100
AcDbText
 10
6362768.662561181
 20
6173349.557559808
 30
0.0
 40
0.375
  1
5.6
  7
ARIAL
 72
     1
 11
6362769.026689761
 21
6173349.745059809
 31
0.0
100
AcDbText
 73
     2
  0
TEXT
  5
201BA
330
1F
100
AcDbEntity
  8
tejido
 62
     8
100
AcDbText
 10
6362774.041132104
 20
6173341.451704277
 30
0.0
 40
0.375
  1
2.8
  7
ARIAL
 72
     1
 11
6362774.405260685
 21
6173341.639204278
 31
0.0
100
AcDbText
 73
     2
  0
TEXT
  5
201BB
330
1F
100
AcDbEntity
  8
tejido
 62
     8
100
AcDbText
 10
6362775.15327048
 20
6173357.019167025
 30
0.0
 40
0.375
  1
2.8
  7
ARIAL
 72
     1
 11
6362775.517399061
 21
6173357.206667025
 31
0.0
100
AcDbText
 73
     2
  0
TEXT
  5
201BC
330
1F
100
AcDbEntity
  8
tejido
 62
     8
100
AcDbText
 10
6362784.003267711
 20
6173352.809255939
 30
0.0
 40
0.375
  1
5.6
  7
ARIAL
 72
     1
 11
6362784.367396292
 21
6173352.996755938
 31
0.0
100
AcDbText
 73
     2
  0
TEXT
  5
201BD
330
1F
100
AcDbEntity
  8
tejido
 62
     8
100
AcDbText
 10
6362773.140889212
 20
6173377.244278217
 30
0.0
 40
0.375
  1
2.8
  7
ARIAL
 72
     1
 11
6362773.505017794
 21
6173377.431778218
 31
0.0
100
AcDbText
 73
     2
  0
TEXT
  5
201BE
330
1F
100
AcDbEntity
  8
tejido
 62
     8
100
AcDbText
 10
6362779.329429327
 20
6173369.071330657
 30
0.0
 40
0.375
  1
5.6
  7
ARIAL
 72
     1
 11
6362779.693557907
 21
6173369.258830656
 31
0.0
100
AcDbText
 73
     2
  0
TEXT
  5
201BF
330
1F
100
AcDbEntity
  8
tejido
 62
     8
100
AcDbText
 10
6362782.689740505
 20
6173363.835796867
 30
0.0
 40
0.375
  1
2.8
  7
ARIAL
 72
     1
 11
6362783.053869086
 21
6173364.023296867
 31
0.0
100
AcDbText
 73
     2
  0
TEXT
  5
201C0
330
1F
100
AcDbEntity
  8
tejido
 62
     8
100
AcDbText
 10
6362787.108811568
 20
6173355.574261817
 30
0.0
 40
0.375
  1
2.8
  7
ARIAL
 72
     1
 11
6362787.47294015
 21
6173355.761761817
 31
0.0
100
AcDbText
 73
     2
  0
TEXT
  5
201C1
330
1F
100
AcDbEntity
  8
tejido
 62
     8
100
AcDbText
 10
6362787.246030726
 20
6173365.531119332
 30
0.0
 40
0.375
  1
2.8
  7
ARIAL
 72
     1
 11
6362787.610159308
 21
6173365.718619333
 31
0.0
100
AcDbText
 73
     2
  0
TEXT
  5
201C2
330
1F
100
AcDbEntity
  8
tejido
 62
     8
100
AcDbText
 10
6362792.358326169
 20
6173351.159553678
 30
0.0
 40
0.375
  1
2.8
  7
ARIAL
 72
     1
 11
6362792.72245475
 21
6173351.347053678
 31
0.0
100
AcDbText
 73
     2
  0
TEXT
  5
201C3
330
1F
100
AcDbEntity
  8
tejido
 62
     8
100
AcDbText
 10
6362786.114279376
 20
6173374.913192267
 30
0.0
 40
0.375
  1
2.8
  7
ARIAL
 72
     1
 11
6362786.478407956
 21
6173375.100692268
 31
0.0
100
AcDbText
 73
     2
  0
TEXT
  5
201C4
330
1F
100
AcDbEntity
  8
tejido
 62
     8
100
AcDbText
 10
6362781.950172147
 20
6173387.563597968
 30
0.0
 40
0.375
  1
5.6
  7
ARIAL
 72
     1
 11
6362782.314300727
 21
6173387.751097968
 31
0.0
100
AcDbText
 73
     2
  0
TEXT
  5
201C5
330
1F
100
AcDbEntity
  8
tejido
 62
     8
100
AcDbText
 10
6362787.682581377
 20
6173389.999370596
 30
0.0
 40
0.375
  1
3.5
  7
ARIAL
 72
     1
 11
6362788.046709957
 21
6173390.186870597
 31
0.0
100
AcDbText
 73
     2
  0
TEXT
  5
201C6
330
1F
100
AcDbEntity
  8
tejido
 62
     8
100
AcDbText
 10
6362794.141436527
 20
6173395.614340448
 30
0.0
 40
0.375
  1
17.7
  7
ARIAL
 72
     1
 11
6362794.651242121
 21
6173395.801840448
 31
0.0
100
AcDbText
 73
     2
  0
TEXT
  5
201C7
330
1F
100
AcDbEntity
  8
tejido
 62
     8
100
AcDbText
 10
6362809.257475832
 20
6173403.877961161
 30
0.0
 40
0.375
  1
8.4
  7
ARIAL
 72
     1
 11
6362809.621604412
 21
6173404.065461161
 31
0.0
100
AcDbText
 73
     2
  0
TEXT
  5
201C8
330
1F
100
AcDbEntity
  8
tejido
 62
     8
100
AcDbText
 10
6362825.004675861
 20
6173349.954052484
 30
0.0
 40
0.375
  1
2.8
  7
ARIAL
 72
     1
 11
6362825.368804443
 21
6173350.141552484
 31
0.0
100
AcDbText
 73
     2
  0
TEXT
  5
201C9
330
1F
100
AcDbEntity
  8
tejido
 62
     8
100
AcDbText
 10
6362837.361018088
 20
6173364.168711292
 30
0.0
 40
0.375
  1
8.4
  7
ARIAL
 72
     1
 11
6362837.725146668
 21
6173364.356211293
 31
0.0
100
AcDbText
 73
     2
  0
TEXT
  5
201CA
330
1F
100
AcDbEntity
  8
tejido
 62
     8
100
AcDbText
 10
6362842.990103072
 20
6173356.185591529
 30
0.0
 40
0.375
  1
8.4
  7
ARIAL
 72
     1
 11
6362843.354231653
 21
6173356.373091529
 31
0.0
100
AcDbText
 73
     2
  0
TEXT
  5
201CB
330
1F
100
AcDbEntity
  8
tejido
 62
     8
100
AcDbText
 10
6362804.954120624
 20
6173363.894816792
 30
0.0
 40
0.375
  1
2.8
  7
ARIAL
 72
     1
 11
6362805.318249205
 21
6173364.082316793
 31
0.0
100
AcDbText
 73
     2
  0
TEXT
  5
201CC
330
1F
100
AcDbEntity
  8
tejido
 62
     8
100
AcDbText
 10
6362810.243206322
 20
6173365.826253897
 30
0.0
 40
0.375
  1
8.4
  7
ARIAL
 72
     1
 11
6362810.607334903
 21
6173366.013753898
 31
0.0
100
AcDbText
 73
     2
  0
TEXT
  5
201CD
330
1F
100
AcDbEntity
  8
tejido
 62
     8
100
AcDbText
 10
6362822.431193195
 20
6173377.211083184
 30
0.0
 40
0.375
  1
2.8
  7
ARIAL
 72
     1
 11
6362822.795321776
 21
6173377.398583184
 31
0.0
100
AcDbText
 73
     2
  0
TEXT
  5
201CE
330
1F
100
AcDbEntity
  8
tejido
 62
     8
100
AcDbText
 10
6362810.425649579
 20
6173383.125349898
 30
0.0
 40
0.375
  1
8.6
  7
ARIAL
 72
     1
 11
6362810.789778161
 21
6173383.312849899
 31
0.0
100
AcDbText
 73
     2
  0
TEXT
  5
201CF
330
1F
100
AcDbEntity
  8
tejido
 62
     8
100
AcDbText
 10
6362809.984426458
 20
6173394.580548958
 30
0.0
 40
0.375
  1
5.1
  7
ARIAL
 72
     1
 11
6362810.34855504
 21
6173394.768048958
 31
0.0
100
AcDbText
 73
     2
  0
TEXT
  5
201D0
330
1F
100
AcDbEntity
  8
tejido
 62
     8
100
AcDbText
 10
6362734.90219425
 20
6173328.57873057
 30
0.0
 40
0.375
  1
0.0
  7
ARIAL
 72
     1
 11
6362735.266322832
 21
6173328.76623057
 31
0.0
100
AcDbText
 73
     2
  0
TEXT
  5
201D1
330
1F
100
AcDbEntity
  8
tejido
 62
     8
100
AcDbText
 10
6362726.583795026
 20
6173340.579890792
 30
0.0
 40
0.375
  1
0.0
  7
ARIAL
 72
     1
 11
6362726.947923607
 21
6173340.767390792
 31
0.0
100
AcDbText
 73
     2
  0
TEXT
  5
201D2
330
1F
100
AcDbEntity
  8
tejido
 62
     8
100
AcDbText
 10
6362742.243151879
 20
6173333.077698422
 30
0.0
 40
0.375
  1
0.0
  7
ARIAL
 72
     1
 11
6362742.607280461
 21
6173333.265198423
 31
0.0
100
AcDbText
 73
     2
  0
TEXT
  5
201D3
330
1F
100
AcDbEntity
  8
tejido
 62
     8
100
AcDbText
 10
6362789.42805503
 20
6173324.311650507
 30
0.0
 40
0.375
  1
0.0
  7
ARIAL
 72
     1
 11
6362789.792183613
 21
6173324.499150506
 31
0.0
100
AcDbText
 73
     2
  0
TEXT
  5
201D4
330
1F
100
AcDbEntity
  8
tejido
 62
     8
100
AcDbText
 10
6362778.549536565
 20
6173333.139235319
 30
0.0
 40
0.375
  1
0.0
  7
ARIAL
 72
     1
 11
6362778.913665147
 21
6173333.326735319
 31
0.0
100
AcDbText
 73
     2
  0
TEXT
  5
201D5
330
1F
100
AcDbEntity
  8
tejido
 62
     8
100
AcDbText
 10
6362826.473149906
 20
6173336.093264999
 30
0.0
 40
0.375
  1
0.0
  7
ARIAL
 72
     1
 11
6362826.837278487
 21
6173336.280764998
 31
0.0
100
AcDbText
 73
     2
  0
TEXT
  5
201D6
330
1F
100
AcDbEntity
  8
tejido
 62
     8
100
AcDbText
 10
6362833.569834092
 20
6173340.783539547
 30
0.0
 40
0.375
  1
0.0
  7
ARIAL
 72
     1
 11
6362833.933962673
 21
6173340.971039548
 31
0.0
100
AcDbText
 73
     2
  0
TEXT
  5
201D7
330
1F
100
AcDbEntity
  8
tejido
 62
     8
100
AcDbText
 10
6362769.432343798
 20
6173344.443073038
 30
0.0
 40
0.375
  1
0.0
  7
ARIAL
 72
     1
 11
6362769.796472378
 21
6173344.630573039
 31
0.0
100
AcDbText
 73
     2
  0
TEXT
  5
201D8
330
1F
100
AcDbEntity
  8
tejido
 62
     8
100
AcDbText
 10
6362778.618528351
 20
6173376.956694421
 30
0.0
 40
0.375
  1
0.0
  7
ARIAL
 72
     1
 11
6362778.982656932
 21
6173377.144194421
 31
0.0
100
AcDbText
 73
     2
  0
TEXT
  5
201D9
330
1F
100
AcDbEntity
  8
tejido
 62
     8
100
AcDbText
 10
6362780.497876542
 20
6173364.678181862
 30
0.0
 40
0.375
  1
0.0
  7
ARIAL
 72
     1
 11
6362780.862005124
 21
6173364.865681862
 31
0.0
100
AcDbText
 73
     2
  0
TEXT
  5
201DA
330
1F
100
AcDbEntity
  8
tejido
 62
     8
100
AcDbText
 10
6362785.88289246
 20
6173367.523626748
 30
0.0
 40
0.375
  1
0.0
  7
ARIAL
 72
     1
 11
6362786.247021041
 21
6173367.711126748
 31
0.0
100
AcDbText
 73
     2
  0
TEXT
  5
201DB
330
1F
100
AcDbEntity
  8
tejido
 62
     8
100
AcDbText
 10
6362790.480954526
 20
6173353.892411665
 30
0.0
 40
0.375
  1
0.0
  7
ARIAL
 72
     1
 11
6362790.845083107
 21
6173354.079911667
 31
0.0
100
AcDbText
 73
     2
  0
TEXT
  5
201DC
330
1F
100
AcDbEntity
  8
tejido
 62
     8
100
AcDbText
 10
6362788.322894721
 20
6173363.953373815
 30
0.0
 40
0.375
  1
0.0
  7
ARIAL
 72
     1
 11
6362788.687023303
 21
6173364.140873815
 31
0.0
100
AcDbText
 73
     2
  0
TEXT
  5
201DD
330
1F
100
AcDbEntity
  8
tejido
 62
     8
100
AcDbText
 10
6362786.333441004
 20
6173381.539192655
 30
0.0
 40
0.375
  1
0.0
  7
ARIAL
 72
     1
 11
6362786.697569585
 21
6173381.726692655
 31
0.0
100
AcDbText
 73
     2
  0
TEXT
  5
201DE
330
1F
100
AcDbEntity
  8
tejido
 62
     8
100
AcDbText
 10
6362797.460627302
 20
6173360.545559748
 30
0.0
 40
0.375
  1
0.0
  7
ARIAL
 72
     1
 11
6362797.824755882
 21
6173360.733059747
 31
0.0
100
AcDbText
 73
     2
  0
TEXT
  5
201DF
330
1F
100
AcDbEntity
  8
tejido
 62
     8
100
AcDbText
 10
6362802.167635096
 20
6173399.398720837
 30
0.0
 40
0.375
  1
0.0
  7
ARIAL
 72
     1
 11
6362802.531763677
 21
6173399.586220837
 31
0.0
100
AcDbText
 73
     2
  0
TEXT
  5
201E0
330
1F
100
AcDbEntity
  8
tejido
 62
     8
100
AcDbText
 10
6362816.299280358
 20
6173343.864702278
 30
0.0
 40
0.375
  1
0.0
  7
ARIAL
 72
     1
 11
6362816.66340894
 21
6173344.052202279
 31
0.0
100
AcDbText
 73
     2
  0
TEXT
  5
201E1
330
1F
100
AcDbEntity
  8
tejido
 62
     8
100
AcDbText
 10
6362800.544566361
 20
6173367.349520711
 30
0.0
 40
0.375
  1
0.0
  7
ARIAL
 72
     1
 11
6362800.908694943
 21
6173367.537020712
 31
0.0
100
AcDbText
 73
     2
  0
TEXT
  5
201E2
330
1F
100
AcDbEntity
  8
tejido
 62
     8
100
AcDbText
 10
6362746.501686695
 20
6173278.144242803
 30
0.0
 40
0.375
  1
20.2
  7
ARIAL
 72
     1
 11
6362747.011492288
 21
6173278.331742802
 31
0.0
100
AcDbText
 73
     2
  0
TEXT
  5
201E3
330
1F
100
AcDbEntity
  8
tejido
 62
     8
100
AcDbText
 10
6362745.691562751
 20
6173354.280787615
 30
0.0
 40
0.375
  1
23.4
  7
ARIAL
 72
     1
 11
6362746.201368344
 21
6173354.468287615
 31
0.0
100
AcDbText
 73
     2
  0
TEXT
  5
201E4
330
1F
100
AcDbEntity
  8
tejido
 62
     8
100
AcDbText
 10
6362743.73531747
 20
6173281.869486718
 30
0.0
 40
0.375
  1
15.5
  7
ARIAL
 72
     1
 11
6362744.245123065
 21
6173282.056986717
 31
0.0
100
AcDbText
 73
     2
  0
TEXT
  5
201E5
330
1F
100
AcDbEntity
  8
tejido
 62
     8
100
AcDbText
 10
6362750.063584854
 20
6173272.864475464
 30
0.0
 40
0.375
  1
15.5
  7
ARIAL
 72
     1
 11
6362750.573390449
 21
6173273.051975463
 31
0.0
100
AcDbText
 73
     2
  0
TEXT
  5
201E6
330
1F
100
AcDbEntity
  8
tejido
 62
     8
100
AcDbText
 10
6362741.889940641
 20
6173285.000462875
 30
0.0
 40
0.375
  1
0.0
  7
ARIAL
 72
     1
 11
6362742.254069222
 21
6173285.187962875
 31
0.0
100
AcDbText
 73
     2
  0
TEXT
  5
201E7
330
1F
100
AcDbEntity
  8
tejido
 62
     8
100
AcDbText
 10
6362748.9401063
 20
6173274.499265327
 30
0.0
 40
0.375
  1
18.1
  7
ARIAL
 72
     1
 11
6362749.449911892
 21
6173274.686765327
 31
0.0
100
AcDbText
 73
     2
  0
TEXT
  5
201E8
330
1F
100
AcDbEntity
  8
tejido
 62
     8
100
AcDbText
 10
6362753.90202991
 20
6173342.626200946
 30
0.0
 40
0.375
  1
0.0
  7
ARIAL
 72
     1
 11
6362754.266158491
 21
6173342.813700947
 31
0.0
100
AcDbText
 73
     2
  0
TEXT
  5
201E9
330
1F
100
AcDbEntity
  8
tejido
 62
     8
100
AcDbText
 10
6362752.018157758
 20
6173345.092218173
 30
0.0
 40
0.375
  1
15.4
  7
ARIAL
 72
     1
 11
6362752.527963351
 21
6173345.279718173
 31
0.0
100
AcDbText
 73
     2
  0
TEXT
  5
201EA
330
1F
100
AcDbEntity
  8
tejido
 62
     8
100
AcDbText
 10
6362750.958655965
 20
6173346.611818283
 30
0.0
 40
0.375
  1
17.3
  7
ARIAL
 72
     1
 11
6362751.468461559
 21
6173346.799318283
 31
0.0
100
AcDbText
 73
     2
  0
TEXT
  5
201EB
330
1F
100
AcDbEntity
  8
tejido
 62
     8
100
AcDbText
 10
6362749.744749564
 20
6173349.960665054
 30
0.0
 40
0.375
  1
20.4
  7
ARIAL
 72
     1
 11
6362750.254555156
 21
6173350.148165053
 31
0.0
100
AcDbText
 73
     2
  0
TEXT
  5
201EC
330
1F
100
AcDbEntity
  8
tejido
 62
     8
100
AcDbText
 10
6362746.377825343
 20
6173349.038728302
 30
0.0
 40
0.375
  1
22.7
  7
ARIAL
 72
     1
 11
6362746.887630936
 21
6173349.226228301
 31
0.0
100
AcDbText
 73
     2
  0
TEXT
  5
201ED
330
1F
100
AcDbEntity
  8
tejido
 62
     8
100
AcDbText
 10
6362742.704694356
 20
6173352.310930543
 30
0.0
 40
0.375
  1
17.3
  7
ARIAL
 72
     1
 11
6362743.214499951
 21
6173352.498430542
 31
0.0
100
AcDbText
 73
     2
  0
TEXT
  5
201EE
330
1F
100
AcDbEntity
  8
tejido
 62
     8
100
AcDbText
 10
6362743.725556683
 20
6173358.327945905
 30
0.0
 40
0.375
  1
17.3
  7
ARIAL
 72
     1
 11
6362744.235362277
 21
6173358.515445904
 31
0.0
100
AcDbText
 73
     2
  0
TEXT
  5
201EF
330
1F
100
AcDbEntity
  8
tejido
 62
     8
100
AcDbText
 10
6362740.987994991
 20
6173360.912258673
 30
0.0
 40
0.375
  1
14.3
  7
ARIAL
 72
     1
 11
6362741.497800585
 21
6173361.099758673
 31
0.0
100
AcDbText
 73
     2
  0
TEXT
  5
201F0
330
1F
100
AcDbEntity
  8
tejido
 62
     8
100
AcDbText
 10
6362844.962866258
 20
6173347.476428337
 30
0.0
 40
0.375
  1
14.3
  7
ARIAL
 72
     1
 11
6362845.472671852
 21
6173347.663928336
 31
0.0
100
AcDbText
 73
     2
  0
TEXT
  5
201F1
330
1F
100
AcDbEntity
  8
tejido
 62
     8
100
AcDbText
 10
6362848.522424484
 20
6173347.735462258
 30
0.0
 40
0.375
  1
15.6
  7
ARIAL
 72
     1
 11
6362849.032230077
 21
6173347.922962258
 31
0.0
100
AcDbText
 73
     2
  0
TEXT
  5
201F2
330
1F
100
AcDbEntity
  8
tejido
 62
     8
100
AcDbText
 10
6362842.206210273
 20
6173346.995350279
 30
0.0
 40
0.375
  1
15.8
  7
ARIAL
 72
     1
 11
6362842.716015866
 21
6173347.182850279
 31
0.0
100
AcDbText
 73
     2
  0
TEXT
  5
201F3
330
1F
100
AcDbEntity
  8
tejido
 62
     8
100
AcDbText
 10
6362841.810845308
 20
6173350.817370154
 30
0.0
 40
0.375
  1
17.1
  7
ARIAL
 72
     1
 11
6362842.320650902
 21
6173351.004870154
 31
0.0
100
AcDbText
 73
     2
  0
TEXT
  5
201F4
330
1F
100
AcDbEntity
  8
tejido
 62
     8
100
AcDbText
 10
6362844.053284816
 20
6173345.419514916
 30
0.0
 40
0.375
  1
0.0
  7
ARIAL
 72
     1
 11
6362844.417413398
 21
6173345.607014915
 31
0.0
100
AcDbText
 73
     2
  0
TEXT
  5
201F5
330
1F
100
AcDbEntity
  8
tejido
 62
     8
100
AcDbText
 10
6362765.635238034
 20
6173293.615025423
 30
0.0
 40
0.375
  1
25.4
  7
ARIAL
 72
     1
 11
6362766.145043626
 21
6173293.802525424
 31
0.0
100
AcDbText
 73
     2
  0
TEXT
  5
201F6
330
1F
100
AcDbEntity
  8
tejido
 62
     8
100
AcDbText
 10
6362769.083651823
 20
6173289.375088894
 30
0.0
 40
0.375
  1
19.3
  7
ARIAL
 72
     1
 11
6362769.593457417
 21
6173289.562588894
 31
0.0
100
AcDbText
 73
     2
  0
TEXT
  5
201F7
330
1F
100
AcDbEntity
  8
tejido
 62
     8
100
AcDbText
 10
6362754.607591963
 20
6173310.782612102
 30
0.0
 40
0.375
  1
0.0
  7
ARIAL
 72
     1
 11
6362754.971720545
 21
6173310.970112102
 31
0.0
100
AcDbText
 73
     2
  0
TEXT
  5
201F8
330
1F
100
AcDbEntity
  8
tejido
 62
     8
100
AcDbText
 10
6362758.489601592
 20
6173304.902716772
 30
0.0
 40
0.375
  1
19.3
  7
ARIAL
 72
     1
 11
6362758.999407186
 21
6173305.090216772
 31
0.0
100
AcDbText
 73
     2
  0
TEXT
  5
201F9
330
1F
100
AcDbEntity
  8
tejido
 62
     8
100
AcDbText
 10
6362761.644221516
 20
6173299.923807817
 30
0.0
 40
0.375
  1
22.2
  7
ARIAL
 72
     1
 11
6362762.154027109
 21
6173300.111307817
 31
0.0
100
AcDbText
 73
     2
  0
TEXT
  5
201FA
330
1F
100
AcDbEntity
  8
tejido
 62
     8
100
AcDbText
 10
6362767.816441337
 20
6173294.328079531
 30
0.0
 40
0.375
  1
22.2
  7
ARIAL
 72
     1
 11
6362768.32624693
 21
6173294.515579531
 31
0.0
100
AcDbText
 73
     2
  0
TEXT
  5
201FB
330
1F
100
AcDbEntity
  8
tejido
 62
     8
100
AcDbText
 10
6362763.920006048
 20
6173292.437577387
 30
0.0
 40
0.375
  1
23.5
  7
ARIAL
 72
     1
 11
6362764.429811642
 21
6173292.625077388
 31
0.0
100
AcDbText
 73
     2
  0
TEXT
  5
201FC
330
1F
100
AcDbEntity
  8
tejido
 62
     8
100
AcDbText
 10
6362763.175995215
 20
6173291.341682706
 30
0.0
 40
0.375
  1
20.7
  7
ARIAL
 72
     1
 11
6362763.685800807
 21
6173291.529182706
 31
0.0
100
AcDbText
 73
     2
  0
TEXT
  5
201FD
330
1F
100
AcDbEntity
  8
tejido
 62
     8
100
AcDbText
 10
6362770.594979988
 20
6173287.15772316
 30
0.0
 40
0.375
  1
15.6
  7
ARIAL
 72
     1
 11
6362771.104785582
 21
6173287.34522316
 31
0.0
100
AcDbText
 73
     2
  0
TEXT
  5
201FE
330
1F
100
AcDbEntity
  8
tejido
 62
     8
100
AcDbText
 10
6362791.813148194
 20
6173301.635529483
 30
0.0
 40
0.375
  1
14.5
  7
ARIAL
 72
     1
 11
6362792.322953788
 21
6173301.823029483
 31
0.0
100
AcDbText
 73
     2
  0
TEXT
  5
201FF
330
1F
100
AcDbEntity
  8
tejido
 62
     8
100
AcDbText
 10
6362784.461068399
 20
6173317.224350476
 30
0.0
 40
0.375
  1
22.3
  7
ARIAL
 72
     1
 11
6362784.970873993
 21
6173317.411850477
 31
0.0
100
AcDbText
 73
     2
  0
TEXT
  5
20200
330
1F
100
AcDbEntity
  8
tejido
 62
     8
100
AcDbText
 10
6362789.665651398
 20
6173309.661071787
 30
0.0
 40
0.375
  1
22.3
  7
ARIAL
 72
     1
 11
6362790.175456993
 21
6173309.848571786
 31
0.0
100
AcDbText
 73
     2
  0
TEXT
  5
20201
330
1F
100
AcDbEntity
  8
tejido
 62
     8
100
AcDbText
 10
6362778.344788816
 20
6173320.074186293
 30
0.0
 40
0.375
  1
22.5
  7
ARIAL
 72
     1
 11
6362778.85459441
 21
6173320.261686292
 31
0.0
100
AcDbText
 73
     2
  0
TEXT
  5
20202
330
1F
100
AcDbEntity
  8
tejido
 62
     8
100
AcDbText
 10
6362781.489793225
 20
6173319.322502908
 30
0.0
 40
0.375
  1
23.1
  7
ARIAL
 72
     1
 11
6362781.999598819
 21
6173319.510002908
 31
0.0
100
AcDbText
 73
     2
  0
TEXT
  5
20203
330
1F
100
AcDbEntity
  8
tejido
 62
     8
100
AcDbText
 10
6362781.913125541
 20
6173316.913923574
 30
0.0
 40
0.375
  1
21.6
  7
ARIAL
 72
     1
 11
6362782.422931135
 21
6173317.101423574
 31
0.0
100
AcDbText
 73
     2
  0
TEXT
  5
20204
330
1F
100
AcDbEntity
  8
tejido
 62
     8
100
AcDbText
 10
6362786.882163082
 20
6173303.480267774
 30
0.0
 40
0.375
  1
22.3
  7
ARIAL
 72
     1
 11
6362787.391968676
 21
6173303.667767774
 31
0.0
100
AcDbText
 73
     2
  0
TEXT
  5
20205
330
1F
100
AcDbEntity
  8
tejido
 62
     8
100
AcDbText
 10
6362790.942484593
 20
6173306.838933534
 30
0.0
 40
0.375
  1
23.1
  7
ARIAL
 72
     1
 11
6362791.452290188
 21
6173307.026433535
 31
0.0
100
AcDbText
 73
     2
  0
TEXT
  5
20206
330
1F
100
AcDbEntity
  8
tejido
 62
     8
100
AcDbText
 10
6362785.997763611
 20
6173309.624291544
 30
0.0
 40
0.375
  1
19.4
  7
ARIAL
 72
     1
 11
6362786.507569206
 21
6173309.811791543
 31
0.0
100
AcDbText
 73
     2
  0
TEXT
  5
20207
330
1F
100
AcDbEntity
  8
tejido
 62
     8
100
AcDbText
 10
6362773.736301053
 20
6173328.051521182
 30
0.0
 40
0.375
  1
0.0
  7
ARIAL
 72
     1
 11
6362774.100429635
 21
6173328.239021182
 31
0.0
100
AcDbText
 73
     2
  0
TEXT
  5
20208
330
1F
100
AcDbEntity
  8
tejido
 62
     8
100
AcDbText
 10
6362783.404874451
 20
6173310.405616709
 30
0.0
 40
0.375
  1
0.0
  7
ARIAL
 72
     1
 11
6362783.769003033
 21
6173310.59311671
 31
0.0
100
AcDbText
 73
     2
  0
TEXT
  5
20209
330
1F
100
AcDbEntity
  8
tejido
 62
     8
100
AcDbText
 10
6362800.512194196
 20
6173386.287714142
 30
0.0
 40
0.375
  1
0.0
  7
ARIAL
 72
     1
 11
6362800.876322778
 21
6173386.475214142
 31
0.0
100
AcDbText
 73
     2
  0
TEXT
  5
2020A
330
1F
100
AcDbEntity
  8
tejido
 62
     8
100
AcDbText
 10
6362798.895297037
 20
6173388.514335161
 30
0.0
 40
0.375
  1
11.4
  7
ARIAL
 72
     1
 11
6362799.40510263
 21
6173388.701835161
 31
0.0
100
AcDbText
 73
     2
  0
TEXT
  5
2020B
330
1F
100
AcDbEntity
  8
tejido
 62
     8
100
AcDbText
 10
6362798.397311004
 20
6173389.260240396
 30
0.0
 40
0.375
  1
14.5
  7
ARIAL
 72
     1
 11
6362798.907116597
 21
6173389.447740396
 31
0.0
100
AcDbText
 73
     2
  0
TEXT
  5
2020C
330
1F
100
AcDbEntity
  8
tejido
 62
     8
100
AcDbText
 10
6362797.725733838
 20
6173390.265562824
 30
0.0
 40
0.375
  1
17.7
  7
ARIAL
 72
     1
 11
6362798.235539432
 21
6173390.453062824
 31
0.0
100
AcDbText
 73
     2
  0
TEXT
  5
2020D
330
1F
100
AcDbEntity
  8
tejido
 62
     8
100
AcDbText
 10
6362798.395481583
 20
6173394.547592705
 30
0.0
 40
0.375
  1
21.1
  7
ARIAL
 72
     1
 11
6362798.905287177
 21
6173394.735092705
 31
0.0
100
AcDbText
 73
     2
  0
TEXT
  5
2020E
330
1F
100
AcDbEntity
  8
tejido
 62
     8
100
AcDbText
 10
6362794.835590349
 20
6173392.160652732
 30
0.0
 40
0.375
  1
23.9
  7
ARIAL
 72
     1
 11
6362795.345395942
 21
6173392.348152732
 31
0.0
100
AcDbText
 73
     2
  0
TEXT
  5
2020F
330
1F
100
AcDbEntity
  8
tejido
 62
     8
100
AcDbText
 10
6362793.192681656
 20
6173397.127059508
 30
0.0
 40
0.375
  1
14.5
  7
ARIAL
 72
     1
 11
6362793.70248725
 21
6173397.314559507
 31
0.0
100
AcDbText
 73
     2
  0
TEXT
  5
20210
330
1F
100
AcDbEntity
  8
tejido
 62
     8
100
AcDbText
 10
6362746.38433813
 20
6173338.399615913
 30
0.0
 40
0.375
  1
0.0
  7
ARIAL
 72
     1
 11
6362746.748466711
 21
6173338.587115913
 31
0.0
100
AcDbText
 73
     2
  0
TEXT
  5
20211
330
1F
100
AcDbEntity
  8
tejido
 62
     8
100
AcDbText
 10
6362735.515159331
 20
6173349.797166012
 30
0.0
 40
0.375
  1
3.3
  7
ARIAL
 72
     1
 11
6362735.879287912
 21
6173349.984666012
 31
0.0
100
AcDbText
 73
     2
  0
TEXT
  5
20212
330
1F
100
AcDbEntity
  8
tejido
 62
     8
100
AcDbText
 10
6362733.743462545
 20
6173356.346531825
 30
0.0
 40
0.375
  1
16.9
  7
ARIAL
 72
     1
 11
6362734.253268139
 21
6173356.534031825
 31
0.0
100
AcDbText
 73
     2
  0
TEXT
  5
20213
330
1F
100
AcDbEntity
  8
tejido
 62
     8
100
AcDbText
 10
6362741.930983868
 20
6173348.477510127
 30
0.0
 40
0.375
  1
22.5
  7
ARIAL
 72
     1
 11
6362742.440789461
 21
6173348.665010126
 31
0.0
100
AcDbText
 73
     2
  0
TEXT
  5
20214
330
1F
100
AcDbEntity
  8
tejido
 62
     8
100
AcDbText
 10
6362765.946305786
 20
6173338.93227693
 30
0.0
 40
0.375
  1
0.0
  7
ARIAL
 72
     1
 11
6362766.310434367
 21
6173339.11977693
 31
0.0
100
AcDbText
 73
     2
  0
TEXT
  5
20215
330
1F
100
AcDbEntity
  8
tejido
 62
     8
100
AcDbText
 10
6362748.917067739
 20
6173367.168485638
 30
0.0
 40
0.375
  1
2.8
  7
ARIAL
 72
     1
 11
6362749.28119632
 21
6173367.355985638
 31
0.0
100
AcDbText
 73
     2
  0
TEXT
  5
20216
330
1F
100
AcDbEntity
  8
tejido
 62
     8
100
AcDbText
 10
6362757.241178626
 20
6173354.510062964
 30
0.0
 40
0.375
  1
2.8
  7
ARIAL
 72
     1
 11
6362757.605307207
 21
6173354.697562964
 31
0.0
100
AcDbText
 73
     2
  0
TEXT
  5
20217
330
1F
100
AcDbEntity
  8
tejido
 62
     8
100
AcDbText
 10
6362746.888015147
 20
6173365.175156086
 30
0.0
 40
0.375
  1
13.7
  7
ARIAL
 72
     1
 11
6362747.39782074
 21
6173365.362656087
 31
0.0
100
AcDbText
 73
     2
  0
TEXT
  5
20218
330
1F
100
AcDbEntity
  8
tejido
 62
     8
100
AcDbText
 10
6362759.333132304
 20
6173347.903122657
 30
0.0
 40
0.375
  1
22.3
  7
ARIAL
 72
     1
 11
6362759.842937898
 21
6173348.090622656
 31
0.0
100
AcDbText
 73
     2
  0
TEXT
  5
20219
330
1F
100
AcDbEntity
  8
tejido
 62
     8
100
AcDbText
 10
6362751.860773331
 20
6173357.207020642
 30
0.0
 40
0.375
  1
22.3
  7
ARIAL
 72
     1
 11
6362752.370578926
 21
6173357.394520642
 31
0.0
100
AcDbText
 73
     2
  0
TEXT
  5
2021A
330
1F
100
AcDbEntity
  8
tejido
 62
     8
100
AcDbText
 10
6362753.694354072
 20
6173352.864822541
 30
0.0
 40
0.375
  1
26.0
  7
ARIAL
 72
     1
 11
6362754.204159666
 21
6173353.05232254
 31
0.0
100
AcDbText
 73
     2
  0
TEXT
  5
2021B
330
1F
100
AcDbEntity
  8
tejido
 62
     8
100
AcDbText
 10
6362818.269924948
 20
6173328.598045452
 30
0.0
 40
0.375
  1
2.8
  7
ARIAL
 72
     1
 11
6362818.634053531
 21
6173328.785545452
 31
0.0
100
AcDbText
 73
     2
  0
TEXT
  5
2021C
330
1F
100
AcDbEntity
  8
tejido
 62
     8
100
AcDbText
 10
6362791.67028536
 20
6173388.616751922
 30
0.0
 40
0.375
  1
0.0
  7
ARIAL
 72
     1
 11
6362792.034413942
 21
6173388.804251922
 31
0.0
100
AcDbText
 73
     2
  0
TEXT
  5
2021D
330
1F
100
AcDbEntity
  8
tejido
 62
     8
100
AcDbText
 10
6362793.718515616
 20
6173386.043190204
 30
0.0
 40
0.375
  1
5.3
  7
ARIAL
 72
     1
 11
6362794.082644198
 21
6173386.230690204
 31
0.0
100
AcDbText
 73
     2
  0
TEXT
  5
2021E
330
1F
100
AcDbEntity
  8
tejido
 62
     8
100
AcDbText
 10
6362790.805183444
 20
6173382.195595723
 30
0.0
 40
0.375
  1
4.3
  7
ARIAL
 72
     1
 11
6362791.169312025
 21
6173382.383095724
 31
0.0
100
AcDbText
 73
     2
  0
TEXT
  5
2021F
330
1F
100
AcDbEntity
  8
tejido
 62
     8
100
AcDbText
 10
6362785.115022926
 20
6173387.277037845
 30
0.0
 40
0.375
  1
6.0
  7
ARIAL
 72
     1
 11
6362785.479151508
 21
6173387.464537845
 31
0.0
100
AcDbText
 73
     2
  0
TEXT
  5
20220
330
1F
100
AcDbEntity
  8
tejido
 62
     8
100
AcDbText
 10
6362795.20161051
 20
6173382.067225072
 30
0.0
 40
0.375
  1
3.1
  7
ARIAL
 72
     1
 11
6362795.565739093
 21
6173382.254725072
 31
0.0
100
AcDbText
 73
     2
  0
TEXT
  5
20221
330
1F
100
AcDbEntity
  8
tejido
 62
     8
100
AcDbText
 10
6362796.716908133
 20
6173383.237800216
 30
0.0
 40
0.375
  1
0.0
  7
ARIAL
 72
     1
 11
6362797.081036713
 21
6173383.425300215
 31
0.0
100
AcDbText
 73
     2
  0
TEXT
  5
20222
330
1F
100
AcDbEntity
  8
tejido
 62
     8
100
AcDbText
 10
6362709.177368527
 20
6173339.551713183
 30
0.0
 40
0.375
  1
13.7
  7
ARIAL
 72
     1
 11
6362709.68717412
 21
6173339.739213182
 31
0.0
100
AcDbText
 73
     2
  0
TEXT
  5
20223
330
1F
100
AcDbEntity
  8
tejido
 62
     8
100
AcDbText
 10
6362716.016485441
 20
6173329.730147813
 30
0.0
 40
0.375
  1
11.1
  7
ARIAL
 72
     1
 11
6362716.526291034
 21
6173329.917647812
 31
0.0
100
AcDbText
 73
     2
  0
TEXT
  5
20224
330
1F
100
AcDbEntity
  8
tejido
 62
     8
100
AcDbText
 10
6362717.437695748
 20
6173327.840608156
 30
0.0
 40
0.375
  1
0.0
  7
ARIAL
 72
     1
 11
6362717.801824328
 21
6173328.028108157
 31
0.0
100
AcDbText
 73
     2
  0
TEXT
  5
20225
330
1F
100
AcDbEntity
  8
tejido
 62
     8
100
AcDbText
 10
6362715.610060462
 20
6173330.322901498
 30
0.0
 40
0.375
  1
13.7
  7
ARIAL
 72
     1
 11
6362716.119866055
 21
6173330.510401498
 31
0.0
100
AcDbText
 73
     2
  0
TEXT
  5
20226
330
1F
100
AcDbEntity
  8
tejido
 62
     8
100
AcDbText
 10
6362712.615284364
 20
6173330.53664955
 30
0.0
 40
0.375
  1
16.3
  7
ARIAL
 72
     1
 11
6362713.125089957
 21
6173330.72414955
 31
0.0
100
AcDbText
 73
     2
  0
TEXT
  5
20227
330
1F
100
AcDbEntity
  8
tejido
 62
     8
100
AcDbText
 10
6362712.088757322
 20
6173333.000745121
 30
0.0
 40
0.375
  1
23.3
  7
ARIAL
 72
     1
 11
6362712.598562916
 21
6173333.188245122
 31
0.0
100
AcDbText
 73
     2
  0
TEXT
  5
20228
330
1F
100
AcDbEntity
  8
tejido
 62
     8
100
AcDbText
 10
6362714.724918238
 20
6173335.318801544
 30
0.0
 40
0.375
  1
21.9
  7
ARIAL
 72
     1
 11
6362715.234723831
 21
6173335.506301545
 31
0.0
100
AcDbText
 73
     2
  0
TEXT
  5
20229
330
1F
100
AcDbEntity
  8
tejido
 62
     8
100
AcDbText
 10
6362705.789046425
 20
6173319.602443184
 30
0.0
 40
0.375
  1
4.2
  7
ARIAL
 72
     1
 11
6362706.153175006
 21
6173319.789943184
 31
0.0
100
AcDbText
 73
     2
  0
TEXT
  5
2022A
330
1F
100
AcDbEntity
  8
tejido
 62
     8
100
AcDbText
 10
6362727.129590806
 20
6173323.871990789
 30
0.0
 40
0.375
  1
7.4
  7
ARIAL
 72
     1
 11
6362727.493719388
 21
6173324.05949079
 31
0.0
100
AcDbText
 73
     2
  0
TEXT
  5
2022B
330
1F
100
AcDbEntity
  8
tejido
 62
     8
100
AcDbText
 10
6362725.402124263
 20
6173328.030900866
 30
0.0
 40
0.375
  1
5.8
  7
ARIAL
 72
     1
 11
6362725.766252845
 21
6173328.218400865
 31
0.0
100
AcDbText
 73
     2
  0
TEXT
  5
2022C
330
1F
100
AcDbEntity
  8
tejido
 62
     8
100
AcDbText
 10
6362723.063947561
 20
6173321.40595486
 30
0.0
 40
0.375
  1
4.5
  7
ARIAL
 72
     1
 11
6362723.428076142
 21
6173321.59345486
 31
0.0
100
AcDbText
 73
     2
  0
TEXT
  5
2022D
330
1F
100
AcDbEntity
  8
tejido
 62
     8
100
AcDbText
 10
6362722.640298361
 20
6173326.386254678
 30
0.0
 40
0.375
  1
0.0
  7
ARIAL
 72
     1
 11
6362723.004426942
 21
6173326.573754677
 31
0.0
100
AcDbText
 73
     2
  0
TEXT
  5
2022E
330
1F
100
AcDbEntity
  8
tejido
 62
     8
100
AcDbText
 10
6362717.772857976
 20
6173320.291013758
 30
0.0
 40
0.375
  1
6.7
  7
ARIAL
 72
     1
 11
6362718.136986558
 21
6173320.478513758
 31
0.0
100
AcDbText
 73
     2
  0
TEXT
  5
2022F
330
1F
100
AcDbEntity
  8
tejido
 62
     8
100
AcDbText
 10
6362714.536601316
 20
6173317.091045957
 30
0.0
 40
0.375
  1
5.4
  7
ARIAL
 72
     1
 11
6362714.900729898
 21
6173317.278545957
 31
0.0
100
AcDbText
 73
     2
  0
TEXT
  5
20230
330
1F
100
AcDbEntity
  8
tejido
 62
     8
100
AcDbText
 10
6362710.910253215
 20
6173320.028572264
 30
0.0
 40
0.375
  1
0.0
  7
ARIAL
 72
     1
 11
6362711.274381796
 21
6173320.216072266
 31
0.0
100
AcDbText
 73
     2
  0
TEXT
  5
20231
330
1F
100
AcDbEntity
  8
tejido
 62
     8
100
AcDbText
 10
6362712.016078384
 20
6173313.586575948
 30
0.0
 40
0.375
  1
0.0
  7
ARIAL
 72
     1
 11
6362712.380206964
 21
6173313.774075948
 31
0.0
100
AcDbText
 73
     2
  0
TEXT
  5
20232
330
1F
100
AcDbEntity
  8
tejido
 62
     8
100
AcDbText
 10
6362710.396155448
 20
6173316.788909063
 30
0.0
 40
0.375
  1
3.2
  7
ARIAL
 72
     1
 11
6362710.760284029
 21
6173316.976409063
 31
0.0
100
AcDbText
 73
     2
  0
TEXT
  5
20233
330
1F
100
AcDbEntity
  8
tejido
 62
     8
100
AcDbText
 10
6362712.299210508
 20
6173308.539111249
 30
0.0
 40
0.375
  1
8.3
  7
ARIAL
 72
     1
 11
6362712.66333909
 21
6173308.726611249
 31
0.0
100
AcDbText
 73
     2
  0
TEXT
  5
20234
330
1F
100
AcDbEntity
  8
tejido
 62
     8
100
AcDbText
 10
6362710.498352104
 20
6173304.283631142
 30
0.0
 40
0.375
  1
5.7
  7
ARIAL
 72
     1
 11
6362710.862480684
 21
6173304.471131142
 31
0.0
100
AcDbText
 73
     2
  0
TEXT
  5
20235
330
1F
100
AcDbEntity
  8
tejido
 62
     8
100
AcDbText
 10
6362726.552631889
 20
6173318.475870575
 30
0.0
 40
0.375
  1
5.1
  7
ARIAL
 72
     1
 11
6362726.916760469
 21
6173318.663370574
 31
0.0
100
AcDbText
 73
     2
  0
TEXT
  5
20236
330
1F
100
AcDbEntity
  8
tejido
 62
     8
100
AcDbText
 10
6362718.448291436
 20
6173308.469306849
 30
0.0
 40
0.375
  1
4.1
  7
ARIAL
 72
     1
 11
6362718.812420017
 21
6173308.656806851
 31
0.0
100
AcDbText
 73
     2
  0
TEXT
  5
20237
330
1F
100
AcDbEntity
  8
tejido
 62
     8
100
AcDbText
 10
6362721.92519327
 20
6173310.502930075
 30
0.0
 40
0.375
  1
3.3
  7
ARIAL
 72
     1
 11
6362722.289321851
 21
6173310.690430075
 31
0.0
100
AcDbText
 73
     2
  0
TEXT
  5
20238
330
1F
100
AcDbEntity
  8
tejido
 62
     8
100
AcDbText
 10
6362729.578618069
 20
6173315.781752027
 30
0.0
 40
0.375
  1
4.1
  7
ARIAL
 72
     1
 11
6362729.94274665
 21
6173315.969252026
 31
0.0
100
AcDbText
 73
     2
  0
TEXT
  5
20239
330
1F
100
AcDbEntity
  8
tejido
 62
     8
100
AcDbText
 10
6362736.076689421
 20
6173320.165642613
 30
0.0
 40
0.375
  1
3.2
  7
ARIAL
 72
     1
 11
6362736.440818004
 21
6173320.353142614
 31
0.0
100
AcDbText
 73
     2
  0
TEXT
  5
2023A
330
1F
100
AcDbEntity
  8
tejido
 62
     8
100
AcDbText
 10
6362742.348374922
 20
6173318.913600535
 30
0.0
 40
0.375
  1
0.0
  7
ARIAL
 72
     1
 11
6362742.712503504
 21
6173319.101100535
 31
0.0
100
AcDbText
 73
     2
  0
TEXT
  5
2023B
330
1F
100
AcDbEntity
  8
tejido
 62
     8
100
AcDbText
 10
6362740.414402327
 20
6173316.075891597
 30
0.0
 40
0.375
  1
4.2
  7
ARIAL
 72
     1
 11
6362740.778530909
 21
6173316.263391597
 31
0.0
100
AcDbText
 73
     2
  0
TEXT
  5
2023C
330
1F
100
AcDbEntity
  8
tejido
 62
     8
100
AcDbText
 10
6362743.141690355
 20
6173313.17151784
 30
0.0
 40
0.375
  1
5.1
  7
ARIAL
 72
     1
 11
6362743.505818936
 21
6173313.359017839
 31
0.0
100
AcDbText
 73
     2
  0
TEXT
  5
2023D
330
1F
100
AcDbEntity
  8
tejido
 62
     8
100
AcDbText
 10
6362735.407918692
 20
6173307.935878287
 30
0.0
 40
0.375
  1
7.8
  7
ARIAL
 72
     1
 11
6362735.772047273
 21
6173308.123378286
 31
0.0
100
AcDbText
 73
     2
  0
TEXT
  5
2023E
330
1F
100
AcDbEntity
  8
tejido
 62
     8
100
AcDbText
 10
6362736.390029811
 20
6173313.468572835
 30
0.0
 40
0.375
  1
6.8
  7
ARIAL
 72
     1
 11
6362736.754158393
 21
6173313.656072837
 31
0.0
100
AcDbText
 73
     2
  0
TEXT
  5
2023F
330
1F
100
AcDbEntity
  8
tejido
 62
     8
100
AcDbText
 10
6362746.659233486
 20
6173294.519998945
 30
0.0
 40
0.375
  1
6.9
  7
ARIAL
 72
     1
 11
6362747.023362069
 21
6173294.707498945
 31
0.0
100
AcDbText
 73
     2
  0
TEXT
  5
20240
330
1F
100
AcDbEntity
  8
tejido
 62
     8
100
AcDbText
 10
6362739.072175421
 20
6173305.433107556
 30
0.0
 40
0.375
  1
5.1
  7
ARIAL
 72
     1
 11
6362739.436304003
 21
6173305.620607556
 31
0.0
100
AcDbText
 73
     2
  0
TEXT
  5
20241
330
1F
100
AcDbEntity
  8
tejido
 62
     8
100
AcDbText
 10
6362749.287382989
 20
6173303.8723016
 30
0.0
 40
0.375
  1
3.6
  7
ARIAL
 72
     1
 11
6362749.65151157
 21
6173304.0598016
 31
0.0
100
AcDbText
 73
     2
  0
TEXT
  5
20242
330
1F
100
AcDbEntity
  8
tejido
 62
     8
100
AcDbText
 10
6362732.414279251
 20
6173271.447945003
 30
0.0
 40
0.375
  1
6.4
  7
ARIAL
 72
     1
 11
6362732.778407831
 21
6173271.635445003
 31
0.0
100
AcDbText
 73
     2
  0
TEXT
  5
20243
330
1F
100
AcDbEntity
  8
tejido
 62
     8
100
AcDbText
 10
6362740.403194238
 20
6173301.536904148
 30
0.0
 40
0.375
  1
4.1
  7
ARIAL
 72
     1
 11
6362740.76732282
 21
6173301.724404147
 31
0.0
100
AcDbText
 73
     2
  0
TEXT
  5
20244
330
1F
100
AcDbEntity
  8
tejido
 62
     8
100
AcDbText
 10
6362733.133109161
 20
6173296.165772126
 30
0.0
 40
0.375
  1
6.2
  7
ARIAL
 72
     1
 11
6362733.497237743
 21
6173296.353272125
 31
0.0
100
AcDbText
 73
     2
  0
TEXT
  5
20245
330
1F
100
AcDbEntity
  8
tejido
 62
     8
100
AcDbText
 10
6362740.559311938
 20
6173294.425596695
 30
0.0
 40
0.375
  1
4.1
  7
ARIAL
 72
     1
 11
6362740.923440519
 21
6173294.613096695
 31
0.0
100
AcDbText
 73
     2
  0
TEXT
  5
20246
330
1F
100
AcDbEntity
  8
tejido
 62
     8
100
AcDbText
 10
6362738.593827388
 20
6173268.656411137
 30
0.0
 40
0.375
  1
9.5
  7
ARIAL
 72
     1
 11
6362738.957955968
 21
6173268.843911137
 31
0.0
100
AcDbText
 73
     2
  0
TEXT
  5
20247
330
1F
100
AcDbEntity
  8
tejido
 62
     8
100
AcDbText
 10
6362724.74498663
 20
6173300.672201206
 30
0.0
 40
0.375
  1
8.2
  7
ARIAL
 72
     1
 11
6362725.109115212
 21
6173300.859701206
 31
0.0
100
AcDbText
 73
     2
  0
TEXT
  5
20248
330
1F
100
AcDbEntity
  8
tejido
 62
     8
100
AcDbText
 10
6362721.881480316
 20
6173298.060557693
 30
0.0
 40
0.375
  1
7.5
  7
ARIAL
 72
     1
 11
6362722.245608899
 21
6173298.248057692
 31
0.0
100
AcDbText
 73
     2
  0
TEXT
  5
20249
330
1F
100
AcDbEntity
  8
tejido
 62
     8
100
AcDbText
 10
6362727.12960188
 20
6173295.987971373
 30
0.0
 40
0.375
  1
6.8
  7
ARIAL
 72
     1
 11
6362727.493730463
 21
6173296.175471373
 31
0.0
100
AcDbText
 73
     2
  0
TEXT
  5
2024A
330
1F
100
AcDbEntity
  8
tejido
 62
     8
100
AcDbText
 10
6362743.275694902
 20
6173308.254652346
 30
0.0
 40
0.375
  1
7.3
  7
ARIAL
 72
     1
 11
6362743.639823483
 21
6173308.442152347
 31
0.0
100
AcDbText
 73
     2
  0
TEXT
  5
2024B
330
1F
100
AcDbEntity
  8
tejido
 62
     8
100
AcDbText
 10
6362726.10070505
 20
6173306.286250398
 30
0.0
 40
0.375
  1
3.1
  7
ARIAL
 72
     1
 11
6362726.464833631
 21
6173306.473750398
 31
0.0
100
AcDbText
 73
     2
  0
TEXT
  5
2024C
330
1F
100
AcDbEntity
  8
tejido
 62
     8
100
AcDbText
 10
6362743.517434023
 20
6173303.754770203
 30
0.0
 40
0.375
  1
3.6
  7
ARIAL
 72
     1
 11
6362743.881562604
 21
6173303.942270202
 31
0.0
100
AcDbText
 73
     2
  0
TEXT
  5
2024D
330
1F
100
AcDbEntity
  8
tejido
 62
     8
100
AcDbText
 10
6362737.666106108
 20
6173265.169956342
 30
0.0
 40
0.375
  1
0.0
  7
ARIAL
 72
     1
 11
6362738.030234688
 21
6173265.357456341
 31
0.0
100
AcDbText
 73
     2
  0
TEXT
  5
2024E
330
1F
100
AcDbEntity
  8
tejido
 62
     8
100
AcDbText
 10
6362721.338102375
 20
6173293.439546569
 30
0.0
 40
0.375
  1
4.6
  7
ARIAL
 72
     1
 11
6362721.702230957
 21
6173293.627046568
 31
0.0
100
AcDbText
 73
     2
  0
TEXT
  5
2024F
330
1F
100
AcDbEntity
  8
tejido
 62
     8
100
AcDbText
 10
6362736.282271941
 20
6173291.514898604
 30
0.0
 40
0.375
  1
3.4
  7
ARIAL
 72
     1
 11
6362736.646400523
 21
6173291.702398604
 31
0.0
100
AcDbText
 73
     2
  0
TEXT
  5
20250
330
1F
100
AcDbEntity
  8
tejido
 62
     8
100
AcDbText
 10
6362730.41156954
 20
6173307.777032229
 30
0.0
 40
0.375
  1
5.0
  7
ARIAL
 72
     1
 11
6362730.775698122
 21
6173307.964532228
 31
0.0
100
AcDbText
 73
     2
  0
TEXT
  5
20251
330
1F
100
AcDbEntity
  8
tejido
 62
     8
100
AcDbText
 10
6362753.152609881
 20
6173298.498089414
 30
0.0
 40
0.375
  1
9.0
  7
ARIAL
 72
     1
 11
6362753.516738462
 21
6173298.685589415
 31
0.0
100
AcDbText
 73
     2
  0
TEXT
  5
20252
330
1F
100
AcDbEntity
  8
tejido
 62
     8
100
AcDbText
 10
6362723.777767992
 20
6173304.787940508
 30
0.0
 40
0.375
  1
6.5
  7
ARIAL
 72
     1
 11
6362724.141896572
 21
6173304.975440507
 31
0.0
100
AcDbText
 73
     2
  0
TEXT
  5
20253
330
1F
100
AcDbEntity
  8
tejido
 62
     8
100
AcDbText
 10
6362721.678717805
 20
6173285.103521464
 30
0.0
 40
0.375
  1
3.1
  7
ARIAL
 72
     1
 11
6362722.042846386
 21
6173285.291021463
 31
0.0
100
AcDbText
 73
     2
  0
TEXT
  5
20254
330
1F
100
AcDbEntity
  8
tejido
 62
     8
100
AcDbText
 10
6362736.197803085
 20
6173272.133507911
 30
0.0
 40
0.375
  1
4.5
  7
ARIAL
 72
     1
 11
6362736.561931666
 21
6173272.32100791
 31
0.0
100
AcDbText
 73
     2
  0
TEXT
  5
20255
330
1F
100
AcDbEntity
  8
tejido
 62
     8
100
AcDbText
 10
6362716.269324111
 20
6173296.3926979
 30
0.0
 40
0.375
  1
4.9
  7
ARIAL
 72
     1
 11
6362716.633452691
 21
6173296.5801979
 31
0.0
100
AcDbText
 73
     2
  0
TEXT
  5
20256
330
1F
100
AcDbEntity
  8
tejido
 62
     8
100
AcDbText
 10
6362730.331421913
 20
6173292.988183657
 30
0.0
 40
0.375
  1
4.5
  7
ARIAL
 72
     1
 11
6362730.695550493
 21
6173293.175683657
 31
0.0
100
AcDbText
 73
     2
  0
TEXT
  5
20257
330
1F
100
AcDbEntity
  8
tejido
 62
     8
100
AcDbText
 10
6362732.362867181
 20
6173302.037357094
 30
0.0
 40
0.375
  1
0.0
  7
ARIAL
 72
     1
 11
6362732.726995761
 21
6173302.224857094
 31
0.0
100
AcDbText
 73
     2
  0
TEXT
  5
20258
330
1F
100
AcDbEntity
  8
tejido
 62
     8
100
AcDbText
 10
6362746.552471024
 20
6173310.111171407
 30
0.0
 40
0.375
  1
8.2
  7
ARIAL
 72
     1
 11
6362746.916599605
 21
6173310.298671407
 31
0.0
100
AcDbText
 73
     2
  0
TEXT
  5
20259
330
1F
100
AcDbEntity
  8
tejido
 62
     8
100
AcDbText
 10
6362711.501691291
 20
6173299.924011277
 30
0.0
 40
0.375
  1
2.8
  7
ARIAL
 72
     1
 11
6362711.865819871
 21
6173300.111511276
 31
0.0
100
AcDbText
 73
     2
  0
TEXT
  5
2025A
330
1F
100
AcDbEntity
  8
tejido
 62
     8
100
AcDbText
 10
6362718.91091158
 20
6173301.425988492
 30
0.0
 40
0.375
  1
3.8
  7
ARIAL
 72
     1
 11
6362719.275040161
 21
6173301.613488493
 31
0.0
100
AcDbText
 73
     2
  0
TEXT
  5
2025B
330
1F
100
AcDbEntity
  8
tejido
 62
     8
100
AcDbText
 10
6362736.682151351
 20
6173298.12704524
 30
0.0
 40
0.375
  1
3.4
  7
ARIAL
 72
     1
 11
6362737.046279932
 21
6173298.314545242
 31
0.0
100
AcDbText
 73
     2
  0
TEXT
  5
2025C
330
1F
100
AcDbEntity
  8
tejido
 62
     8
100
AcDbText
 10
6362735.690718157
 20
6173273.921731627
 30
0.0
 40
0.375
  1
0.0
  7
ARIAL
 72
     1
 11
6362736.054846737
 21
6173274.109231628
 31
0.0
100
AcDbText
 73
     2
  0
TEXT
  5
2025D
330
1F
100
AcDbEntity
  8
tejido
 62
     8
100
AcDbText
 10
6362726.448255553
 20
6173290.700594449
 30
0.0
 40
0.375
  1
3.3
  7
ARIAL
 72
     1
 11
6362726.812384135
 21
6173290.888094449
 31
0.0
100
AcDbText
 73
     2
  0
TEXT
  5
2025E
330
1F
100
AcDbEntity
  8
tejido
 62
     8
100
AcDbText
 10
6362748.671128387
 20
6173301.654765855
 30
0.0
 40
0.375
  1
6.1
  7
ARIAL
 72
     1
 11
6362749.035256967
 21
6173301.842265855
 31
0.0
100
AcDbText
 73
     2
  0
TEXT
  5
2025F
330
1F
100
AcDbEntity
  8
tejido
 62
     8
100
AcDbText
 10
6362732.645823046
 20
6173289.933105836
 30
0.0
 40
0.375
  1
4.2
  7
ARIAL
 72
     1
 11
6362733.009951628
 21
6173290.120605836
 31
0.0
100
AcDbText
 73
     2
  0
TEXT
  5
20260
330
1F
100
AcDbEntity
  8
tejido
 62
     8
100
AcDbText
 10
6362719.604781326
 20
6173289.625234851
 30
0.0
 40
0.375
  1
8.0
  7
ARIAL
 72
     1
 11
6362719.968909907
 21
6173289.812734851
 31
0.0
100
AcDbText
 73
     2
  0
TEXT
  5
20261
330
1F
100
AcDbEntity
  8
tejido
 62
     8
100
AcDbText
 10
6362740.720802174
 20
6173289.672625506
 30
0.0
 40
0.375
  1
5.3
  7
ARIAL
 72
     1
 11
6362741.084930757
 21
6173289.860125507
 31
0.0
100
AcDbText
 73
     2
  0
TEXT
  5
20262
330
1F
100
AcDbEntity
  8
tejido
 62
     8
100
AcDbText
 10
6362720.664845421
 20
6173299.825861167
 30
0.0
 40
0.375
  1
6.5
  7
ARIAL
 72
     1
 11
6362721.028974002
 21
6173300.013361166
 31
0.0
100
AcDbText
 73
     2
  0
TEXT
  5
20263
330
1F
100
AcDbEntity
  8
tejido
 62
     8
100
AcDbText
 10
6362724.21602829
 20
6173280.834403705
 30
0.0
 40
0.375
  1
4.0
  7
ARIAL
 72
     1
 11
6362724.580156871
 21
6173281.021903704
 31
0.0
100
AcDbText
 73
     2
  0
TEXT
  5
20264
330
1F
100
AcDbEntity
  8
tejido
 62
     8
100
AcDbText
 10
6362734.375153145
 20
6173267.690060618
 30
0.0
 40
0.375
  1
8.1
  7
ARIAL
 72
     1
 11
6362734.739281726
 21
6173267.877560618
 31
0.0
100
AcDbText
 73
     2
  0
TEXT
  5
20265
330
1F
100
AcDbEntity
  8
tejido
 62
     8
100
AcDbText
 10
6362730.693716405
 20
6173284.694737958
 30
0.0
 40
0.375
  1
7.9
  7
ARIAL
 72
     1
 11
6362731.057844986
 21
6173284.882237958
 31
0.0
100
AcDbText
 73
     2
  0
TEXT
  5
20266
330
1F
100
AcDbEntity
  8
tejido
 62
     8
100
AcDbText
 10
6362733.336077516
 20
6173300.465550481
 30
0.0
 40
0.375
  1
7.7
  7
ARIAL
 72
     1
 11
6362733.700206097
 21
6173300.65305048
 31
0.0
100
AcDbText
 73
     2
  0
TEXT
  5
20267
330
1F
100
AcDbEntity
  8
tejido
 62
     8
100
AcDbText
 10
6362719.819419754
 20
6173324.485903216
 30
0.0
 40
0.375
  1
3.2
  7
ARIAL
 72
     1
 11
6362720.183548336
 21
6173324.673403217
 31
0.0
100
AcDbText
 73
     2
  0
TEXT
  5
20268
330
1F
100
AcDbEntity
  8
tejido
 62
     8
100
AcDbText
 10
6362748.582484647
 20
6173288.97101166
 30
0.0
 40
0.375
  1
7.1
  7
ARIAL
 72
     1
 11
6362748.946613228
 21
6173289.15851166
 31
0.0
100
AcDbText
 73
     2
  0
TEXT
  5
20269
330
1F
100
AcDbEntity
  8
tejido
 62
     8
100
AcDbText
 10
6362748.981099505
 20
6173284.450416937
 30
0.0
 40
0.375
  1
3.5
  7
ARIAL
 72
     1
 11
6362749.345228086
 21
6173284.637916938
 31
0.0
100
AcDbText
 73
     2
  0
TEXT
  5
2026A
330
1F
100
AcDbEntity
  8
tejido
 62
     8
100
AcDbText
 10
6362750.532932355
 20
6173282.783648391
 30
0.0
 40
0.375
  1
6.1
  7
ARIAL
 72
     1
 11
6362750.897060935
 21
6173282.971148393
 31
0.0
100
AcDbText
 73
     2
  0
TEXT
  5
2026B
330
1F
100
AcDbEntity
  8
tejido
 62
     8
100
AcDbText
 10
6362758.085728883
 20
6173281.3425137
 30
0.0
 40
0.375
  1
0.0
  7
ARIAL
 72
     1
 11
6362758.449857464
 21
6173281.5300137
 31
0.0
100
AcDbText
 73
     2
  0
TEXT
  5
2026C
330
1F
100
AcDbEntity
  8
tejido
 62
     8
100
AcDbText
 10
6362754.444347679
 20
6173287.11198538
 30
0.0
 40
0.375
  1
0.0
  7
ARIAL
 72
     1
 11
6362754.808476259
 21
6173287.29948538
 31
0.0
100
AcDbText
 73
     2
  0
TEXT
  5
2026D
330
1F
100
AcDbEntity
  8
tejido
 62
     8
100
AcDbText
 10
6362753.556779126
 20
6173283.840991053
 30
0.0
 40
0.375
  1
0.0
  7
ARIAL
 72
     1
 11
6362753.920907707
 21
6173284.028491052
 31
0.0
100
AcDbText
 73
     2
  0
TEXT
  5
2026E
330
1F
100
AcDbEntity
  8
tejido
 62
     8
100
AcDbText
 10
6362752.358396356
 20
6173286.306242415
 30
0.0
 40
0.375
  1
4.4
  7
ARIAL
 72
     1
 11
6362752.722524938
 21
6173286.493742415
 31
0.0
100
AcDbText
 73
     2
  0
TEXT
  5
2026F
330
1F
100
AcDbEntity
  8
tejido
 62
     8
100
AcDbText
 10
6362755.023282682
 20
6173284.666404294
 30
0.0
 40
0.375
  1
3.0
  7
ARIAL
 72
     1
 11
6362755.387411263
 21
6173284.853904293
 31
0.0
100
AcDbText
 73
     2
  0
TEXT
  5
20270
330
1F
100
AcDbEntity
  8
tejido
 62
     8
100
AcDbText
 10
6362753.013555922
 20
6173281.167184029
 30
0.0
 40
0.375
  1
3.5
  7
ARIAL
 72
     1
 11
6362753.377684502
 21
6173281.354684029
 31
0.0
100
AcDbText
 73
     2
  0
TEXT
  5
20271
330
1F
100
AcDbEntity
  8
tejido
 62
     8
100
AcDbText
 10
6362813.427436194
 20
6173379.886761194
 30
0.0
 40
0.375
  1
0.0
  7
ARIAL
 72
     1
 11
6362813.791564775
 21
6173380.074261195
 31
0.0
100
AcDbText
 73
     2
  0
TEXT
  5
20272
330
1F
100
AcDbEntity
  8
tejido
 62
     8
100
AcDbText
 10
6362808.472006353
 20
6173386.878432181
 30
0.0
 40
0.375
  1
0.0
  7
ARIAL
 72
     1
 11
6362808.836134933
 21
6173387.065932181
 31
0.0
100
AcDbText
 73
     2
  0
TEXT
  5
20273
330
1F
100
AcDbEntity
  8
tejido
 62
     8
100
AcDbText
 10
6362795.968271258
 20
6173373.337394679
 30
0.0
 40
0.375
  1
0.0
  7
ARIAL
 72
     1
 11
6362796.33239984
 21
6173373.52489468
 31
0.0
100
AcDbText
 73
     2
  0
TEXT
  5
20274
330
1F
100
AcDbEntity
  8
tejido
 62
     8
100
AcDbText
 10
6362811.442531262
 20
6173384.731070617
 30
0.0
 40
0.375
  1
7.6
  7
ARIAL
 72
     1
 11
6362811.806659842
 21
6173384.918570617
 31
0.0
100
AcDbText
 73
     2
  0
TEXT
  5
20275
330
1F
100
AcDbEntity
  8
tejido
 62
     8
100
AcDbText
 10
6362840.355727997
 20
6173344.124203796
 30
0.0
 40
0.375
  1
0.0
  7
ARIAL
 72
     1
 11
6362840.719856579
 21
6173344.311703797
 31
0.0
100
AcDbText
 73
     2
  0
TEXT
  5
20276
330
1F
100
AcDbEntity
  8
tejido
 62
     8
100
AcDbText
 10
6362843.098118741
 20
6173341.26220986
 30
0.0
 40
0.375
  1
8.6
  7
ARIAL
 72
     1
 11
6362843.462247322
 21
6173341.44970986
 31
0.0
100
AcDbText
 73
     2
  0
TEXT
  5
20277
330
1F
100
AcDbEntity
  8
tejido
 62
     8
100
AcDbText
 10
6362842.511372604
 20
6173338.123227928
 30
0.0
 40
0.375
  1
6.2
  7
ARIAL
 72
     1
 11
6362842.875501184
 21
6173338.310727928
 31
0.0
100
AcDbText
 73
     2
  0
TEXT
  5
20278
330
1F
100
AcDbEntity
  8
tejido
 62
     8
100
AcDbText
 10
6362837.394877017
 20
6173342.026413738
 30
0.0
 40
0.375
  1
3.1
  7
ARIAL
 72
     1
 11
6362837.759005598
 21
6173342.213913738
 31
0.0
100
AcDbText
 73
     2
  0
TEXT
  5
20279
330
1F
100
AcDbEntity
  8
tejido
 62
     8
100
AcDbText
 10
6362835.800366215
 20
6173345.34774462
 30
0.0
 40
0.375
  1
6.2
  7
ARIAL
 72
     1
 11
6362836.164494797
 21
6173345.535244621
 31
0.0
100
AcDbText
 73
     2
  0
TEXT
  5
2027A
330
1F
100
AcDbEntity
  8
tejido
 62
     8
100
AcDbText
 10
6362815.270018605
 20
6173399.108001488
 30
0.0
 40
0.375
  1
7.1
  7
ARIAL
 72
     1
 11
6362815.634147185
 21
6173399.295501488
 31
0.0
100
AcDbText
 73
     2
  0
TEXT
  5
2027B
330
1F
100
AcDbEntity
  8
tejido
 62
     8
100
AcDbText
 10
6362804.541771244
 20
6173392.223060524
 30
0.0
 40
0.375
  1
6.9
  7
ARIAL
 72
     1
 11
6362804.905899825
 21
6173392.410560524
 31
0.0
100
AcDbText
 73
     2
  0
TEXT
  5
2027C
330
1F
100
AcDbEntity
  8
tejido
 62
     8
100
AcDbText
 10
6362763.270568308
 20
6173288.580719214
 30
0.0
 40
0.375
  1
0.0
  7
ARIAL
 72
     1
 11
6362763.63469689
 21
6173288.768219214
 31
0.0
100
AcDbText
 73
     2
  0
TEXT
  5
2027D
330
1F
100
AcDbEntity
  8
tejido
 62
     8
100
AcDbText
 10
6362763.205080961
 20
6173284.449655369
 30
0.0
 40
0.375
  1
9.6
  7
ARIAL
 72
     1
 11
6362763.569209542
 21
6173284.63715537
 31
0.0
100
AcDbText
 73
     2
  0
TEXT
  5
2027E
330
1F
100
AcDbEntity
  8
tejido
 62
     8
100
AcDbText
 10
6362759.897494163
 20
6173283.036090843
 30
0.0
 40
0.375
  1
8.6
  7
ARIAL
 72
     1
 11
6362760.261622745
 21
6173283.223590844
 31
0.0
100
AcDbText
 73
     2
  0
TEXT
  5
2027F
330
1F
100
AcDbEntity
  8
tejido
 62
     8
100
AcDbText
 10
6362754.070071097
 20
6173292.701311871
 30
0.0
 40
0.375
  1
4.1
  7
ARIAL
 72
     1
 11
6362754.434199679
 21
6173292.888811872
 31
0.0
100
AcDbText
 73
     2
  0
TEXT
  5
20280
330
1F
100
AcDbEntity
  8
tejido
 62
     8
100
AcDbText
 10
6362757.639198143
 20
6173295.111387761
 30
0.0
 40
0.375
  1
3.7
  7
ARIAL
 72
     1
 11
6362758.003326725
 21
6173295.298887762
 31
0.0
100
AcDbText
 73
     2
  0
TEXT
  5
20281
330
1F
100
AcDbEntity
  8
tejido
 62
     8
100
AcDbText
 10
6362762.437363612
 20
6173281.779977706
 30
0.0
 40
0.375
  1
6.7
  7
ARIAL
 72
     1
 11
6362762.801492193
 21
6173281.967477707
 31
0.0
100
AcDbText
 73
     2
  0
TEXT
  5
20282
330
1F
100
AcDbEntity
  8
tejido
 62
     8
100
AcDbText
 10
6362785.983201449
 20
6173340.429614283
 30
0.0
 40
0.375
  1
7.6
  7
ARIAL
 72
     1
 11
6362786.347330032
 21
6173340.617114282
 31
0.0
100
AcDbText
 73
     2
  0
TEXT
  5
20283
330
1F
100
AcDbEntity
  8
tejido
 62
     8
100
AcDbText
 10
6362799.490676714
 20
6173323.157769658
 30
0.0
 40
0.375
  1
0.0
  7
ARIAL
 72
     1
 11
6362799.854805295
 21
6173323.345269658
 31
0.0
100
AcDbText
 73
     2
  0
TEXT
  5
20284
330
1F
100
AcDbEntity
  8
tejido
 62
     8
100
AcDbText
 10
6362830.789646891
 20
6173368.236661369
 30
0.0
 40
0.375
  1
7.4
  7
ARIAL
 72
     1
 11
6362831.153775472
 21
6173368.42416137
 31
0.0
100
AcDbText
 73
     2
  0
TEXT
  5
20285
330
1F
100
AcDbEntity
  8
tejido
 62
     8
100
AcDbText
 10
6362823.718492432
 20
6173365.374313552
 30
0.0
 40
0.375
  1
3.5
  7
ARIAL
 72
     1
 11
6362824.082621012
 21
6173365.561813551
 31
0.0
100
AcDbText
 73
     2
  0
TEXT
  5
20286
330
1F
100
AcDbEntity
  8
tejido
 62
     8
100
AcDbText
 10
6362807.571773217
 20
6173355.864055388
 30
0.0
 40
0.375
  1
3.7
  7
ARIAL
 72
     1
 11
6362807.935901797
 21
6173356.051555388
 31
0.0
100
AcDbText
 73
     2
  0
TEXT
  5
20288
330
1F
100
AcDbEntity
  8
parcelas_etiquetas
 62
   252
100
AcDbText
 10
6362804.944743087
 20
6173401.770375452
 30
0.0
 40
0.45
  1
USAM
  7
ARIAL
 72
     1
 11
6362805.870220577
 21
6173401.995375452
 31
0.0
100
AcDbText
 73
     2
  0
TEXT
  5
20289
330
1F
100
AcDbEntity
  8
parcelas_etiquetas
 62
   252
100
AcDbText
 10
6362804.978968872
 20
6173401.170375451
 30
0.0
 40
0.45
  1
17.2m
  7
ARIAL
 72
     1
 11
6362805.870220577
 21
6173401.395375451
 31
0.0
100
AcDbText
 73
     2
  0
TEXT
  5
2028A
330
1F
100
AcDbEntity
  8
parcelas_etiquetas
 62
   252
100
AcDbText
 10
6362796.701068957
 20
6173391.437966488
 30
0.0
 40
0.45
  1
USAM
  7
ARIAL
 72
     1
 11
6362797.626546447
 21
6173391.662966488
 31
0.0
100
AcDbText
 73
     2
  0
TEXT
  5
2028B
330
1F
100
AcDbEntity
  8
parcelas_etiquetas
 62
   252
100
AcDbText
 10
6362796.735294741
 20
6173390.837966487
 30
0.0
 40
0.45
  1
17.2m
  7
ARIAL
 72
     1
 11
6362797.626546447
 21
6173391.062966487
 31
0.0
100
AcDbText
 73
     2
  0
TEXT
  5
2028C
330
1F
100
AcDbEntity
  8
parcelas_etiquetas
 62
   252
100
AcDbText
 10
6362789.534871279
 20
6173386.502021048
 30
0.0
 40
0.45
  1
USAM
  7
ARIAL
 72
     1
 11
6362790.460348769
 21
6173386.727021047
 31
0.0
100
AcDbText
 73
     2
  0
TEXT
  5
2028D
330
1F
100
AcDbEntity
  8
parcelas_etiquetas
 62
   252
100
AcDbText
 10
6362789.569097063
 20
6173385.902021047
 30
0.0
 40
0.45
  1
17.2m
  7
ARIAL
 72
     1
 11
6362790.460348769
 21
6173386.127021047
 31
0.0
100
AcDbText
 73
     2
  0
TEXT
  5
2028E
330
1F
100
AcDbEntity
  8
parcelas_etiquetas
 62
   252
100
AcDbText
 10
6362788.900957109
 20
6173371.556013228
 30
0.0
 40
0.45
  1
USAM
  7
ARIAL
 72
     1
 11
6362789.826434599
 21
6173371.781013226
 31
0.0
100
AcDbText
 73
     2
  0
TEXT
  5
2028F
330
1F
100
AcDbEntity
  8
parcelas_etiquetas
 62
   252
100
AcDbText
 10
6362788.935182893
 20
6173370.956013228
 30
0.0
 40
0.45
  1
17.2m
  7
ARIAL
 72
     1
 11
6362789.826434599
 21
6173371.181013227
 31
0.0
100
AcDbText
 73
     2
  0
TEXT
  5
20290
330
1F
100
AcDbEntity
  8
parcelas_etiquetas
 62
   252
100
AcDbText
 10
6362781.408623831
 20
6173366.522561026
 30
0.0
 40
0.45
  1
USAM
  7
ARIAL
 72
     1
 11
6362782.334101321
 21
6173366.747561025
 31
0.0
100
AcDbText
 73
     2
  0
TEXT
  5
20291
330
1F
100
AcDbEntity
  8
parcelas_etiquetas
 62
   252
100
AcDbText
 10
6362781.442849616
 20
6173365.922561027
 30
0.0
 40
0.45
  1
17.2m
  7
ARIAL
 72
     1
 11
6362782.334101321
 21
6173366.147561026
 31
0.0
100
AcDbText
 73
     2
  0
TEXT
  5
20292
330
1F
100
AcDbEntity
  8
parcelas_etiquetas
 62
   252
100
AcDbText
 10
6362772.826257597
 20
6173360.547274074
 30
0.0
 40
0.45
  1
USAM
  7
ARIAL
 72
     1
 11
6362773.751735087
 21
6173360.772274074
 31
0.0
100
AcDbText
 73
     2
  0
TEXT
  5
20293
330
1F
100
AcDbEntity
  8
parcelas_etiquetas
 62
   252
100
AcDbText
 10
6362772.860483381
 20
6173359.947274076
 30
0.0
 40
0.45
  1
17.2m
  7
ARIAL
 72
     1
 11
6362773.751735087
 21
6173360.172274075
 31
0.0
100
AcDbText
 73
     2
  0
TEXT
  5
20294
330
1F
100
AcDbEntity
  8
parcelas_etiquetas
 62
   252
100
AcDbText
 10
6362764.422051675
 20
6173354.716235994
 30
0.0
 40
0.45
  1
USAM
  7
ARIAL
 72
     1
 11
6362765.347529166
 21
6173354.941235994
 31
0.0
100
AcDbText
 73
     2
  0
TEXT
  5
20295
330
1F
100
AcDbEntity
  8
parcelas_etiquetas
 62
   252
100
AcDbText
 10
6362764.45627746
 20
6173354.116235993
 30
0.0
 40
0.45
  1
17.2m
  7
ARIAL
 72
     1
 11
6362765.347529166
 21
6173354.341235993
 31
0.0
100
AcDbText
 73
     2
  0
TEXT
  5
20296
330
1F
100
AcDbEntity
  8
parcelas_etiquetas
 62
   252
100
AcDbText
 10
6362757.809459508
 20
6173350.141672361
 30
0.0
 40
0.45
  1
USAM
  7
ARIAL
 72
     1
 11
6362758.734936997
 21
6173350.366672361
 31
0.0
100
AcDbText
 73
     2
  0
TEXT
  5
20297
330
1F
100
AcDbEntity
  8
parcelas_etiquetas
 62
   252
100
AcDbText
 10
6362757.843685292
 20
6173349.541672362
 30
0.0
 40
0.45
  1
17.2m
  7
ARIAL
 72
     1
 11
6362758.734936997
 21
6173349.766672362
 31
0.0
100
AcDbText
 73
     2
  0
TEXT
  5
20298
330
1F
100
AcDbEntity
  8
parcelas_etiquetas
 62
   252
100
AcDbText
 10
6362747.259894491
 20
6173351.582419506
 30
0.0
 40
0.45
  1
USAM
  7
ARIAL
 72
     1
 11
6362748.185371981
 21
6173351.807419505
 31
0.0
100
AcDbText
 73
     2
  0
TEXT
  5
20299
330
1F
100
AcDbEntity
  8
parcelas_etiquetas
 62
   252
100
AcDbText
 10
6362747.294120275
 20
6173350.982419507
 30
0.0
 40
0.45
  1
17.2m
  7
ARIAL
 72
     1
 11
6362748.185371981
 21
6173351.207419506
 31
0.0
100
AcDbText
 73
     2
  0
TEXT
  5
2029A
330
1F
100
AcDbEntity
  8
parcelas_etiquetas
 62
   252
100
AcDbText
 10
6362738.225192194
 20
6173334.132080115
 30
0.0
 40
0.45
  1
USAM
  7
ARIAL
 72
     1
 11
6362739.150669683
 21
6173334.357080114
 31
0.0
100
AcDbText
 73
     2
  0
TEXT
  5
2029B
330
1F
100
AcDbEntity
  8
parcelas_etiquetas
 62
   252
100
AcDbText
 10
6362738.259417978
 20
6173333.532080114
 30
0.0
 40
0.45
  1
17.2m
  7
ARIAL
 72
     1
 11
6362739.150669683
 21
6173333.757080114
 31
0.0
100
AcDbText
 73
     2
  0
TEXT
  5
2029C
330
1F
100
AcDbEntity
  8
parcelas_etiquetas
 62
   252
100
AcDbText
 10
6362725.874351297
 20
6173336.879244651
 30
0.0
 40
0.45
  1
USAM
  7
ARIAL
 72
     1
 11
6362726.799828786
 21
6173337.104244652
 31
0.0
100
AcDbText
 73
     2
  0
TEXT
  5
2029D
330
1F
100
AcDbEntity
  8
parcelas_etiquetas
 62
   252
100
AcDbText
 10
6362725.908577081
 20
6173336.279244653
 30
0.0
 40
0.45
  1
17.2m
  7
ARIAL
 72
     1
 11
6362726.799828786
 21
6173336.504244653
 31
0.0
100
AcDbText
 73
     2
  0
TEXT
  5
2029E
330
1F
100
AcDbEntity
  8
parcelas_etiquetas
 62
   252
100
AcDbText
 10
6362713.163784499
 20
6173333.520486598
 30
0.0
 40
0.45
  1
USAM
  7
ARIAL
 72
     1
 11
6362714.089261989
 21
6173333.745486598
 31
0.0
100
AcDbText
 73
     2
  0
TEXT
  5
2029F
330
1F
100
AcDbEntity
  8
parcelas_etiquetas
 62
   252
100
AcDbText
 10
6362713.198010284
 20
6173332.920486598
 30
0.0
 40
0.45
  1
17.2m
  7
ARIAL
 72
     1
 11
6362714.089261989
 21
6173333.145486598
 31
0.0
100
AcDbText
 73
     2
  0
TEXT
  5
202A0
330
1F
100
AcDbEntity
  8
parcelas_etiquetas
 62
   252
100
AcDbText
 10
6362698.820323997
 20
6173328.358513909
 30
0.0
 40
0.45
  1
USAM
  7
ARIAL
 72
     1
 11
6362699.745801486
 21
6173328.583513908
 31
0.0
100
AcDbText
 73
     2
  0
TEXT
  5
202A1
330
1F
100
AcDbEntity
  8
parcelas_etiquetas
 62
   252
100
AcDbText
 10
6362698.854549781
 20
6173327.758513909
 30
0.0
 40
0.45
  1
17.2m
  7
ARIAL
 72
     1
 11
6362699.745801486
 21
6173327.983513908
 31
0.0
100
AcDbText
 73
     2
  0
TEXT
  5
202A2
330
1F
100
AcDbEntity
  8
parcelas_etiquetas
 62
   252
100
AcDbText
 10
6362703.188194792
 20
6173321.215077042
 30
0.0
 40
0.45
  1
USAM
  7
ARIAL
 72
     1
 11
6362704.113672282
 21
6173321.440077042
 31
0.0
100
AcDbText
 73
     2
  0
TEXT
  5
202A3
330
1F
100
AcDbEntity
  8
parcelas_etiquetas
 62
   252
100
AcDbText
 10
6362703.222420576
 20
6173320.615077044
 30
0.0
 40
0.45
  1
17.2m
  7
ARIAL
 72
     1
 11
6362704.113672282
 21
6173320.840077043
 31
0.0
100
AcDbText
 73
     2
  0
TEXT
  5
202A4
330
1F
100
AcDbEntity
  8
parcelas_etiquetas
 62
   252
100
AcDbText
 10
6362714.637785607
 20
6173318.764202023
 30
0.0
 40
0.45
  1
USAM
  7
ARIAL
 72
     1
 11
6362715.563263098
 21
6173318.989202023
 31
0.0
100
AcDbText
 73
     2
  0
TEXT
  5
202A5
330
1F
100
AcDbEntity
  8
parcelas_etiquetas
 62
   252
100
AcDbText
 10
6362714.672011392
 20
6173318.164202023
 30
0.0
 40
0.45
  1
17.2m
  7
ARIAL
 72
     1
 11
6362715.563263098
 21
6173318.389202023
 31
0.0
100
AcDbText
 73
     2
  0
TEXT
  5
202A6
330
1F
100
AcDbEntity
  8
parcelas_etiquetas
 62
   252
100
AcDbText
 10
6362725.744382547
 20
6173310.207605751
 30
0.0
 40
0.45
  1
USAM
  7
ARIAL
 72
     1
 11
6362726.669860037
 21
6173310.432605751
 31
0.0
100
AcDbText
 73
     2
  0
TEXT
  5
202A7
330
1F
100
AcDbEntity
  8
parcelas_etiquetas
 62
   252
100
AcDbText
 10
6362725.778608331
 20
6173309.607605752
 30
0.0
 40
0.45
  1
17.2m
  7
ARIAL
 72
     1
 11
6362726.669860037
 21
6173309.832605752
 31
0.0
100
AcDbText
 73
     2
  0
TEXT
  5
202A8
330
1F
100
AcDbEntity
  8
parcelas_etiquetas
 62
   252
100
AcDbText
 10
6362735.882494438
 20
6173295.41948242
 30
0.0
 40
0.45
  1
USAM
  7
ARIAL
 72
     1
 11
6362736.807971928
 21
6173295.644482419
 31
0.0
100
AcDbText
 73
     2
  0
TEXT
  5
202A9
330
1F
100
AcDbEntity
  8
parcelas_etiquetas
 62
   252
100
AcDbText
 10
6362735.916720222
 20
6173294.819482421
 30
0.0
 40
0.45
  1
17.2m
  7
ARIAL
 72
     1
 11
6362736.807971928
 21
6173295.044482419
 31
0.0
100
AcDbText
 73
     2
  0
TEXT
  5
202AA
330
1F
100
AcDbEntity
  8
parcelas_etiquetas
 62
   252
100
AcDbText
 10
6362733.246966996
 20
6173272.295016289
 30
0.0
 40
0.45
  1
USAM
  7
ARIAL
 72
     1
 11
6362734.172444486
 21
6173272.520016288
 31
0.0
100
AcDbText
 73
     2
  0
TEXT
  5
202AB
330
1F
100
AcDbEntity
  8
parcelas_etiquetas
 62
   252
100
AcDbText
 10
6362733.28119278
 20
6173271.695016289
 30
0.0
 40
0.45
  1
17.2m
  7
ARIAL
 72
     1
 11
6362734.172444486
 21
6173271.92001629
 31
0.0
100
AcDbText
 73
     2
  0
TEXT
  5
202AC
330
1F
100
AcDbEntity
  8
parcelas_etiquetas
 62
   252
100
AcDbText
 10
6362739.524732871
 20
6173275.989448539
 30
0.0
 40
0.45
  1
USAM
  7
ARIAL
 72
     1
 11
6362740.450210361
 21
6173276.214448537
 31
0.0
100
AcDbText
 73
     2
  0
TEXT
  5
202AD
330
1F
100
AcDbEntity
  8
parcelas_etiquetas
 62
   252
100
AcDbText
 10
6362739.558958655
 20
6173275.389448538
 30
0.0
 40
0.45
  1
17.2m
  7
ARIAL
 72
     1
 11
6362740.450210361
 21
6173275.614448536
 31
0.0
100
AcDbText
 73
     2
  0
TEXT
  5
202AE
330
1F
100
AcDbEntity
  8
parcelas_etiquetas
 62
   252
100
AcDbText
 10
6362751.465680593
 20
6173284.191767394
 30
0.0
 40
0.45
  1
USAM
  7
ARIAL
 72
     1
 11
6362752.391158083
 21
6173284.416767394
 31
0.0
100
AcDbText
 73
     2
  0
TEXT
  5
202AF
330
1F
100
AcDbEntity
  8
parcelas_etiquetas
 62
   252
100
AcDbText
 10
6362751.499906377
 20
6173283.591767394
 30
0.0
 40
0.45
  1
17.2m
  7
ARIAL
 72
     1
 11
6362752.391158083
 21
6173283.816767394
 31
0.0
100
AcDbText
 73
     2
  0
TEXT
  5
202B0
330
1F
100
AcDbEntity
  8
parcelas_etiquetas
 62
   252
100
AcDbText
 10
6362758.626212979
 20
6173289.078378394
 30
0.0
 40
0.45
  1
USAM
  7
ARIAL
 72
     1
 11
6362759.551690469
 21
6173289.303378394
 31
0.0
100
AcDbText
 73
     2
  0
TEXT
  5
202B1
330
1F
100
AcDbEntity
  8
parcelas_etiquetas
 62
   252
100
AcDbText
 10
6362758.660438763
 20
6173288.478378394
 30
0.0
 40
0.45
  1
17.2m
  7
ARIAL
 72
     1
 11
6362759.551690469
 21
6173288.703378394
 31
0.0
100
AcDbText
 73
     2
  0
TEXT
  5
202B2
330
1F
100
AcDbEntity
  8
parcelas_etiquetas
 62
   252
100
AcDbText
 10
6362766.305141823
 20
6173316.004386328
 30
0.0
 40
0.45
  1
USAM
  7
ARIAL
 72
     1
 11
6362767.230619312
 21
6173316.229386328
 31
0.0
100
AcDbText
 73
     2
  0
TEXT
  5
202B3
330
1F
100
AcDbEntity
  8
parcelas_etiquetas
 62
   252
100
AcDbText
 10
6362766.339367607
 20
6173315.404386328
 30
0.0
 40
0.45
  1
17.2m
  7
ARIAL
 72
     1
 11
6362767.230619312
 21
6173315.629386327
 31
0.0
100
AcDbText
 73
     2
  0
TEXT
  5
202B4
330
1F
100
AcDbEntity
  8
parcelas_etiquetas
 62
   252
100
AcDbText
 10
6362780.699923954
 20
6173317.406925543
 30
0.0
 40
0.45
  1
USAM
  7
ARIAL
 72
     1
 11
6362781.625401444
 21
6173317.631925542
 31
0.0
100
AcDbText
 73
     2
  0
TEXT
  5
202B5
330
1F
100
AcDbEntity
  8
parcelas_etiquetas
 62
   252
100
AcDbText
 10
6362780.734149738
 20
6173316.806925543
 30
0.0
 40
0.45
  1
17.2m
  7
ARIAL
 72
     1
 11
6362781.625401444
 21
6173317.031925543
 31
0.0
100
AcDbText
 73
     2
  0
TEXT
  5
202B6
330
1F
100
AcDbEntity
  8
parcelas_etiquetas
 62
   252
100
AcDbText
 10
6362787.257395971
 20
6173322.05347985
 30
0.0
 40
0.45
  1
USAM
  7
ARIAL
 72
     1
 11
6362788.182873461
 21
6173322.278479848
 31
0.0
100
AcDbText
 73
     2
  0
TEXT
  5
202B7
330
1F
100
AcDbEntity
  8
parcelas_etiquetas
 62
   252
100
AcDbText
 10
6362787.291621755
 20
6173321.453479849
 30
0.0
 40
0.45
  1
17.2m
  7
ARIAL
 72
     1
 11
6362788.182873461
 21
6173321.678479849
 31
0.0
100
AcDbText
 73
     2
  0
TEXT
  5
202B8
330
1F
100
AcDbEntity
  8
parcelas_etiquetas
 62
   252
100
AcDbText
 10
6362794.742286214
 20
6173327.024647307
 30
0.0
 40
0.45
  1
USAM
  7
ARIAL
 72
     1
 11
6362795.667763704
 21
6173327.249647307
 31
0.0
100
AcDbText
 73
     2
  0
TEXT
  5
202B9
330
1F
100
AcDbEntity
  8
parcelas_etiquetas
 62
   252
100
AcDbText
 10
6362794.776511998
 20
6173326.424647308
 30
0.0
 40
0.45
  1
17.2m
  7
ARIAL
 72
     1
 11
6362795.667763704
 21
6173326.649647308
 31
0.0
100
AcDbText
 73
     2
  0
TEXT
  5
202BA
330
1F
100
AcDbEntity
  8
parcelas_etiquetas
 62
   252
100
AcDbText
 10
6362807.087209059
 20
6173335.450004221
 30
0.0
 40
0.45
  1
USAM
  7
ARIAL
 72
     1
 11
6362808.012686549
 21
6173335.675004219
 31
0.0
100
AcDbText
 73
     2
  0
TEXT
  5
202BB
330
1F
100
AcDbEntity
  8
parcelas_etiquetas
 62
   252
100
AcDbText
 10
6362807.121434845
 20
6173334.850004221
 30
0.0
 40
0.45
  1
17.2m
  7
ARIAL
 72
     1
 11
6362808.012686549
 21
6173335.07500422
 31
0.0
100
AcDbText
 73
     2
  0
TEXT
  5
202BC
330
1F
100
AcDbEntity
  8
parcelas_etiquetas
 62
   252
100
AcDbText
 10
6362829.126205314
 20
6173336.100609262
 30
0.0
 40
0.45
  1
USAM
  7
ARIAL
 72
     1
 11
6362830.051682804
 21
6173336.325609262
 31
0.0
100
AcDbText
 73
     2
  0
TEXT
  5
202BD
330
1F
100
AcDbEntity
  8
parcelas_etiquetas
 62
   252
100
AcDbText
 10
6362829.160431098
 20
6173335.500609263
 30
0.0
 40
0.45
  1
17.2m
  7
ARIAL
 72
     1
 11
6362830.051682804
 21
6173335.725609263
 31
0.0
100
AcDbText
 73
     2
  0
TEXT
  5
202BE
330
1F
100
AcDbEntity
  8
parcelas_etiquetas
 62
   252
100
AcDbText
 10
6362839.330341622
 20
6173343.205276405
 30
0.0
 40
0.45
  1
USAM
  7
ARIAL
 72
     1
 11
6362840.255819112
 21
6173343.430276405
 31
0.0
100
AcDbText
 73
     2
  0
TEXT
  5
202BF
330
1F
100
AcDbEntity
  8
parcelas_etiquetas
 62
   252
100
AcDbText
 10
6362839.364567406
 20
6173342.605276405
 30
0.0
 40
0.45
  1
17.2m
  7
ARIAL
 72
     1
 11
6362840.255819112
 21
6173342.830276405
 31
0.0
100
AcDbText
 73
     2
  0
TEXT
  5
202C0
330
1F
100
AcDbEntity
  8
parcelas_etiquetas
 62
   252
100
AcDbText
 10
6362828.469483482
 20
6173352.739116713
 30
0.0
 40
0.45
  1
USAM
  7
ARIAL
 72
     1
 11
6362829.394960972
 21
6173352.964116713
 31
0.0
100
AcDbText
 73
     2
  0
TEXT
  5
202C1
330
1F
100
AcDbEntity
  8
parcelas_etiquetas
 62
   252
100
AcDbText
 10
6362828.503709266
 20
6173352.139116713
 30
0.0
 40
0.45
  1
17.2m
  7
ARIAL
 72
     1
 11
6362829.394960972
 21
6173352.364116713
 31
0.0
100
AcDbText
 73
     2
  0
TEXT
  5
202C2
330
1F
100
AcDbEntity
  8
parcelas_etiquetas
 62
   252
100
AcDbText
 10
6362821.813773702
 20
6173362.70499324
 30
0.0
 40
0.45
  1
USAM
  7
ARIAL
 72
     1
 11
6362822.739251193
 21
6173362.92999324
 31
0.0
100
AcDbText
 73
     2
  0
TEXT
  5
202C3
330
1F
100
AcDbEntity
  8
parcelas_etiquetas
 62
   252
100
AcDbText
 10
6362821.847999486
 20
6173362.104993242
 30
0.0
 40
0.45
  1
17.2m
  7
ARIAL
 72
     1
 11
6362822.739251193
 21
6173362.329993241
 31
0.0
100
AcDbText
 73
     2
  0
TEXT
  5
202C4
330
1F
100
AcDbEntity
  8
parcelas_etiquetas
 62
   252
100
AcDbText
 10
6362815.019531323
 20
6173372.471033118
 30
0.0
 40
0.45
  1
USAM
  7
ARIAL
 72
     1
 11
6362815.945008812
 21
6173372.696033117
 31
0.0
100
AcDbText
 73
     2
  0
TEXT
  5
202C5
330
1F
100
AcDbEntity
  8
parcelas_etiquetas
 62
   252
100
AcDbText
 10
6362815.053757107
 20
6173371.871033118
 30
0.0
 40
0.45
  1
17.2m
  7
ARIAL
 72
     1
 11
6362815.945008812
 21
6173372.096033117
 31
0.0
100
AcDbText
 73
     2
  0
TEXT
  5
202C6
330
1F
100
AcDbEntity
  8
parcelas_etiquetas
 62
   252
100
AcDbText
 10
6362808.224787579
 20
6173382.397962853
 30
0.0
 40
0.45
  1
USAM
  7
ARIAL
 72
     1
 11
6362809.150265069
 21
6173382.622962853
 31
0.0
100
AcDbText
 73
     2
  0
TEXT
  5
202C7
330
1F
100
AcDbEntity
  8
parcelas_etiquetas
 62
   252
100
AcDbText
 10
6362808.259013363
 20
6173381.797962853
 30
0.0
 40
0.45
  1
17.2m
  7
ARIAL
 72
     1
 11
6362809.150265069
 21
6173382.022962853
 31
0.0
100
AcDbText
 73
     2
  0
TEXT
  5
202C8
330
1F
100
AcDbEntity
  8
parcelas_etiquetas
 62
   252
100
AcDbText
 10
6362809.746343339
 20
6173395.646733691
 30
0.0
 40
0.45
  1
USAM
  7
ARIAL
 72
     1
 11
6362810.671820828
 21
6173395.871733691
 31
0.0
100
AcDbText
 73
     2
  0
TEXT
  5
202C9
330
1F
100
AcDbEntity
  8
parcelas_etiquetas
 62
   252
100
AcDbText
 10
6362809.780569123
 20
6173395.046733692
 30
0.0
 40
0.45
  1
17.2m
  7
ARIAL
 72
     1
 11
6362810.671820828
 21
6173395.27173369
 31
0.0
100
AcDbText
 73
     2
  0
TEXT
  5
202CA
330
1F
100
AcDbEntity
  8
parcelas_etiquetas
 62
   252
100
AcDbText
 10
6362846.846993972
 20
6173348.149158075
 30
0.0
 40
0.45
  1
USAM
  7
ARIAL
 72
     1
 11
6362847.772471463
 21
6173348.374158075
 31
0.0
100
AcDbText
 73
     2
  0
TEXT
  5
202CB
330
1F
100
AcDbEntity
  8
parcelas_etiquetas
 62
   252
100
AcDbText
 10
6362846.881219756
 20
6173347.549158076
 30
0.0
 40
0.45
  1
17.2m
  7
ARIAL
 72
     1
 11
6362847.772471463
 21
6173347.774158076
 31
0.0
100
AcDbText
 73
     2
  0
TEXT
  5
202CC
330
1F
100
AcDbEntity
  8
parcelas_etiquetas
 62
   252
100
AcDbText
 10
6362740.28395536
 20
6173346.604291024
 30
0.0
 40
0.45
  1
USAM
  7
ARIAL
 72
     1
 11
6362741.209432849
 21
6173346.829291022
 31
0.0
100
AcDbText
 73
     2
  0
TEXT
  5
202CD
330
1F
100
AcDbEntity
  8
parcelas_etiquetas
 62
   252
100
AcDbText
 10
6362740.318181144
 20
6173346.004291025
 30
0.0
 40
0.45
  1
17.2m
  7
ARIAL
 72
     1
 11
6362741.209432849
 21
6173346.229291024
 31
0.0
100
AcDbText
 73
     2
  0
TEXT
  5
202CE
330
1F
100
AcDbEntity
  8
parcelas_etiquetas
 62
   252
100
AcDbText
 10
6362745.076535267
 20
6173279.794819993
 30
0.0
 40
0.45
  1
USAM
  7
ARIAL
 72
     1
 11
6362746.002012756
 21
6173280.019819992
 31
0.0
100
AcDbText
 73
     2
  0
TEXT
  5
202CF
330
1F
100
AcDbEntity
  8
parcelas_etiquetas
 62
   252
100
AcDbText
 10
6362745.110761051
 20
6173279.194819992
 30
0.0
 40
0.45
  1
17.2m
  7
ARIAL
 72
     1
 11
6362746.002012756
 21
6173279.419819992
 31
0.0
100
AcDbText
 73
     2
  0
TEXT
  5
202D0
330
1F
100
AcDbEntity
  8
parcelas_etiquetas
 62
   252
100
AcDbText
 10
6362760.857720923
 20
6173301.080788023
 30
0.0
 40
0.45
  1
USAM
  7
ARIAL
 72
     1
 11
6362761.783198412
 21
6173301.305788022
 31
0.0
100
AcDbText
 73
     2
  0
TEXT
  5
202D1
330
1F
100
AcDbEntity
  8
parcelas_etiquetas
 62
   252
100
AcDbText
 10
6362760.891946707
 20
6173300.480788023
 30
0.0
 40
0.45
  1
17.2m
  7
ARIAL
 72
     1
 11
6362761.783198412
 21
6173300.705788022
 31
0.0
100
AcDbText
 73
     2
  0
TEXT
  5
202D3
330
1F
100
AcDbEntity
  8
calles_etiquetas
 62
     7
100
AcDbText
 10
6362702.255053922
 20
6173292.406752324
 30
0.0
 40
1.199999999999999
  1
AIZPURUA
 50
-55.54537734581907
  7
ARIAL
 72
     1
 11
6362705.199827151
 21
6173289.175335471
 31
0.0
100
AcDbText
 73
     2
  0
TEXT
  5
202D4
330
1F
100
AcDbEntity
  8
calles_etiquetas
 62
     7
100
AcDbText
 10
6362839.821875797
 20
6173385.876816581
 30
0.0
 40
1.199999999999999
  1
CERETTI
 50
-55.55298083420139
  7
ARIAL
 72
     1
 11
6362842.344881036
 21
6173383.259277283
 31
0.0
100
AcDbText
 73
     2
  0
TEXT
  5
202D5
330
1F
100
AcDbEntity
  8
calles_etiquetas
 62
     7
100
AcDbText
 10
6362799.459489667
 20
6173292.332365085
 30
0.0
 40
1.199999999999999
  1
CULLEN
 50
34.34109852409821
  7
ARIAL
 72
     1
 11
6362801.927589198
 21
6173294.745245473
 31
0.0
100
AcDbText
 73
     2
  0
TEXT
  5
202D6
330
1F
100
AcDbEntity
  8
calles_etiquetas
 62
     7
100
AcDbText
 10
6362736.032109823
 20
6173370.252510538
 30
0.0
 40
1.199999999999999
  1
DR. PEDRO IGNACIO RIVERA
 50
34.27016971513527
  7
ARIAL
 72
     1
 11
6362745.508131398
 21
6173377.435435493
 31
0.0
100
AcDbText
 73
     2
  0
LINE
  5
2035B
330
1F
100
AcDbEntity
  8
Irregular
 62
   242
420
 14948892
100
AcDbLine
 10
6362760.899424902
 20
6173294.706247494
 30
0.0
 11
6362760.887401487
 21
6173294.698259795
 31
0.0
  0
LINE
  5
2035C
330
1F
100
AcDbEntity
  8
Irregular
100
AcDbLine
 10
6362751.508362052
 20
6173297.816245882
 30
0.0
 11
6362736.416253119
 21
6173287.783124767
 31
0.0
  0
LINE
  5
2035D
102
{ACAD_REACTORS
330
205AA
102
}
330
1F
100
AcDbEntity
  8
Irregular
100
AcDbLine
 10
6362740.842516957
 20
6173281.263621717
 30
0.0
 11
6362736.416253119
 21
6173287.783124767
 31
0.0
  0
HATCH
  5
20369
330
1F
100
AcDbEntity
  8
mdr_tejidoconsolidado
100
AcDbHatch
 10
0.0
 20
0.0
 30
0.0
210
0.0
220
0.0
230
1.0
  2
SOLID
 70
     1
 71
     1
 91
        4
 92
        1
 93
        4
 72
     1
 10
6362753.92631761
 20
6173274.14913434
 11
6362748.33386208
 21
6173270.32282953
 72
     1
 10
6362748.33386208
 20
6173270.32282953
 11
6362747.21892256
 21
6173271.94942631
 72
     1
 10
6362747.21892256
 20
6173271.94942631
 11
6362752.80778782
 21
6173275.78188116
 72
     1
 10
6362752.80778782
 20
6173275.78188116
 11
6362753.92631761
 21
6173274.14913434
 97
        1
330
200CC
 92
        1
 93
        4
 72
     1
 10
6362752.80778782
 20
6173275.78188116
 11
6362747.21892256
 21
6173271.94942631
 72
     1
 10
6362747.21892256
 20
6173271.94942631
 11
6362746.09223084
 21
6173273.593158629
 72
     1
 10
6362746.09223084
 20
6173273.593158629
 11
6362751.68291957
 21
6173277.424039349
 72
     1
 10
6362751.68291957
 20
6173277.424039349
 11
6362752.80778782
 21
6173275.78188116
 97
        1
330
200CE
 92
        1
 93
       13
 72
     1
 10
6362748.08686802
 20
6173282.675530949
 11
6362748.140643181
 21
6173282.59651037
 72
     1
 10
6362748.140643181
 20
6173282.59651037
 11
6362749.35517002
 21
6173280.82230774
 72
     1
 10
6362749.35517002
 20
6173280.82230774
 11
6362749.52932687
 21
6173280.56772579
 72
     1
 10
6362749.52932687
 20
6173280.56772579
 11
6362750.386286291
 21
6173279.31769479
 72
     1
 10
6362750.386286291
 20
6173279.31769479
 11
6362750.468500309
 21
6173279.19744632
 72
     1
 10
6362750.468500309
 20
6173279.19744632
 11
6362751.68295463
 21
6173277.42403639
 72
     1
 10
6362751.68295463
 20
6173277.42403639
 11
6362746.09221769
 21
6173273.593158779
 72
     1
 10
6362746.09221769
 20
6173273.593158779
 11
6362744.856254151
 21
6173275.397273349
 72
     1
 10
6362744.856254151
 20
6173275.397273349
 11
6362742.402156889
 21
6173278.97590465
 72
     1
 10
6362742.402156889
 20
6173278.97590465
 11
6362744.578661099
 21
6173280.46814261
 72
     1
 10
6362744.578661099
 20
6173280.46814261
 11
6362744.3514377
 21
6173280.79919107
 72
     1
 10
6362744.3514377
 20
6173280.79919107
 11
6362747.767447009
 21
6173283.14164186
 72
     1
 10
6362747.767447009
 20
6173283.14164186
 11
6362748.08686802
 21
6173282.675530949
 97
        1
330
200C9
 92
        1
 93
        8
 72
     1
 10
6362746.83911266
 20
6173284.497058721
 11
6362747.01401353
 21
6173284.241693821
 72
     1
 10
6362747.01401353
 20
6173284.241693821
 11
6362747.767447009
 21
6173283.14164186
 72
     1
 10
6362747.767447009
 20
6173283.14164186
 11
6362744.3514377
 21
6173280.79919107
 72
     1
 10
6362744.3514377
 20
6173280.79919107
 11
6362744.578661099
 21
6173280.46814261
 72
     1
 10
6362744.578661099
 20
6173280.46814261
 11
6362742.402156889
 21
6173278.97590465
 72
     1
 10
6362742.402156889
 20
6173278.97590465
 11
6362740.836947109
 21
6173281.25844316
 72
     1
 10
6362740.836947109
 20
6173281.25844316
 11
6362746.43030644
 21
6173285.093754709
 72
     1
 10
6362746.43030644
 20
6173285.093754709
 11
6362746.83911266
 21
6173284.497058721
 97
        1
330
200CB
 75
     1
 76
     1
 98
        1
 10
0.0
 20
0.0
450
        0
451
        0
460
0.0
461
0.0
452
        0
462
0.0
453
        2
463
0.0
 63
     5
421
      255
463
1.0
 63
     2
421
 16776960
470
LINEAR
1001
GradientColor1ACI
1070
     5
1001
GradientColor2ACI
1070
     2
1001
ACAD
1010
0.0
1020
0.0
1030
0.0
  0
LINE
  5
2037B
330
1F
100
AcDbEntity
  8
Irregular
100
AcDbLine
 10
6362742.870245817
 20
6173310.427682141
 30
0.0
 11
6362751.508362052
 21
6173297.816245882
 31
0.0
  0
HATCH
  5
2037D
330
1F
100
AcDbEntity
  8
mdr_tejidoconsolidado
100
AcDbHatch
 10
0.0
 20
0.0
 30
0.0
210
0.0
220
0.0
230
1.0
  2
SOLID
 70
     1
 71
     1
 91
        7
 92
        1
 93
        4
 72
     1
 10
6362797.677207451
 20
6173399.009100079
 11
6362790.536858661
 21
6173394.248860561
 72
     1
 10
6362790.536858661
 20
6173394.248860561
 11
6362789.68013909
 21
6173395.52808109
 72
     1
 10
6362789.68013909
 20
6173395.52808109
 11
6362796.76825245
 21
6173400.372392239
 72
     1
 10
6362796.76825245
 20
6173400.372392239
 11
6362797.677207451
 21
6173399.009100079
 97
        1
330
200F6
 92
        1
 93
        5
 72
     1
 10
6362798.77032592
 20
6173397.36958266
 11
6362796.52436551
 21
6173395.864940561
 72
     1
 10
6362796.52436551
 20
6173395.864940561
 11
6362791.644684821
 21
6173392.595351461
 72
     1
 10
6362791.644684821
 20
6173392.595351461
 11
6362790.536858661
 21
6173394.248860561
 72
     1
 10
6362790.536858661
 20
6173394.248860561
 11
6362797.677207451
 21
6173399.009100079
 72
     1
 10
6362797.677207451
 20
6173399.009100079
 11
6362798.77032592
 21
6173397.36958266
 97
        1
330
200AD
 92
        1
 93
        6
 72
     1
 10
6362799.04623991
 20
6173392.10100445
 11
6362794.166359271
 21
6173388.83141241
 72
     1
 10
6362794.166359271
 20
6173388.83141241
 11
6362794.080968471
 21
6173388.95885451
 72
     1
 10
6362794.080968471
 20
6173388.95885451
 11
6362792.97847821
 21
6173390.604201991
 72
     1
 10
6362792.97847821
 20
6173390.604201991
 11
6362791.644684821
 21
6173392.595351461
 72
     1
 10
6362791.644684821
 20
6173392.595351461
 11
6362796.52436551
 21
6173395.864940561
 72
     1
 10
6362796.52436551
 20
6173395.864940561
 11
6362799.04623991
 21
6173392.10100445
 97
        1
330
200F5
 92
        1
 93
        5
 72
     1
 10
6362801.13254851
 20
6173393.826408211
 11
6362801.28357743
 21
6173393.60011979
 72
     1
 10
6362801.28357743
 20
6173393.60011979
 11
6362799.04623991
 21
6173392.10100445
 72
     1
 10
6362799.04623991
 20
6173392.10100445
 11
6362796.52436551
 21
6173395.864940561
 72
     1
 10
6362796.52436551
 20
6173395.864940561
 11
6362798.77032592
 21
6173397.36958266
 72
     1
 10
6362798.77032592
 20
6173397.36958266
 11
6362801.13254851
 21
6173393.826408211
 97
        1
330
200F4
 92
        1
 93
        5
 72
     1
 10
6362802.302751939
 20
6173392.072368909
 11
6362795.18768773
 21
6173387.3068938
 72
     1
 10
6362795.18768773
 20
6173387.3068938
 11
6362794.166359271
 21
6173388.83141241
 72
     1
 10
6362794.166359271
 20
6173388.83141241
 11
6362799.04623991
 21
6173392.10100445
 72
     1
 10
6362799.04623991
 20
6173392.10100445
 11
6362801.28357743
 21
6173393.60011979
 72
     1
 10
6362801.28357743
 20
6173393.60011979
 11
6362802.302751939
 21
6173392.072368909
 97
        1
330
200F3
 92
        1
 93
        4
 72
     1
 10
6362802.626173309
 20
6173391.58829093
 11
6362795.51160338
 21
6173386.823223111
 72
     1
 10
6362795.51160338
 20
6173386.823223111
 11
6362795.18768773
 21
6173387.3068938
 72
     1
 10
6362795.18768773
 20
6173387.3068938
 11
6362802.302751939
 21
6173392.072368909
 72
     1
 10
6362802.302751939
 20
6173392.072368909
 11
6362802.626173309
 21
6173391.58829093
 97
        1
330
200F2
 92
        1
 93
        4
 72
     1
 10
6362803.298393099
 20
6173390.580889349
 11
6362796.18641774
 21
6173385.81625926
 72
     1
 10
6362796.18641774
 20
6173385.81625926
 11
6362795.51160338
 21
6173386.823223111
 72
     1
 10
6362795.51160338
 20
6173386.823223111
 11
6362802.626173309
 21
6173391.58829093
 72
     1
 10
6362802.626173309
 20
6173391.58829093
 11
6362803.298393099
 21
6173390.580889349
 97
        1
330
200F1
 75
     1
 76
     1
 98
        1
 10
0.0
 20
0.0
450
        0
451
        0
460
0.0
461
0.0
452
        0
462
0.0
453
        2
463
0.0
 63
     5
421
      255
463
1.0
 63
     2
421
 16776960
470
LINEAR
1001
GradientColor1ACI
1070
     5
1001
GradientColor2ACI
1070
     2
1001
ACAD
1010
0.0
1020
0.0
1030
0.0
  0
HATCH
  5
20387
330
1F
100
AcDbEntity
  8
mdr_tejidoconsolidado
100
AcDbHatch
 10
0.0
 20
0.0
 30
0.0
210
0.0
220
0.0
230
1.0
  2
SOLID
 70
     1
 71
     1
 91
        2
 92
        1
 93
       43
 72
     1
 10
6362809.28028976
 20
6173384.70441151
 11
6362810.67295176
 21
6173382.66225228
 72
     1
 10
6362810.67295176
 20
6173382.66225228
 11
6362813.38565662
 21
6173384.51198643
 72
     1
 10
6362813.38565662
 20
6173384.51198643
 11
6362813.148170249
 21
6173384.86028704
 72
     1
 10
6362813.148170249
 20
6173384.86028704
 11
6362814.46598111
 21
6173385.75883009
 72
     1
 10
6362814.46598111
 20
6173385.75883009
 11
6362813.599442159
 21
6173387.0295423
 72
     1
 10
6362813.599442159
 20
6173387.0295423
 11
6362812.28398985
 21
6173386.132559831
 72
     1
 10
6362812.28398985
 20
6173386.132559831
 11
6362811.99541424
 21
6173386.55570711
 72
     1
 10
6362811.99541424
 20
6173386.55570711
 11
6362811.700411461
 21
6173386.98840805
 72
     1
 10
6362811.700411461
 20
6173386.98840805
 11
6362813.55333836
 21
6173388.25188143
 72
     1
 10
6362813.55333836
 20
6173388.25188143
 11
6362811.50348578
 21
6173391.257989821
 72
     1
 10
6362811.50348578
 20
6173391.257989821
 11
6362815.450408099
 21
6173393.96469771
 72
     1
 10
6362815.450408099
 20
6173393.96469771
 11
6362816.31630011
 21
6173394.55880109
 72
     1
 10
6362816.31630011
 20
6173394.55880109
 11
6362819.29056356
 21
6173396.59842318
 72
     1
 10
6362819.29056356
 20
6173396.59842318
 11
6362820.24346128
 21
6173397.25142394
 72
     1
 10
6362820.24346128
 20
6173397.25142394
 11
6362823.2172532
 21
6173392.91505108
 72
     1
 10
6362823.2172532
 20
6173392.91505108
 11
6362823.73640316
 21
6173392.15711847
 72
     1
 10
6362823.73640316
 20
6173392.15711847
 11
6362825.3163274
 21
6173389.85342375
 72
     1
 10
6362825.3163274
 20
6173389.85342375
 11
6362827.06995453
 21
6173387.2969722
 72
     1
 10
6362827.06995453
 20
6173387.2969722
 11
6362823.239705901
 21
6173384.67059481
 72
     1
 10
6362823.239705901
 20
6173384.67059481
 11
6362822.27199777
 21
6173384.00736626
 72
     1
 10
6362822.27199777
 20
6173384.00736626
 11
6362821.421158639
 21
6173383.42361624
 72
     1
 10
6362821.421158639
 20
6173383.42361624
 11
6362821.1735294
 21
6173383.254200509
 72
     1
 10
6362821.1735294
 20
6173383.254200509
 11
6362818.18264114
 21
6173381.20316419
 72
     1
 10
6362818.18264114
 20
6173381.20316419
 11
6362816.425531811
 21
6173383.76396133
 72
     1
 10
6362816.425531811
 20
6173383.76396133
 11
6362809.400400609
 21
6173378.943773711
 72
     1
 10
6362809.400400609
 20
6173378.943773711
 11
6362811.156013141
 21
6173376.38515286
 72
     1
 10
6362811.156013141
 20
6173376.38515286
 11
6362809.60848605
 21
6173375.323986561
 72
     1
 10
6362809.60848605
 20
6173375.323986561
 11
6362807.71067665
 21
6173374.02304608
 72
     1
 10
6362807.71067665
 20
6173374.02304608
 11
6362805.73168628
 21
6173372.665734819
 72
     1
 10
6362805.73168628
 20
6173372.665734819
 11
6362804.42324507
 21
6173371.76946442
 72
     1
 10
6362804.42324507
 20
6173371.76946442
 11
6362802.080734009
 21
6173370.16321193
 72
     1
 10
6362802.080734009
 20
6173370.16321193
 11
6362801.41548762
 21
6173369.70701023
 72
     1
 10
6362801.41548762
 20
6173369.70701023
 11
6362794.65394554
 21
6173379.66643332
 72
     1
 10
6362794.65394554
 20
6173379.66643332
 11
6362795.10317589
 21
6173379.979442879
 72
     1
 10
6362795.10317589
 20
6173379.979442879
 11
6362795.19783321
 21
6173380.04541152
 72
     1
 10
6362795.19783321
 20
6173380.04541152
 11
6362796.63720995
 21
6173381.04902254
 72
     1
 10
6362796.63720995
 20
6173381.04902254
 11
6362797.5282986
 21
6173381.66974507
 72
     1
 10
6362797.5282986
 20
6173381.66974507
 11
6362798.50697509
 21
6173382.35132724
 72
     1
 10
6362798.50697509
 20
6173382.35132724
 11
6362803.92065948
 21
6173386.05941777
 72
     1
 10
6362803.92065948
 20
6173386.05941777
 11
6362805.84500119
 21
6173383.237344199
 72
     1
 10
6362805.84500119
 20
6173383.237344199
 11
6362807.423751349
 21
6173384.31373841
 72
     1
 10
6362807.423751349
 20
6173384.31373841
 11
6362807.831103769
 21
6173383.716227619
 72
     1
 10
6362807.831103769
 20
6173383.716227619
 11
6362809.28028976
 21
6173384.70441151
 97
        1
330
200B5
 92
       17
 93
        8
 72
     1
 10
6362809.28030207
 20
6173384.704426551
 11
6362811.99530654
 21
6173386.555716469
 72
     1
 10
6362811.99530654
 20
6173386.555716469
 11
6362812.28390799
 21
6173386.132468769
 72
     1
 10
6362812.28390799
 20
6173386.132468769
 11
6362813.599390229
 21
6173387.02946141
 72
     1
 10
6362813.599390229
 20
6173387.02946141
 11
6362814.465846089
 21
6173385.758762811
 72
     1
 10
6362814.465846089
 20
6173385.758762811
 11
6362813.14815057
 21
6173384.86026101
 72
     1
 10
6362813.14815057
 20
6173384.86026101
 11
6362813.38568554
 21
6173384.51190472
 72
     1
 10
6362813.38568554
 20
6173384.51190472
 11
6362810.67289436
 21
6173382.662123961
 72
     1
 10
6362810.67289436
 20
6173382.662123961
 11
6362809.28030207
 21
6173384.704426551
 97
        1
330
2015B
 75
     1
 76
     1
 98
        1
 10
0.0
 20
0.0
450
        0
451
        0
460
0.0
461
0.0
452
        0
462
0.0
453
        2
463
0.0
 63
     5
421
      255
463
1.0
 63
     2
421
 16776960
470
LINEAR
1001
GradientColor1ACI
1070
     5
1001
GradientColor2ACI
1070
     2
1001
ACAD
1010
0.0
1020
0.0
1030
0.0
  0
LINE
  5
20388
102
{ACAD_REACTORS
330
20576
102
}
330
1F
100
AcDbEntity
  8
Irregular
100
AcDbLine
 10
6362803.094964301
 20
6173367.221345413
 30
0.0
 11
6362792.975734513
 21
6173382.153512712
 31
0.0
  0
LINE
  5
2038B
102
{ACAD_REACTORS
330
204FC
102
}
330
1F
100
AcDbEntity
  8
Irregular
100
AcDbLine
 10
6362791.036804204
 20
6173372.301311353
 30
0.0
 11
6362787.085156947
 21
6173378.107940992
 31
0.0
  0
LINE
  5
2038D
102
{ACAD_REACTORS
330
20640
102
}
330
1F
100
AcDbEntity
  8
Irregular
100
AcDbLine
 10
6362792.975734513
 20
6173382.153512712
 30
0.0
 11
6362787.085156947
 21
6173378.107940992
 31
0.0
  0
LINE
  5
20398
102
{ACAD_REACTORS
330
20590
102
}
330
1F
100
AcDbEntity
  8
Irregular
100
AcDbLine
 10
6362803.094964301
 20
6173367.221345413
 30
0.0
 11
6362798.696166463
 21
6173364.208316919
 31
0.0
  0
LWPOLYLINE
  5
2044D
330
1F
100
AcDbEntity
  8
Irregular
100
AcDbPolyline
 90
        2
 70
     0
 43
0.0
 10
6362745.362835445
 20
6173286.651386724
 10
6362745.363054625
 20
6173286.651536842
  0
LWPOLYLINE
  5
2044E
102
{ACAD_REACTORS
330
205DE
102
}
330
1F
100
AcDbEntity
  8
Irregular
100
AcDbPolyline
 90
        3
 70
     0
 43
0.0
 10
6362740.836293628
 20
6173281.259396534
 10
6362748.929056444
 20
6173286.753788227
 10
6362747.860573514
 20
6173288.362112637
  0
LINE
  5
2044F
102
{ACAD_REACTORS
330
205DE
102
}
330
1F
100
AcDbEntity
  8
Irregular
 62
   242
420
 14948892
100
AcDbLine
 10
6362748.929056444
 20
6173286.753788227
 30
0.0
 11
6362746.430088901
 21
6173285.093610626
 31
0.0
  0
LWPOLYLINE
  5
20450
102
{ACAD_REACTORS
330
205F8
102
}
330
1F
100
AcDbEntity
  8
Irregular
100
AcDbPolyline
 90
        2
 70
     0
 43
0.0
 10
6362747.860573514
 20
6173288.362112637
 10
6362759.701336115
 20
6173296.47196998
  0
LWPOLYLINE
  5
20452
102
{ACAD_REACTORS
330
20612
102
}
330
1F
100
AcDbEntity
  8
Irregular
100
AcDbPolyline
 90
        5
 70
     0
 43
0.0
 10
6362759.689894127
 20
6173296.464133247
 10
6362757.000027406
 20
6173300.416004228
 10
6362754.924031253
 20
6173298.989525409
 10
6362745.737234594
 20
6173312.392802852
 10
6362742.870245817
 20
6173310.427682141
  0
LWPOLYLINE
  5
20453
330
1F
100
AcDbEntity
  8
Irregular
100
AcDbPolyline
 90
        3
 70
     0
 43
0.0
 10
6362791.036804205
 20
6173372.301311351
 10
6362792.479240694
 20
6173373.282947957
 10
6362798.696166463
 20
6173364.208316919
  0
LWPOLYLINE
  5
2045B
102
{ACAD_REACTORS
330
20640
102
}
330
1F
100
AcDbEntity
  8
banda_minima
  6
DASHED
 48
5.0
100
AcDbPolyline
 90
        5
 70
     1
 43
0.0
 10
6362774.876629538
 20
6173385.410070133
 10
6362782.40550205
 20
6173390.56094357
 10
6362791.24966019
 20
6173377.2945907
 10
6362783.893540596
 20
6173372.192932434
 10
6362774.876629538
 20
6173385.410070133
  0
DIMENSION
  5
204E3
102
{ACAD_XDICTIONARY
360
204F1
102
}
102
{ACAD_REACTORS
330
204FC
102
}
330
1F
100
AcDbEntity
  8
Cotas
100
AcDbDimension
280
     0
  2
*D7
 10
6362789.111236227
 20
6173375.130779516
 30
0.0
 11
6362790.3459623
 21
6173375.971060749
 31
0.0
 70
    33
  1
{\H1.94444x;3.00}
 71
     5
 42
2.987052746117115
 73
     0
 74
     0
 75
     0
  3
Standard
100
AcDbAlignedDimension
 13
6362791.580688374
 23
6173376.811341981
 33
0.0
 14
6362789.111236225
 24
6173375.130779516
 34
0.0
1001
ACAD
1000
DSTYLE
1002
{
1070
    41
1040
0.18
1070
    42
1040
0.0625
1070
    43
1040
0.38
1070
    44
1040
0.044
1070
    73
1070
     1
1070
    74
1070
     1
1070
    77
1070
     0
1070
    78
1070
     0
1070
    79
1070
     0
1070
   140
1040
0.18
1070
   141
1040
0.09
1070
   143
1040
25.4
1070
   147
1040
0.09
1070
   171
1070
     2
1070
   172
1070
     0
1070
   176
1070
   256
1070
   177
1070
   256
1070
   179
1070
     0
1070
   274
1070
     2
1070
   278
1070
    46
1070
   283
1070
     1
1070
   284
1070
     0
1070
   345
1005
15
1070
   371
1070
    -1
1002
}
  0
DIMENSION
  5
2055D
102
{ACAD_XDICTIONARY
360
2056B
102
}
102
{ACAD_REACTORS
330
20576
102
}
330
1F
100
AcDbEntity
  8
Cotas
100
AcDbDimension
280
     0
  2
*D9
 10
6362795.035082357
 20
6173379.114691853
 30
0.0
 11
6362793.316621603
 21
6173377.950125523
 31
0.0
 70
    33
 71
     5
 42
4.151781352236866
 73
     0
 74
     0
 75
     0
  3
Standard
100
AcDbAlignedDimension
 13
6362791.580688375
 23
6173376.811341979
 33
0.0
 14
6362795.017609883
 24
6173379.140474637
 34
0.0
1001
ACAD
1000
DSTYLE
1002
{
1070
    41
1040
0.18
1070
    42
1040
0.0625
1070
    43
1040
0.38
1070
    44
1040
0.044
1070
    73
1070
     1
1070
    74
1070
     1
1070
    77
1070
     0
1070
    78
1070
     0
1070
    79
1070
     0
1070
   140
1040
0.35
1070
   141
1040
0.09
1070
   143
1040
25.4
1070
   147
1040
0.09
1070
   171
1070
     2
1070
   172
1070
     0
1070
   176
1070
   256
1070
   177
1070
   256
1070
   179
1070
     0
1070
   274
1070
     2
1070
   278
1070
    46
1070
   283
1070
     1
1070
   284
1070
     0
1070
   345
1005
15
1070
   371
1070
    -1
1002
}
  0
DIMENSION
  5
20577
102
{ACAD_XDICTIONARY
360
20585
102
}
102
{ACAD_REACTORS
330
20590
102
}
330
1F
100
AcDbEntity
  8
Cotas
100
AcDbDimension
280
     0
  2
*D10
 10
6362802.364776557
 20
6173366.720700759
 30
0.0
 11
6362801.516597916
 21
6173367.957765095
 31
0.0
 70
    33
 71
     5
 42
2.999823451973497
 73
     0
 74
     0
 75
     0
  3
Standard
100
AcDbAlignedDimension
 13
6362801.398607016
 23
6173369.695474089
 33
0.0
 14
6362803.094964301
 24
6173367.221345413
 34
0.0
1001
ACAD
1000
DSTYLE
1002
{
1070
    41
1040
0.18
1070
    42
1040
0.0625
1070
    43
1040
0.38
1070
    44
1040
0.044
1070
    73
1070
     1
1070
    74
1070
     1
1070
    77
1070
     0
1070
    78
1070
     0
1070
    79
1070
     0
1070
   140
1040
0.35
1070
   141
1040
0.09
1070
   143
1040
25.4
1070
   147
1040
0.09
1070
   171
1070
     2
1070
   172
1070
     0
1070
   176
1070
   256
1070
   177
1070
   256
1070
   179
1070
     0
1070
   274
1070
     2
1070
   278
1070
    46
1070
   283
1070
     1
1070
   284
1070
     0
1070
   345
1005
15
1070
   371
1070
    -1
1002
}
  0
DIMENSION
  5
20591
102
{ACAD_XDICTIONARY
360
2059F
102
}
102
{ACAD_REACTORS
330
205AA
102
}
330
1F
100
AcDbEntity
  8
Cotas
100
AcDbDimension
280
     0
  2
*D11
 10
6362739.45006073
 20
6173286.225061023
 30
0.0
 11
6362738.60334435
 21
6173287.462622556
 31
0.0
 70
    33
 71
     5
 42
2.998991281725466
 73
     0
 74
     0
 75
     0
  3
Standard
100
AcDbAlignedDimension
 13
6362736.416253119
 23
6173287.783124767
 33
0.0
 14
6362738.109685876
 24
6173285.3080017
 34
0.0
1001
ACAD
1000
DSTYLE
1002
{
1070
    41
1040
0.18
1070
    42
1040
0.0625
1070
    43
1040
0.38
1070
    44
1040
0.044
1070
    73
1070
     1
1070
    74
1070
     1
1070
    77
1070
     0
1070
    78
1070
     0
1070
    79
1070
     0
1070
   140
1040
0.35
1070
   141
1040
0.09
1070
   143
1040
25.4
1070
   147
1040
0.09
1070
   171
1070
     2
1070
   172
1070
     0
1070
   176
1070
   256
1070
   177
1070
   256
1070
   179
1070
     0
1070
   274
1070
     2
1070
   278
1070
    46
1070
   283
1070
     1
1070
   284
1070
     0
1070
   345
1005
15
1070
   371
1070
    -1
1002
}
  0
DIMENSION
  5
205AB
102
{ACAD_XDICTIONARY
360
205B9
102
}
102
{ACAD_REACTORS
330
205C4
102
}
330
1F
100
AcDbEntity
  8
Cotas
100
AcDbDimension
280
     0
  2
*D12
 10
6362745.450609444
 20
6173284.42268857
 30
0.0
 11
6362744.073013234
 21
6173286.433660041
 31
0.0
 70
    33
 71
     5
 42
4.875152334570884
 73
     0
 74
     0
 75
     0
  3
Standard
100
AcDbAlignedDimension
 13
6362743.67500957
 23
6173289.11569174
 33
0.0
 14
6362746.430201989
 24
6173285.0937488
 34
0.0
1001
ACAD
1000
DSTYLE
1002
{
1070
    41
1040
0.18
1070
    42
1040
0.0625
1070
    43
1040
0.38
1070
    44
1040
0.044
1070
    73
1070
     1
1070
    74
1070
     1
1070
    77
1070
     0
1070
    78
1070
     0
1070
    79
1070
     0
1070
   140
1040
0.35
1070
   141
1040
0.09
1070
   143
1040
25.4
1070
   147
1040
0.09
1070
   171
1070
     2
1070
   172
1070
     0
1070
   176
1070
   256
1070
   177
1070
   256
1070
   179
1070
     0
1070
   274
1070
     2
1070
   278
1070
    46
1070
   283
1070
     1
1070
   284
1070
     0
1070
   345
1005
15
1070
   371
1070
    -1
1002
}
  0
DIMENSION
  5
205C5
102
{ACAD_XDICTIONARY
360
205D3
102
}
102
{ACAD_REACTORS
330
205DE
102
}
330
1F
100
AcDbEntity
  8
Cotas
100
AcDbDimension
280
     0
  2
*D13
 10
6362748.247148149
 20
6173287.780224613
 30
0.0
 11
6362746.99766438
 21
6173286.950135812
 31
0.0
 70
    33
 71
     5
 42
3.000171402469277
 73
     0
 74
     0
 75
     0
  3
Standard
100
AcDbAlignedDimension
 13
6362746.430088901
 23
6173285.093610626
 33
0.0
 14
6362748.929056444
 24
6173286.753788227
 34
0.0
1001
ACAD
1000
DSTYLE
1002
{
1070
    41
1040
0.18
1070
    42
1040
0.0625
1070
    43
1040
0.38
1070
    44
1040
0.044
1070
    73
1070
     1
1070
    74
1070
     1
1070
    77
1070
     0
1070
    78
1070
     0
1070
    79
1070
     0
1070
   140
1040
0.35
1070
   141
1040
0.09
1070
   143
1040
25.4
1070
   147
1040
0.09
1070
   171
1070
     2
1070
   172
1070
     0
1070
   176
1070
   256
1070
   177
1070
   256
1070
   179
1070
     0
1070
   274
1070
     2
1070
   278
1070
    46
1070
   283
1070
     1
1070
   284
1070
     0
1070
   345
1005
15
1070
   371
1070
    -1
1002
}
  0
DIMENSION
  5
205DF
102
{ACAD_XDICTIONARY
360
205ED
102
}
102
{ACAD_REACTORS
330
205F8
102
}
330
1F
100
AcDbEntity
  8
Cotas
100
AcDbDimension
280
     0
  2
*D14
 10
6362750.252531307
 20
6173293.648731224
 30
0.0
 11
6362751.085226887
 21
6173292.400751208
 31
0.0
 70
    33
 71
     5
 42
3.000557319261133
 73
     0
 74
     0
 75
     0
  3
Standard
100
AcDbAlignedDimension
 13
6362752.58209397
 23
6173291.595929462
 33
0.0
 14
6362750.91670281
 24
6173294.091889502
 34
0.0
1001
ACAD
1000
DSTYLE
1002
{
1070
    41
1040
0.18
1070
    42
1040
0.0625
1070
    43
1040
0.38
1070
    44
1040
0.044
1070
    73
1070
     1
1070
    74
1070
     1
1070
    77
1070
     0
1070
    78
1070
     0
1070
    79
1070
     0
1070
   140
1040
0.35
1070
   141
1040
0.09
1070
   143
1040
25.4
1070
   147
1040
0.09
1070
   171
1070
     2
1070
   172
1070
     0
1070
   176
1070
   256
1070
   177
1070
   256
1070
   179
1070
     0
1070
   274
1070
     2
1070
   278
1070
    46
1070
   283
1070
     1
1070
   284
1070
     0
1070
   345
1005
15
1070
   371
1070
    -1
1002
}
  0
DIMENSION
  5
205F9
102
{ACAD_XDICTIONARY
360
20607
102
}
102
{ACAD_REACTORS
330
20612
102
}
330
1F
100
AcDbEntity
  8
Cotas
100
AcDbDimension
280
     0
  2
*D15
 10
6362743.655125631
 20
6173309.325110749
 30
0.0
 11
6362746.112677264
 21
6173311.01823352
 31
0.0
 70
    33
  1
6.00
 71
     5
 42
5.968659728765487
 73
     0
 74
     0
 75
     0
  3
Standard
100
AcDbAlignedDimension
 13
6362747.810615671
 23
6173313.813927681
 33
0.0
 14
6362742.895512404
 24
6173310.427682141
 34
0.0
1001
ACAD
1000
DSTYLE
1002
{
1070
    41
1040
0.18
1070
    42
1040
0.0625
1070
    43
1040
0.38
1070
    44
1040
0.044
1070
    73
1070
     1
1070
    74
1070
     1
1070
    77
1070
     0
1070
    78
1070
     0
1070
    79
1070
     0
1070
   140
1040
0.35
1070
   141
1040
0.09
1070
   143
1040
25.4
1070
   147
1040
0.09
1070
   171
1070
     2
1070
   172
1070
     0
1070
   176
1070
   256
1070
   177
1070
   256
1070
   179
1070
     0
1070
   274
1070
     2
1070
   278
1070
    46
1070
   283
1070
     1
1070
   284
1070
     0
1070
   345
1005
15
1070
   371
1070
    -1
1002
}
  0
DIMENSION
  5
20627
102
{ACAD_XDICTIONARY
360
20635
102
}
102
{ACAD_REACTORS
330
20640
102
}
330
1F
100
AcDbEntity
  8
Cotas
100
AcDbDimension
280
     0
  2
*D16
 10
6362792.056146648
 20
6173377.832243652
 30
0.0
 11
6362791.216226058
 21
6173379.092135522
 31
0.0
 70
    33
  1
3.00
 71
     5
 42
3.028395032510161
 73
     0
 74
     0
 75
     0
  3
Standard
100
AcDbAlignedDimension
 13
6362789.56981901
 23
6173379.814374438
 33
0.0
 14
6362791.24966019
 24
6173377.2945907
 34
0.0
1001
ACAD
1000
DSTYLE
1002
{
1070
    41
1040
0.18
1070
    42
1040
0.0625
1070
    43
1040
0.38
1070
    44
1040
0.044
1070
    73
1070
     1
1070
    74
1070
     1
1070
    77
1070
     0
1070
    78
1070
     0
1070
    79
1070
     0
1070
   140
1040
0.35
1070
   141
1040
0.09
1070
   143
1040
25.4
1070
   147
1040
0.09
1070
   171
1070
     2
1070
   172
1070
     0
1070
   176
1070
   256
1070
   177
1070
   256
1070
   179
1070
     0
1070
   274
1070
     2
1070
   278
1070
    46
1070
   283
1070
     1
1070
   284
1070
     0
1070
   345
1005
15
1070
   371
1070
    -1
1002
}
  0
ENDSEC
  0
SECTION
  2
OBJECTS
  0
DICTIONARY
  5
C
330
0
100
AcDbDictionary
281
     1
  3
ACAD_CIP_PREVIOUS_PRODUCT_INFO
350
2030D
  3
ACAD_COLOR
350
2017B
  3
ACAD_DETAILVIEWSTYLE
350
20309
  3
ACAD_GROUP
350
D
  3
ACAD_LAYOUT
350
1A
  3
ACAD_MATERIAL
350
2017C
  3
ACAD_MLEADERSTYLE
350
43
  3
ACAD_MLINESTYLE
350
2017D
  3
ACAD_PLOTSETTINGS
350
19
  3
ACAD_PLOTSTYLENAME
350
E
  3
ACAD_SCALELIST
350
2017E
  3
ACAD_SECTIONVIEWSTYLE
350
20307
  3
ACAD_TABLESTYLE
350
42
  3
ACAD_VISUALSTYLE
350
2017F
  3
ACDB_RECOMPOSE_DATA
350
2068B
  3
AcDbVariableDictionary
350
20362
  3
AcDsDecomposeData
350
20691
  3
EZDXF_META
350
202D8
  0
DICTIONARY
  5
20343
330
2
100
AcDbDictionary
280
     1
281
     1
  3
ACAD_LAYERSTATES
360
20344
  0
DICTIONARY
  5
2030E
330
10
100
AcDbDictionary
280
     1
281
     1
  3
ADSK_XREC_LAYER_RECONCILED
360
2030F
  0
DICTIONARY
  5
20310
330
20170
100
AcDbDictionary
280
     1
281
     1
  3
ADSK_XREC_LAYER_RECONCILED
360
20311
  0
DICTIONARY
  5
20312
330
20171
100
AcDbDictionary
280
     1
281
     1
  3
ADSK_XREC_LAYER_RECONCILED
360
20313
  0
DICTIONARY
  5
20314
330
20172
100
AcDbDictionary
280
     1
281
     1
  3
ADSK_XREC_LAYER_RECONCILED
360
20315
  0
DICTIONARY
  5
20316
330
20173
100
AcDbDictionary
280
     1
281
     1
  3
ADSK_XREC_LAYER_RECONCILED
360
20317
  0
DICTIONARY
  5
20318
330
20174
100
AcDbDictionary
280
     1
281
     1
  3
ADSK_XREC_LAYER_RECONCILED
360
20319
  0
DICTIONARY
  5
2031A
330
20175
100
AcDbDictionary
280
     1
281
     1
  3
ADSK_XREC_LAYER_RECONCILED
360
2031B
  0
DICTIONARY
  5
2031C
330
20176
100
AcDbDictionary
280
     1
281
     1
  3
ADSK_XREC_LAYER_RECONCILED
360
2031D
  0
DICTIONARY
  5
2031E
330
20177
100
AcDbDictionary
280
     1
281
     1
  3
ADSK_XREC_LAYER_RECONCILED
360
2031F
  0
DICTIONARY
  5
20320
330
20178
100
AcDbDictionary
280
     1
281
     1
  3
ADSK_XREC_LAYER_RECONCILED
360
20321
  0
DICTIONARY
  5
20322
330
20179
100
AcDbDictionary
280
     1
281
     1
  3
ADSK_XREC_LAYER_RECONCILED
360
20323
  0
DICTIONARY
  5
20324
330
2017A
100
AcDbDictionary
280
     1
281
     1
  3
ADSK_XREC_LAYER_RECONCILED
360
20325
  0
DICTIONARY
  5
20326
330
20287
100
AcDbDictionary
280
     1
281
     1
  3
ADSK_XREC_LAYER_RECONCILED
360
20327
  0
DICTIONARY
  5
20328
330
202D2
100
AcDbDictionary
280
     1
281
     1
  3
ADSK_XREC_LAYER_RECONCILED
360
20329
  0
DICTIONARY
  5
20364
330
1F
100
AcDbDictionary
280
     1
281
     1
  3
ACAD_SORTENTS
360
20365
  0
DICTIONARY
  5
204F1
330
204E3
100
AcDbDictionary
280
     1
281
     1
  3
ACAD_DIMASSOC
360
204FC
  0
DICTIONARY
  5
2056B
330
2055D
100
AcDbDictionary
280
     1
281
     1
  3
ACAD_DIMASSOC
360
20576
  0
DICTIONARY
  5
20585
330
20577
100
AcDbDictionary
280
     1
281
     1
  3
ACAD_DIMASSOC
360
20590
  0
DICTIONARY
  5
2059F
330
20591
100
AcDbDictionary
280
     1
281
     1
  3
ACAD_DIMASSOC
360
205AA
  0
DICTIONARY
  5
205B9
330
205AB
100
AcDbDictionary
280
     1
281
     1
  3
ACAD_DIMASSOC
360
205C4
  0
DICTIONARY
  5
205D3
330
205C5
100
AcDbDictionary
280
     1
281
     1
  3
ACAD_DIMASSOC
360
205DE
  0
DICTIONARY
  5
205ED
330
205DF
100
AcDbDictionary
280
     1
281
     1
  3
ACAD_DIMASSOC
360
205F8
  0
DICTIONARY
  5
20607
330
205F9
100
AcDbDictionary
280
     1
281
     1
  3
ACAD_DIMASSOC
360
20612
  0
DICTIONARY
  5
20635
330
20627
100
AcDbDictionary
280
     1
281
     1
  3
ACAD_DIMASSOC
360
20640
  0
XRECORD
  5
2030D
102
{ACAD_REACTORS
330
C
102
}
330
C
100
AcDbXrecord
280
     1
300
ACD
300
2021
300

  0
DICTIONARY
  5
2017B
330
C
100
AcDbDictionary
281
     1
  0
DICTIONARY
  5
20309
102
{ACAD_REACTORS
330
C
102
}
330
C
100
AcDbDictionary
281
     1
  3
Imperial24
350
2030A
  3
Metric50
350
20346
  0
DICTIONARY
  5
D
102
{ACAD_REACTORS
330
C
102
}
330
C
100
AcDbDictionary
281
     1
  0
DICTIONARY
  5
1A
102
{ACAD_REACTORS
330
C
102
}
330
C
100
AcDbDictionary
281
     1
  3
Layout1
350
1E
  3
Model
350
22
  0
DICTIONARY
  5
2017C
330
C
100
AcDbDictionary
281
     1
  3
ByBlock
350
20180
  3
ByLayer
350
20181
  3
Global
350
20182
  0
DICTIONARY
  5
43
102
{ACAD_REACTORS
330
C
102
}
330
C
100
AcDbDictionary
281
     1
  3
Standard
350
20185
  0
DICTIONARY
  5
2017D
330
C
100
AcDbDictionary
281
     1
  3
Standard
350
20183
  0
DICTIONARY
  5
19
102
{ACAD_REACTORS
330
C
102
}
330
C
100
AcDbDictionary
281
     1
  0
ACDBDICTIONARYWDFLT
  5
E
102
{ACAD_REACTORS
330
C
102
}
330
C
100
AcDbDictionary
281
     1
  3
Normal
350
F
100
AcDbDictionaryWithDefault
340
F
  0
DICTIONARY
  5
2017E
330
C
100
AcDbDictionary
281
     1
  3
A0
350
202F6
  3
A1
350
202F7
  3
A2
350
202F8
  3
A3
350
202F9
  3
A4
350
202FA
  3
A5
350
202FB
  3
A6
350
202FC
  3
A7
350
202FD
  3
A8
350
202FE
  3
A9
350
202FF
  3
B0
350
20300
  3
B1
350
20301
  3
B2
350
20302
  3
B3
350
20303
  3
B4
350
20304
  3
B5
350
20305
  3
B6
350
20306
  0
DICTIONARY
  5
20307
102
{ACAD_REACTORS
330
C
102
}
330
C
100
AcDbDictionary
281
     1
  3
Imperial24
350
20308
  3
Metric50
350
20345
  0
DICTIONARY
  5
42
102
{ACAD_REACTORS
330
C
102
}
330
C
100
AcDbDictionary
281
     1
  3
Standard
350
202F5
  0
DICTIONARY
  5
2017F
330
C
100
AcDbDictionary
281
     1
  3
2dWireframe
350
202E2
  3
Basic
350
202E1
  3
Brighten
350
202E8
  3
ColorChange
350
202EC
  3
Conceptual
350
202E5
  3
Dim
350
202E7
  3
EdgeColorOff
350
202F4
  3
Facepattern
350
202EB
  3
Flat
350
202DD
  3
FlatWithEdges
350
202DE
  3
Gouraud
350
202DF
  3
GouraudWithEdges
350
202E0
  3
Hidden
350
202E4
  3
JitterOff
350
202F2
  3
Linepattern
350
202EA
  3
OverhangOff
350
202F3
  3
Realistic
350
202E6
  3
Shaded
350
202F1
  3
Shaded with edges
350
202F0
  3
Shades of Gray
350
202ED
  3
Sketchy
350
202EE
  3
Thicken
350
202E9
  3
Wireframe
350
202E3
  3
X-Ray
350
202EF
  0
XRECORD
  5
2068B
102
{ACAD_REACTORS
330
C
102
}
330
C
100
AcDbXrecord
280
     1
 90
        1
330
202F5
  0
DICTIONARY
  5
20362
102
{ACAD_REACTORS
330
C
102
}
330
C
100
AcDbDictionary
281
     1
  3
CANNOSCALE
350
2043A
  3
CMLEADERSTYLE
350
20436
  3
CTABLESTYLE
350
20435
  3
CVIEWDETAILSTYLE
350
20437
  3
CVIEWSECTIONSTYLE
350
20438
  3
HPCOLOR
350
20363
  3
HPTRANSPARENCY
350
20366
  3
LAYEREVAL
350
2043C
  3
LAYERNOTIFY
350
2043D
  3
LIGHTINGUNITS
350
2043B
  3
MSLTSCALE
350
20439
  0
DICTIONARY
  5
20691
102
{ACAD_REACTORS
330
C
102
}
330
C
100
AcDbDictionary
281
     1
  3
AcDsRecords
350
20693
  3
AcDsSchemas
350
20692
1001
ACAD
1070
     2
  0
DICTIONARY
  5
202D8
330
C
100
AcDbDictionary
280
     1
281
     1
  3
WRITTEN_BY_EZDXF
360
202D9
  0
DICTIONARY
  5
20344
102
{ACAD_REACTORS
330
20343
102
}
330
20343
100
AcDbDictionary
281
     1
  0
XRECORD
  5
2030F
102
{ACAD_REACTORS
330
2030E
102
}
330
2030E
100
AcDbXrecord
280
     1
290
     1
  0
XRECORD
  5
20311
102
{ACAD_REACTORS
330
20310
102
}
330
20310
100
AcDbXrecord
280
     1
290
     1
  0
XRECORD
  5
20313
102
{ACAD_REACTORS
330
20312
102
}
330
20312
100
AcDbXrecord
280
     1
290
     1
  0
XRECORD
  5
20315
102
{ACAD_REACTORS
330
20314
102
}
330
20314
100
AcDbXrecord
280
     1
290
     1
  0
XRECORD
  5
20317
102
{ACAD_REACTORS
330
20316
102
}
330
20316
100
AcDbXrecord
280
     1
290
     1
  0
XRECORD
  5
20319
102
{ACAD_REACTORS
330
20318
102
}
330
20318
100
AcDbXrecord
280
     1
290
     1
  0
XRECORD
  5
2031B
102
{ACAD_REACTORS
330
2031A
102
}
330
2031A
100
AcDbXrecord
280
     1
290
     1
  0
XRECORD
  5
2031D
102
{ACAD_REACTORS
330
2031C
102
}
330
2031C
100
AcDbXrecord
280
     1
290
     1
  0
XRECORD
  5
2031F
102
{ACAD_REACTORS
330
2031E
102
}
330
2031E
100
AcDbXrecord
280
     1
290
     1
  0
XRECORD
  5
20321
102
{ACAD_REACTORS
330
20320
102
}
330
20320
100
AcDbXrecord
280
     1
290
     1
  0
XRECORD
  5
20323
102
{ACAD_REACTORS
330
20322
102
}
330
20322
100
AcDbXrecord
280
     1
290
     1
  0
XRECORD
  5
20325
102
{ACAD_REACTORS
330
20324
102
}
330
20324
100
AcDbXrecord
280
     1
290
     1
  0
XRECORD
  5
20327
102
{ACAD_REACTORS
330
20326
102
}
330
20326
100
AcDbXrecord
280
     1
290
     1
  0
XRECORD
  5
20329
102
{ACAD_REACTORS
330
20328
102
}
330
20328
100
AcDbXrecord
280
     1
290
     1
  0
SORTENTSTABLE
  5
20365
102
{ACAD_REACTORS
330
20364
102
}
330
20364
100
AcDbSortentsTable
330
1F
331
200AD
  5
200AF
331
200AE
  5
200B0
331
200AF
  5
200B1
331
200B0
  5
200B2
331
200B1
  5
200B3
331
200B2
  5
200B4
331
200B3
  5
200B5
331
200B4
  5
200B6
331
200B5
  5
200B9
331
200B6
  5
200BA
331
200B7
  5
200BB
331
200B8
  5
200BC
331
200B9
  5
200BD
331
200BA
  5
200BE
331
200BB
  5
200BF
331
200BC
  5
200C0
331
200BD
  5
200C1
331
200BE
  5
200C2
331
200BF
  5
200C3
331
200C0
  5
200C4
331
200C1
  5
200C5
331
200C2
  5
200C6
331
200C3
  5
200C7
331
200C4
  5
200C8
331
200C5
  5
200CA
331
200C6
  5
200CB
331
200C7
  5
200CC
331
200C8
  5
200CD
331
200C9
  5
200CF
331
200CA
  5
200D0
331
200CB
  5
200D1
331
200CC
  5
200D2
331
200CD
  5
200D3
331
200CE
  5
200D4
331
200CF
  5
200D5
331
200D0
  5
200D6
331
200D1
  5
200D7
331
200D2
  5
200D8
331
200D3
  5
200D9
331
200D4
  5
200DA
331
200D5
  5
200DB
331
200D6
  5
200DC
331
200D7
  5
200DD
331
200D8
  5
200DE
331
200D9
  5
200DF
331
200DA
  5
200E0
331
200DB
  5
200E1
331
200DC
  5
200E2
331
200DD
  5
200E3
331
200DE
  5
200E4
331
200DF
  5
200E5
331
200E0
  5
200E6
331
200E1
  5
200E7
331
200E2
  5
200E8
331
200E3
  5
200E9
331
200E4
  5
200EA
331
200E5
  5
200EB
331
200E6
  5
200EC
331
200E7
  5
200ED
331
200E8
  5
200EE
331
200E9
  5
200EF
331
200EA
  5
200F0
331
200EB
  5
200F1
331
200EC
  5
200F2
331
200ED
  5
200F3
331
200EE
  5
200F4
331
200EF
  5
200F5
331
200F0
  5
200F6
331
200F1
  5
200F7
331
200F2
  5
200F8
331
200F3
  5
200F9
331
200F4
  5
200FA
331
200F5
  5
200FB
331
200F6
  5
200FC
331
200F7
  5
200FD
331
200F8
  5
200FE
331
200F9
  5
200FF
331
200FA
  5
20100
331
200FB
  5
20101
331
200FC
  5
20102
331
200FD
  5
20103
331
200FE
  5
20104
331
200FF
  5
20105
331
20100
  5
20106
331
20101
  5
20107
331
20102
  5
20108
331
20103
  5
20109
331
20104
  5
2010A
331
20105
  5
2010B
331
20106
  5
2010C
331
20107
  5
2010D
331
20108
  5
2010E
331
20109
  5
2010F
331
2010A
  5
20110
331
2010B
  5
20111
331
2010C
  5
20112
331
2010D
  5
20113
331
2010E
  5
20114
331
2010F
  5
20115
331
20110
  5
20116
331
20111
  5
20117
331
20112
  5
20118
331
20113
  5
20119
331
20114
  5
2011A
331
20115
  5
2011B
331
20116
  5
2011C
331
20117
  5
2011D
331
20118
  5
2011E
331
20119
  5
2011F
331
2011A
  5
20120
331
2011B
  5
20121
331
2011C
  5
20122
331
2011D
  5
20123
331
2011E
  5
20124
331
2011F
  5
20125
331
20120
  5
20126
331
20121
  5
20127
331
20122
  5
20128
331
20123
  5
20129
331
20124
  5
2012A
331
20125
  5
2012B
331
20126
  5
2012C
331
20127
  5
2012D
331
20128
  5
2012E
331
20129
  5
2012F
331
2012A
  5
20130
331
2012B
  5
20131
331
2012C
  5
20132
331
2012D
  5
20133
331
2012E
  5
20134
331
2012F
  5
20135
331
20130
  5
20136
331
20131
  5
20137
331
20132
  5
20138
331
20133
  5
20139
331
20134
  5
2013A
331
20135
  5
2013B
331
20136
  5
2013C
331
20137
  5
2013D
331
20138
  5
2013E
331
20139
  5
2013F
331
2013A
  5
20140
331
2013B
  5
20141
331
2013C
  5
20142
331
2013D
  5
20143
331
2013E
  5
20144
331
2013F
  5
20145
331
20140
  5
20146
331
20141
  5
20147
331
20142
  5
20148
331
20143
  5
20149
331
20144
  5
2014A
331
20145
  5
2014B
331
20146
  5
2014C
331
20147
  5
2014D
331
20148
  5
2014E
331
20149
  5
2014F
331
2014A
  5
20150
331
2014B
  5
20151
331
2014C
  5
20152
331
2014D
  5
20153
331
2014E
  5
20154
331
2014F
  5
20155
331
20150
  5
20156
331
20151
  5
20157
331
20152
  5
20158
331
20153
  5
20159
331
20154
  5
2015A
331
20155
  5
2015B
331
20156
  5
2015C
331
20157
  5
2015D
331
20158
  5
2015E
331
20159
  5
2015F
331
2015A
  5
20160
331
2015B
  5
20161
331
2015C
  5
20162
331
2015D
  5
20163
331
2015E
  5
20164
331
2015F
  5
20165
331
20160
  5
20166
331
20161
  5
20167
331
20162
  5
20168
331
20163
  5
20169
331
20164
  5
2016A
331
20165
  5
2016B
331
20166
  5
2016C
331
20167
  5
2016D
331
20168
  5
20188
331
20169
  5
20189
331
2016A
  5
2018B
331
2016B
  5
2018C
331
2016C
  5
2018D
331
2016D
  5
2018E
331
20188
  5
2018F
331
20189
  5
20190
331
2018B
  5
20191
331
2018C
  5
20192
331
2018D
  5
20193
331
2018E
  5
20194
331
2018F
  5
20195
331
20190
  5
20196
331
20191
  5
20197
331
20192
  5
20198
331
20193
  5
20199
331
20194
  5
2019A
331
20195
  5
2019B
331
20196
  5
2019C
331
20197
  5
2019D
331
20198
  5
2019E
331
20199
  5
2019F
331
2019A
  5
201A0
331
2019B
  5
201A1
331
2019C
  5
201A2
331
2019D
  5
201A3
331
2019E
  5
201A4
331
2019F
  5
201A5
331
201A0
  5
201A6
331
201A1
  5
201A7
331
201A2
  5
201A8
331
201A3
  5
201A9
331
201A4
  5
201AA
331
201A5
  5
201AB
331
201A6
  5
201AC
331
201A7
  5
201AD
331
201A8
  5
201AE
331
201A9
  5
201AF
331
201AA
  5
201B0
331
201AB
  5
201B1
331
201AC
  5
201B2
331
201AD
  5
201B3
331
201AE
  5
201B4
331
201AF
  5
201B5
331
201B0
  5
201B6
331
201B1
  5
201B7
331
201B2
  5
201B8
331
201B3
  5
201B9
331
201B4
  5
201BA
331
201B5
  5
201BB
331
201B6
  5
201BC
331
201B7
  5
201BD
331
201B8
  5
201BE
331
201B9
  5
201BF
331
201BA
  5
201C0
331
201BB
  5
201C1
331
201BC
  5
201C2
331
201BD
  5
201C3
331
201BE
  5
201C4
331
201BF
  5
201C5
331
201C0
  5
201C6
331
201C1
  5
201C7
331
201C2
  5
201C8
331
201C3
  5
201C9
331
201C4
  5
201CA
331
201C5
  5
201CB
331
201C6
  5
201CC
331
201C7
  5
201CD
331
201C8
  5
201CE
331
201C9
  5
201CF
331
201CA
  5
201D0
331
201CB
  5
201D1
331
201CC
  5
201D2
331
201CD
  5
201D3
331
201CE
  5
201D4
331
201CF
  5
201D5
331
201D0
  5
201D6
331
201D1
  5
201D7
331
201D2
  5
201D8
331
201D3
  5
201D9
331
201D4
  5
201DA
331
201D5
  5
201DB
331
201D6
  5
201DC
331
201D7
  5
201DD
331
201D8
  5
201DE
331
201D9
  5
201DF
331
201DA
  5
201E0
331
201DB
  5
201E1
331
201DC
  5
201E2
331
201DD
  5
201E3
331
201DE
  5
201E4
331
201DF
  5
201E5
331
201E0
  5
201E6
331
201E1
  5
201E7
331
201E2
  5
201E8
331
201E3
  5
201E9
331
201E4
  5
201EA
331
201E5
  5
201EB
331
201E6
  5
201EC
331
201E7
  5
201ED
331
201E8
  5
201EE
331
201E9
  5
201EF
331
201EA
  5
201F0
331
201EB
  5
201F1
331
201EC
  5
201F2
331
201ED
  5
201F3
331
201EE
  5
201F4
331
201EF
  5
201F5
331
201F0
  5
201F6
331
201F1
  5
201F7
331
201F2
  5
201F8
331
201F3
  5
201F9
331
201F4
  5
201FA
331
201F5
  5
201FB
331
201F6
  5
201FC
331
201F7
  5
201FD
331
201F8
  5
201FE
331
201F9
  5
201FF
331
201FA
  5
20200
331
201FB
  5
20201
331
201FC
  5
20202
331
201FD
  5
20203
331
201FE
  5
20204
331
201FF
  5
20205
331
20200
  5
20206
331
20201
  5
20207
331
20202
  5
20208
331
20203
  5
20209
331
20204
  5
2020A
331
20205
  5
2020B
331
20206
  5
2020C
331
20207
  5
2020D
331
20208
  5
2020E
331
20209
  5
2020F
331
2020A
  5
20210
331
2020B
  5
20211
331
2020C
  5
20212
331
2020D
  5
20213
331
2020E
  5
20214
331
2020F
  5
20215
331
20210
  5
20216
331
20211
  5
20217
331
20212
  5
20218
331
20213
  5
20219
331
20214
  5
2021A
331
20215
  5
2021B
331
20216
  5
2021C
331
20217
  5
2021D
331
20218
  5
2021E
331
20219
  5
2021F
331
2021A
  5
20220
331
2021B
  5
20221
331
2021C
  5
20222
331
2021D
  5
20223
331
2021E
  5
20224
331
2021F
  5
20225
331
20220
  5
20226
331
20221
  5
20227
331
20222
  5
20228
331
20223
  5
20229
331
20224
  5
2022A
331
20225
  5
2022B
331
20226
  5
2022C
331
20227
  5
2022D
331
20228
  5
2022E
331
20229
  5
2022F
331
2022A
  5
20230
331
2022B
  5
20231
331
2022C
  5
20232
331
2022D
  5
20233
331
2022E
  5
20234
331
2022F
  5
20235
331
20230
  5
20236
331
20231
  5
20237
331
20232
  5
20238
331
20233
  5
20239
331
20234
  5
2023A
331
20235
  5
2023B
331
20236
  5
2023C
331
20237
  5
2023D
331
20238
  5
2023E
331
20239
  5
2023F
331
2023A
  5
20240
331
2023B
  5
20241
331
2023C
  5
20242
331
2023D
  5
20243
331
2023E
  5
20244
331
2023F
  5
20245
331
20240
  5
20246
331
20241
  5
20247
331
20242
  5
20248
331
20243
  5
20249
331
20244
  5
2024A
331
20245
  5
2024B
331
20246
  5
2024C
331
20247
  5
2024D
331
20248
  5
2024E
331
20249
  5
2024F
331
2024A
  5
20250
331
2024B
  5
20251
331
2024C
  5
20252
331
2024D
  5
20253
331
2024E
  5
20254
331
2024F
  5
20255
331
20250
  5
20256
331
20251
  5
20257
331
20252
  5
20258
331
20253
  5
20259
331
20254
  5
2025A
331
20255
  5
2025B
331
20256
  5
2025C
331
20257
  5
2025D
331
20258
  5
2025E
331
20259
  5
2025F
331
2025A
  5
20260
331
2025B
  5
20261
331
2025C
  5
20262
331
2025D
  5
20263
331
2025E
  5
20264
331
2025F
  5
20265
331
20260
  5
20266
331
20261
  5
20267
331
20262
  5
20268
331
20263
  5
20269
331
20264
  5
2026A
331
20265
  5
2026B
331
20266
  5
2026C
331
20267
  5
2026D
331
20268
  5
2026E
331
20269
  5
2026F
331
2026A
  5
20270
331
2026B
  5
20271
331
2026C
  5
20272
331
2026D
  5
20273
331
2026E
  5
20274
331
2026F
  5
20275
331
20270
  5
20276
331
20271
  5
20277
331
20272
  5
20278
331
20273
  5
20279
331
20274
  5
2027A
331
20275
  5
2027B
331
20276
  5
2027C
331
20277
  5
2027D
331
20278
  5
2027E
331
20279
  5
2027F
331
2027A
  5
20280
331
2027B
  5
20281
331
2027C
  5
20282
331
2027D
  5
20283
331
2027E
  5
20284
331
2027F
  5
20285
331
20280
  5
20286
331
20281
  5
20288
331
20282
  5
20289
331
20283
  5
2028A
331
20284
  5
2028B
331
20285
  5
2028C
331
20286
  5
2028D
331
20288
  5
2028E
331
20289
  5
2028F
331
2028A
  5
20290
331
2028B
  5
20291
331
2028C
  5
20292
331
2028D
  5
20293
331
2028E
  5
20294
331
2028F
  5
20295
331
20290
  5
20296
331
20291
  5
20297
331
20292
  5
20298
331
20293
  5
20299
331
20294
  5
2029A
331
20295
  5
2029B
331
20296
  5
2029C
331
20297
  5
2029D
331
20298
  5
2029E
331
20299
  5
2029F
331
2029A
  5
202A0
331
2029B
  5
202A1
331
2029C
  5
202A2
331
2029D
  5
202A3
331
2029E
  5
202A4
331
2029F
  5
202A5
331
202A0
  5
202A6
331
202A1
  5
202A7
331
202A2
  5
202A8
331
202A3
  5
202A9
331
202A4
  5
202AA
331
202A5
  5
202AB
331
202A6
  5
202AC
331
202A7
  5
202AD
331
202A8
  5
202AE
331
202A9
  5
202AF
331
202AA
  5
202B0
331
202AB
  5
202B1
331
202AC
  5
202B2
331
202AD
  5
202B3
331
202AE
  5
202B4
331
202AF
  5
202B5
331
202B0
  5
202B6
331
202B1
  5
202B7
331
202B2
  5
202B8
331
202B3
  5
202B9
331
202B4
  5
202BA
331
202B5
  5
202BB
331
202B6
  5
202BC
331
202B7
  5
202BD
331
202B8
  5
202BE
331
202B9
  5
202BF
331
202BA
  5
202C0
331
202BB
  5
202C1
331
202BC
  5
202C2
331
202BD
  5
202C3
331
202BE
  5
202C4
331
202BF
  5
202C5
331
202C0
  5
202C6
331
202C1
  5
202C7
331
202C2
  5
202C8
331
202C3
  5
202C9
331
202C4
  5
202CA
331
202C5
  5
202CB
331
202C6
  5
202CC
331
202C7
  5
202CD
331
202C8
  5
202CE
331
202C9
  5
202CF
331
202CA
  5
202D0
331
202CB
  5
202D1
331
202CC
  5
202D3
331
202CD
  5
202D4
331
202CE
  5
202D5
331
202CF
  5
202D6
331
202D0
  5
20357
331
202D1
  5
20358
331
202D3
  5
20359
331
202D4
  5
2035A
331
202D5
  5
2035B
331
202D6
  5
2035C
331
2035B
  5
2037C
331
2035C
  5
20386
331
2035D
  5
20388
331
20369
  5
200CE
331
2037B
  5
20389
331
2037D
  5
200AE
331
20387
  5
200B8
331
20388
  5
2038B
331
2038B
  5
20398
331
2038D
  5
203DA
331
20398
  5
2044C
331
2044D
  5
2044F
331
2044E
  5
20451
331
2044F
  5
20385
  0
DIMASSOC
  5
204FC
102
{ACAD_REACTORS
330
204F1
102
}
330
204F1
100
AcDbDimAssoc
330
204E3
 90
        2
 70
     0
 71
     0
  1
AcDbOsnapPointRef
 72
     8
331
2038B
 73
     2
 91
        0
 40
0.4872823544580442
 10
6362789.111236225
 20
6173375.130779516
 30
0.0
 75
     1
  1
AcDbOsnapPointRef
 72
     0
 40
0.0
 10
6362789.111236225
 20
6173375.130779516
 30
0.0
 75
     0
  0
DIMASSOC
  5
20576
102
{ACAD_REACTORS
330
2056B
102
}
330
2056B
100
AcDbDimAssoc
330
2055D
 90
        2
 70
     0
 71
     0
  1
AcDbOsnapPointRef
 72
     8
331
20388
 73
     2
 91
        0
 40
0.7982183018335564
 10
6362795.017609883
 20
6173379.140474637
 30
0.0
 75
     1
  1
AcDbOsnapPointRef
 72
     0
 40
0.0
 10
6362795.017609883
 20
6173379.140474637
 30
0.0
 75
     0
  0
DIMASSOC
  5
20590
102
{ACAD_REACTORS
330
20585
102
}
330
20585
100
AcDbDimAssoc
330
20577
 90
        3
 70
     0
 71
     0
  1
AcDbOsnapPointRef
 72
     8
331
20020
 73
     2
 91
       24
 40
0.1685981225362136
 10
6362801.398607016
 20
6173369.695474089
 30
0.0
 75
     1
  1
AcDbOsnapPointRef
 72
     0
 40
0.0
 10
6362801.398607016
 20
6173369.695474089
 30
0.0
 75
     0
  1
AcDbOsnapPointRef
 72
    13
331
20398
 73
     2
 91
        0
 40
0.0
 10
6362803.094964301
 20
6173367.221345413
 30
0.0
 75
     0
  0
DIMASSOC
  5
205AA
102
{ACAD_REACTORS
330
2059F
102
}
330
2059F
100
AcDbDimAssoc
330
20591
 90
        3
 70
     0
 71
     0
  1
AcDbOsnapPointRef
 72
     1
331
2035D
 73
     2
 91
        0
 40
1.0
 10
6362736.416253119
 20
6173287.783124767
 30
0.0
 75
     0
  1
AcDbOsnapPointRef
 72
     8
331
20024
 73
     2
 91
        5
 40
0.0058936976023251
 10
6362738.109685876
 20
6173285.3080017
 30
0.0
 75
     1
  1
AcDbOsnapPointRef
 72
     1
331
2035D
 73
     2
 91
        0
 40
1.0
 10
6362736.416253119
 20
6173287.783124767
 30
0.0
 75
     0
  0
DIMASSOC
  5
205C4
102
{ACAD_REACTORS
330
205B9
102
}
330
205B9
100
AcDbDimAssoc
330
205AB
 90
        3
 70
     0
 71
     0
  1
AcDbOsnapPointRef
 72
     1
331
20024
 73
     2
 91
        5
 40
1.0
 10
6362743.67500957
 20
6173289.11569174
 30
0.0
 75
     0
  1
AcDbOsnapPointRef
 72
     1
331
20024
 73
     2
 91
        6
 40
1.0
 10
6362746.430201989
 20
6173285.0937488
 30
0.0
 75
     0
  0
DIMASSOC
  5
205DE
102
{ACAD_REACTORS
330
205D3
102
}
330
205D3
100
AcDbDimAssoc
330
205C5
 90
        3
 70
     0
 71
     0
  1
AcDbOsnapPointRef
 72
     1
331
2044F
 73
     2
 91
        0
 40
1.0
 10
6362746.430088901
 20
6173285.093610626
 30
0.0
 75
     0
  1
AcDbOsnapPointRef
 72
     1
331
2044E
 73
     2
 91
        1
 40
1.0
 10
6362748.929056444
 20
6173286.753788227
 30
0.0
 75
     0
  0
DIMASSOC
  5
205F8
102
{ACAD_REACTORS
330
205ED
102
}
330
205ED
100
AcDbDimAssoc
330
205DF
 90
        3
 70
     0
 71
     0
  1
AcDbOsnapPointRef
 72
     6
331
20450
 73
     2
 91
        1
 40
0.3987513823815977
 10
6362752.58209397
 20
6173291.595929462
 30
0.0
332
2002E
 74
     2
 92
        4
 75
     0
  1
AcDbOsnapPointRef
 72
     8
331
20015
 73
     2
 91
        1
 40
0.0417321197898937
 10
6362750.91670281
 20
6173294.091889502
 30
0.0
 75
     1
  1
AcDbOsnapPointRef
 72
     6
331
20450
 73
     2
 91
        1
 40
0.3987513823815977
 10
6362752.58209397
 20
6173291.595929462
 30
0.0
332
2002E
 74
     2
 92
        4
 75
     0
  0
DIMASSOC
  5
20612
102
{ACAD_REACTORS
330
20607
102
}
330
20607
100
AcDbDimAssoc
330
205F9
 90
        3
 70
     0
 71
     0
  1
AcDbOsnapPointRef
 72
     1
331
20011
 73
     2
 91
       27
 40
1.0
 10
6362747.810615671
 20
6173313.813927681
 30
0.0
 75
     0
  1
AcDbOsnapPointRef
 72
     6
331
20452
 73
     2
 91
        4
 40
0.9940040495175445
 10
6362742.895512404
 20
6173310.427682141
 30
0.0
332
20011
 74
     2
 92
       26
 75
     0
  0
DIMASSOC
  5
20640
102
{ACAD_REACTORS
330
20635
102
}
330
20635
100
AcDbDimAssoc
330
20627
 90
        3
 70
     0
 71
     0
  1
AcDbOsnapPointRef
 72
     6
331
2045B
 73
     2
 91
        2
 40
0.8100620597825951
 10
6362789.56981901
 20
6173379.814374438
 30
0.0
332
2038D
 74
     2
 92
        0
 75
     0
  1
AcDbOsnapPointRef
 72
     1
331
2045B
 73
     2
 91
        2
 40
1.0
 10
6362791.24966019
 20
6173377.2945907
 30
0.0
 75
     0
  0
ACDBDETAILVIEWSTYLE
  5
2030A
102
{ACAD_XDICTIONARY
360
20696
102
}
102
{ACAD_REACTORS
330
20309
102
}
330
20309
100
AcDbModelDocViewStyle
 70
     0
  3
Imperial24
290
     0
100
AcDbDetailViewStyle
 70
     0
 71
     0
 90
        3
 71
     1
340
11
 62
   256
 40
0.24
340
0
 62
   256
 40
0.24
300

 40
0.36
280
     3
 71
     2
340
16
 90
       25
 62
   256
 71
     3
340
11
 62
   256
 40
0.24
 90
        1
 40
0.75
 90
        1
300
%<\AcVar ViewType \f "%tc1">% %<\AcVar ViewDetailId>%\PSCALE %<\AcVar ViewScale \f "%sn">%
 71
     4
340
16
 90
       25
 62
   256
340
16
 90
       25
 62
   256
280
     0
  0
ACDBDETAILVIEWSTYLE
  5
20346
102
{ACAD_XDICTIONARY
360
2069A
102
}
102
{ACAD_REACTORS
330
20309
102
}
330
20309
100
AcDbModelDocViewStyle
 70
     0
  3
Metric50
290
     0
100
AcDbDetailViewStyle
 70
     0
 71
     0
 90
        3
 71
     1
340
11
 62
   256
 40
5.0
340
0
 62
   256
 40
5.0
300

 40
0.0
280
     1
 71
     2
340
16
 90
       25
 62
   256
 71
     3
340
11
 62
   256
 40
5.0
 90
        0
 40
15.0
 90
        1
300
%<\AcVar ViewDetailId>% (%<\AcVar ViewScale \f "%sn">%)
 71
     4
340
16
 90
       25
 62
   256
340
16
 90
       25
 62
   256
280
     0
  0
LAYOUT
  5
1E
102
{ACAD_REACTORS
330
1A
102
}
330
1A
100
AcDbPlotSettings
  1

  2
none_device
  4

  6

 40
0.0
 41
0.0
 42
0.0
 43
0.0
 44
0.0
 45
0.0
 46
0.0
 47
0.0
 48
0.0
 49
0.0
140
0.0
141
0.0
142
1.0
143
1.0
 70
   688
 72
     0
 73
     0
 74
     5
  7

 75
    16
147
1.0
 76
     0
 77
     2
 78
   300
148
0.0
149
0.0
100
AcDbLayout
  1
Layout1
 70
     1
 71
     1
 10
0.0
 20
0.0
 11
12.0
 21
9.0
 12
0.0
 22
0.0
 32
0.0
 14
1.000000000000000E+20
 24
1.000000000000000E+20
 34
1.000000000000000E+20
 15
-1.000000000000000E+20
 25
-1.000000000000000E+20
 35
-1.000000000000000E+20
146
0.0
 13
0.0
 23
0.0
 33
0.0
 16
1.0
 26
0.0
 36
0.0
 17
0.0
 27
1.0
 37
0.0
 76
     0
330
1B
  0
LAYOUT
  5
22
102
{ACAD_REACTORS
330
1A
102
}
330
1A
100
AcDbPlotSettings
  1

  2
none_device
  4

  6

 40
0.0
 41
0.0
 42
0.0
 43
0.0
 44
0.0
 45
0.0
 46
0.0
 47
0.0
 48
0.0
 49
0.0
140
0.0
141
0.0
142
1.0
143
1.0
 70
  1712
 72
     0
 73
     0
 74
     0
  7

 75
     0
147
1.0
 76
     0
 77
     2
 78
   300
148
0.0
149
0.0
100
AcDbLayout
  1
Model
 70
     1
 71
     0
 10
0.0
 20
0.0
 11
12.0
 21
9.0
 12
0.0
 22
0.0
 32
0.0
 14
30.0
 24
49.75
 34
0.0
 15
130.5
 25
163.1318914119703
 35
0.0
146
0.0
 13
0.0
 23
0.0
 33
0.0
 16
1.0
 26
0.0
 36
0.0
 17
0.0
 27
1.0
 37
0.0
 76
     0
330
1F
331
29
  0
MATERIAL
  5
20180
102
{ACAD_REACTORS
330
2017C
102
}
330
2017C
100
AcDbMaterial
  1
ByBlock
 71
     1
 91
-1023410177
 73
     1
 78
     1
172
     1
176
     1
270
     1
273
     1
274
     1
 94
       63
  0
MATERIAL
  5
20181
102
{ACAD_REACTORS
330
2017C
102
}
330
2017C
100
AcDbMaterial
  1
ByLayer
 71
     1
 91
-1023410177
 73
     1
 78
     1
172
     1
176
     1
270
     1
273
     1
274
     1
 94
       63
  0
MATERIAL
  5
20182
102
{ACAD_XDICTIONARY
360
20412
102
}
102
{ACAD_REACTORS
330
2017C
102
}
330
2017C
100
AcDbMaterial
  1
Global
 71
     1
 91
-1023410177
 73
     1
 78
     1
172
     1
176
     1
270
     1
273
     1
274
     1
 94
       63
  0
MLEADERSTYLE
  5
20185
102
{ACAD_REACTORS
330
43
102
}
330
43
100
AcDbMLeaderStyle
179
     2
170
     2
171
     1
172
     0
 90
        2
 40
0.0
 41
0.0
173
     1
 91
-1056964608
 92
       -2
290
     1
 42
2.0
291
     1
 43
8.0
  3
Standard
 44
4.0
300

342
11
174
     1
178
     1
175
     1
176
     0
 93
-1056964608
 45
4.0
292
     0
297
     0
 46
4.0
 94
-1056964608
 47
1.0
 49
1.0
140
1.0
293
     1
141
0.0
294
     1
177
     0
142
1.0
295
     0
296
     0
143
3.75
271
     0
272
     9
273
     9
298
     0
  0
MLINESTYLE
  5
20183
102
{ACAD_REACTORS
330
2017D
102
}
330
2017D
100
AcDbMlineStyle
  2
STANDARD
 70
     0
  3

 62
   256
 51
90.0
 52
90.0
 71
     2
 49
0.5
 62
   256
  6
BYLAYER
 49
-0.5
 62
   256
  6
BYLAYER
  0
ACDBPLACEHOLDER
  5
F
102
{ACAD_REACTORS
330
E
102
}
330
E
  0
SCALE
  5
202F6
102
{ACAD_REACTORS
330
2017E
102
}
330
2017E
100
AcDbScale
 70
     0
300
1:1
140
1.0
141
1.0
290
     1
  0
SCALE
  5
202F7
102
{ACAD_REACTORS
330
2017E
102
}
330
2017E
100
AcDbScale
 70
     0
300
1/128" = 1'-0"
140
0.0078125
141
12.0
290
     0
  0
SCALE
  5
202F8
102
{ACAD_REACTORS
330
2017E
102
}
330
2017E
100
AcDbScale
 70
     0
300
1/64" = 1'-0"
140
0.015625
141
12.0
290
     0
  0
SCALE
  5
202F9
102
{ACAD_REACTORS
330
2017E
102
}
330
2017E
100
AcDbScale
 70
     0
300
1/32" = 1'-0"
140
0.03125
141
12.0
290
     0
  0
SCALE
  5
202FA
102
{ACAD_REACTORS
330
2017E
102
}
330
2017E
100
AcDbScale
 70
     0
300
1/16" = 1'-0"
140
0.0625
141
12.0
290
     0
  0
SCALE
  5
202FB
102
{ACAD_REACTORS
330
2017E
102
}
330
2017E
100
AcDbScale
 70
     0
300
3/32" = 1'-0"
140
0.09375
141
12.0
290
     0
  0
SCALE
  5
202FC
102
{ACAD_REACTORS
330
2017E
102
}
330
2017E
100
AcDbScale
 70
     0
300
1/8" = 1'-0"
140
0.125
141
12.0
290
     0
  0
SCALE
  5
202FD
102
{ACAD_REACTORS
330
2017E
102
}
330
2017E
100
AcDbScale
 70
     0
300
3/16" = 1'-0"
140
0.1875
141
12.0
290
     0
  0
SCALE
  5
202FE
102
{ACAD_REACTORS
330
2017E
102
}
330
2017E
100
AcDbScale
 70
     0
300
1/4" = 1'-0"
140
0.25
141
12.0
290
     0
  0
SCALE
  5
202FF
102
{ACAD_REACTORS
330
2017E
102
}
330
2017E
100
AcDbScale
 70
     0
300
3/8" = 1'-0"
140
0.375
141
12.0
290
     0
  0
SCALE
  5
20300
102
{ACAD_REACTORS
330
2017E
102
}
330
2017E
100
AcDbScale
 70
     0
300
1/2" = 1'-0"
140
0.5
141
12.0
290
     0
  0
SCALE
  5
20301
102
{ACAD_REACTORS
330
2017E
102
}
330
2017E
100
AcDbScale
 70
     0
300
3/4" = 1'-0"
140
0.75
141
12.0
290
     0
  0
SCALE
  5
20302
102
{ACAD_REACTORS
330
2017E
102
}
330
2017E
100
AcDbScale
 70
     0
300
1" = 1'-0"
140
1.0
141
12.0
290
     0
  0
SCALE
  5
20303
102
{ACAD_REACTORS
330
2017E
102
}
330
2017E
100
AcDbScale
 70
     0
300
1-1/2" = 1'-0"
140
1.5
141
12.0
290
     0
  0
SCALE
  5
20304
102
{ACAD_REACTORS
330
2017E
102
}
330
2017E
100
AcDbScale
 70
     0
300
3" = 1'-0"
140
3.0
141
12.0
290
     0
  0
SCALE
  5
20305
102
{ACAD_REACTORS
330
2017E
102
}
330
2017E
100
AcDbScale
 70
     0
300
6" = 1'-0"
140
6.0
141
12.0
290
     0
  0
SCALE
  5
20306
102
{ACAD_REACTORS
330
2017E
102
}
330
2017E
100
AcDbScale
 70
     0
300
1'-0" = 1'-0"
140
12.0
141
12.0
290
     0
  0
ACDBSECTIONVIEWSTYLE
  5
20308
102
{ACAD_XDICTIONARY
360
20694
102
}
102
{ACAD_REACTORS
330
20307
102
}
330
20307
100
AcDbModelDocViewStyle
 70
     0
  3
Imperial24
290
     0
100
AcDbSectionViewStyle
 70
     0
 71
     0
 90
       78
 71
     1
340
11
 62
   256
 40
0.24
340
0
340
0
 62
   256
 40
0.24
300
I, O, Q, S, X, Z
 40
0.48
 90
        3
 40
0.18
 90
        1
 71
     2
340
16
 90
       25
 62
   256
340
16
 90
       50
 62
   256
 40
0.24
 40
0.0
 40
0.24
 71
     3
340
11
 62
   256
 40
0.24
 90
        1
 40
0.75
 90
        1
300
%<\AcVar ViewType \f "%tc1">% %<\AcVar ViewSectionStartId>%-%<\AcVar ViewSectionEndId>%\PSCALE %<\AcVar ViewScale \f "%sn">%
 71
     4
 62
   256
 62
   257
300
ANSI31
 40
1.0
 90
        0
290
     0
290
     0
 90
        6
 40
0.0
 40
1.570796326794896
 40
0.2617993877991494
 40
1.308996938995747
 40
-0.2617993877991494
 40
1.832595714594046
  0
ACDBSECTIONVIEWSTYLE
  5
20345
102
{ACAD_XDICTIONARY
360
20698
102
}
102
{ACAD_REACTORS
330
20307
102
}
330
20307
100
AcDbModelDocViewStyle
 70
     0
  3
Metric50
290
     0
100
AcDbSectionViewStyle
 70
     0
 71
     0
 90
      102
 71
     1
340
11
 62
   256
 40
5.0
340
0
340
0
 62
   256
 40
5.0
300
I, O, Q, S, X, Z
 40
10.0
 90
        0
 40
2.5
 90
        0
 71
     2
340
16
 90
       25
 62
   256
340
16
 90
       50
 62
   256
 40
5.0
 40
2.5
 40
5.0
 71
     3
340
11
 62
   256
 40
5.0
 90
        0
 40
15.0
 90
        1
300
%<\AcVar ViewSectionStartId>%-%<\AcVar ViewSectionEndId>% (%<\AcVar ViewScale \f "%sn">%)
 71
     4
 62
   256
 62
   257
300
ANSI31
 40
1.0
 90
        0
290
     0
290
     0
 90
        6
 40
0.0
 40
1.570796326794896
 40
0.2617993877991494
 40
1.308996938995747
 40
-0.2617993877991494
 40
1.832595714594046
  0
TABLESTYLE
  5
202F5
102
{ACAD_XDICTIONARY
360
20689
102
}
102
{ACAD_REACTORS
330
42
102
}
330
42
100
AcDbTableStyle
280
     0
  3
Standard
 70
     0
 71
     0
 40
0.06
 41
0.06
280
     0
281
     0
  7
Standard
140
0.18
170
     2
 62
     0
 63
     7
283
     0
 90
      512
 91
        0
  1

274
    -2
284
     1
 64
     0
275
    -2
285
     1
 65
     0
276
    -2
286
     1
 66
     0
277
    -2
287
     1
 67
     0
278
    -2
288
     1
 68
     0
279
    -2
289
     1
 69
     0
  7
Standard
140
0.25
170
     5
 62
     0
 63
     7
283
     0
 90
      512
 91
        0
  1

274
    -2
284
     1
 64
     0
275
    -2
285
     1
 65
     0
276
    -2
286
     1
 66
     0
277
    -2
287
     1
 67
     0
278
    -2
288
     1
 68
     0
279
    -2
289
     1
 69
     0
  7
Standard
140
0.18
170
     5
 62
     0
 63
     7
283
     0
 90
      512
 91
        0
  1

274
    -2
284
     1
 64
     0
275
    -2
285
     1
 65
     0
276
    -2
286
     1
 66
     0
277
    -2
287
     1
 67
     0
278
    -2
288
     1
 68
     0
279
    -2
289
     1
 69
     0
  0
VISUALSTYLE
  5
202E2
102
{ACAD_REACTORS
330
2017F
102
}
330
2017F
100
AcDbVisualStyle
  2
2dWireframe
 70
     4
177
     3
291
     0
 70
    58
 90
        0
176
     1
 90
        2
176
     1
 90
        0
176
     1
 90
        0
176
     1
 40
0.6
176
     1
 40
30.0
176
     1
 62
     7
420
 16777215
176
     1
 90
        1
176
     1
 90
        4
176
     1
 62
     7
176
     1
 62
   257
176
     1
 90
        1
176
     1
 90
        1
176
     1
 40
1.0
176
     1
 90
        0
176
     1
 62
   257
176
     1
 40
1.0
176
     1
 90
        1
176
     1
 90
        6
176
     1
 90
        2
176
     1
 62
     7
176
     1
 90
        5
176
     1
 90
        0
176
     1
 90
        0
176
     1
290
     0
176
     1
 90
        1
176
     1
 40
0.0
176
     1
 90
        0
176
     1
290
     1
176
     1
290
     1
176
     1
290
     0
176
     1
290
     0
176
     1
290
     0
176
     1
290
     0
176
     1
290
     0
176
     1
290
     0
176
     1
290
     0
176
     1
 90
       50
176
     1
 40
0.0
176
     1
 40
1.0
176
     1
 90
        0
176
     1
 62
    18
420
        0
176
     1
 90
       50
176
     1
 90
        3
176
     1
 62
     5
420
      255
176
     1
290
     0
176
     1
 90
       50
176
     1
 90
       50
176
     1
 90
       50
176
     1
290
     0
176
     1
 90
       50
176
     1
 62
   256
176
     0
 40
1.0
176
     0
 90
        2
176
     1
  1
strokes_ogs.tif
176
     1
290
     0
176
     1
 40
1.0
176
     1
 40
1.0
176
     1
1001
ACAD
1000
AcDbSavedByObjectVersion
1070
     0
  0
VISUALSTYLE
  5
202E1
102
{ACAD_REACTORS
330
2017F
102
}
330
2017F
100
AcDbVisualStyle
  2
Basic
 70
     7
177
     3
291
     1
 70
    58
 90
        1
176
     1
 90
        0
176
     1
 90
        1
176
     1
 90
        0
176
     1
 40
0.6
176
     1
 40
30.0
176
     1
 62
     7
420
 16777215
176
     1
 90
        0
176
     1
 90
        4
176
     1
 62
     7
176
     1
 62
   257
176
     1
 90
        1
176
     1
 90
        1
176
     1
 40
1.0
176
     1
 90
        8
176
     1
 62
     7
176
     1
 40
1.0
176
     1
 90
        1
176
     1
 90
        6
176
     1
 90
        2
176
     1
 62
     7
176
     1
 90
        5
176
     1
 90
        0
176
     1
 90
        0
176
     1
290
     0
176
     1
 90
        1
176
     1
 40
0.0
176
     1
 90
        0
176
     1
290
     0
176
     1
290
     1
176
     1
290
     1
176
     1
290
     0
176
     1
290
     0
176
     1
290
     0
176
     1
290
     0
176
     1
290
     0
176
     1
290
     0
176
     1
 90
       50
176
     1
 40
0.0
176
     1
 40
1.0
176
     1
 90
        0
176
     1
 62
    18
420
        0
176
     1
 90
       50
176
     1
 90
        3
176
     1
 62
     5
420
      255
176
     1
290
     0
176
     1
 90
       50
176
     1
 90
       50
176
     1
 90
       50
176
     1
290
     0
176
     1
 90
       50
176
     1
 62
   256
176
     0
 40
1.0
176
     0
 90
        2
176
     1
  1
strokes_ogs.tif
176
     1
290
     0
176
     1
 40
1.0
176
     1
 40
1.0
176
     1
1001
ACAD
1000
AcDbSavedByObjectVersion
1070
     0
  0
VISUALSTYLE
  5
202E8
102
{ACAD_REACTORS
330
2017F
102
}
330
2017F
100
AcDbVisualStyle
  2
Brighten
 70
    12
177
     3
291
     1
 70
    58
 90
        2
176
     1
 90
        2
176
     1
 90
        0
176
     1
 90
        0
176
     1
 40
0.6
176
     1
 40
30.0
176
     1
 62
     7
420
 16777215
176
     1
 90
        1
176
     1
 90
        4
176
     1
 62
     7
176
     1
 62
   257
176
     1
 90
        1
176
     1
 90
        1
176
     1
 40
1.0
176
     1
 90
        8
176
     1
 62
     7
176
     1
 40
1.0
176
     1
 90
        1
176
     1
 90
        6
176
     1
 90
        2
176
     1
 62
     7
176
     1
 90
        5
176
     1
 90
        0
176
     1
 90
        0
176
     1
290
     0
176
     1
 90
        1
176
     1
 40
50.0
176
     1
 90
        0
176
     1
290
     0
176
     1
290
     1
176
     1
290
     1
176
     1
290
     0
176
     1
290
     0
176
     1
290
     0
176
     1
290
     0
176
     1
290
     0
176
     1
290
     0
176
     1
 90
       50
176
     1
 40
0.0
176
     1
 40
1.0
176
     1
 90
        0
176
     1
 62
    18
420
        0
176
     1
 90
       50
176
     1
 90
        3
176
     1
 62
     5
420
      255
176
     1
290
     0
176
     1
 90
       50
176
     1
 90
       50
176
     1
 90
       50
176
     1
290
     0
176
     1
 90
       50
176
     1
 62
   256
176
     0
 40
1.0
176
     0
 90
        2
176
     1
  1
strokes_ogs.tif
176
     1
290
     0
176
     1
 40
1.0
176
     1
 40
1.0
176
     1
1001
ACAD
1000
AcDbSavedByObjectVersion
1070
     0
  0
VISUALSTYLE
  5
202EC
102
{ACAD_REACTORS
330
2017F
102
}
330
2017F
100
AcDbVisualStyle
  2
ColorChange
 70
    16
177
     3
291
     1
 70
    58
 90
        2
176
     1
 90
        2
176
     1
 90
        3
176
     1
 90
        0
176
     1
 40
0.6
176
     1
 40
30.0
176
     1
 62
     8
420
  8421504
176
     1
 90
        1
176
     1
 90
        4
176
     1
 62
     7
176
     1
 62
   257
176
     1
 90
        1
176
     1
 90
        1
176
     1
 40
1.0
176
     1
 90
        8
176
     1
 62
     8
420
  8421504
176
     1
 40
1.0
176
     1
 90
        1
176
     1
 90
        6
176
     1
 90
        2
176
     1
 62
     7
176
     1
 90
        5
176
     1
 90
        0
176
     1
 90
        0
176
     1
290
     0
176
     1
 90
        1
176
     1
 40
0.0
176
     1
 90
        0
176
     1
290
     0
176
     1
290
     1
176
     1
290
     1
176
     1
290
     0
176
     1
290
     0
176
     1
290
     0
176
     1
290
     0
176
     1
290
     0
176
     1
290
     0
176
     1
 90
       50
176
     1
 40
0.0
176
     1
 40
1.0
176
     1
 90
        0
176
     1
 62
    18
420
        0
176
     1
 90
       50
176
     1
 90
        3
176
     1
 62
     5
420
      255
176
     1
290
     0
176
     1
 90
       50
176
     1
 90
       50
176
     1
 90
       50
176
     1
290
     0
176
     1
 90
       50
176
     1
 62
   256
176
     0
 40
1.0
176
     0
 90
        2
176
     1
  1
strokes_ogs.tif
176
     1
290
     0
176
     1
 40
1.0
176
     1
 40
1.0
176
     1
1001
ACAD
1000
AcDbSavedByObjectVersion
1070
     0
  0
VISUALSTYLE
  5
202E5
102
{ACAD_REACTORS
330
2017F
102
}
330
2017F
100
AcDbVisualStyle
  2
Conceptual
 70
     9
177
     3
291
     0
 70
    58
 90
        3
176
     1
 90
        2
176
     1
 90
        0
176
     1
 90
        0
176
     1
 40
0.6
176
     1
 40
30.0
176
     1
 62
     7
420
 16777215
176
     1
 90
        2
176
     1
 90
        2
176
     1
 62
     7
176
     1
 62
   257
176
     1
 90
        1
176
     1
 90
        1
176
     1
 40
179.0
176
     1
 90
        8
176
     1
 62
     7
176
     1
 40
1.0
176
     1
 90
        1
176
     1
 90
        6
176
     1
 90
        2
176
     1
 62
     7
176
     1
 90
        3
176
     1
 90
        0
176
     1
 90
        0
176
     1
290
     0
176
     1
 90
        1
176
     1
 40
0.0
176
     1
 90
        0
176
     1
290
     0
176
     1
290
     1
176
     1
290
     1
176
     1
290
     0
176
     1
290
     0
176
     1
290
     0
176
     1
290
     0
176
     1
290
     0
176
     1
290
     0
176
     1
 90
       50
176
     1
 40
0.0
176
     1
 40
1.0
176
     1
 90
        0
176
     1
 62
    18
420
        0
176
     1
 90
       50
176
     1
 90
        3
176
     1
 62
     5
420
      255
176
     1
290
     0
176
     1
 90
       50
176
     1
 90
       50
176
     1
 90
       50
176
     1
290
     0
176
     1
 90
       50
176
     1
 62
   256
176
     0
 40
1.0
176
     0
 90
        2
176
     1
  1
strokes_ogs.tif
176
     1
290
     0
176
     1
 40
1.0
176
     1
 40
1.0
176
     1
1001
ACAD
1000
AcDbSavedByObjectVersion
1070
     0
  0
VISUALSTYLE
  5
202E7
102
{ACAD_REACTORS
330
2017F
102
}
330
2017F
100
AcDbVisualStyle
  2
Dim
 70
    11
177
     3
291
     1
 70
    58
 90
        2
176
     1
 90
        2
176
     1
 90
        0
176
     1
 90
        0
176
     1
 40
0.6
176
     1
 40
30.0
176
     1
 62
     7
420
 16777215
176
     1
 90
        1
176
     1
 90
        4
176
     1
 62
     7
176
     1
 62
   257
176
     1
 90
        1
176
     1
 90
        1
176
     1
 40
1.0
176
     1
 90
        8
176
     1
 62
     7
176
     1
 40
1.0
176
     1
 90
        1
176
     1
 90
        6
176
     1
 90
        2
176
     1
 62
     7
176
     1
 90
        5
176
     1
 90
        0
176
     1
 90
        0
176
     1
290
     0
176
     1
 90
        1
176
     1
 40
-50.0
176
     1
 90
        0
176
     1
290
     0
176
     1
290
     1
176
     1
290
     1
176
     1
290
     0
176
     1
290
     0
176
     1
290
     0
176
     1
290
     0
176
     1
290
     0
176
     1
290
     0
176
     1
 90
       50
176
     1
 40
0.0
176
     1
 40
1.0
176
     1
 90
        0
176
     1
 62
    18
420
        0
176
     1
 90
       50
176
     1
 90
        3
176
     1
 62
     5
420
      255
176
     1
290
     0
176
     1
 90
       50
176
     1
 90
       50
176
     1
 90
       50
176
     1
290
     0
176
     1
 90
       50
176
     1
 62
   256
176
     0
 40
1.0
176
     0
 90
        2
176
     1
  1
strokes_ogs.tif
176
     1
290
     0
176
     1
 40
1.0
176
     1
 40
1.0
176
     1
1001
ACAD
1000
AcDbSavedByObjectVersion
1070
     0
  0
VISUALSTYLE
  5
202F4
102
{ACAD_REACTORS
330
2017F
102
}
330
2017F
100
AcDbVisualStyle
  2
EdgeColorOff
 70
    22
177
     3
291
     1
 70
    58
 90
        2
176
     0
 90
        2
176
     0
 90
        0
176
     0
 90
        0
176
     0
 40
0.6
176
     0
 40
30.0
176
     0
 62
     7
420
 16777215
176
     0
 90
        1
176
     0
 90
        4
176
     0
 62
     7
176
     0
 62
   257
176
     0
 90
        1
176
     0
 90
        1
176
     0
 40
1.0
176
     0
 90
        8
176
     2
 62
     7
176
     0
 40
1.0
176
     0
 90
        1
176
     0
 90
        6
176
     0
 90
        2
176
     0
 62
     7
176
     0
 90
        5
176
     0
 90
        0
176
     0
 90
        0
176
     0
290
     0
176
     0
 90
        1
176
     0
 40
0.0
176
     0
 90
        0
176
     0
290
     0
176
     1
290
     1
176
     1
290
     1
176
     1
290
     0
176
     1
290
     0
176
     1
290
     0
176
     1
290
     0
176
     1
290
     0
176
     1
290
     0
176
     1
 90
       50
176
     0
 40
0.0
176
     0
 40
1.0
176
     0
 90
        0
176
     0
 62
    18
420
        0
176
     0
 90
       50
176
     0
 90
        3
176
     0
 62
     5
420
      255
176
     0
290
     0
176
     1
 90
       50
176
     0
 90
       50
176
     0
 90
       50
176
     0
290
     0
176
     1
 90
       50
176
     0
 62
   256
176
     0
 40
1.0
176
     0
 90
        2
176
     0
  1
strokes_ogs.tif
176
     0
290
     0
176
     1
 40
1.0
176
     0
 40
1.0
176
     0
1001
ACAD
1000
AcDbSavedByObjectVersion
1070
     0
  0
VISUALSTYLE
  5
202EB
102
{ACAD_REACTORS
330
2017F
102
}
330
2017F
100
AcDbVisualStyle
  2
Facepattern
 70
    15
177
     3
291
     1
 70
    58
 90
        2
176
     1
 90
        2
176
     1
 90
        0
176
     1
 90
        0
176
     1
 40
0.6
176
     1
 40
30.0
176
     1
 62
     7
420
 16777215
176
     1
 90
        1
176
     1
 90
        4
176
     1
 62
     7
176
     1
 62
   257
176
     1
 90
        1
176
     1
 90
        1
176
     1
 40
1.0
176
     1
 90
        8
176
     1
 62
     7
176
     1
 40
1.0
176
     1
 90
        1
176
     1
 90
        6
176
     1
 90
        2
176
     1
 62
     7
176
     1
 90
        5
176
     1
 90
        0
176
     1
 90
        0
176
     1
290
     0
176
     1
 90
        1
176
     1
 40
0.0
176
     1
 90
        0
176
     1
290
     0
176
     1
290
     1
176
     1
290
     1
176
     1
290
     0
176
     1
290
     0
176
     1
290
     0
176
     1
290
     0
176
     1
290
     0
176
     1
290
     0
176
     1
 90
       50
176
     1
 40
0.0
176
     1
 40
1.0
176
     1
 90
        0
176
     1
 62
    18
420
        0
176
     1
 90
       50
176
     1
 90
        3
176
     1
 62
     5
420
      255
176
     1
290
     0
176
     1
 90
       50
176
     1
 90
       50
176
     1
 90
       50
176
     1
290
     0
176
     1
 90
       50
176
     1
 62
   256
176
     0
 40
1.0
176
     0
 90
        2
176
     1
  1
strokes_ogs.tif
176
     1
290
     0
176
     1
 40
1.0
176
     1
 40
1.0
176
     1
1001
ACAD
1000
AcDbSavedByObjectVersion
1070
     0
  0
VISUALSTYLE
  5
202DD
102
{ACAD_REACTORS
330
2017F
102
}
330
2017F
100
AcDbVisualStyle
  2
Flat
 70
     0
177
     3
291
     1
 70
    58
 90
        2
176
     1
 90
        1
176
     1
 90
        1
176
     1
 90
        2
176
     1
 40
0.6
176
     1
 40
30.0
176
     1
 62
     7
420
 16777215
176
     1
 90
        0
176
     1
 90
        0
176
     1
 62
     7
176
     1
 62
   257
176
     1
 90
        1
176
     1
 90
        1
176
     1
 40
1.0
176
     1
 90
        8
176
     1
 62
     7
176
     1
 40
1.0
176
     1
 90
        1
176
     1
 90
        6
176
     1
 90
        2
176
     1
 62
     7
176
     1
 90
        5
176
     1
 90
        0
176
     1
 90
        0
176
     1
290
     0
176
     1
 90
       13
176
     1
 40
0.0
176
     1
 90
        0
176
     1
290
     0
176
     1
290
     1
176
     1
290
     1
176
     1
290
     0
176
     1
290
     0
176
     1
290
     0
176
     1
290
     0
176
     1
290
     0
176
     1
290
     0
176
     1
 90
       50
176
     1
 40
0.0
176
     1
 40
1.0
176
     1
 90
        0
176
     1
 62
    18
420
        0
176
     1
 90
       50
176
     1
 90
        3
176
     1
 62
     5
420
      255
176
     1
290
     0
176
     1
 90
       50
176
     1
 90
       50
176
     1
 90
       50
176
     1
290
     0
176
     1
 90
       50
176
     1
 62
   256
176
     0
 40
1.0
176
     0
 90
        2
176
     1
  1
strokes_ogs.tif
176
     1
290
     0
176
     1
 40
1.0
176
     1
 40
1.0
176
     1
1001
ACAD
1000
AcDbSavedByObjectVersion
1070
     0
  0
VISUALSTYLE
  5
202DE
102
{ACAD_REACTORS
330
2017F
102
}
330
2017F
100
AcDbVisualStyle
  2
FlatWithEdges
 70
     1
177
     3
291
     1
 70
    58
 90
        2
176
     1
 90
        1
176
     1
 90
        1
176
     1
 90
        2
176
     1
 40
0.6
176
     1
 40
30.0
176
     1
 62
     7
420
 16777215
176
     1
 90
        1
176
     1
 90
        0
176
     1
 62
     7
176
     1
 62
   257
176
     1
 90
        1
176
     1
 90
        1
176
     1
 40
1.0
176
     1
 90
        0
176
     1
 62
   257
176
     1
 40
1.0
176
     1
 90
        1
176
     1
 90
        6
176
     1
 90
        2
176
     1
 62
     7
176
     1
 90
        5
176
     1
 90
        0
176
     1
 90
        0
176
     1
290
     0
176
     1
 90
       13
176
     1
 40
0.0
176
     1
 90
        0
176
     1
290
     0
176
     1
290
     1
176
     1
290
     1
176
     1
290
     0
176
     1
290
     0
176
     1
290
     0
176
     1
290
     0
176
     1
290
     0
176
     1
290
     0
176
     1
 90
       50
176
     1
 40
0.0
176
     1
 40
1.0
176
     1
 90
        0
176
     1
 62
    18
420
        0
176
     1
 90
       50
176
     1
 90
        3
176
     1
 62
     5
420
      255
176
     1
290
     0
176
     1
 90
       50
176
     1
 90
       50
176
     1
 90
       50
176
     1
290
     0
176
     1
 90
       50
176
     1
 62
   256
176
     0
 40
1.0
176
     0
 90
        2
176
     1
  1
strokes_ogs.tif
176
     1
290
     0
176
     1
 40
1.0
176
     1
 40
1.0
176
     1
1001
ACAD
1000
AcDbSavedByObjectVersion
1070
     0
  0
VISUALSTYLE
  5
202DF
102
{ACAD_REACTORS
330
2017F
102
}
330
2017F
100
AcDbVisualStyle
  2
Gouraud
 70
     2
177
     3
291
     1
 70
    58
 90
        2
176
     1
 90
        2
176
     1
 90
        1
176
     1
 90
        2
176
     1
 40
0.6
176
     1
 40
30.0
176
     1
 62
     7
420
 16777215
176
     1
 90
        0
176
     1
 90
        0
176
     1
 62
     7
176
     1
 62
   257
176
     1
 90
        1
176
     1
 90
        1
176
     1
 40
1.0
176
     1
 90
        0
176
     1
 62
     7
176
     1
 40
1.0
176
     1
 90
        1
176
     1
 90
        6
176
     1
 90
        2
176
     1
 62
     7
176
     1
 90
        5
176
     1
 90
        0
176
     1
 90
        0
176
     1
290
     0
176
     1
 90
       13
176
     1
 40
0.0
176
     1
 90
        0
176
     1
290
     0
176
     1
290
     1
176
     1
290
     1
176
     1
290
     0
176
     1
290
     0
176
     1
290
     0
176
     1
290
     0
176
     1
290
     0
176
     1
290
     0
176
     1
 90
       50
176
     1
 40
0.0
176
     1
 40
1.0
176
     1
 90
        0
176
     1
 62
    18
420
        0
176
     1
 90
       50
176
     1
 90
        3
176
     1
 62
     5
420
      255
176
     1
290
     0
176
     1
 90
       50
176
     1
 90
       50
176
     1
 90
       50
176
     1
290
     0
176
     1
 90
       50
176
     1
 62
   256
176
     0
 40
1.0
176
     0
 90
        2
176
     1
  1
strokes_ogs.tif
176
     1
290
     0
176
     1
 40
1.0
176
     1
 40
1.0
176
     1
1001
ACAD
1000
AcDbSavedByObjectVersion
1070
     0
  0
VISUALSTYLE
  5
202E0
102
{ACAD_REACTORS
330
2017F
102
}
330
2017F
100
AcDbVisualStyle
  2
GouraudWithEdges
 70
     3
177
     3
291
     1
 70
    58
 90
        2
176
     1
 90
        2
176
     1
 90
        1
176
     1
 90
        2
176
     1
 40
0.6
176
     1
 40
30.0
176
     1
 62
     7
420
 16777215
176
     1
 90
        1
176
     1
 90
        0
176
     1
 62
     7
176
     1
 62
   257
176
     1
 90
        1
176
     1
 90
        1
176
     1
 40
1.0
176
     1
 90
        0
176
     1
 62
   257
176
     1
 40
1.0
176
     1
 90
        1
176
     1
 90
        6
176
     1
 90
        2
176
     1
 62
     7
176
     1
 90
        5
176
     1
 90
        0
176
     1
 90
        0
176
     1
290
     0
176
     1
 90
       13
176
     1
 40
0.0
176
     1
 90
        0
176
     1
290
     0
176
     1
290
     1
176
     1
290
     1
176
     1
290
     0
176
     1
290
     0
176
     1
290
     0
176
     1
290
     0
176
     1
290
     0
176
     1
290
     0
176
     1
 90
       50
176
     1
 40
0.0
176
     1
 40
1.0
176
     1
 90
        0
176
     1
 62
    18
420
        0
176
     1
 90
       50
176
     1
 90
        3
176
     1
 62
     5
420
      255
176
     1
290
     0
176
     1
 90
       50
176
     1
 90
       50
176
     1
 90
       50
176
     1
290
     0
176
     1
 90
       50
176
     1
 62
   256
176
     0
 40
1.0
176
     0
 90
        2
176
     1
  1
strokes_ogs.tif
176
     1
290
     0
176
     1
 40
1.0
176
     1
 40
1.0
176
     1
1001
ACAD
1000
AcDbSavedByObjectVersion
1070
     0
  0
VISUALSTYLE
  5
202E4
102
{ACAD_REACTORS
330
2017F
102
}
330
2017F
100
AcDbVisualStyle
  2
Hidden
 70
     6
177
     3
291
     0
 70
    58
 90
        1
176
     1
 90
        2
176
     1
 90
        2
176
     1
 90
        0
176
     1
 40
0.6
176
     1
 40
30.0
176
     1
 62
     7
420
 16777215
176
     1
 90
        2
176
     1
 90
        2
176
     1
 62
     7
176
     1
 62
   257
176
     1
 90
        2
176
     1
 90
        1
176
     1
 40
40.0
176
     1
 90
        0
176
     1
 62
   257
176
     1
 40
1.0
176
     1
 90
        1
176
     1
 90
        6
176
     1
 90
        2
176
     1
 62
     7
176
     1
 90
        3
176
     1
 90
        0
176
     1
 90
        0
176
     1
290
     0
176
     1
 90
        1
176
     1
 40
0.0
176
     1
 90
        0
176
     1
290
     0
176
     1
290
     1
176
     1
290
     1
176
     1
290
     0
176
     1
290
     0
176
     1
290
     0
176
     1
290
     0
176
     1
290
     0
176
     1
290
     0
176
     1
 90
       50
176
     1
 40
0.0
176
     1
 40
1.0
176
     1
 90
        0
176
     1
 62
    18
420
        0
176
     1
 90
       50
176
     1
 90
        3
176
     1
 62
     5
420
      255
176
     1
290
     0
176
     1
 90
       50
176
     1
 90
       50
176
     1
 90
       50
176
     1
290
     0
176
     1
 90
       50
176
     1
 62
   256
176
     0
 40
1.0
176
     0
 90
        2
176
     1
  1
strokes_ogs.tif
176
     1
290
     0
176
     1
 40
1.0
176
     1
 40
1.0
176
     1
1001
ACAD
1000
AcDbSavedByObjectVersion
1070
     0
  0
VISUALSTYLE
  5
202F2
102
{ACAD_REACTORS
330
2017F
102
}
330
2017F
100
AcDbVisualStyle
  2
JitterOff
 70
    20
177
     3
291
     1
 70
    58
 90
        2
176
     0
 90
        2
176
     0
 90
        0
176
     0
 90
        0
176
     0
 40
0.6
176
     0
 40
30.0
176
     0
 62
     7
420
 16777215
176
     0
 90
        1
176
     0
 90
        4
176
     0
 62
     7
176
     0
 62
   257
176
     0
 90
        1
176
     0
 90
        1
176
     0
 40
1.0
176
     0
 90
       10
176
     2
 62
     7
176
     0
 40
1.0
176
     0
 90
        1
176
     0
 90
        6
176
     0
 90
        2
176
     0
 62
     7
176
     0
 90
        5
176
     0
 90
        0
176
     0
 90
        0
176
     0
290
     0
176
     0
 90
        1
176
     0
 40
0.0
176
     0
 90
        0
176
     0
290
     0
176
     1
290
     1
176
     1
290
     1
176
     1
290
     0
176
     1
290
     0
176
     1
290
     0
176
     1
290
     0
176
     1
290
     0
176
     1
290
     0
176
     1
 90
       50
176
     0
 40
0.0
176
     0
 40
1.0
176
     0
 90
        0
176
     0
 62
    18
420
        0
176
     0
 90
       50
176
     0
 90
        3
176
     0
 62
     5
420
      255
176
     0
290
     0
176
     1
 90
       50
176
     0
 90
       50
176
     0
 90
       50
176
     0
290
     0
176
     1
 90
       50
176
     0
 62
   256
176
     0
 40
1.0
176
     0
 90
        2
176
     0
  1
strokes_ogs.tif
176
     0
290
     0
176
     1
 40
1.0
176
     0
 40
1.0
176
     0
1001
ACAD
1000
AcDbSavedByObjectVersion
1070
     0
  0
VISUALSTYLE
  5
202EA
102
{ACAD_REACTORS
330
2017F
102
}
330
2017F
100
AcDbVisualStyle
  2
Linepattern
 70
    14
177
     3
291
     1
 70
    58
 90
        2
176
     1
 90
        2
176
     1
 90
        0
176
     1
 90
        0
176
     1
 40
0.6
176
     1
 40
30.0
176
     1
 62
     7
420
 16777215
176
     1
 90
        1
176
     1
 90
        4
176
     1
 62
     7
176
     1
 62
   257
176
     1
 90
        7
176
     1
 90
        7
176
     1
 40
1.0
176
     1
 90
        8
176
     1
 62
     7
176
     1
 40
1.0
176
     1
 90
        1
176
     1
 90
        6
176
     1
 90
        2
176
     1
 62
     7
176
     1
 90
        5
176
     1
 90
        0
176
     1
 90
        0
176
     1
290
     0
176
     1
 90
        1
176
     1
 40
0.0
176
     1
 90
        0
176
     1
290
     0
176
     1
290
     1
176
     1
290
     1
176
     1
290
     0
176
     1
290
     0
176
     1
290
     0
176
     1
290
     0
176
     1
290
     0
176
     1
290
     0
176
     1
 90
       50
176
     1
 40
0.0
176
     1
 40
1.0
176
     1
 90
        0
176
     1
 62
    18
420
        0
176
     1
 90
       50
176
     1
 90
        3
176
     1
 62
     5
420
      255
176
     1
290
     0
176
     1
 90
       50
176
     1
 90
       50
176
     1
 90
       50
176
     1
290
     0
176
     1
 90
       50
176
     1
 62
   256
176
     0
 40
1.0
176
     0
 90
        2
176
     1
  1
strokes_ogs.tif
176
     1
290
     0
176
     1
 40
1.0
176
     1
 40
1.0
176
     1
1001
ACAD
1000
AcDbSavedByObjectVersion
1070
     0
  0
VISUALSTYLE
  5
202F3
102
{ACAD_REACTORS
330
2017F
102
}
330
2017F
100
AcDbVisualStyle
  2
OverhangOff
 70
    21
177
     3
291
     1
 70
    58
 90
        2
176
     0
 90
        2
176
     0
 90
        0
176
     0
 90
        0
176
     0
 40
0.6
176
     0
 40
30.0
176
     0
 62
     7
420
 16777215
176
     0
 90
        1
176
     0
 90
        4
176
     0
 62
     7
176
     0
 62
   257
176
     0
 90
        1
176
     0
 90
        1
176
     0
 40
1.0
176
     0
 90
        9
176
     2
 62
     7
176
     0
 40
1.0
176
     0
 90
        1
176
     0
 90
        6
176
     0
 90
        2
176
     0
 62
     7
176
     0
 90
        5
176
     0
 90
        0
176
     0
 90
        0
176
     0
290
     0
176
     0
 90
        1
176
     0
 40
0.0
176
     0
 90
        0
176
     0
290
     0
176
     1
290
     1
176
     1
290
     1
176
     1
290
     0
176
     1
290
     0
176
     1
290
     0
176
     1
290
     0
176
     1
290
     0
176
     1
290
     0
176
     1
 90
       50
176
     0
 40
0.0
176
     0
 40
1.0
176
     0
 90
        0
176
     0
 62
    18
420
        0
176
     0
 90
       50
176
     0
 90
        3
176
     0
 62
     5
420
      255
176
     0
290
     0
176
     1
 90
       50
176
     0
 90
       50
176
     0
 90
       50
176
     0
290
     0
176
     1
 90
       50
176
     0
 62
   256
176
     0
 40
1.0
176
     0
 90
        2
176
     0
  1
strokes_ogs.tif
176
     0
290
     0
176
     1
 40
1.0
176
     0
 40
1.0
176
     0
1001
ACAD
1000
AcDbSavedByObjectVersion
1070
     0
  0
VISUALSTYLE
  5
202E6
102
{ACAD_REACTORS
330
2017F
102
}
330
2017F
100
AcDbVisualStyle
  2
Realistic
 70
     8
177
     3
291
     0
 70
    58
 90
        2
176
     1
 90
        3
176
     1
 90
        0
176
     1
 90
        2
176
     1
 40
0.6
176
     1
 40
30.0
176
     1
 62
     7
420
 16777215
176
     1
 90
        0
176
     1
 90
        0
176
     1
 62
     7
176
     1
 62
   257
176
     1
 90
        1
176
     1
 90
        1
176
     1
 40
1.0
176
     1
 90
        8
176
     1
 62
   257
176
     1
 40
1.0
176
     1
 90
        1
176
     1
 90
        6
176
     1
 90
        2
176
     1
 62
     7
176
     1
 90
        3
176
     1
 90
        0
176
     1
 90
        0
176
     1
290
     0
176
     1
 90
       13
176
     1
 40
0.0
176
     1
 90
        0
176
     1
290
     0
176
     1
290
     1
176
     1
290
     1
176
     1
290
     0
176
     1
290
     0
176
     1
290
     0
176
     1
290
     0
176
     1
290
     0
176
     1
290
     0
176
     1
 90
       50
176
     1
 40
0.0
176
     1
 40
1.0
176
     1
 90
        0
176
     1
 62
    18
420
        0
176
     1
 90
       50
176
     1
 90
        3
176
     1
 62
     5
420
      255
176
     1
290
     0
176
     1
 90
       50
176
     1
 90
       50
176
     1
 90
       50
176
     1
290
     0
176
     1
 90
       50
176
     1
 62
   256
176
     0
 40
1.0
176
     0
 90
        2
176
     1
  1
strokes_ogs.tif
176
     1
290
     0
176
     1
 40
1.0
176
     1
 40
1.0
176
     1
1001
ACAD
1000
AcDbSavedByObjectVersion
1070
     0
  0
VISUALSTYLE
  5
202F1
102
{ACAD_REACTORS
330
2017F
102
}
330
2017F
100
AcDbVisualStyle
  2
Shaded
 70
    27
177
     3
291
     0
 70
    58
 90
        2
176
     1
 90
        2
176
     1
 90
        1
176
     1
 90
        2
176
     1
 40
0.6
176
     1
 40
30.0
176
     1
 62
     7
420
 16777215
176
     1
 90
        0
176
     1
 90
        4
176
     1
 62
     7
176
     1
 62
   257
176
     1
 90
        1
176
     1
 90
        1
176
     1
 40
1.0
176
     1
 90
        8
176
     1
 62
   257
176
     1
 40
1.0
176
     1
 90
        1
176
     1
 90
        6
176
     1
 90
        2
176
     1
 62
     8
420
  7895160
176
     1
 90
        3
176
     1
 90
        0
176
     1
 90
        0
176
     1
290
     0
176
     1
 90
        5
176
     1
 40
0.0
176
     1
 90
        0
176
     1
290
     0
176
     1
290
     1
176
     1
290
     1
176
     1
290
     0
176
     1
290
     0
176
     1
290
     0
176
     1
290
     0
176
     1
290
     0
176
     1
290
     0
176
     1
 90
       50
176
     1
 40
0.0
176
     1
 40
1.0
176
     1
 90
        0
176
     1
 62
    18
420
        0
176
     1
 90
       50
176
     1
 90
        3
176
     1
 62
     5
420
      255
176
     1
290
     0
176
     1
 90
       50
176
     1
 90
       50
176
     1
 90
       50
176
     1
290
     0
176
     1
 90
       50
176
     1
 62
   256
176
     0
 40
1.0
176
     0
 90
        2
176
     1
  1
strokes_ogs.tif
176
     1
290
     0
176
     1
 40
1.0
176
     1
 40
1.0
176
     1
1001
ACAD
1000
AcDbSavedByObjectVersion
1070
     0
  0
VISUALSTYLE
  5
202F0
102
{ACAD_REACTORS
330
2017F
102
}
330
2017F
100
AcDbVisualStyle
  2
Shaded with edges
 70
    26
177
     3
291
     0
 70
    58
 90
        2
176
     1
 90
        2
176
     1
 90
        1
176
     1
 90
        2
176
     1
 40
0.6
176
     1
 40
30.0
176
     1
 62
     7
420
 16777215
176
     1
 90
        1
176
     1
 90
        2
176
     1
 62
     7
176
     1
 62
   257
176
     1
 90
        2
176
     1
 90
        1
176
     1
 40
1.0
176
     1
 90
        8
176
     1
 62
   257
176
     1
 40
1.0
176
     1
 90
        1
176
     1
 90
        6
176
     1
 90
        2
176
     1
 62
     7
176
     1
 90
        3
176
     1
 90
        0
176
     1
 90
        0
176
     1
290
     0
176
     1
 90
        5
176
     1
 40
0.0
176
     1
 90
        0
176
     1
290
     0
176
     1
290
     1
176
     1
290
     1
176
     1
290
     0
176
     1
290
     0
176
     1
290
     0
176
     1
290
     0
176
     1
290
     0
176
     1
290
     0
176
     1
 90
       50
176
     1
 40
0.0
176
     1
 40
1.0
176
     1
 90
        0
176
     1
 62
    18
420
        0
176
     1
 90
       50
176
     1
 90
        3
176
     1
 62
     5
420
      255
176
     1
290
     0
176
     1
 90
       50
176
     1
 90
       50
176
     1
 90
       50
176
     1
290
     0
176
     1
 90
       50
176
     1
 62
   256
176
     0
 40
1.0
176
     0
 90
        2
176
     1
  1
strokes_ogs.tif
176
     1
290
     0
176
     1
 40
1.0
176
     1
 40
1.0
176
     1
1001
ACAD
1000
AcDbSavedByObjectVersion
1070
     0
  0
VISUALSTYLE
  5
202ED
102
{ACAD_REACTORS
330
2017F
102
}
330
2017F
100
AcDbVisualStyle
  2
Shades of Gray
 70
    23
177
     3
291
     0
 70
    58
 90
        2
176
     1
 90
        2
176
     1
 90
        3
176
     1
 90
        0
176
     1
 40
0.6
176
     1
 40
30.0
176
     1
 62
     7
420
 16777215
176
     1
 90
        2
176
     1
 90
        2
176
     1
 62
     7
176
     1
 62
     7
176
     1
 90
        1
176
     1
 90
        1
176
     1
 40
40.0
176
     1
 90
        8
176
     1
 62
     7
176
     1
 40
1.0
176
     1
 90
        1
176
     1
 90
        6
176
     1
 90
        2
176
     1
 62
     7
176
     1
 90
        3
176
     1
 90
        0
176
     1
 90
        0
176
     1
290
     0
176
     1
 90
        1
176
     1
 40
0.0
176
     1
 90
        0
176
     1
290
     0
176
     1
290
     1
176
     1
290
     1
176
     1
290
     0
176
     1
290
     0
176
     1
290
     0
176
     1
290
     0
176
     1
290
     0
176
     1
290
     0
176
     1
 90
       50
176
     1
 40
0.0
176
     1
 40
1.0
176
     1
 90
        0
176
     1
 62
    18
420
        0
176
     1
 90
       50
176
     1
 90
        3
176
     1
 62
     5
420
      255
176
     1
290
     0
176
     1
 90
       50
176
     1
 90
       50
176
     1
 90
       50
176
     1
290
     0
176
     1
 90
       50
176
     1
 62
   256
176
     0
 40
1.0
176
     0
 90
        2
176
     1
  1
strokes_ogs.tif
176
     1
290
     0
176
     1
 40
1.0
176
     1
 40
1.0
176
     1
1001
ACAD
1000
AcDbSavedByObjectVersion
1070
     0
  0
VISUALSTYLE
  5
202EE
102
{ACAD_REACTORS
330
2017F
102
}
330
2017F
100
AcDbVisualStyle
  2
Sketchy
 70
    24
177
     3
291
     0
 70
    58
 90
        1
176
     1
 90
        2
176
     1
 90
        2
176
     1
 90
        0
176
     1
 40
0.6
176
     1
 40
30.0
176
     1
 62
     7
420
 16777215
176
     1
 90
        2
176
     1
 90
        2
176
     1
 62
     7
176
     1
 62
     7
176
     1
 90
        1
176
     1
 90
        1
176
     1
 40
40.0
176
     1
 90
       11
176
     1
 62
     7
176
     1
 40
1.0
176
     1
 90
        1
176
     1
 90
        6
176
     1
 90
        2
176
     1
 62
     7
176
     1
 90
        6
176
     1
 90
        0
176
     1
 90
        0
176
     1
290
     0
176
     1
 90
        1
176
     1
 40
0.0
176
     1
 90
        0
176
     1
290
     0
176
     1
290
     1
176
     1
290
     1
176
     1
290
     0
176
     1
290
     0
176
     1
290
     0
176
     1
290
     0
176
     1
290
     0
176
     1
290
     0
176
     1
 90
       50
176
     1
 40
0.0
176
     1
 40
1.0
176
     1
 90
        0
176
     1
 62
    18
420
        0
176
     1
 90
       50
176
     1
 90
        3
176
     1
 62
     5
420
      255
176
     1
290
     0
176
     1
 90
       50
176
     1
 90
       50
176
     1
 90
       50
176
     1
290
     0
176
     1
 90
       50
176
     1
 62
   256
176
     0
 40
1.0
176
     0
 90
        2
176
     1
  1
strokes_ogs.tif
176
     1
290
     0
176
     1
 40
1.0
176
     1
 40
1.0
176
     1
1001
ACAD
1000
AcDbSavedByObjectVersion
1070
     0
  0
VISUALSTYLE
  5
202E9
102
{ACAD_REACTORS
330
2017F
102
}
330
2017F
100
AcDbVisualStyle
  2
Thicken
 70
    13
177
     3
291
     1
 70
    58
 90
        2
176
     1
 90
        2
176
     1
 90
        0
176
     1
 90
        0
176
     1
 40
0.6
176
     1
 40
30.0
176
     1
 62
     7
420
 16777215
176
     1
 90
        1
176
     1
 90
        4
176
     1
 62
     7
176
     1
 62
   257
176
     1
 90
        1
176
     1
 90
        1
176
     1
 40
1.0
176
     1
 90
       12
176
     1
 62
     7
176
     1
 40
1.0
176
     1
 90
        1
176
     1
 90
        6
176
     1
 90
        2
176
     1
 62
     7
176
     1
 90
        5
176
     1
 90
        0
176
     1
 90
        0
176
     1
290
     0
176
     1
 90
        1
176
     1
 40
0.0
176
     1
 90
        0
176
     1
290
     0
176
     1
290
     1
176
     1
290
     1
176
     1
290
     0
176
     1
290
     0
176
     1
290
     0
176
     1
290
     0
176
     1
290
     0
176
     1
290
     0
176
     1
 90
       50
176
     1
 40
0.0
176
     1
 40
1.0
176
     1
 90
        0
176
     1
 62
    18
420
        0
176
     1
 90
       50
176
     1
 90
        3
176
     1
 62
     5
420
      255
176
     1
290
     0
176
     1
 90
       50
176
     1
 90
       50
176
     1
 90
       50
176
     1
290
     0
176
     1
 90
       50
176
     1
 62
   256
176
     0
 40
1.0
176
     0
 90
        2
176
     1
  1
strokes_ogs.tif
176
     1
290
     0
176
     1
 40
1.0
176
     1
 40
1.0
176
     1
1001
ACAD
1000
AcDbSavedByObjectVersion
1070
     0
  0
VISUALSTYLE
  5
202E3
102
{ACAD_REACTORS
330
2017F
102
}
330
2017F
100
AcDbVisualStyle
  2
Wireframe
 70
     5
177
     3
291
     0
 70
    58
 90
        0
176
     1
 90
        2
176
     1
 90
        0
176
     1
 90
        0
176
     1
 40
0.6
176
     1
 40
30.0
176
     1
 62
     7
420
 16777215
176
     1
 90
        1
176
     1
 90
        4
176
     1
 62
     7
176
     1
 62
   257
176
     1
 90
        1
176
     1
 90
        1
176
     1
 40
1.0
176
     1
 90
        0
176
     1
 62
   257
176
     1
 40
1.0
176
     1
 90
        1
176
     1
 90
        6
176
     1
 90
        2
176
     1
 62
     7
176
     1
 90
        3
176
     1
 90
        0
176
     1
 90
        0
176
     1
290
     0
176
     1
 90
        1
176
     1
 40
0.0
176
     1
 90
        0
176
     1
290
     0
176
     1
290
     1
176
     1
290
     1
176
     1
290
     0
176
     1
290
     0
176
     1
290
     0
176
     1
290
     0
176
     1
290
     0
176
     1
290
     0
176
     1
 90
       50
176
     1
 40
0.0
176
     1
 40
1.0
176
     1
 90
        0
176
     1
 62
    18
420
        0
176
     1
 90
       50
176
     1
 90
        3
176
     1
 62
     5
420
      255
176
     1
290
     0
176
     1
 90
       50
176
     1
 90
       50
176
     1
 90
       50
176
     1
290
     0
176
     1
 90
       50
176
     1
 62
   256
176
     0
 40
1.0
176
     0
 90
        2
176
     1
  1
strokes_ogs.tif
176
     1
290
     0
176
     1
 40
1.0
176
     1
 40
1.0
176
     1
1001
ACAD
1000
AcDbSavedByObjectVersion
1070
     0
  0
VISUALSTYLE
  5
202EF
102
{ACAD_REACTORS
330
2017F
102
}
330
2017F
100
AcDbVisualStyle
  2
X-Ray
 70
    25
177
     3
291
     0
 70
    58
 90
        2
176
     1
 90
        2
176
     1
 90
        1
176
     1
 90
        1
176
     1
 40
0.5
176
     1
 40
30.0
176
     1
 62
     7
420
 16777215
176
     1
 90
        1
176
     1
 90
        0
176
     1
 62
     7
176
     1
 62
   257
176
     1
 90
        1
176
     1
 90
        1
176
     1
 40
1.0
176
     1
 90
        8
176
     1
 62
     7
176
     1
 40
1.0
176
     1
 90
        1
176
     1
 90
        6
176
     1
 90
        2
176
     1
 62
     7
176
     1
 90
        3
176
     1
 90
        0
176
     1
 90
        0
176
     1
290
     0
176
     1
 90
       13
176
     1
 40
0.0
176
     1
 90
        0
176
     1
290
     0
176
     1
290
     1
176
     1
290
     1
176
     1
290
     0
176
     1
290
     0
176
     1
290
     0
176
     1
290
     0
176
     1
290
     0
176
     1
290
     0
176
     1
 90
       50
176
     1
 40
0.0
176
     1
 40
1.0
176
     1
 90
        0
176
     1
 62
    18
420
        0
176
     1
 90
       50
176
     1
 90
        3
176
     1
 62
     5
420
      255
176
     1
290
     0
176
     1
 90
       50
176
     1
 90
       50
176
     1
 90
       50
176
     1
290
     0
176
     1
 90
       50
176
     1
 62
   256
176
     0
 40
1.0
176
     0
 90
        2
176
     1
  1
strokes_ogs.tif
176
     1
290
     0
176
     1
 40
1.0
176
     1
 40
1.0
176
     1
1001
ACAD
1000
AcDbSavedByObjectVersion
1070
     0
  0
DICTIONARYVAR
  5
2043A
102
{ACAD_REACTORS
330
20362
102
}
330
20362
100
DictionaryVariables
280
     0
  1
1:1
  0
DICTIONARYVAR
  5
20436
102
{ACAD_REACTORS
330
20362
102
}
330
20362
100
DictionaryVariables
280
     0
  1
STANDARD
  0
DICTIONARYVAR
  5
20435
102
{ACAD_REACTORS
330
20362
102
}
330
20362
100
DictionaryVariables
280
     0
  1
STANDARD
  0
DICTIONARYVAR
  5
20437
102
{ACAD_REACTORS
330
20362
102
}
330
20362
100
DictionaryVariables
280
     0
  1
Imperial24
  0
DICTIONARYVAR
  5
20438
102
{ACAD_REACTORS
330
20362
102
}
330
20362
100
DictionaryVariables
280
     0
  1
Imperial24
  0
DICTIONARYVAR
  5
20363
102
{ACAD_REACTORS
330
20362
102
}
330
20362
100
DictionaryVariables
280
     0
  1
BYLAYER
  0
DICTIONARYVAR
  5
20366
102
{ACAD_REACTORS
330
20362
102
}
330
20362
100
DictionaryVariables
280
     0
  1
ByLayer
  0
DICTIONARYVAR
  5
2043C
102
{ACAD_REACTORS
330
20362
102
}
330
20362
100
DictionaryVariables
280
     0
  1
1
  0
DICTIONARYVAR
  5
2043D
102
{ACAD_REACTORS
330
20362
102
}
330
20362
100
DictionaryVariables
280
     0
  1
15
  0
DICTIONARYVAR
  5
2043B
102
{ACAD_REACTORS
330
20362
102
}
330
20362
100
DictionaryVariables
280
     0
  1
0
  0
DICTIONARYVAR
  5
20439
102
{ACAD_REACTORS
330
20362
102
}
330
20362
100
DictionaryVariables
280
     0
  1
0
  0
DICTIONARY
  5
20693
102
{ACAD_REACTORS
330
20691
102
}
330
20691
100
AcDbDictionary
281
     1
  0
DICTIONARY
  5
20692
102
{ACAD_REACTORS
330
20691
102
}
330
20691
100
AcDbDictionary
281
     1
  3
2257873729984
350
2068C
  3
2257873730000
350
2068D
  3
2257873730016
350
2068E
  3
2257873730032
350
2068F
  3
2257873730048
350
20690
  0
DICTIONARYVAR
  5
202D9
330
202D8
100
DictionaryVariables
280
     0
  1
1.4.4 @ 2026-08-03T18:19:42.201937+00:00
  0
DICTIONARY
  5
20696
330
2030A
100
AcDbDictionary
280
     1
281
     1
  3
ACAD_XREC_ROUNDTRIP
360
20697
  0
DICTIONARY
  5
2069A
330
20346
100
AcDbDictionary
280
     1
281
     1
  3
ACAD_XREC_ROUNDTRIP
360
2069B
  0
DICTIONARY
  5
20412
330
20182
100
AcDbDictionary
280
     1
281
     1
  3
FBXASSET
360
20413
  0
DICTIONARY
  5
20694
330
20308
100
AcDbDictionary
280
     1
281
     1
  3
ACAD_XREC_ROUNDTRIP
360
20695
  0
DICTIONARY
  5
20698
330
20345
100
AcDbDictionary
280
     1
281
     1
  3
ACAD_XREC_ROUNDTRIP
360
20699
  0
DICTIONARY
  5
20689
330
202F5
100
AcDbDictionary
280
     1
281
     1
  3
ACAD_ROUNDTRIP_2008_TABLESTYLE_CELLSTYLEMAP
360
2068A
  0
XRECORD
  5
2068C
102
{ACAD_REACTORS
330
20692
102
}
330
20692
100
AcDbXrecord
280
     1
  1
AcDb_Thumbnail_Schema
102
{ATTRRECORD
341
2068D
  2
AcDbDs::TreatedAsObjectData
280
     1
291
     1
102
ATTRRECORD}
102
{ATTRRECORD
341
2068E
  2
AcDbDs::Legacy
280
     1
291
     1
102
ATTRRECORD}
  2
AcDbDs::ID
280
    10
 91
        8
102
{ATTRRECORD
341
2068F
  2
AcDs:Indexable
280
     1
291
     1
102
ATTRRECORD}
102
{ATTRRECORD
341
20690
  2
AcDbDs::HandleAttribute
280
     7
282
     1
102
ATTRRECORD}
  2
Thumbnail_Data
280
    15
 91
        0
  0
XRECORD
  5
2068D
102
{ACAD_REACTORS
330
20692
102
}
330
20692
100
AcDbXrecord
280
     1
  1
AcDbDs::TreatedAsObjectDataSchema
  2
AcDbDs::TreatedAsObjectData
280
     1
 91
        0
  0
XRECORD
  5
2068E
102
{ACAD_REACTORS
330
20692
102
}
330
20692
100
AcDbXrecord
280
     1
  1
AcDbDs::LegacySchema
  2
AcDbDs::Legacy
280
     1
 91
        0
  0
XRECORD
  5
2068F
102
{ACAD_REACTORS
330
20692
102
}
330
20692
100
AcDbXrecord
280
     1
  1
AcDbDs::IndexedPropertySchema
  2
AcDs:Indexable
280
     1
 91
        0
  0
XRECORD
  5
20690
102
{ACAD_REACTORS
330
20692
102
}
330
20692
100
AcDbXrecord
280
     1
  1
AcDbDs::HandleAttributeSchema
  2
AcDbDs::HandleAttribute
280
     7
 91
        1
284
     1
  0
XRECORD
  5
20697
102
{ACAD_REACTORS
330
20696
102
}
330
20696
100
AcDbXrecord
280
     1
102
DISPLAYNAME
  1
Imperial24
102
FLAGS
 90
        0
  0
XRECORD
  5
2069B
102
{ACAD_REACTORS
330
2069A
102
}
330
2069A
100
AcDbXrecord
280
     1
102
DISPLAYNAME
  1
Metric50
102
FLAGS
 90
        0
  0
XRECORD
  5
20413
102
{ACAD_REACTORS
330
20412
102
}
330
20412
100
AcDbXrecord
280
     1
 70
     1
 90
604169412
 71
     1
  1
E57A2C06-37B8-4ABB-94A0-D603B1A80AE4
311
504B0304140006080800B47E035DA9B28B591B010000A80100004F00000041443544393731392D443838332D344336462D383637462D3338433334303942443043382F4173736574446174612F446566696E6974696F6E4974657261746F7250726F706572746965732E62696E6D51B14EC33010350CA04A3020F1010C6CC8
311
C4AD93D84120E4C40E2C2CC08EDCE03691DC24AA1321B68E7C04FF0A67E166E2A4E77BBA7BBE7BB2BF10423F2180A203C00ECE53C80FA635DBA67AA96AB3D1E8C8576CB7D4F612584E4BA9E624C634911CC7894A70C698C454648C132A54BA5087A03B0648B3D2A31DFCC8A7C655C65ADD9A6E746750083B2E367A805DDA5E
311
FB4B33847CDA01D0BEE1FCA4F59F236FF203A0DFFB9B7BED9C19EE22211399B1798625E714C7455A629EB212535ED09864B924058F9E8DEBC66D655CA41226160549316539F817798EB358102C5342F3B9E044A8381AEAD13FCDB9B7B16C75632312050B6F7DBB86F214278191EEFB6A06E66F439E0481EC758FA1FFFA8F6E
311
357CF6B5692A583DFDCD2F504B0304140006080800B47E035D3382FB4500010000300200004500000041443544393731392D443838332D344336462D383637462D3338433334303942443043382F4173736574446174612F496E7374616E636550726F706572746965732E62696EEB606060F80F0540260323103700495E20
311
ED9E9A975A94991C9C9C919A9BA802147035357734723630D3353677B2D035717472D2B5347134D075313330763274B430707435614768046931363471713532B5D435353131D635313332D475727372D13534373670367376B67474B5042A8300CD98FE435F35AED8036926A0480310C3F8601AA2EA833DD895408E800383
311
00440C44AA3820D85859408D1080C18009A0D30C1F98813A1A8018AAF50194E68118844682C2112103330C4D11909BB2D301220853828B46680519AD81E0327CB06701F240B1C507C4C1E58925C919BA4E45897929A9292019907A200507203E07C42B605DBA50196EB80A54062EFD00504B0304140006080800B47E035DB5
311
A795FFE3790000DE7900006B00000041443544393731392D443838332D344336462D383637462D3338433334303942443043382F5265736F75726365732F45353741324330362D333742382D344142422D393441302D4436303342314138304145342F7468756D626E61696C2F302F67656E657269635F706E6701DE792186
311
89504E470D0A1A0A0000000D49484452000001000000010008030000006BAC58540000000467414D410000B18F0BFC6105000000017352474200AECE1CE900000192504C5445818181B3B3B35A5A5A4848486060605C5C5C6464648383835E5E5E6262624E4E4EAFAFAF4A4A4AB5B5B54C4C4CB1B1B1858585B7B7B7585858
311
ADADAD7C7C7C464646787878ABABAB747474A7A7A7686868707070B9B9B96E6E6E6A6A6A8B8B8B666666545454565656A5A5A5505050A1A1A1BBBBBB8F8F8F9F9F9F4242425252527676764040403E3E3E9B9B9B7A7A7A8989897E7E7E9393939797974444448787873C3C3C727272BDBDBD3A3A3A6C6C6CA9A9A9A3A3A320
311
20209D9D9DBFBFBF8D8D8D9595959191912626269999992222222424241E1E1EC1C1C1282828C3C3C32C2C2C2A2A2A2E2E2E303030C5C5C53232321C1C1C363636383838343434C7C7C71A1A1A0E0E0E121212484A484C4E4C1616160A0A0A4A4C4A787A781414147C7E7C9193915E605E464846838583878987B1B3B18587
311
856668665A5C5A626462818381A7A7A5A3A3A1B1B1AFADAFAD7072705C5E5C9D9D9BABADAB7E817EB7B9B7585A58BBBDBB4C4C4A8D8F8D747674B5B5B3B7B7B59FA19F606260ABABA9A5A5A39B9B99A9A9A78F8F8D6C6C6AC7C7C5451AD12700002000494441547801DCBD89771BD7B5A70B8EE04C702641712605CE034890
311
E220088028C93245451215B713AF388E7DFD9EEDB8DDCE6ABFF4B57D97137BE50FEFEFDBA74049B6AEED74869B7E87404D2814EBB7F76F0F67A8835CEEBFA0E42B854AA5B2BB5B6BCC951A8D52A93657A914FE0BEEE39FFE2FF395B9B9C6CAD2D4C4606F4B7FFF8D1B37EEDCB97587F7CD9B4343BD134BABE7DB48E3FFA7A2
311
28ECD6F6574E4786C0FC8B5FFCE2CD5FFCE297BF7CF3CD5FFC92B52FFE58BFF9E69B776E0EF5F79E55CBBBF9FC3F5D3DFFB07F5898ABAF7CDA3B74E74EC0CE20230561BF096E97E05712BFFCC59BC80539DCE83DDD6E54FE61B7747DE17FB8980BBBFB2BBD4337DF487881AAE6C5ACC6AF25207877B2B527BFF1CB3B77FA47
311
561ABBD7F7FA7FE146A5B6BD74E3164C7F51449AE95DB412200EC539418717E7F2F11B376FF62E95FEAF1442BED0581DBCA1BD2780D23F506AFA16E1A7AD974EF17876F00DD7BCB187A1A97AE51FCED5BF2BC1F2BBE5B3C19BE27B43CF26DE00933658FE129B109C2FFF922CC22C4260FA01BEFB462A77DEBC35F42F600C3F
311
5B0795D2E9E02DAD5E650B4438A92801B65C35CBAB7B1EE5041CE69D3B6F1822DFB873EBD6AD3B6FBC71EBC6C86AE967DFC2DFA4CEBFF1BF54F6276EBC114E2F43FEC60B01A0D440A868B2920E5C4BC10D60931ADCB871F3268B21D3851B08E1D6AD9BFD4BF57F7577909FAB86F29B982571136AF01DF5FE32AC3BD9406CAA
311
F2440A54CF176EDD01FBADA1FEFEFE21FE4C9858DFF4183458A9FD2B6708A5A5A137E0EE1D11A9EC0C7C58B2C73C0AD6B479BD76B7790CF899E287FA5B06FB7B07C9195B7851FA8794031EF1FC5F9406BBFB23375420286399B631E93B08022A785C4DBF9996EC3551874094D71B6F487E80F6837E50F483BDBDBD83232323
311
AC420A18C68DA196EDDADF68A77F938F78FD972BABBDB7B87FB164AC6FC2CB760365821ACB74AED44FFAD7E7431ECD7E08AC421F391D199998989A383D9D98E8E56F84A318C58D9BFD2DAB73FF5222C8EFAEF4DE7AF30D756E5108683DA471E70D0502099A7240F19E4089D3FD203E620F1B47BF43501E85031AE44B4B9F2E
311
4D2D9D4D51D8970983FA861B3706FF950CA170DE82F6B312CC4F42C8966295F7D725ED29882415DC055F36DEA1FE96FEC141493F05FAA9A9A5A595B333DED5B3D5A533F62183323032F46EFF13EA0AAFA5FBF7C8976F8C10F7280A014832593B90004D52341980D907EAEB73411EB2F1EBC9F507F92746C40E7AE0AFAE5429
311
2BAB2BAB67CAE0746264A277B06508168C94BF772BE9765F7BF0B548FE1E07F3B5A521340A5CB5297C4B12811B89E82191ECF3E41B3259C529F135E23CF4C7F961FB13537F5A02ECCAEA76B5BA5D3D3FDF3F2FEFEFB3AA22053E5008833428DC6C59FA2F770595F311F235D427F379BB8A121BD901B96076A388DC4C3C61C7
311
933CCCD770FF375A6E0CE9F535FE2534BF5ADD3E3FAFD71BF57AA951B6D4CFEBFB8864758A26154430080B06ABFF557610ECC93726224F155D1471041E0D42F82F4891C926C1355B0831649FF365F46FF05300A7A790BD8ADEEB0D4AA9569A9BDBADCCD56AA55AE377F5F3F3EA2A34983A1DE91D810543138D7F28E57FF4E2
311
B5335A3928B76EA1CB9B00BF158C8F63A2E788826896D0B5E7C461949ECE089144F8EBEFC7FB4D8C9C4E9DAD60F7FBE572B416C2F2423ECF8B86C439E450DA970634ACFDA977629098D0B2FAF313A36B3869E37AF7853378CDA1171FBEBA95DF1E44FD5144A420588641B0055A79ED91CC0DC41E27064512FB33F1F04D09D0
311
D2DF0203A646A6CECE80DF28356A348CED8C4F1EF137B9319E1BCD29867CA556AA97F7B757567006A447FD375A26CAAFDED9CFDCFB2BB0BEEE8AA5911BC2C7F85DF88A3775389990AA72219D582409210F85A4E66F2987D875C30848023088FDF77E87F96FD7CBA5B9DCCEF4F4C9FC7C676777577B7B7B67E7ECCCE4E8DEE8
311
5E81A6D55AA3BC7FBEB242589CE8ED4770E785D7DDE23FF2587EBF57F50B9E820527316488E5C32D50F979BCA58207297E2B6D658702FFCD211840FE43FC9F3A5BAD9E97E6F21B9FCF16BBBB3A3A5A175B5B1787875B5B3B86DFEFFC687A72674F19D46A8DFDF3EACA59E405375ACE76FFA922C817CE86A89BDD92F400F2C5
311
5B7462F610459837D3A61ACF50C7471C8F2F2A9D38C3DA2F068007F80EFCDBFBE5DCC674B1D83EBCBEB8BCBCBC3ED0D3D333D0B3DE33BCBEB0D8DA35FBF9F8CECE68AE020BCE61C112A4C1138CD47F9AD13F7DC6AB9CF9CFCFAF9D0E01FFE6CD503F5B91C5218E2899CA15098714848B04FCE5654884ABF0E554F11F6C21D7
311
3D5D5AADD64B7B9327DDAD8B0B7D7D6D6D07070763BC0F3E38E8EB4310EBEB8BC3DDB347E3E37B5842B97C4E44A0C630427E5CFDFB71E03F471E12CA9FF70E055AE141042DD81234B879EB4606361D9328149037D7D76A571A7E974FA20AD0323832713AB5BA7ABE3B3E3D3FBC30307070B0B9B645D93C3CDC3CDCA41CFC6A
311
AC2D64D0D579B4B1B397A7C1BDBEBD7D36657A3CD4B2F44F4909F2B9CA597F4245C59DEC354316F0587020D0C661742BC02869435FD12CF195C422DB3C5A3E2305C000CE6B7B27ED8B7D63079B5B5B878787C787C7C7C757C76C51B60ED60EDAFA06D67B965B3B672677080BB5329E60E9B477847AE2E9EB53E35779FD37EF
311
CD2D0DDD68AA355B6B0D81860502B8B68C801F5C697E9AD62F4B406244CB975560BAC756AAA577675B07C6D03778C17E7C95CAF1B3ABABE3E3ADADE3CDB1B1B6B681014470343EBA979F8B90383545727C63E43549D14FD0F927E5F1FDEFD7263058FE02EBCD1BDCBCA053496BD58E69BC44F9F854D4D979AE9ADB90882438
311
2AC1D4014E9756EAF9CE85B6B54DB01F02F8EA5908E0D9D5F1B3E72188C3C3AB67879B07C8A0A767B8B831FE5E7EB754DEAE5261460243FFF07858D8EF0D658BDC563A2C5EF5833C13C90B69248C4DD97842B61DFA7F210A2F6108A0F96B62E2D3B3F3DD939EA47E30ABF5AB2B903F4BE5F9B36757CF65021E616DAC6F60A1
311
FB647274B4B05B2E5341B082D43278F67D8DFDA48AFF9A13F22B34C7586C9992BA6E66CABC190E313E7C811AA57304B421A75B289B9D174CC868C24548823E230B9A5A2DCD2CAFE1F98E61C015CA7E96B083FC59F3ED06EE60F360B3AD6F79787ED278D0A86FAFE00BA9220EAEFE1D5DE1F7855939C3FCC1332426B377F692
311
406E022C010DB437EF009803F0DCFD3B7C94440571D8F2C328F115F47FD324802070BAB43FBA80EFDB92FCA1F7E7CF9FA875CBB327CF9EB08C4DE4815BC4210E2CB7CF1CEDECEDCED5B757490968286899FAF95583BF46F9393CEE6A86D6F618CAAD9BFF0BE22B042412C5CFB50556815CC5BBE33E9F61ECEC26A9BCB8145F
311
D10590078F9C9E953B513FAE1FE387FAC246E14F9E3CE7F5F8194BD6594140876B6B84C5D6799C61A16434201E5237582AFD75C07EEED9863F463284E2E13425A036BD41061259289B6BDC1ED656FC8B8592C9D00701E27CEA749F0D8EF44EAD8C1F80FFF8F8F9D513191F6803384C800097F24069C407CFAE88136B7DCB3D
311
5D4A60B711F19070D83235F77331FD35E715966889038E2E0B346EAB7936C4162043E1A1F144093695443A570144898BC4079CEF1912809A3035A1D3F361235F90FFF1E3E0FB93C7E2750719F88E7D8E68123883ADB5B18185AE99F1D11C1238A792DC4BEDE8EC6FF503DF377E0445F68FAF4E08D43082D02170F30131A154
311
206CC559A8D9CFDD762B31273E4947A581E0D9BB71E33FFA07CD02CE2A6BE1EC80167497F2A81CFA3F7EFE58D0CF5D5D170DE4F89070B0BC4040CC17BEAC6B0586C3D3FF0309BC06F44B04A1E13729929B4DF73C44070692C810B08AC3012E8EE9EAE22067796288C193B2139B970B86F47FAD0F98382B1E035D9C32FD318A
311
4FAFCB274F2E1FA772F94411B0CD42493C23393A685B5FEF3E1ACF554AF5F3552A478383374E6B2FDDFC4F6DFE38F4F4ED7A7FE838F488EA852482F412D3CB07E293D02C9F074F12E84C5AAC423271450572A385449844706475FD38DC3C22486A0639E5F1E38B0CFE93CB4B25910EF309A2224BD8DAD40C682C28341AD690
311
47E8539A6AFC14EC573F7FAD10AE0FE6EB13E87B28E093B513B5803514DE408809BC12A14876DE0A25F643009E9176D9F0C330164285A7444DC8CAF0E9FE41429EE0A2F6A6DE91C0856C501272404A8468822E24C807030B1D33D40D4AFBDBABB411D093D88C86D7205E05FC57EDD1F805FA4CED5920F0CED39157E007CE21
311
757C5DE440ECBCB46CD283E378029B43FB077B4F47E60E9F61E8D01BE017D7E843EB49F50A2028F1E442FCC90C9EE308E4C0C2C94EAE30B75FAD3A0EAFA57FE9EF960F14BE15638840EAF3BA490BB6850EDB38EECAFD21A0C746D0C4234DBD035EFC7EDD121FA585FAB73DB89FE6A03CF833AB0730E5E2F1A36CE3F202A128
311
934B44E396961121E1F2C9F32BFCC0C140CFE22C1CA8E109B182919696BFB98120234F61B59F7BF46EC30CF067B21A33B0FB3E402448EE266CCD93135A8E823DB31F85E677434E608F53F8100BC0098EA2FD6BC01770E0F2F2D1E5452A711C4BB8486248FAD756D852026B6DC90A2AA5C6B69E9068B8F27AFABFFEE8AB36F1
311
D23985D5960014FD711940800B560250D2272CC54FF1D3A660B275AC3881E349689C1616E1E9044129D032313509DE4700BC867C71F128C400159407C761022BA8A040F40A244788808C60B3AD67A17576279F6F946923191921B0545FC2F12AC0EFEFBD7262B6935679FC7F80629160ABFAEC88E8430E76D82A8DE62ACE50
311
BD4A42FBF03B387B37FD321B37E31C3F063D99703F5160E6C9E5A300CF32A91E0A085A29C0FC507F6C21012303C6104B82C1F1E156DB3229D1A855A32A8352C9077AF733A0AFE0FB3EF81FDF2F0F82C21B0EB06998866878B103305E31EC17F4FD43831E570A2118D1667632D4FFFFB125782F96168A833DBE78C3F11F8383
311
A79D49F58F1E3DBC780417AE6581381E8610604888E2913E12492881274822C221AD04CB0B1D273B8542837460898C686864FF6F801E8269F40AD0481DFAF5E6E9C1F3BE391C325004DF0746A4E4448F7B52C0D5EAD39EC46896B888C4210D68E99DFA2820DF7FF850EC407EB55C3EBC5028611409BFCB8889C90F1C52355A
311
EF98B18100094C9D0EF6F64FD47E5CBF3FF5293DDFB4B50DDD54F351446FA1F14580DC3902C085F593CB24ACC917B213BBC11B3F0A61042FD8B24F4FB9C4556D0CB9E1A880DE89934CE9607F18F81FDD950DD0E1D143F41D56110E227C250621FF098838042BC85B5B6BCBCBC31DD37B34966E9FFD9936A2FEFEA9EBA4182E
311
5CD3E17AE35501FCE0707E5525A7DBC64DFD077825BE37CE0BBE1BBEC061410C660B6E49912665E2B3749C7C9F93834022F74CDE6CA5EB501D9CBC04B768292C5CCB84478F3CA83074092C6082169015E5800D5839DC6C1B58EFE83ECA513BDE3EFB8EF1242D2D4B3FD55AFE03D42F8492AF8A3F21444FA2FA9ABBF525EAF8
311
4C09F0168527B0138A85D1EC0443C467B28BF844EAF76323BE13D7C11F72FED783837B970FEFDE7D7817E077C17EF7E2A1C2C0FE851FE4C008388C15E818958746129E1009D054B67530D6B3D8DA3D59D82D9D57CF70039FF50FFE0DE94089DB269C3655A4F25B38C49D0BD48E59F1526887C18FC5272197F85CA72862A593
311
A4843CD25F920487DDF7AA0441A2C0600D062001F103FCEEA3D8560CEC3EBACB01CAE5A51E420349F602191E5F901893142381351CE17047E764BE50DEAF9E4D8C38B6ECFFACEB141E54A6865A88A60133EE9CBB4C256930B0B168C1C3AB59FE1743FB422C7166082E934AFA5EFA3E4BCE0B69362FA7041818B7FDECE1DDFB
311
4D022007CA23E521F0700AAEB5888BBBF08023E128B4045381542FA256B0D04E28A0C3804E233A1BFB476A2F48FD135BAF9843BEDA3264EB42BA499601F16B566E72C7EA35908ABCB9176BBED43204C696AFD3D7B24B08D3AFA44BE243D88A6D9D0B6562B52F741E1610C0EFBBAF2B0829289A640EC4C8A4FF66A24430786C
311
EBE1E1E61AF9507BFB496EAEB64F8F49B4129EBDEC065EC1F8A3F228A3CD0950883B41BEC6D1944AE06147289600A7726313AC69A3F91197F1438BCB743E76F01F6EF1D1C854071670FFFE43FF1EDED702EE5A14C85D0C42DF90B86068800659AC88981855E3E774A71C0CAC2F76754EE7CC87C808D1E1E0F6CF47FD422473
311
1337BE1E39C5010823EE997B1491BBD99FC8D8EF77482BEB5EB2CF66499A8E0F7511B19B3EFBDACB6507BC78731B1B383D02FFDD7BE8DD9256F7D0BA7B46015941097B80018F700FFA024CC08078F51806100ADBFA163ABA8A3B95B9D2F92AC30BC908ED31FABE0CBEBFFF0279B675868F9AA24E9530B08C174055B7F48E4F
311
58002F3E82F0BDFA003E8B431EB6C4A91E4D9B5FFB791265BA8827BBE5F1BCFA7F789F72F75EC800F8AE43FFAEC42F13009FB905A9A0132015D0068ED7682AC608BA6771038DEDB3B33082891FAB1ABF5614F93238079726B833958796B845B731FCB86316713C1DC581B1E19B424EE32674093F80776F7E27C6FBFAC85C53
311
6CD955B96EDA2A3FBF770FF4BE11845470EB3E42D022000E0FE07D161811020742162444668308801E133A4C163BE68F6826A5523071CA78B2FED51F28F8C70FE4190073A3E5D3259D7A288CD19BDE623F10021BAB0C6E327FD507B2741627727EA00D31856492F9F009D7F152D930704E642795C1C1B336E0DEBB7F0FDCB7
311
9318543B25341F36802D64A981A690B94259607DE0B19D466BF8C1C5E1CEF9A3FC5C639FD6117B4BAEAB453F8EFBDA500A67E8BAF76C8A06566E36EE1184E8329419161F83D843D5DE7D8221163E145F56921C3EE383978072129E290A9B7166E63D26BAB1FCDBF710009E4051842390031845F20077CD079407C575F20364
311
C4910ED2A574BC357630B0BCD8DE39335EB175646A698458F6A346F003A93002E846FFE0C459B8006E506D79BF902908A0AA05CB5E73530E33BA1D3C2EF99C712B7C8B41DF4D2A7830BE8707485FCFAEEB85A09AB6D39BBF7B4F23E00509C20DB04E240822A4B810E04D8D53D10D504C059ED86BB8697F514777717A8F8144
311
D48A4C89077F7EDB00E2D89DC02A7B975640A282C49A4AA84B70B12BFED8EA6584860DFB7EE23FCB00C6BAF7332FF259FA3C9346508813E372F1DDE425065BB61FDF8300F7EEDDBE8D0C6EDF46F7D8823478590AE23759D60DA6B7A9F125EDE8F4A5D2B37470D0B63C30DCDE3D3D59A8D1501EB1B0A5377517BDD6E301F995
311
E3F955F0F58FAC2E81CE172A8344AC03DC6781939D2484B8FFC15E8F3ACCD3954CE19576B942D0A029188EC7013FE59AE90B71292DE774F1F63D60230180B30A2EDC65291B6211B4081128856001A680015CE000708254891851D4B3BED0FA4D7166B466BFF1D2A924885AD12B387FC0FCE6819AC3AE06A7AA4B715F0927B7
311
4D119D4A668FB54B8A8C268D8B038A207D10A7B1E95E42195B695BE0240F7408B311257C23F581E987C180140C584A02B1670CB817CEC0A080F259F1360E58452013200E3EC107AC1DF4FD7B0F6D23F33347F9527D9F51E6138E31AF35F1BDAAEEEBA3D71BB402E2FB47CECEE96B4DB85536772B07C82A34F3E66D0BCEC207
311
FEB9E70643761276F7B50D5EE963CFF80C7AF4A2130F5BF8C4EBFB5F07B709840480DBD8007FB7EF3F90104908BA457D43AA2A6A02C91422285E5AAC143F3313A0CB74D9D164933B86C25587134E8D342B453FC982860D09FD13ABE72055ED020E85D3E312F74C25CB0293D978A1C4001927C80B86FD06349126EC219F0C73
311
5C8053D8F5F310817EA01F1B7851F406144C211C6362C27DD51F1E310C0102280ADB891E9B085CC528A2B1369A46BA195B9A2B351862CE43174BA73FB7CBB430A5798F4C54B7333B96C3224A9863AD02B9FBD8E63092191924E77C199D92887DA594B6DCF0112857162FD0949FE6A441F5E62E42FB2105BC405A2301A34246
311
01DC807912CB2C39C604A27908021CDA30C4C8C2019A883B3A8BD393BB3546136EAF561980FB63E9E035FF73B96D09A905ACB2C11D79571C5159026227DDBDB81396EB03F14100BEB66DE1FA9EF82C3ECCBE318119C4269FD014E66361FC8BB0B4EA9A98EF3D8848A01360430284335004C183CC25BCA82D2302EB03B84192
311
41C64DF4F5ADAF77B533BE786334BFCBB8DA72BDBEFFC36103AFB30608A0B39B58D93F0BF42180841DD26BDC22CF0A770E90240006BAC65197D90920131C7B2EB3CFD3C71C6378A305EE8488FC1FF8D391E2BDDB0F6E3F45E7C8207C419800DB410073A3173942CA8D5242642A74496FF115832A6314D9FA4257577BF7FCF8
311
F8E8CEE8DEDE5EBE76DD3CF892BA7FB8B90F629431B5525E92A15A3A4A6FEA3FDD73136172060959206591F4C927196CF645AA285CF3014630121754261C0D31E1A7E3DA2DBDB54B04703BDE3A4209F02045C4BB0F529A14BED07098A2A1CD47513DA64B512F409BC01663090796D787173B5AA141B1B39BB470EEBCF1E30F
311
9D263ACC4D05110797CEF7B923B027F089F74D1D06F0A4D8C0CDA6604023FCA45B76C5CDE0BF3845ECBE13E0C0ED73700A8A753C1AC8AEFFF1B407FC8A20F42F0D94019121DE304077A027D4112283BB8FF0072444D68AAD111D6F591BC0061854BBC048EBBE9E81F6A33A95C21BFD13AF3C7E7DCDFFEB0DE8903F77B41DF1
311
78E99C289895B0EA8CD640549D68935BA7C5294E0A1D66DA0CC419BD398E6265789CA1241441AC94532A3C19C95340BEFC68703077EFC1D307B71F3C500859C11494838E902203A2BE90EACC5135B80B078804340C920C2300BCC06F7A1C71B875DC572C9BD1D84BD5FB9363CA6BA7D03E5C40FDFC54FC23C9B4B9DDD02878
311
7D89219038523BF64E638BB37CC25335937A00DFD32869C5B390C8C32FF25C8C47A7181B4A599A224A9DADB0E0406FEFF9F183B7448F081E3C55024FB33828784AB61704482CD0160C04174F9E33BA9291D58C2F1F1B1B3B5863B0D9F3E51C35C253D54A23E560E2C0CB3A6F7A81382601C2079CAE96B7B1560D20A341E85A
311
928A4E01083256420576C2ED477E2E565FD9223BCC691CF394D3D8E281501E0EE5C1C8159E92585D255CF30CC854C75318006EA4A01028EC853F9407C6053910BE105348324002260254886C156260F9189EE0F8C9A3CBAE9D5A992184568A69D5183A7DB97DB089FDC57AEE54F858FE54F577DBA85309640290F2D2209526
311
20750C5811FB772A7876D1E4040FBFC6474D51246D8B3FB378283FB514F8AB3C20B8BF7DBE5DE541C9A5D3D38DDB30E00151E02523081BC89C2214103E0BC1B3D0199A08E002681A2613A2616CEDF0F0F9C5DDC75DA395C25C0309C03DEC8091A4AFD3FEB504AAC6633930556DAC86EE3561941E862C4A75DD6B6BB3A0C59B
311
E153DFA73EDFCBC3CE2188D3D378FC976D0EF9A95B7C8532F527CE3CF539581E0FE501291E9139FFB65EFF5DBD8E0C18DE3077170A64E033FD278F18068028802F156C3809FDEB11B1019C208D020C9BA2870457F0F8E1FDC7EDD393E3B9FC9C4308E9315704233F960E554802C14716B0B45DAB5EAB5E25AB7830EBB8D25E
311
6CA94E4AA01794FB1EE164FE9F040FE82C940A4BCEF913075D087E85A7237D3CF29C47E4E676777779528C4781761F0BFBC1D3A77880E40C9A2E5109180D5255317890394229F0F082010354082D574F1E3FBAB7D6553C2113DACB97BEB5526C7C6F69F9310A94C46CD89FF8F379AD1AA035FD00FF3F320180F01417A6F255
311
A3A8D86319FE0C0B0E06A0DCD33F79841339C01E5BBE1911AFCFF7C1E0A540BFBDBFCF2372352686D863F83F59CB6865F43104007EE06F52406F680341102048A01BB048823082CBCB0B6AC48C313F3E7CFEF8F2D1FDC3D6F6F9F9D9E98D9D7CAE5EADE2A6512FAD7AB526E17F600C85550DDE9ACFE9D97E694513103BC69F
311
8A2813176032C890C1E9C49FC09C61670FF8705B1D7386260E7C8E7122C7F8208A55139E8C8D4763F7EBF5728DF9C34677364E3A3F9AEFDEC9CD95470788834F9FBEC512379890B38C94205B2557987C4186DF5C0837608DF0F9F3CB87B7EF6E920475752A01460E556919B2B64296FB9FB70DD5F47232A0F77465BF140CD0
311
01F00ADCA175090E2665A14E6329B62660E02A1CB50C6025E3DA252A670B3F0FFAA5EAD94A509FE7036B159E0D1D9F2E76B7AE1FD5A606198D3A747AF450023CBDFD162278B9446688111009B4029B0F2180AE20A542D40610C073B47FEFE1416B2B12200F3C991C2F54EC2491027A816B0A34A9D05C6F437AC23462385DAD
311
D75642EDDA738AF1600DBE07EE8437804D2D011A94DF71C2085EDD40266A407FFA1D1C00B0C03927E60338E3B9D8C47D1F8CAED578E06F7CFAA4BB63B175FA7C301B747CB377F45192003CB8FD34B12009224543D8604494011A80C1903CE0518C986208E1C5FDDB8FDA161686873BBABABAE74FA637BEA894A44078C19696
311
F326E057D7F95D061A6B0394A9D5F2DCAAFE4C2388D8A6E9AB7695CB0BDD0A332430F1A9333DA41D1FFB97FA09AE84E738C75C407C260408F8DBD5EDED7DE1570A7BE333C54F16963B46AB0C2B71208EA3D16EF4EEDCD7005241166C005A73C03164792151205C007288AE337B4D7103741BDE7B7AC913350B348B2D767515
311
674EC6F72A0402BBCB41C81305AFCF05F2758D3ECAC8D26AB97606DB9581A4B7A8FFB068CD5C0604E6849046B70C2B60FF0CDDF93C13822B4E82FA0479A68220E66D9FD775FB3C1A9CDBDB9829B6AF2F77EC9E0678FB20ED8D1B1A1A39D10F9812E20D6281F5673121AACAA9C53424000DAC173F7E18C3052EEE3E78E7F116
311
0F5AAEAFB70E0F7775CFCE4EF384DDEEBEB9C0889D5243BDF557559FEDE5F17AB21E118C4C31A3DF6A96B56AC62180293910ECD6B721047664BCFCC6B2DD3C65CA0F0C823DFEF84083C7ECCDF05898EEF158F4FEF97EB9C123F1B9D1D1A3D9F9AEC5F5CEDA84A3C96C14A55584D62893D6A54D8D2028D05C8B1F124884543F
311
3223B29D208B04910D3FC43F5C52196AEB5B5F5E58E8E82610F08C21BD443801233C0CE8BD1E40F84A1CA86001990048031ABBAB11EF83F9283EA89F181F2A0D9A9F62D94B7F625FD727E6A93F63F200F614F7CF100D4511C07DB45FC5F0CB4CA359ABE4774631FDAE85E599EA0878A3C33D5AD6430CF4C055EE5FDB806290
311
00D7855DED3F436F3B61B3DC7FFACEFD2B1BC6FB0696312CFA477CE87A87070C7998E04FBA78AE3F915A065E819FCF35B410321D9ABB308146A11AD5196CDDD7C477A171C8AFC74B45CBC6F641AB53C8D4ADA5870C02379BC0470CF83DB55F073E29CF5CE5F7A3F8FD62EB7AEB1774C2C6780B9523F9287193FD23DDB79FBE
311
A513B45200E2E0C1B51350163AC19043C600F2C1DBF7DEBA7BB9B5457BC0D840CF325EB0BBABBB786D301437000020004944415472B491ABCCEDAFC0591201CAC8EBFACBF367FE7B6E40E69F551BBBE7123E3C00AC560CE20C62436E8C3C54CC225EE08C0D74CE26148877689EDD004FB2BFBFFFBB984035373A7954EC5EE8
311
591FE531348654514DB1D1C56411DFA2A7C212BE5ED91278F2851A432244C6822C29C85A8B320ADCBDFDD63BF71FD32648E7D098CD018BC35D7FE89E250EF2AC75F96C15271602687965C844B8807C6E7729D93F22E81D39ABD62A0820C1FE9F11CFA7208125D33E96FD69E83AF6052DD32D49FF0802CD9F9DFD39260389A9
311
50887A647CCC99BAB17132DFB5DED35138FB3A060F6295AA5E195BF0BB56495A5A4A8FA440026E46A047D40ED2520A441C302D240F201FB8F7E0EDDB0E12A04D8816215A0579E8FE1B1281E9F19C9900DE79842E2A7CCD48E9876EB01C75DBA0E0C8D44AB5512947A00BE7CF5DE9E1A6A6BE43CF1A78783DFD5A404E447733
311
6C1ED8B18908B2A847B2AFE9839E891137A6673BBB96FBBA2A4B8E9373B001F08369BA11BE8ABC4302FD2345FD6014A127068427D007BE28B41D9B0D40FFB7EE531FA673C8870A69135B1CEEE8D009C08042A5B4EDA314920B635BF941E7487E45256439DFE9D276295F87E698389CD49FB394FE19720412DEDDC40E9CE9C6
311
DD605E0B719FADC416CB15AB3A61F9B5B9B9426E54F81D8B03DD950946D432B40CEDAB7BB5AF11213CBA73C9BCCCDAFBCF06127C7980FE6D1DC9B4DF14832D6568FEAEEBA76FBF438300B541064ED33F3AC0B0D10505306FD370AED02859234402F6C3FED006766DDED2034D90D119057225EEE3DAF787EBF30EC51ACB4F55
311
1678BD6728E1944730C095F13E4D81A4DFFBF67C5BEE37E62A85FCCEC6CC6C7BC77A5B477E22223ECA4FCC0F87E2A5E3EB782BDB25B8CFC6736A044DE5A7CDA604526361D650484FE283B77EFBD65D52C1C73C4F48E7D0D81ACF572F2E2280F98FB230508FA906B42DE240ED651B301CEC83DE1790C9FD96B6CBF986BECF3B
311
D332C18EF627A0B6EECD5B152E02088D03D828AFFAD26B05BF671B4F9A09A8CE0CD2707F67F2A4B3BB75B9ADA331C1305BBAC182FB4A79820B7EEAF73199B8404C0B81231CDCBB871B80FC41FF5860E8E108222A1A076C29E6E03B6F3FBD4F1F295DC457573C7ADED636D6B7B8C88413DDF3B327E1046AA51040B40CB50C7E
311
3F1D2E44DAD34CFA604029BFFBE714DF0C069908027EB275F1F366C132E1A7450B04011CF82B2B647CE754F650FF6E25BF37AAF65B7BDA16CAA791F1D09F6CAB989EC5AB7809BE145FA459E8D3E4B0FB47DAEF093B946FED585B80FE1A0305FD5330FEDB4FDF79FBF6BDE81D8300CF6815E5F9896552412A03F31FCDCC7CB5
311
E32365550CD9365FDCCEC8752E943161D78047336F8AF6539840A1F2E764FDA2970999F205CD2BD1F5CF496571F76EAEFA0E1CF8FD2A55FD06391F9EEF8B9DC9994E72BEBEE1FC928E2F223EBA0FBFBFB4F2DF137BC894B8087643D64ADE6EDED67F7680FAC9060239E845FC94AE93D880F994FBF71FBCF5F66F9F32C292EA
311
900F9C1E6F1105E81C5B5F58A067A448143842008D7275EA3BBA3D2516FDF02FF79260020D6B3C714711F3CFB61BFF56A826E627E82256F7400FB387FEF23C1C1E77FD6A21EBB1B2B35F2F95E7760BE1FA3ABB3A981423477517EEE36FF96F122B942F6FB64D9502BD1B9089162532A2FEFED255028FE653C9F46FA321E0B5
311
88B7DE79FBED07C44106CC85133CA65190543004D01D02D8181DDDA5A9C91A7110805B7875B689FC3902200FB192E7DFD936B37B57D9C338BD49E99E181F4E5FCAB2ABC1CA7AAB382CBC7D515457CFABE6FBC63D525E5CDF74B16378B9AD6774A58531912D232DF01BAA913DFB7D3AAFF912984302B84D0500077800D26C60
311
A4742101DE420C610C2E92FA93056022EFBCFD5BB6B38651470CD33BD87630C05831BA864C85997B8754B05167F0706499DC442FCD22592AEC2ABF3FF13F950039BF159FA9B36ABDB2778EFF83F70972B83BFD3F4899E64DD8346AA495CB155A7499F2CE39B0AAE755125EB84FD8CF8D8E4F4E9FB4B72E8F1DBCCB98B31BC4
311
607C2CFF21C8145FB48EA0F2159F86A3098415609554DEFA7B27EF1301033DD06D274BAF6821D220DEF96FA4CBB60B3CA241C021D38E1AA76B4406B4767576166766A6C7F77273F5F395291BBA19F64F2E3095C14F3E60371827741CB27E89543857D6D96BF9A47C6A9A26057840332EB843717AAD171880217B71FCCC0355
311
AED3D4819911F79D0EA8AD6DA31A83E36C5DC2D470295C011302387069158F6C9966022367ECF1D00BA9BB95C389AE7B6105A1FB640689033A7FCCFFEDB762189103A61C3A4FEFE0D6A6B5A19EC5755A443AE78BC5E9235B047890A65919A0D2F96AA3C01CEE913BB3ED239C3E0CD8DDAB99E4348BF3F8B977B6C43DEBEFBD
311
7721A839A63B94C06A10DB87FCBFA3C2932F8C26F88B6D6BB30C3C4E09AFE40FAB52EFAA1EC0316920E031A46D65A0FFE45A673432E907FBCF86717AC04F2CD0EF512D665FF53F05BFCDC43489F150890C60A8E0314E70A06F619D30D841189CA15D3417F3CD50191AE4396543F0C42BCFD696C58DF163F5B46D708BD5FDDA
311
5E5E5FDF9401BC4F7E00E8A17520833D1CBFF495B5D1CE037C664123EEE74737268B5D1D3DBFDA6AAD8C08DF2C0BC7A737E10AAB2A7B958990CEBF556CDBEE823CB09FB344143463C630CFFF585D330CF0320E921744A7918280FEEF981161008E9FBC78C830217A07B7D6985E83F9A79884ABB5AB383B4D7D788F9FB3D867
311
A2112A43F19042B33A108690CF6F472F8661CFAC971478757F6E6F2F7AEB82FEA85E5715941778B278281F28C268AB24BDB470EF3303E09C359E9DF1CF990D8A096106E6A66C8620DDE7D281DF0B2831F20439A30D68386CE13E002F7EDA8D7806162B205D6A19AA1FABFD6B1B400EC2BFFDD66FDF7E8755B4883C043F4304
311
6C1326136680404F1F934EBDDFDD39CB58A98DF1BD7880E0532E671FA1435E9D6EA5E9071000BE8F262E7C4044FD95D5FD526EB40A05A634775F32205C3D779FDC168CD5E56BF982508BF572BDA4F6F57D3304BE9EB18149461B12F760D7485891CA47CFC44909136FBF4931716A2E100123FC6CCAA6A644F25EDF4AC980B1
311
4039009BECE8B798BF69A05DC5B6885CD23F8E13A46FF0C0A986D617F001C52241801E87C2974C31411DA3A5D7B6175472763D637D3E57C33B908F867F4A59CFCA7923375E5F027A983E18BD7BD4E6FDDBB2250C1529F4202EFAAF979DFFB1F2612E87EBEFEC58581EDB9AA95AD1D7C1905F7305BF8182D5BBB524D47C4E3B
311
81CD843220DE1E6536497C0962C225F75A2D6A998303B23FC501F0B3F736EE1FF01200FC8C99F5515207C9C40081DF304C0A17D06E26CCBC5B3C47459308178301FA8057C2C0AE9D99B05F038828B08400F2E3251254DD7EB8BC4853B101F99AB48E387457C96951E5DB670648BAB70A7B04FE93EEC5F5B183F9739C98952C
311
6845C380D401B8FC86E70A20744EC720E09D35955D96A9041720196D183AC2CFE6AEA816652D0234883D788BEC8F5DF2615261DB031C2381092401B48D8D2D870FECEA9C3D99DDB036C8A051058030E32190976718C89F031DFBFF2EEA3D88606A8A19BD0AE305BDFD12BA4FF46F1A0002B07137989C748936E9DB2C91F43B
311
07E4E4D16C3779CF5A4FFE8CC981F07C29E34B7C012AF0054FAEA4A6A3D49D3A16D2B3CF220A029003366663053C89B3FB1827080DEC2780076FBFFD8E39810CB0593CC68B5D9009F2D400418028B0BC6CC74067E7C9CC0C2690FBB084AA5254A12AF63543B35EB40D17B693F7E3464D5094C00AA9E04E0E0524F5C35C5EC6
311
BA94B21AAF2440725E2A9FF94FE7A8F0E769EB83FDEB039B631B18BF396F5C13CF89ACC02C387DA56DC3B1CD84B96CFAAA37B55FE723B611062258257D331F186AC93D8AD600B4FEF4AD777E4BF68F2168FF08C081A37AC13446C859964803961928476D78F68419390D830C1935B5C2A0A22A3AB17D3D6428BF12DC373B8D
311
464E04C0A496BB3B3B75639DCC2500E0F0B15FB6F47B5A7ED0183A87CAE8D535F2EDBD4B3B7FC762DFE65A07C30B2851DB890082ADC07131EEEFA3DB7DD5CD32C0860CA83CD4B7993A175F422A8149B1C1D94C1145059D9C78A8A572A90B7C8B1E3392FF77A80C50220880FF3669004E90F101740D2B808181455A04490467
311
4E7482CC3EC85C4BCE339404C0B0BF6A5611E4F9B8157BAB6DE327EC9BFBA1B4557ECB609C1F45326499EFB90EE78F18227F09E563C9E63D847EDB3B68EB9C39E95AC4F7ADCF7D87F6752BB6912040281E4A0D8A8314E80D60470999B8A51FB1488A66A9F3F81FFA61C83F4FA6969E472288FADFD61B005E0EA4284822E018
311
911828E868614DA0C36E11F3A051070BF2F0840E35F200E2C0C80A776CC9E7E6841C0503D0EDF15ED9AFE527E798D23BEE5F0604E58DFB7099D739BF0BA5D332EF29F1535995BDBD0DE681C4F71DFE6A7AC5A13554AE6910963E9ABC9A0DB5B202225545F5CFACC942B5B93C207352B6E5310BF349AF200175D7DFDF78F6D6
311
83B7C87E087FA9B35812C4F8F13452CED610A2207541E6D659A739441F3833CD0C9C3C3DC2B0712F62333C4FA9327C9CA1124904B4FDE0FE21C119776CB0C212AAFBA5CAF80EB43772ADFE77CD9FA8A4144C54C2FB2304C65F62FC3678E4F6C68F30FEE1BE8383CE7DB86F58B1AE0C51F0F055E188D02F00911DDB09918322
311
28B3172B3E623E513FF1734FF414A611A603163F401BEA790FC9FF7FC3FD3DB02DC00184145B850D01D120424DC03C00FCEB7880EEEE939399F1F18DBD4AA54C939899304D913CC2D5CFBC55E50C7FBE4C0E14AEEF53D6843DFF56BE2D554637EA047D3C210E2C61077875FB5B40E19F43AB7470CAFE1C0D3ED3B3B4778D1D
311
F6D4F837C08747180FE8394F2CA1E0A46B6DA62CE2B2DABEDE0B1924098580FC16B369730E9E90541D3730D47FDE16EE1FFAD3419CDA05ED1F2715C607F2E81893AFC5936303F40EB776F1D808BDE393A3FA401E1C706E154C892860AD74A2949C409E28A8FB3349C764D13E4D1D3468952B7B1B35001BF41142CAD58D6011
311
C8B78961EACAB66E9AFBC627673B61FFDA4167950A274145BF11EA17BA9AA60815C2C43AE1F648E3772E53C94E6364AF826019E723069A8AA353A3BF7FB5359281700061FF64C28C10B9AF0B70B0B0D30A31CD1CFD22F68C76DA1E44558869257892363C091D313EFA46B57C3BEB252E9C6BF5B4799EC58F1910F469E25AA1
311
7B343799DB3E33CF410061F96C6D63FA91B1000CEBB7D2971BDD39A2A76361E000F5DBC1688D47CB812DD60F8001AF25B328D173A9E4BAC18CE9F1F628704330741B2649B92E9714447C68559C6CD2F681919367E4811100750058809D0230C087A89FF3C80C23C4C60882E481F48D531764BABD5CCECA308DE2F63D3BB503
311
73D630796126803C2D1FBAC148F7592881B395ED7D26B7DD38D7096AF98841CB37592561D9C6565317AFBE9FC4AF7371E060736C7635E0CBA1809FC80F544DBAA1F2F9393D970D44C0615A0C6930E758B9E63AE690F73045F0C8C0731DE9CD80F718E94652383458799E02C06D328010011C7090D8C5E5336A83D405995387
311
7EA1E1D66FBE994F04608C4C991917230FB61F9AEE183A40AB9108D032449FD1A7283DD25ED15360EF7EA9303EDDC0043403531EDEAB10DFF87F5E2FD56DF0F1B701A9F614DB17FA0E0EDF6FD0B1622A81FA3D1DE5A33F551930335C353A87F9AB05C60455193448246944A232C5D07636D864CDD7A50D0B4440CDCC465D1C
311
418321F50E1648D500294065D869559EF3C40C8FCC6C323E989AD0F0C73142480B200842802C061008B480A9954AF282052B3AF67350FD0DD30D1F4075AC303A5D490250F5400ACF479656861E4C77AFF327F3EBECA4B57B6B6C8FF62602BF150744656A87DABD7BC6BED50527B2120C001A0B3718C74F0C65CD34F275164D
311
7968148DDF259AB8AD6CA81CDA4E8819509B996A7F642D987A401A2B04018C01E6C169A8700F9DE3B489DB2BC49C9B7B858A4F50D22AE15428FCA4A1EDB20C83492690CFE361CC7F8C8066FFD0D77AEE797977F468A36E0B0DFC87F90EE6348BC748F7CB73B5B9DD5C6EE7AB19ADBF6DF359F1DC2A0F9E44F213F8041F6427
311
4C0859A2AB7C37440FEDDD2F95BE44065F22067E3EA0CC3BD8C0D8194EAB291CCEE20B9CD8E02950AD806080047A279F19024C837C848816719AC4A34DF8F0706CED904E8185753A458A27E4C1E37B5F30A104932BE140E0BF4E400160F320B054A8705042FFC47B4940810173F9C9E97240C7FCC3F3813EA239B745DE9F1B
311
1F3FC2F9330374DBD1A7B475923F9A2ED81716D18D1B577DAAB9D1A0458655AD3CA7E211867AE7C702DCACCD291E0F798013DC01BC326087775C0833E04EA3778FBCB8DA4687A0255CA0AD210C15661E4E92001A4449031D1DD27D327334BE830B64DAD90CBF537A45FBD4E94A7A88888E715B7E74FCD040E818BDC1BF5AC6
311
09CCCC015DED23877080FCDC47BD8EF3A7B783A17D33F3ADEB6D6BC7AD75EA7C7852C5B6FDADA6AFEFC2D181C03F8C40DD8A4AB5024F0B72E34B57BC1182472DC80946789AFB711DB7F1193C03C893B0345F420246114D3EA71D04FBA731C0DAB0D3CD311B218F0D5A15ECC105D02F3AC32F13600084731A83220040019B03
311
180634B5923D438300B05BAC80881F061095FED5D572A3323ABD83F1D37A2301A8C930AB3F66ADF7CBEFED30BAAD7D78A06DEB6A87F15491F5AB7E25842B6B34BEFC12C8A159F187C64B3CBD2356DE5FBAB98BBE9583F0E3280C0076DA15BF34C15238145742B07080B1EFB83382F9FEF2239D003541041083C5AF9EF3C894
311
4DC2030BC3ADEDDD9D27475800693049E05413BFB3FEB4308731512F13400D06F813368A0101D8D863EB3E75FCCADED124F532AD3F123F131AB46A93DF1ECE7F96CE9EB6C365C6D6A07EEC461FC919FE288AF7AE1A7D012D291EB073735FF26BBB1C99FB706E972192819B7A34BF22424BEA1CC7958AC2E04BFC8E02DB90A4
311
A1DD04811ACDBC181037864672C78F6C0EC3073A40CC49D5E813593B7002763BC6A909D31AC86F3F6E335C9E1C309BC58F16418642E2AF6B290A34FEDC0CFEE08FCA0F56700699CB73B9C99302AA17BD516D7F1FD755A2B32B3FBE7134D3BEC813195BD355020A7DBB541539CD2C06E45F46FC0EE08293E6C0E1972176D9B6
311
78340AA1A4823404EF79B1E2347E47C35D0A2260730E0B513025DC0BD1C07E3366E9B9D17F767405FB531070700035618606F0B40C73C974CFD321B0C174A80C0F3AA54945FFEF348F5488895713E89B5C98DA501E06D8D24FF04FF0CD7ECD7BAA755A854EC6A180AD13BE094E8D5D63BFD6DFA5F5D3E4DB1BA18FD8473DC6
311
E17FFC9832B71A2A94D96E808BB53F9192955D62C82E282B05168AA0927D54AB20A20A74800B7CC9655C8B15F62377CA4C91641F9F4D0478F4FEFDCE273A002CC0A725EC165CE3A149F0333E8E9600B2C05A7D15FD831F0938DBE5D0FF13E3C0F0765965A0961C3FA86DEEB0E28304747BFBA5FCDEE44C23544F7BB7BF7A13
311
2DDE34F99E44EC3FEEAE92F667A10F7E90B0E8C6442DF5A5318B0F816311DB2E6DC6F172C363FC800EE09186BB9EC82A24C0117700CD884AA42023B81EA6E0CF8B3056411110D78606EBC5AD5417B45BCC8E61EA01C4006AC233933E35D860BC1B6CB9C9CCCE7840D2E0C1C1FFC11CCE54D59300F2B47D66A10F09D8E24B71
311
B9BDDF98FB62A3B897C53EC88D16D1FFE8C649B17BB8E760EB20B784F52F992544753F2CBF642CD3C9C70D8722C197142C567E74FB431EE248A8F3FC00377F5142144A82FFC28AC2970A780C85A7EE9146FA4B2981F3C93BCB0F3FBCB6DD3DE69C72B6073B99140DE28B8E919D9D9E7C2F5FA99FC1FFD07E9AC0965CDAEA0A
311
945FADE52C791EA989E8E7A21A355FB37E44405D171B98A6E946DB26AE71DBD01FEF07FD378F5B4B518724481820890E7486E3FCE61A60E096D577701890EE07CA5D7F2B086040749FCEF3F81972E510A86359C9BB579883035887542090614E5C4461705D7CA1CF84DB564838606CF1597E8119790D021080C935A908324E
311
DE9F60A04B7830A33F0670CB08605B8D01BF9A3D435693FAB4FD84EF6754930640C1F9D74B052A7ABBA9F502B39DA3BF6BC7514EA4BEC71D752BFDC198EDA8DFE8F32B3EF811E4576B0A2074B99B070A069F60173E7427BDF285024E35A4418B7A412914F2800F1965C4F1120A2D5D2C64400563D5942044807BE7C738EBF3
311
034C4A6F4D70C04ED1F97673C039FABC4CFF18866E08200BB66BDC9CCDCC3FFD1E43BEFC52C317F0F5E64900FBFCDA4DEE68768FFF46350E0EDADB7B34DBBEDE3776BC55599AF84E312229F931E700D04478D66A0D88D09B2276141AF0F8811C5F8067DC04C0F90929F7F1AC9CCD368488AFB965C97B855A3E2E93AE5B4866
311
502E55991B82D4388614F2C36B8484A5FA06E3EFFA984A6AF17D5C2073299D9F12FD63826F67FC460E54030981684E9FBFC22009A3006962285FDF4FC84B699FB5BEF3736C6072F6844C15EDF25883037DE6BB7AFAD6AE164B367812FA8CFCA6FA25725D99AEC5C6EDEEC64ADDA2BE0056002032E1D7A20A54CF444E360D52
311
0A5B69816C0A953CE0434A8A898BF18E2B704588C01BDB2133342F5404FEE698957C200EF54E31BE6DF4E888C9C67F5F3F1B41F922777E7FA6332677C20098C59F762F5DFE4A23F9801A3BB6F8A4F66E0D40EC867E92DEFCE84C714FC7CE8DD3DD3BDBF9C781B1C3B549FAD2C89D711808CAB100E09700BB85240374A72092
311
12F320CA577222A7020E7824500179FC7096C714884BDFD9499E027ABEB3CB0226CD293CAE6E0C41A6788F396606A073E28CBE5CC67D584D36CA39D37974FE1023253E3FFB007A26F657FFC901D851130DDC2BF54884F20D5D40A0B7E5C7BCC7CC87B84F2ED820192CCE1AABA1FF24ADBE1D03635B5B3B53D4A5F84120125F
311
ADC36A0E792D3AD7E255792CD5241A4C84171F1104090017DA493D0A7790A7BDE6DF326180398E4B0DEADA5C2763825E43E05C388E184678C88CE6422606C017F030366981353DF03A753DBF6370879F79889DD0BF75408724DB53C5B0063AB6568D02DC47AE4627B58D7E367A6000267E7840C23A0940B992DB98ED1C4731
311
B4FB4DCFB6D3EAFB6CAC7646F0335C5031888CD74E2103380260AD47176D703960230370FBBF28813524C17FFFBD6288BB28E4F905ADB4A788B40B4A6201C1878BED224DE9906C4C79EF32EE679B9F5D3B5DFA137327320643909A823F62106CB8F9BFE4BFEAFF0FC7A6393EC7F64A698EFF8ACE31BA05ECE6DAB6DF124118
311
D1D13F892F3D3530602E3F3ED3D59DFB821ECFA3D9AE85B1ADAB9E328DE738BF55D5DFD039445AE76D0194180F57B15BEE5F09C07F952F9A10372BC894CF7DA12CF6507E2A8916E0DF430C519485C55D61EFE209912D8C32866214E121611E22A0B1238DB18E86636A3BFAFD5B4EE02FF1E505F902BDF424D0516907BFC95E
311
F3A76B6B3872769D67E25B548F0DA46E2B93DFDFD5F2B9E9EEE1EE1DCC7FBE6380DFBF38A165CAC73DF912AD76A4690D2B766A3EB4AFA2D05BE543EA20B095FB17AE3F1928D84482049B659E671A4763CFA567C08824913D37F2F92F841FC244085C1681225C04AD6DE1684831682CE0D6096B56101C0D4FB3A1BD3F11FC11
311
05AECF5660BD3FEEDF162B0D9DEC6DB55AF27FC98050BDDEDFF63ED14B01336053A19DE9AEF5F5D9E9D9F9E19ECDADCD497BCC57681922F327EB41FF681E17C1921B04FBAE371AC69E53F98183E91B84897A5DB164158BD1D12FF6F6BEF0E02847727BF2628F9FD48B6FB11DF6928C868B29590A0606F92140D0C08850DAA7
311
DD8A5FE8A50389F61288AEB743E9C801BB67DBE0A7F64F63BC87770FDF57AA73FE1F5A84F8DD3AADDFC32087FBC0A7D645C327B97D65E7A8BBA76DFD9BCEE1B1CDE3F5F7CE4E6DF4013ECD7CB60BD1239E8A4E9A5722AD9C4FAC8F7FF17B214AF8801950430639A08E3ABD05A0D94E253BD5951C885B0CE750309070555FF2
311
1F2EF83FF53F4E15038B8D8A244740A5C9CBC120043DA0B323FB1DA0A4EDA268C05A304619505000BE10415DE898809DB6B66896E60AE347ED3D6DC707CB7D5B5BC374A158EDC343D0EA61C217D4878CBBDC1D85686782C3CF4272E7DCFB5E9EF628F5A95AC1AC0C6848F5771329EF8DF2BB79EFEDEC8DBEC72EB7F245287F
311
D4B31008AB38EA4D52F2BF57167159E3004CD8950E217DDD6F699FC763E9D1A0AECC701F7BD4430A3E030374066938F883C01DE40E7DAFD609345E33570F4CE6BE467FBD7F793B5AF2A9D331D86DBA7BF98067918F9FCDD609A0384B523F4413B574B818C6889FAEFC5E7B8F90CEFD62BC2C85B2478D54DD076635BE434FCA
311
DE68B3ECF1C8708E27863DBEC352D87BCC7A92A8E135700CDE65BC114026DE5DB68275E656D2C0D4087293D43BB4C9C14EA83C0D806783B40DD7CD4F19EE9F33801F55A3F1FD600017A6CD5DE607783D5F74E34680E7DAB98D99F6E5B5ABC7F7DF19D8278322F6A97FDB2FADE1539BD945DDF868EE2B8B70D9EDAA45D1BB0A
311
5801198CF1DA891540474745BF0317F8A3703E02510AE94B084221F887FE950272D62D4232781054A87C58D015CD45EBF9B70E60820A2056E9D4D619E8494BBFA68B61EBDD8CF52CCBA124BACD4A4077E8420A7F36FCDAF661E577B792A7E1B7E337C7CF1FDEBB3B49F501F3C7366C1730E793F51FA20A9C3D2E9F18E63DC2
311
77449054CEADA36DA0807467D45F8A744E1BDED725A033868703F1392BBE221158220588F30574A0B0893D0515B0B7C404AD0E7F40C11D504C49BD7DA39A85A19CD7357DFC966E5D92272FF06D59CA5A6A1C8AE30E52F1247C1F1D78F81887F9F3E387075B170F9F5EEE4A7F5BFC69DF02FD8795FCFFAB472E7C88D563DA51
311
4861B85BD41594A75F5E866BE69471110A9F75C8609C7E6BF6C7C727431EE3E9E3773D2378C25226E82C08104A57ED273FE0921D6990E02B006BD038263BA360355E8DC446A380F0BA35FA9945A80CF60DFD54054202F91897C241C147D59F8E0FC67CD0F2BF377A3463F8BBBABCFBD6833C57E214AC3F5AE9C2FDE8885296
311
8F20337972C7E04EE5658223008AE82D93BC37D8DDD900BD6B16EF221F0D4149045D740A8A215D4FC186C658E01994B8CCD317465828704BB630DA2243B3B4ADD3EA554A97408454148C04A1A0CAAC2E04033C04073851F54380E0BF2DFFA43FAD3D6B574F2E1E5EF6E5F4FEFBD1CA87C161FCBCF5C7AAE2F726F814027BAE
311
10F79BC3D765D61D1803952210A9AA07F8C6BB2105B61145B324F96014EF223D4A9261080239F03FF6F4DD4975C183B887E081F7A467A25EAA0C94028FEB808637768B07400A8235D4EF33143253198900E079E3FACB0C59B00F827A5785A6FFE2FCF0C0E6F1714F11CDE5140D931D707950631F3DE877F300002000494441
311
540ADFB08704E252AADE1BD4E8DF55796A32B9B6F17737C67702E5C638682737286CB0E0A89B624D5BF28222432848C9AB8C07170C97B814FF492A61072407D638006F7C8400860444C01B1930A522788045633DFA9507267A3A42BA05925BAD705CDD3792FA23C1075C6EE768A673919EB6C3FCFE7629B7310AA794CC9C0D
311
14A1FB88F95C845BF22543F57996E0B26C9E4C2ADF187F979F8A55F11B47BC26594C52588518D25E6C2B1CCED231EA1B748F093E5726A21A54C91EF95789041030C20FD5AD68613432E19A4D0DA2505B6BD843516E10BB00AF9AC315EE9FDB39CC1F9EA59CD88F9CD071D470C86C4647FDEDDBB1CDAB81DA94034747A779F4
311
CED497CFF817348F69F52E55490840E48840BA72DB71F3E84F6DA2F4717AA928F153DA6E4C7E8E00363CEC9A2E1C8E65F298FC4A52F087FCDEE5CBA38A80CBE11FF7BC2AFF249203FFAB77A128A001B1987BD334AD9B901890A8C2005B6B248196AD09C0025ED841325B31845032E327C531C839E66DBAB39566B631C2FF0A
311
1DA5A3CC47E665AD8751B47CFE33899DF047C9F3C365E3B11278D49DF939298E09002F6430F9958803309827A7C791048CA070061B7E9A64C557D235F83EE24822E5EAB805F9862F20FC58F483DC0EF02181F572930205107E00E523861895A2811309808F2B6C14B2AA579E893753C155D2F54302007E9FF36AC5FEDBCAD4
311
7E182D91A73920CFA5C18E01F8FFF4C3F1FF553BCAD0E58DEF85DD63B91BE38ECE1A9FFC4AD4A1FBA30D462C328C5A0340DFD393D3D3D3C0659195C96990F391EFF4175213BC74C020922D4830FE215E76940962BC0713A3B82784C0CB6623DC40D6E1485BAD454F6892200B225096127FBD82D2B12006BAE2E329C771E25F
311
EBC0DAB3B5395289D56D7A8A89081B34EE06F80F819EFE75C67DEEE95D227E283FE98A7B9F1C97D2D05B4D07A469153C3DA3048EA68FA667A6D90E291C7D7E2D063E4D044964D055F2DBF3E31BB851AE9F78A0A7314F0AD24901F581D74A6929142039C65AF5830D1C809536CDC05E4BA51038F79D713DA930CF18BA3010E3
311
85351CF47F74D439BCBC793556A1F99814926AF12835E251C59BEA3C083EC2B2760FEBDF4304C9EB87B35769E1EB24B648542CFA4EBA9EF93CD42F03C08F249A2C98897D8E2225E90077823F4A52171A61219998CED6FA050992B6B0A74A2220ED12123004FB977084208F8E2AFC80F456CB110BCA647A3A0F854085D84FE0
311
052BE31FFE7F925610BAFEC06FC33F9931BF063F39DB3D1BB20EE357F594045F4226131578582CB055A59A073AE0413989D215019B6EB8A21CF154D71164E0D8F4E730C2CD382D098DA5261456A425643686BC8301710F2C50665881399156AA2B4C3191BC555728384800CE10040F746A3D8A80A5F0E500A93456FEC52833
311
BBB45203DACCA37FE1D3EE4B9BF0EC27ED47D89B8266F11EA2DB8B5A8BB93EAEDF0C06B7AD0402B9EAC6E787365535AF19F15158308A9D9785C1BC1C01377F8C6B4D07B50DAD25649764A91DC9812C7B34CA98184084F7C01055466B48058CD44085AF26648520C85C41C67805462D8425680425559F4440F3ABBE1F3F81B1
311
EC72708767DDC8FFB6465796C8FE310FEABE0C9B242A74137EC3E0427091967023299BE5D6D4D0C6D15747DC2AEA4ECC57C72856E827D33CBD319D70FF854369EB841282F84B7CA4881447ACFCB257E252E00FBB3272120A75B99119840858486615636E0E0334031AAA8C08A62E080053A0AAA4158431EC727A084021D41C
311
F5D630C94184F6FE7432E8F5F9A4FCDF3EA7CF136FC2988093F98ED622E38E4976E1BF0CF49D2889E6DF3566719FE1F9B47A2D3BF89C69155DCF24F88C609EE551160F0415900B4C48FB013D8900A9192A700748002924771A3686A0A580FE4009E00ACC090253E280B90AC15048E047020483A038A60ED232831F2CC90498
311
648690D960C48E439F18F4DDBEB0B6F5AC7B7B89F6230243B4FA160A7B9327F3AD5D937C8BFFE5FF8B3A5E64283BEF8EAB9F71159514CFED62DBC880614AA1F7994CCFAE7D8C87057F451733699B8DF87056E1F0654B5021E38097E4E23221B810DE20559AD183A61C2C88A648DB096081E9801CA00BC1DA0124E08DAAC15F
311
D2936905CA8DA1C40E42B13F1764E0C4015EAD7F8BFEC99A310B1B7C0BCC7746D3C0702759C89EAD57122092122D1F857067684A578F1DAB7EAC400841F493A468113282FFE42316CC74C756B1C880FE78795C692813CF4644480EE9B02991BCA257A71861F00666D9410288487618D120D0E80D7773E2B7DD180E100EC98B
311
221C94BFC4FF531A09B986230F1CD08378A8E4D0FDD7D9B1BC75F5C12EAD7FF83F3ED19EB018620303C217A6A35D826E72ABF2D8E2BB1B783F6E48D2E3F360806E1D192085D022103473A10375B63853EC54F500B5B064DBC20945B88160DCF7E4F83A0200BF6FAEAC88E9F54D22D898E43F378D20B51B5D6B145700092220
311
2800DD401A9266483029C0D6D57ED80D42A0E6E08835F0F3AC73D7FAE6D56185F04FC44472B854EB7D9CBF7134DF3DDC35A9F6B38417DD6F508B37C1A718B0D054124176F7222F62DFB327F34D451799D56216880193254FF782D7DDE26C271BF38C6E422E271CE4AB8823C9510F021126A7A944E00DB4031D013C88EA0746
311
C96D4574069BD5439C4110403B40020C30B07A604F1E41D19C21A93FD9002DFC35F23B1E7B98E95E38387E3603FE7393680410D702FF9ED5A3C5E5CE68B5827D721FA78F3A9A0C08A79722D9C9B418F46C0057BB1640C70AA4A03D29CECF33987596D53CFB27B32C3BE304C540E14BF8464E080918268D254838C91A01F0FF
311
B99154FD8A9C0495EAA6534A6C464440B4A71E16100E7405088122A35F7A511DC003D002E6C8E7E15F6D1D2FD09014139EC11FDC89394621F77B9F88EB5A583C41E2FEDBC8F82334494C0BFA97FF3C3A34ADE60385B60E5A30CF036E5E75370BE3B83AE73B3B7DC0BB337DA0045299ED0C66681E4AE223D01B1BC3BD4C921E
311
2005FEB5114739040758189BA8A320067B62A3995E4720055065AC2B4A8006BF8CFCC907C0063EACE41813C5F017065AD46CFDC6FF1BFEE052932CA3478C8E5A6F25DC8503D40F61FC1B047E4DFFE8E84407C81F1AC7B5C79DA358551CD0D13785A9AEB38D6EB68A0A8087FC6543E7471082873CDCE5CBEA1EFC5CC0579469
311
E225428E9A43D6A6000B4219DE52E8DF00A55F4BF5035960661C2DB88AC1F67C2890A93FC420193C8326409E7B595FBBBA9AE1D1511B3F6D65B09AC10A71C2317201A603E88C56CC68C91279E83F5C147787EFE6C675F00941D23EF092920330982DF38C65EDFCA89DA98E8ADDECCD77CB86D85118F3DD9884820B1128010D
311
02F1060F582871CC8FF42024C02239273A1CC3BF71E770DFB7E96081682803188118B50310BD620234F230B12711B063E0F0490FCDA9248B580D3D3DE944A30CFCF2A1E0F6E59E8FBEA289CCCC943785BB8880ADA9C2FD70F6A13F5418444E3A669273C006C4B4EEEC067827539FFBEA9CFF04D84E7F170480037005AAC882
311
9084329899F90B5E013927F8E646514B4824B01D11F72C012CEACD163B6358A4454A4221D06E68A71062520649BF9E9127D0772D6E5EADED52FF216BC2FC513C7D3C5CC4C8AF009811826AE20203B076A2AA66D8D32E317DEE0EFC000FCE16D9E0BEB17C74AB009256C5D8AD1CBABBDA61402612C675FBD72D07E633B1A42F
311
2421208CE01397560811204306617A5141706105C9F4984C459F2D0F6C392FA05BED808512B0B9A8A9FC6CED89640EA347D31F0DF76D3D9E61E800FE9F7601BE4C9614A1C58E6C839F13A12D0EB426DE6386B82369A9E6A7F1F9146EB578A2EF4289AA109B4F6CEFEC0463E0072A05CC9DEDEDFE08407B173B8AA65399C80B
311
2911252E6290C82CC1B8909140C11B7AE161B42B93905045D017E00CED6D27AAA15F2C2179F1E83D411A7020B9408D202381E7E5DEE5A9E7E5CDE3B186433F488AC81554BEC09BC579018ADD1DCB3D9D70F02B14BF9159A4DA376225FE43DA224FED327941705DA582B2FD1BB5DC0540667B650BECDD1D5DDFB0C7F36DEE2B
311
94F6EE2EE4E426F20A1174C31DF153321A24114C4FFF25E505475F6906D4149B21F1BD9D9DF7B059F8E0FD83323CB97991FE80EE131A9003B81C491B218B1D42C0C0D593D9D548003839DC29A740298B0C23F0CE14BB167BD61989AEF0B985C8FAC8F923A73F31953989F0F6C96CA6C4D0A9A88184BEDBBBDA3BBADE77CD8E
311
2FFEDEEF46184A86671D7DDC51417477BE9F04804F305AC82C2D018A21EA903866A0F959FBD4139916D036635EE03DDB7408BCF0627A03027AD314C09B0A27F0A79490D53839D0DAF1416995CAB24101FA63F75029D57A4CBBA9FB4D120ADB17FB5A999FC9420DFE04FA670430B90FE7F589F7FE8D50A4B5F004CE5F07EB4E
311
A007F8AEAE8E8EF7DB3BE2F81F42166C7246FA9E62D02C8209BA1024414C483498B50229FD923F2414040B2081390AAC353B5283EADA12A30B1080866D746B9ABF5BC107F33C2A015B275480759334B83AB02175EFD0DEC785DFC505E0064F4EBA5A97073A74C5C9FEC97BD25D819E28AEE661FD2732B8BBFB1BF13441B3C1
311
F45E8AC1752BBF80C113DE960E0AC7D9D02C58C80505A19BA0E84B14402601A590A4AE00A825E98C3212342302EE10FC5100681F86834A2804BC409D70270A2091DCE874B16BE0706C974EB3D26EFEDFFCA6C4579AA4DB781708469F055532A7046C6BEB0CF39F3ED2EC4FBCA3D00EA91CA68FD2B87B5C191E0EB2C300F00A
311
1C9881F263571C6CFD83D079D09F176FAD839340CF030F70458F81F09AEE1329505150CA0A00576B56C06D58070B23086F685E44232D9D53DE3FC3731044F286D19F459351863F749F1104198D6E14BBC68E17CAE70D7AFD958E350BEBBC70C9C4DFBA075240DA27D40AD7DB063A097DD3F041EDB3E4B682A7A12A548F3393
311
DB01945547175879989302521EEB1431B08759B632B174E0F700E774FCA1BB83F95029ED1A084288C8893520E49415E00DA080AE8027C34206D35491D050A4C6B080F6A20889A2FF82379AB6234F6710C05F9080ADF002B9C9F9C583AB220F45D618D7E7F7547FB27CED8A8B7A7D24EDA4988B0C1C2A1AFB53FDC61BF3DE50
311
D63C560F0120B0372F0839DDDAF13E583B868717C1CB8CC71D1D7F440CC82184803144196EFD58BBE00B7EE77DE8C015942357FB06FC906A5E2B8882CCF9FFE184B0035A5CF186A962A63F84B3AAEE3D5A2C830008807568B6A9F424086D2095A3E262DBF124350082C4B5DF4704A9D2C93553DE47BD6766B6934961071699
311
9FA25854F759CA9792599D3837ACF6247CE8597B0F960FA3EC45B61715050260C5844FCCFEC9666BC71F875B17E3BCB4CB151405D7D08F846B4CB952248B4603CC402B609E90F0044A007FA800EC46D07A51232B00E5683C55D5096E1374DA4FCBBDE2C25A5B8D26008227CA7758033D7D70DF12CAF7F247939F93F1CC6304
311
7D63ADA0B7CC8771B234D8095FCDB577B586D1834062035670E204B245EC093FCBE15626C10D210CB38A13F50E10A0D5C0814B0C4B30AA9858516001669002229618F100767AA3D6D2528595FE7A398C2D2300ED0013A0AE60B91644A057327BD3C36BEBF48C91279B45F8BD145494674AFB211A91977CB838DF35DCB3D6D6
311
AA2FB2784B591ED785DFD7DB77747DAC9D2F7674810EFC2895F9ED8007EC7885101679C06F21E4B1C8A6120956F80518D1DAF1717BEBFB5803E20C6F2A11B2E48AFF4AD2810A70054623E341B3D1ACD92DA91150DE631EEB2C28882D092049C0DD38E262A7BD6F98549930C9D44B7C37028AEA9F8C5628A2BEF5704C0DCB2B
311
428181B1BE766F43014498D2E57791E4C8DA6BD2ABF5003F0C40202E2E32EDFB02852D16C30B7F646B98FDF86C7891690043128B0A0DE6B4EA27F08C30CA34C9D0AA0852A5997F8D11A6EE84E040B20472020256F4AFEBBB74E6705A12083B249089218E6452C8E5A69717E904A3F5EF3D5D08EC1F4D4E85086B238CFFC11A
311
B9AE972CB775616C6D1DE04DDF073B4DE3747C41FBAE6072901CAD0237100670C5A00C2C3CE063610ED824826C1F6650700E88C00B62468903A0D71D3A390255AD7040048348C56C4647413C2C2561216E0C469203EF06A5B101AD40D0E207F78B124747DB5B4BBB4E88B1C373C114E0470B345156EDDBCE1B4DBDF81DBC40
311
0746B0B54E05F693707B89A5E430982C2AC7D10DFF11D5B102B9505034B35D07E8E5F585757F088B390F2D4C85CF7218E8418BB4F25B885053D07D5A908326809F31D6CC6B77CC948413B28664484439D118DBAC27DB5AC40C1AD166F25E6A2F0AE82100C0BF220405323E1FF80DFC518CACA8DE1003F3C9FAE9C7B2D60703
311
A0004F8EAEAD2DE0F5485452D15B77B4B67F4C2403B8D8F9C533558ADE058A9E177A1698F75DC0EB4C800F74C0270178C8579C1FACD025F0560844502D2BBC01E620030CB93636C1041636A693949CD80139FD15BE107F905590A292840F8860706D07E2970A2F15E5B13B87C3143CB2930374CC46A6F9B9D7A5CCCC14E11B
311
9E879A49FBE27ADBD6DA82410FBB94FAA8487D61B51F4BE0A03FD08743C31020D6628ED20305A22C2C2FAFA7ED1E7881C438AA5B9035F20759E243C51F34D0D5F02F11403B9E204CC1686C0B6C9000470561519CBE1B0E4FBEAB37A39EE4B84C05F023858779341991F36D9D9F351E7BB3B5ADF00148D9D05784F9AD8B037D
311
48C01BFA83D4247F03BB768BEEF973A14E610090D4B96B1EEC5C5E66928F28EBEB6CF578B067DD83086081579848E60DFC7684044D8174993C39F886043481F6A2B743B18749E52447CD4D230513032D20D20206E536E15BCF7B7D211634F98FF9986287F33F9A94615A5A0A7CACF8DF5DCC1AC6EF9AF1945EB78E0A2FED1D
311
A2ACC00EF983F9A012260BD722EF61C9DBCDD8719703ECF839029010CA0B9F100B1D2842153E01A1A3837AB579516A31982FD2908A09100DAE591016CBCD4B011A2F4DE299E1338CE065DC4841BF9895D8C81714800CD08F5AD39601BC929B55D291F6CDCEF2AB40DD5D98F4E6F107C47AEE4A09A079C05316F479DAF4C2BA
311
B83221BCC0CE23FE3D3D4C7BC9AB673D89A3677D6020F6E182332028012FA0FBE0B2668FB85485902A8E7FA0BA2105C213E20BC2169211A4BABA7D693C3F1DA961F203694853137073AD5CD25F1C017DE0477626D7BA55B88F83B5EE513C41D814639FD1BF759171F4577D3CAB0C3DFF68B2D3B1F8478C18F67BEBB2598FA7
311
6A4545E9E961BACF657E0791D2373030E0EC9FAEDD17BEA7703A738185D08236C407448A4CB504CBF01FF43859D3115488EA01B55078000DF085911805790DE1B41B6F8CB2889C3834FE02AFE07D85143C6C008438A944EA63E047023A7EF37E13B0903AFEA7BBAB9579330FAFDAACD540022980B65A75FBA17D388F1E6576
311
405CCE7032D95BDA420E7DC0EFA320879E5F8B3B04C1D2D9C1114210C19FCC49DC6A855E12010184DB8968109ED016E4683CD552A36B3AFA13BFC2114068935A7E774CD2C7225642B73325938052D8634ABC18DC9442BF9E0402E85B42F9F3273672DA8E8F1070405D1DC3248487574CD98092B8B956E6AFE1566530B78FAE
311
05B4A0DE51FBAF85DD075C7E11939F80E015A58D1F87E400CFFD2306C4D1D3C634380A201545A92BE01F445800BE12302AB477BD6F62600D211232EB061448A0D2B877BB940D63D059C37E0569A83DE93E214F4BD86209FF6F479C640AFF8AF6D1BFD987D029A94DB7C329B4184D4BB013BF912FB88FEEF913071A8D82B651
311
BC10DB067A7EC52FE1B421883144C00F64FA23A11CF708BF16CA59F18D4C04B8085964B2D8DA4A855187000BE440BC816FFB13374640B0EB1D0998AF38A1AEF503F14302E2811081FC12EA6CD38A63B33035125F40F170C0B0AA45E9FCA38FC6D688D48563B5C4B4B7C359D3C7AE0EFB16ACD5E2FAA47EF8307044B4EBE1C7
311
1E84E742D81431FB06B90B600B9C239E277A57C94C427EE10E7826980C0136600D916A06058CBE8604DB4D314FBC014EDAACD0820F14BF75449B70339490FE5A0491221BF95F949DF1235380E969AABDBE2D32EB4403D3FDF17F42F9A0A7C28ED75BE86BDB7C7EC80C76F86B8800F77B305EB88F00A4352E0F8089EF811EA0
311
2A3DF08F7DA008F803BE4B4EF5F41E56087099E920708C3D720916444440FDFA013D4E1201414123A09290F5BD7AB729298209C4306D007BB0829FD4EC3A6D7E4F00B67DF38CA0764F832F0448E58439B952CB4F70DF964AFA74CCFDBABBDF273E2FF4F56D3DBFF2A78D42FFF2755DF307066497F44062AADFC0CC546F6DCC
311
FECECFA232E14F408F05477D311B683A35BC245FCF8A5CD2AF20022C21022266905A5BCC8B20235D6FF04019CC04058AC80023662E25F342063165956320BE50370F2A657BACC817DDA3DDD3EFE04028645780A768FE38DBA88BF2EF3ADADFC7FEACA952E5A77568ECF0C971DF32BF1D24F8486B22A649EC81B1B60315CBEF
311
C026091CA45F858D7D04C1B437079431E63E38F880758842E780A9E03791C0FAAFE10012588C3C592FE35461A6047802BA18686887023A422A49599399893103942CF6DA53A8E387825FA0678B261F139F801E2B17C901D0F5217E07AC2401A87D0480F753FBED44FE949C93A1D042B879FCE499B3D861AEB23F9C1F372F0C
311
24D0B7D6E70FE1AAF60F84BAE642D82F0A9F53E22783915518494FDBC0AFAE7DA282E5050B703570E06319A015E00D693A6BEFFAE493941C3B08C13B96BD20D0115A9565701DC58568A3009DA13E965765C03091F0FF339F7309D44F6E61F837F1B1FF920450EB8FC48F9B40158BE89C81A597CFB0DAF5F5755D3886DC13D4
311
479599B583758CBF35663AA234F133F91D3BCCFCE0A794367F385C59B19431780F1C099131384056616E15A1563B50021D369C593FB292685A68A8B2A50A0A2085CF05434617E05FC24A6B077B990014421A68401AC4D65788EE25F737EB780D08A6E38F060F2ABD889E1B889C44852C2FF368C1E3E710D73B6589EA83F741
311
7B341ADA1F639A23D15298F087AD0326410E116C3A1B325218433C71AE62C07C1480F1C045629724A076A4BB8D622D24690486727F56108D07046DAB065000678E04C4F8C342DE27F4AC102D854F2D08D59B4ED0E4F697B0FF62F113646BC5B7F3131D4EA8BF8B265EA3F2026E7061B96F6DF3D993276B2180B8E570675874
311
28579460551049049B074CF8B1066C7E14C705F0B39298C0997C17F701097023BAC31081390196801FB0C2A12380042927503D5A01CA127F9841B460310639C674BC8CDF1A320501448E0068905B07F6E5602F8C1F07786253438CEC51AE61FDB25FF71B09893AC026A9EAE3F30F369F5D5EAEA5801FBAD3C98B38C13EE017
311
B054F81A56F05259DBDA64FE270B1FC4C77200FE276FE814B916E222575ED717A62A92956504605268408CFE13FD61F84252228376060206802B9550F00B9D47E6AF1022538A752CF4FFF1F5931384A9FF8700EDD4FFA2B93FCBFABB3EA6C607FF714B0B8B04EBBE83B52B246092AB018C0D0002FC490849F1E214AE6FC420
311
09D6D86616C835B65DB9862EFC4480C14137603C3089D0A5588FA27E693DD184131BA4E88C35045ACEF1CDE1A82323C20B842F2419604821196EE8185BC834AD44F8E9B7549A32900196E9ECBBE20FFB4706861AACADBBFD9B56A23FFD3AB8BFACC18B1B5AC0ECD7B6AE2E2E9CCD2BE8AF1B1BC3A813B94107E82DE67A42E7
311
CC7D4A6116700B5B2EE3C338A09B840F07C40A64800D7C605AC42B72227C4C7020AB1F20056E26F542717F56534261DE3766AC10A6ED2D006DD03BA9DBA507AE0510A8B385C92363B9154167F1230C40D76AF6F3BE0CA08F8BA2FFBBCEFB09D0986550E0F0EAE2F2780CDF850CB0F88CFC2815FE87BD83909F474F45DD47F1
311
C821DB2107A8817FD45384F57891B65F2543D0C1E20A89B4A8DF806862AC27C60F6A054627FD344250718AC0FA21CDC4E28DBF2650D1B39D8B8A420C348A4F846E2BE824BF8C45E1DB8EEB52F576F47A75FF95F90FCE0FD3A7A08D48D5B9AFBE3EA658E1676FE3372FB57F0AD8D70ED4AEBA3D4C2BE0AAF1C3AD63A6004D12
311
900CFC481A47430C9EACB390038642C8C41B13303166614210592736B8603AD4FAB17189DBB32F3915F0C380795A089A15228460BDE8E52203527D41B5470901B088D84FF8B3FE2BA7F4FD30ACAB3DE0B7E2FF95807AB0010FFDE3A048F7360F9F3FB9380EE537F16F8673131325D3351A3F664022020811A0FE8C019CA173
311
70725CBFF64132025DA1BE2555102212E80A907FB43ED80A991A8AAC183932C19AE17524B06590B6AD286EB99BAD18FF4BD64BAB519202F992A963648ED30E7521F909F090C0213E367A77D8836BEB6F34D92EDA624183070248351F1A079E5D3E7A9EE81F2CE6678F92E299EE312B6C0572C0A7B5EEE07853612403813152
311
C7125E2022A20C18F855DBAFA399817FC97FB6E1CDCA31D348434ACD0012F0D32A5456B4007E6E92D72B1A4E9971223A42C1042819E4049C0C5801300C0013FA48F8944FBAE71DAFC27F1826FA2304ECDF3F6C10FF47D5C7E49748DDD687DE8E91C09394EE0682A4F84CFD6067EEDF43E67EA46CB2F4070160439245F00343
311
D03BF25D7E2F26FC400A896DBF19FB8D4D0A66DA669C3D608F9CD048A0533621B25690EE19D5D15248E390F042B12C682511B02BFE3E5700E4C9A9B2107A8F45248FA48234FD23005ED1F4EFE80D1320836F04003BF42856D478D1DCA3ABEEE3C68F9F30C3A16E5C238EA5DE3FF37DACC2F8B7980033F47FAC34421EF0418A
311
045394802CE032D61C70023D788136788613887C0011A4EA316E005718AE191F8D0D841B9C679CD2FC478442D005429166F5A24403B1E6ACF3298F388B6D0BA933D92339D48969A5C11F09B4FF017A9900A4F887010C474717E10F36468032FF33F4AD610517777104CD920C3CD15FC5F3B3A0C75BBCA3B00F2724863C10BC
311
D4A0E00736C7981F2F72E4B001438B99714FCFAF713A2603BC710376A1715FC602022202E06FDEBBC680A3DF1C4C095A12C50B554FE7623B50374FB2129DDEA4C392C9188077658C87F55FF92FFA507FF03FC8DFD3F31BDAB46DD51AEB03F7E1B38B8B87CFF47EA1479C3EBAD5C6B382C221C0F1B358B39D76D9D3142C4A20
311
935F541E492E0EF081BA41B3620A8E172B584EA1485632E22A8221CEDAC6110AFA4B6D43E2B76A18AB240BB24337721C9321D2C033B2D3E2641A55A400A28403C12D1DADE39AD23FC5FC08C47A64DC3FF6DFF76B5235124022D7E6D6D5F3CB870F9F31C96FE477FAFE54100068A3A87FA5908A2C08011CF31309C10025B089
311
FEF9C510522B8DC07C30AA469841723A10C08E27F00F7FBC181C083F2809EC3B2B328E294AEAD5A071B3A95C81D2DE3F930372D022C9C793535B92FDAD5426E90490C3C81D000017C6494441544698C416520C1C40C71FC204B22448FD9303782FBA67089A1A7D4CE38E89050FEF5F1E078A4DCCFADA058032C34C1CBC2E12
311
02B1F8962B1A8024F0EB7A11F209E96FB369D4B64202FE7BA230AD24C46413536EAE955B341B726C593B5D4630C0BE822480908522B0D85430230352618DCD4F7BA6D568BF4343801480006658EA3EDCBFFA9702B4FDE9022163C43F9B72B58001A23FCE6F0B3FF0E4E1DDFB9801A6FC42FD0132CC1F2224F89933107AD30B
311
6C9131A53818AE944BE25A70810821C38F098411980E46D108F483DC63F49B91B852351604091D60546702F58A3872A1716411B642C7629C267E64E77719F46B0548FD6BFFFC86A38DBFADFCDF700228C124C8664FAA02BFB1F92B09800876FCE4F2D1C3FB4FD0A44E0106A8DB8079751CBF0BD9340066C3D52BC64706467C
311
05B5A54401BE4A1B0132A55EAC1CCCB10D378A3DFEB9812022327745EF2102886A9142C812A1A2C9708027BB55B7006357459F9C2080E0BC34489FC629510F3017B62D5073E2A2C64048A0A42580E413BA9E08274091A398EA80B5BF31C87BF5ECF8F1C5DDFB4F22AAC181F070AAFDDAE5650C4000516440D8806786D87421
311
5149E69ABEC43FF0EFC820FEA112B0522003C84BE03FB76623513B6D840820358B084119B0CEC8C00AE888826339A54091F5FCA513AFE147975BB1A86FC50618D9D74502F0C7C8815AA306602FEE3A5E79E0D7DED1B221001118B73182CD439A092FF801105D1AA14E1918EC282F6260869D55108065988BD67F68E5581720
311
A708051F7C8070F582389C682BE53F2AFD85853F2A013D21564028E06E79B7A71E43212180A81541EBC88F451E02385100491AB0C4A3BC5309A95911E66D04C0B448366988ECD204C2FC930F8CEE8FA410EE4C25B58DD1B6EBAD83F6196670F7DE635282C0A56A851AB035831725F0471A10FE52097089C804958041003184
311
05F0DFC2136004B4C40705EC9154315129205EC357930035688F61AC02188250CFA9A980233925F16A117A48CA54DAB6400221976B75D863330942E20EE3B00B08FBB71AA813B0E502FD2B023DF70114E0D7DF2E2EEEDE7B789504200112075478F2FBD6897835C91F0C20782401E801A2F9142700B74805703426023A81CC
311
0BE88B537D0003E0C5181D29EB8D83050964DD2580910A1E7A8138F76253DC01DC2F3824391AD748276C0B0CDF12366625D038603D0003E0266CB42704C8CE7FA7F11B4D59C0BF454A78F8FCF1E50513715D469607031272358F04E0003C90107223A581218F10008B10247CD20D860FF0BF48801040B36180814871476402
311
8EAC137E871501EFDD97C89B52107FF1235B0928C562530082573CE137840EFEF82A0BDC602736C595912FBEC69E6A3A26903B3A300C5A098A9E3F1810CDFFBA019D97B4E7A7A075850F2E92569BD960CA7B8304995FD006FC4213BB1448A6F4BFBB3A9F9FC4962D0A1369129B10073771FEDA38B1737B663A71C088D88480
311
27FC3008DAC4E4397A6F76271DFFFCF77D6BD7F1F67DA51E0E08875A6BAFBD6BD7AE52CC04A0B4A2206F650EC412841A48258258E8662C3838FBE21E25172C2A15A4F78D82DCF68A005DCF07047C183E1CE47731BBCCB5469D9169E0D588945BEB637E87802A03D88FB82486210D28FB3B858D13DC7CE75F5E6F3B03C1744D
311
30CC58C7C7A256146853A05243060B850072A7010CA47CFBF9A1E24F414037B8781E8E9F219A774B36481CB43E48A79819D638C8760D672FAC19FB9D3FC5EA9158DBD0159C27860409682E8FF2595652FE189D2CC2D7C023E944158355806FC320087CC74116030CC376C559C098B93A041C5DDA48AF33827D2327DC761D19
311
C17CC62780D82A170E6CE7415A5E7FE825E053048F88D2AC2A561CA4D4C60098DA28EF1A01382772484698F60C8DD24BF396EA76260542810A625978C03580A9CAB91D10249BE579B0377A3DD15749A45F24C4D81FF3D7D7996F6A1690288008C0FF6CC186DA9D5FC95BB09B1301004B016E707FDFED306A1BE8FA208828F0
311
0BF342186839839F1F6FA338DC5A0200FF383DE92614C03A4508DA18F4D85F9354F7E867AA77A42FF49BBE6757A1A7454448D0BFC3C220714FE43A3D8F1547BE10F0BC5A05985AC3C28829A06FE24CD062700601F4AF12AF99099B08E7071DC4626A97C920C3FF96E190C9D1FD7CB6163E800D79E5F3F10A9306C02B799E80
311
F1AB380E0571A584C0370A220C3125000B500900D96FEA40409F980E2083E4EDF4D8D2480AE5667222E020BCDAD4EF19682120818FE18EC7FD6AAD67C03F7DF1955E697456F517AC4F24700C30171C67E9168B109A4F60AFA60F98BE30941BF776DBC7C70792A2FBE98AAA97224F8BEA39B47BFD14A8CD03320DA2B676E3AA
311
397E652E30A42CE2987B7DA1EF7F75242413800A04C0270C62A13372400B435ACD84B8B5009208F5AC73EB149FFF3508E21C2201E0338BE07E50EB47E7FF6D97724A601028C5519073E7978EC88834410450E074DD58AD13A4900103A6444A9CB99103229F0EF8C0C78161EBC68137240734CDCFC349807851E0EB46CE864D
311
2E405ED341B71A390CF2DE20CF5193189E1901E866D0230409684B193D17E2928534D04240937D3C84477494FC5E0FE0B448E35AFC19007926C1C6A6E622FDB8A12E30993C6710E070397C4B26304C0AE38218D19F01FFB15BAE1C0E7E74DF75F2406E373C414E848FF8E500EFAF3C1029C9C0ADAB2313A7426CA9B2C1B9E3
311
0032C84EF31A09A88A386F136E8C2F1D582EA0459207015F10F1F001F0B1B7DF7222011EA2001F00BFD36BAEE0850928B08C077030FE3806C880EAA74BCE0863A952812E6008B3A89199C1EE918AF96AF583F1A073B0A355B9D861AF1460DCFB3BFC6B7EFDC834B09700CBED3510E48DC7129041C991F06BA5006CA6B5B34E
311
E21501374E8DFC910042036111EC9C7CFA1C05D48A7270F7F835BF04A4194DA4CF76CEC66718C84CD020D04C412AC848F03E3C61A1C8D50D0EA6838A00376054D3DF61A0E393E1F8B058A6C994093476D601A4A06F0CFD3C0A6BFA910E75CC10400A80FDA93AC9B5EA4303F6C0D188B559086091CC5910137772E14F2376D0
311
3181B5CFE74C0EA38440D0AC256D6C4D104CE05302FCC00B60B9CD4D71E08BD40C144A025E60D4C1F45FE846A2105D717EEA84808A5DD90A168E133640311CF05DD870768683F5D2F1800F485AEBE5CABD8FFA3C0BEB33702493AEB551B1EB035EF5C8E5757FA7832141F88E8578A363802B560007AF93D7D470B478C4D00B
311
412D634C9140C4F9275C00DCE8DFE3C7F8C0AFBC5B2CE82E3C3BDF393D4375D50C43CD1C17E3777CD2C170725B7B42B41DF15BFC344DAD089C1E9118522B4A2C60B794E4E8F33081BB7C8CFCEEA0B2015E49D586429C6C78646180B7710E06018A3082243C275F077FBE412C17DE80D3E6B9462C5204C5D980D1DF84A86440
311
1C483CD01B143F4A4868087A0F780F37230200A4FBF6AED325114C367C22512750A5C7C3E32D545CE20A0904183BA10015DCAD89864B3E1EE97EBAE8B204266A48E010511838E2FE413FB116E60880C2D8440AC3880DDA6DF6618C138CF1CB2A09637E18D00F80CB0DC05322E31EADB8081C29410903F06BFCDF5AB46024E4
311
A75828056440503C707856EF0C037623DD4922A400E8A6BD75E4D2800905F18450A00CEE88860C8964C7B3F90F56528BA18F71CFBBBCD2D05797E168FC37DB26DBE0DD2EAEF39686C18440820013C1444055402A541400DD362A0A402F1FE51246404E098249FEE30708C10CA0B54601053159480C00BAA9B1223A773234FE
311
72FD5C3BD81804D8D196FE3D5315A0C981D88D04FA01DFC185CA93F9120E1F480B08063364A0A318F08DF95056E4C91F1150D31B011200383502E079EE43CC18603AE2F88FD139C802A739F208E88D06DC78267C448C27C4113C19B0F51B0E9C1C021CF8F9167C6B1F2E10E461002910105D1042792D1CA303F469714C018C
311
23D72179E165049C40E801CB96CF334562E5807291D1E0C70FE6CAD91656715F0E5C5E70F8D7F83290549B1BAA6F781D25180EBCA93EC84E72A74081CE3020789B3790E1A9E478E658C099BECFF01E530E80EC5FE31204ACFF70AF8177A03059240CD074978A002A878BF883FEEC81DD684E406CA630ACFDE87292822A1195
311
3710F000885D6F68A67ED40CD772B0828359B753F7CE23D9479AB9845771B389D6A77130F8C134EFC83947392029B10E4425440A84AF0E54825228FC1634D369874739C837A9DDC83C20D320C36042610ECDFA750303710224D01202488012CA847424F8D53F78AB6BECE9B3B35A7F32396AC6B7444566327DBB4DF06FD961
311
6744F4D3A397EB3B0A3FBA8D763702883ED742FE5CD24146D8E353ACCF811C806AE09914D8446E93840FF4D6C963FF32BFB6AB015D1D3B0C9A0968776F021F21404B6260CF84A14F35180CE20B5E85BDA2EC91FD5A7DBA7E5705F4F0F97AF26CE18E3BA078138202400A62930FA6CC7882F911A92F33E547E64990B0F27323
311
D73B6222863F86425153FA8009361C675554C25382CE148420C8DCC47A20122806CA178A0918C14CBD33440289078A00EC6070184CA9907FD0A1270478E0B325B67C2193694EDB7DD0F3C238447C8A11485562FB4902134E6AC952FD5320A4F7C780882DA9684285CD81D278C0E8FF8DEC9F45D22DC3C2CA99C27281108887
311
99575B6834BF22B0F01EDE72D7F21B672C40F0A972999E2200B7C91403F9BB3D09C01990819238CBAE5E7510D7D57450507E3DB04AAA0A3C280064E0775380C8C16EEA4834346A04BF0CE847B4B3AF760D06D24BBB267C32E2C9257DE5EB748AD101AF1FD33265E2B674EED8C01A0AC901392211011AC810560F77778E85B1
311
3BAFE3E25C95B70919A4862C15928BD8989664AD8638101D009A80F00BDC41AF27602A4BDA0C077E550048E7F1011410F01405045E1C140B4D0E70E0F6E034171C3D6FD12004FCC1FA304312518910356628A4A326EC9ADF5DFFD1B2C0399503F14B4F8E3E0E4E39A06ABCB56A8014687E86E462BDDE5124615ECDB412B731
311
4F62E6E0C76ADEC0F717B360E741960104CF1706CFA18E0605004B01AE007869B095ED92144A807841EFF2811C047889A04901C809062057192688C92346F97F279449F89B113500BAD282D1DA80A55C27EFFE02C8D4F395003F285B617BBF0831F49B055342DDDD414378E8888E92C16789F269A27C9A221FAA4A0DFDDB9F
311
935B2ECC04DC51481558A69301E0460B02665AC4DD30C03D480866C3409400051811876014C0F294C542821AB045011A3E3F09001FF304E3A0BED05CC11A811B865001769507FC01ADC611F400CF68C7B093606E30F3C7E0F00C1D10C31951C1E2D7252181DA00345842A19130715C736EC9ECE686A712FDB31E4D3E50AB33
311
6E5666D7B212C0113C4A4406029709B43D0228F3FBAF49921B19CA0C82A2D5BC4A2079809240F37D3E10F9637607C3983F0458508A98B8B4EFC92AC13530180CF55359500080061DF59B98BB3FEACEE881DC8127F182A885A86FB12B43C590A4380504E32305E3148BBEEB2D2782029765428092545BA5C2C681FC5F8E869C
311
0EE1034A822FF09A12C94084505AA868080303473F8161F7AA0A6610745E280BE4427FB770106F8800EADABA19F453210435BDB2348471B13B65F2FCB554827632C4C44467333E4127095D22092ED492009930413251B5408345065065E415266E20279A40B3F520370BE2050C8360E6BB4601C1673B9BFE007EF5200B6483
311
CD195400A783E6DEA0653515B0FCE8E86D1618FC1EFC15C2E727F24F2A2DAB57326D8D0877D4E298894E7A0C3C7D9CE8A0E2D17AA2020FA1097D6372F2A9F955060FDD467AD0426368C24A8340FD0D6687A76316DEF5179ED9042005A2BF02A5DD810A4DEFA4A8F700EFC50FF4FB8C06410F0303C106ADF8852ACC6A2CA904
311
6E9ED070739339857222CC009E206479886EA26227BF7A341A15C351A8404A6C10080A2140FA4B4E8D9B9A11645899332363FD69887F436A660566964250FD752E787B64BCF8E6C8190DF8EA0C854C062D8A5A1346F810414313E606ECA0AC3A01D6928544029D5F42E202C0CB386F880F7842A31287061F32F3CBE09F2950
311
783394F2F2B23D85386C6F51943E99DD10C8A0000BA9569A14805693274BD0E4F4DC3F28E331EEA91C4F33ABE057889BFB92819187840A08E57A276A8BFCB75B0342668C70C565C8059996D209C2800941A21FB82B2F520BC2E6FE6F1A8827043DE17000DACC8193E78BBB8DF1467978C06F6AFE986123E3A95272CAC12204
311
6F4C65C4B88FED2F1CD1D918F7CDBF8903BF1A90057D42F4DC133AF804ACBB58446A0DB78806FC053FA1E45D0AF1112613CC0DD976C5E70AD3282F42725C0D02AC8588DE451B1C01ABF063E7748A3882F0DD484BB78D037F9812240EB88B6034C0AD53E5116D4C6D920C6A89F084E6D0598AD7EB6930CC7B293E27A666E5CD
311
FE9A3FA52FEB3C97976FDAAE9A60008FCA6B33099CF9880D35D419FC687D424378E3099441E110C5B3C6DC311E6653514A67A530D863326C4D8430E0C28024803B5B069B0E60C10EDB6DF087034171DF01F1F3404B27B1056D8C0E56E7CA6056E7798147BE4C2F01CED5987E413AC6A724876DE3F599E0601CE7B9CEF3BEB3
311
671E12DCE8AF9631B8031D3F360B6955DC2342B2A0E4632A00264C0DA002220CFEC3E10D9BADC8904D88DC51928593AA16C91DF6FFF82B3234404C7214D0F8608E0052283EFB2B0563F1D072936C4017706010BCF1B16CDE0C1FA9C777E44E1F5259B0C9BBC8794A82A6C182A3AF56B16921405351FDDC91B5BAAA617860E8
311
D76C97C377FE701A4EB4378FA97C2C8E3CC8950886C6FD93AF70A1F5F676B7ED16CBC56AF5D09110EEB8607CC08A795882358280DDB98AFFE7087C6EB593D62F041CDB4018935238E73F1098100D0C8769818F777057F64C703C6530E142FDF5C837AE1CF66C94C4887D3A3726AB990DEA248F73B5D32C8E04F6714B1E67C5
311
3FC52040252E605B322407CBF8C7F05453462A295ABF4D95592DDD76AC23512E9A2DF964715C80DD752CA8E263AC36F02C3C28A133EB22AC8D099BDEFDE28C3E8FFEE3815D5D00C17C00511058354D62443C1A546280E43572A9C661A34FA5891F8E7570608C8DF21DF51DF9D2A84D4501F41B8CD4F4C9DEB2F901E810C0E4
311
CEB6EC08DFB06341C864CF8D0EEE779A606545E1E64AAF30A4324C20FDD3BD558BD966BA994FA915CD162B1978642AD01694E533EC190368A68234657085B5F88E27A0805E04B8BB6A00A51646EE3C10A50FF007FF410F1963CA69BE2002F0F902E701AEC995FD41F83A3F0C3809A3288A083003A6CC2A20E6D703EE48E377
311
7AC07ADD51EB6101603A9FCF17B3D5928F6D742EE7E4CF38AE2B03C5FB39C81D7B2978FAFE85AF3D2710B0582C970F0FEB0E4D1103B8BE2B4D560CA10002FC8F334C891C07B44FE06B2E3ACE5E1E2D1FC32203110ABF9CA0E8381F68EC3C06701328E5A38278A5FCD944CEA5283DA933DF2A2448BD23F1C5D8BE04CC2DC3B4
311
3B3EEC29F8B5FF926D11D3E97EBF7FA1BD1E5E5F5FE6D3D972F548547783146ECD84873F377C5820F7F9FCE5E07378D6CBCB7E036DF7F7104079A05B77C6942D1BA95D47424BFC3DB6411009A42E207871B7EE9B06614BBD20F22F7523FB985F3F7068E37600273A3ED0C1CCC380F6EC4AF01CC1CF95E4848B7BF950AD14C4
311
4F10460221E02D21D01DAE800F323704C00035DFE97CB37F797D3D1C0E4FBF35EE1E5E9E0E879FBF3DF6F474780A01FB3DAF01FE0C0798218007C2090A3008BA7682A338F4A8804A06CBFE6A80CEC766F49853F15B2F45FCEA3F8250012841315016E75E797EFEEC4ACA6C79F515CF1738F7C36E2406071051043817C9E8C5
311
888D49D0332E800062FF54FA562BF7446CC0BFDFBF8603D1FEFCC9F7FFB5A7F000430755C2D3F72F2D02A022820897ABDD44594475BDCCA4A10AF34C06B08B4AB58BBFAE30999DC66C7CE903A83CF8EB006EEEAA063430F84B05F0ECF644825F5E95073870E72A0771AB89B080022A0C5A9FAF34C89286257FB7BEA000EC65
311
B59750C68E0815B0D9834B15606328F80709DE09018AC2A7817F83F96DB3D562C10A0A31300230CD4200B87F85808BAF64D04600254047F9C14DE93464009E7F5AABB4FDD6D55142A2C0BF1541FCE19C20C899BF4F76AB54B84CB97F88F48ECC029FD253F0C70DF4816B9AC94BCBD653B1A283C4001A0337955E4AFED3FB79
311
0B6B1F5EA0B5514074103A38D84280EE0F5F9BE974EAB2D16AB1EA969684B6E4166CA28264B300474C7308D20013B204A65F82970718D05678B3315D442E1C0A327E2F56556040C005D2FAB1326A68A07507C9E46A3648555A7080F5F50219A00E6222E3E0862CE95B5680930530742F1D041805E69B788161F015944D0411
311
82B861A2C17F3AF01CF5BFDF6C343F9171F5B004BF59C016719164B888EA206A02AD05E8464D06B48E4381A0E9345FD171625AC22198F57C003BEA5510F81FF78D31C9B033D0030000000049454E44AE426082504B0304140006080800B47E035D28BB58AF800100009E0500003D00000041443544393731392D443838332D
311
344336462D383637462D3338433334303942443043382F536368656D61732F436F6D6D6F6E536368656D612E786D6CBD544D4FC23018BEFB2B96DE15493C78601010A34B880709DEDFB52FD0D8B54BD70DF6EFED3AC0B12E6442E2716BFB3CEFF3D18E26FB440405EA8C2B1992E1C323095052C5B8DC842437EBFB673219DF
311
8DA659866649B798C078B48AE6410122242F2A4994AC7F93815DF85C049C8564CA0A901499DD886B2EB9B1E02448F358701A9235880C49A0119892A20C89D1B9FD768815CAD268CB5E0355B40B1E47F3E37A2020464BED06AA57CE8FCC20C3C3446D46761A2632A8C1283D07031EFF2AE7CCB1BFEEE916E406DFAC8E36FFD9
311
9A9D60A6944090EEDC3B670C7DC13DE86B6B2C5C240D6E503BB85ACD579D513F1B9F9A69DC9CC22AFA80C426D40AF0B21EA168559156B6276F0F726A6BFF04DCD513A87A62CAD41FB24FCB2858B3952E3D852084DA25B9303C15687973CC8E8AAE11DF2836C38C6A9E765E8C1BA1BFB1DC29CDFE518C8B5A7655A4ED7E7729
311
1ABEB80DBD82EC866ADE1B8D05AF9E35CF09D7A061F38A986D9EC412B8F0F65E5D81534D9B231D1E5A8FE577A241F3A5FD01504B0304140006080800B47E035D670136ADA9040000B41400003E00000041443544393731392D443838332D344336462D383637462D3338433334303942443043382F536368656D61732F4765
311
6E65726963536368656D612E786D6CDD586D6FE3360CFEBE5F21F87BD3245B0E2D90F4905CD12E1F8A0CCDF5BE0A8AAC24DAE417C872DAECD78FD48BE3D44EE3B5C3E16E010EE75A34C5877C48911A7F7E4914D9095DC82C9D44835E3F2222E5592CD3CD242ACDFAE22AFA7CF3CB785A14C22CF95624EC66FC34BF253BA626
311
D1BD488596DCBD8F2E6FC6335608B7F428D258E807664080A98384D9E75E22F16B2CCF05D32CE502359492C878124DE31DBE89612BB196A934605E44F272A5249F446BA60A11112D589CA56A3F898C2EE16F6B136C595C7AC3C2FF076D3D808BDBC824572211A961A8D96E393F7AF5806BEA91EDDFB1ABFB769EB08DE8BCDF
311
E27EF98E9DE0ABCE3BFCA1C54E8AE777ECE2BFFC92A94C87EDE6A9111BA1ADE75C74BF391275D33FAAC5FABF89F1D33C9836CB3225980B2A479BE96A4FB3D59F821BCF11CF1FC55602586C7191D99E2C9C0CF2B8A662E3484E59466361985485D7E248E7953C01F19DA23B9D256461B6E09C40FF02D1DEA98C19EBAFBA4659
311
184B7D47DEDF22E2F53DB017721B164F5B845961697F0C699AAC2410982C385725A6361A500F59CD848221F103A8C1A7CA84A55F407794695C905C688E69B111550ACA946B9B4785FC1BDE0E229240B62665328986D5B32C400CEDD88188F35AC25EBCD40836F47F35E5C0EA4B6F767B50568CFFB5665C505E2AD5EA8A9997
311
205F50A2350EAB32C9294B0024108429953DF32C4D812E226658F78A490408362A94987E6F787DFCBBBABAAEDC36758ADEE9B58B41BF0F35D87BB1E991E02BF0B513748E6C0AA2EB2CE56EC68E97585643D82DE284E51DE03E4E22B00738761F1E66E1616A03EE093B0327B6BB9797262B0DCD72C6A5817ADAC1C3C0A3909C
311
F6639B404D18B15CAF4B3C09CEAA4414BD5F0723F059ED37048E7A64271711EDC9C5230F58FBDA5DE00DA512CF04BA6671A0D201A83D2EC81D2EB552C7E5CD1BF9D6913567B2CD53A659AC362A2B200B440195E2ACBBD167A32A86F7874F7F00686DB55D163481DADE5E417E979BAD827FC6B2B0AD8A6AB1567038E466EB4B
311
10C4C2F3F71196A09260938125FDAB8662456EAD68AB2F7C1DFF709C874887B76A4355564F017256531BF73D7D754A40E23401DA38EFC907CF8D8E3C1E5E7505D8E432C60BE1EDA01E5166683F169B6EAC6EC046153F66C2BE0679FD3F407982ABFA28F92E0E457501938D96B12090869079360D3F947CA8BBC3D9FCE1ECF3
311
C676C9BE80EB67CABE004FC290F8E26BE6A0371AD6CE66781C408A1FAA8CFFA63DD93A94CD5E1F3BA6A3DFB05B34E1247BB3949E3C332105035203136EA14AE89FF99E3E0B3C4EFE65C581A3A3D2D0EE84EFDB22B49DA31A07059E69B81628A8ED1228B63E42C3D840C3C01F460D1F331FE199821B03F22CCDB6DBF074B495
311
66B12C3B3626074EA1B130B4596BDBFBB642A835954A9509E5769234228129889952870EEE13F494954AD7A27EAD09411BDEEC5B6B6AD752C11509F826EF4007E86281B1AE63750FD09DBA87A34EF4CE2A75F3E85960004EA6B519F4806609E8C91CD18380BD81691D9F2CB5730631E6DDBAFBC30E96D3E1D3D67EE8FB72BA
311
D92AD4C1FD3CEDFBD2681858ED6583CA3853294B80AF67AECFAC6418D08164D5FD1E52E8B546BCC77B87C6E9D1655FFD384FB26A28AADD82E04B9C64EBF78FFF00504B0304140006080800B47E035D8DFFFC99640100009B0300004500000041443544393731392D443838332D344336462D383637462D3338433334303942
311
443043382F536368656D61732F52656E6465724D6174657269616C536368656D612E786D6CA5535D6BC230147DDFAF08799F5FDB600FADA20EA430D968A7AF12D36B1B481349529DFF7EF9A85A718860DFDA73EFB987734EA3D16FC5D10E946652C4B8DFE9610482CA9C8922C6B5D93CBFE3D1F0291A6B0D26A3255464182D
311
920FB4233CC629881CD49C18508CF000E3EE309A100D61622AAB4A8A33B2483F11CB639C545B0E1508438C3D3C0361192846DB7ACD198DF186700D182920B914FC1063A36AFBEE8FBA03FFD3CC1D1F4FC9E151A2AF59F628C5B7821D83FDFD3489305080F2EE04BF962195FB285E9D2DD352320A9E827AE357594914E42B1F
311
5FE35F83688F60C4C91A6C946ED0668E8F244BC2EB0BA6E3BCCFC0B6A4B507F9F9F8D51EB315D9BA9E08D308E89F96931666E577837E2B4172199C68C4FE306156D47DF51C698C7B9D97FE5BEFE2190C3C38BB054E6E8163FB039CB4B993C80BF18D969203116D6BBD26238B821F9BB909AD6D9C71B85BCD8C33D66FEA3D31
311
B4BC0AD45BEA46BBEDDFEC0F504B0304140006080800B47E035DC7774A0051000000570000004700000041443544393731392D443838332D344336462D383637462D3338433334303942443043382F4173736574446174612F41737365745461626C654F66436F6E74656E74732E62696E536160607035357734723630D335
311
3677B2D035717472D2B5347134D075313330763274B4307074351102AACB4D2C492DCA4CCC492C28484D2C4ACC4B4E050A82012F90744FCD03CA26072767A4E6260200504B0304140006080800B47E035DC55C663656000000680000004500000041443544393731392D443838332D344336462D383637462D333843333430
311
3942443043382F4173736574446174612F53747265616D56657273696F6E5461626C652E696E665D8CBD0A80300C06F73E4B29FE6CDD8A2E82A083B8B7F209014925C9FBA3AEAEC7DD2555D896CB85E51C2A1BD834F6A1F56EC4494C4695278364ABB24ABD2146F88CCEBB89D5321FF8F3F43D672A3B44DF3CB6A1710F504B
311
0304140006080800B47E035D9469C1F838010000A20400003600000041443544393731392D443838332D344336462D383637462D3338433334303942443043382F4173736574446174612F636E782E786D6CCD94314FC3301085FF4A64893176D25254558E2B044B2790A818D8AECEA55875ECC8BE20F8F7D86D0650115387
311
AEA7EFEE9E9FFC4EAE3F7B5B7C6088C6BB86D5BC62053AED5BE3F60D1BA92B97AC582B19BCA71F182B1CF4D8B05C664AEE831F87A9D46207A3CD556BDC612ADEC788B4859DC5A7EEC13B42479115DA428C0D8BFA1D7BE030926F311E780B04BCE601A31F83C634894C8FD3241D10085BA666D5ECAEAC966535DFD68BD562BE
311
BAADDFA4C8A4923BEFEDC49BB42CF8E16656E9D35EA62A2932A0E418CC44E5D730F5974ABE334E8A442A19292457A60EFA1A52070C83351A289927BC26A4324108BD14275849915DF8E5C52376C699DCB249D2807C784E023190C12BF4E43FB597F766E32281D378CD8E9C6BBCBC0F2FC75FF47A8AE53137D79796738DDCB8
311
EE025911C77392A293AF8BFA06504B0304140006080800B47E035D8E853EB7E8000000600100006700000041443544393731392D443838332D344336462D383637462D3338433334303942443043382F5265736F75726365732F45353741324330362D333742382D344142422D393441302D4436303342314138304145342F
311
7468756D626E61696C2F302F636E782E786D6C4D90C16E03210C447F6585D4E32E6CD25451E4253FD1532F15659D2D0A8B1198AAFDFB42CB21A7B1C64F9667E0FABDFBE10B53761416314F4A0C182CAD2E6C8B287C1BCF62B86A4844FC808921981D17D16CA1614B5462B756BC99E29BEB5DB87773C380C9D9F7183631586F
311
725E44B69FB89BC914A615F37D5A0D9B699E12662AC9623DC06EC77EC026348CABD007757819D57954C7D7F974391D2FCFF31BC8466AF820F29D778131517C3A284B750CF51F05B2011A4A729D6A21847E780E645D6AC89C6AFE0EF14FAC9089D13B6BB8D624C932F25821343BC87F58836C79ABFC9551B575A37F01504B03
311
04140006080800B47E035DA233C2345D000000800000006500000041443544393731392D443838332D344336462D383637462D3338433334303942443043382F5265736F75726365732F45353741324330362D333742382D344142422D393441302D4436303342314138304145342F7468756D626E61696C2F636E782E786D
311
6C4D8B490E80201004BF42E6EE76F3C0F216234B883063108CCF170C074F95AE5473F5C4C06E932E4F28601967600677D21E9D8092EDB002539227A2FCCB80E1168D80A6417297A89C5D6963B7129A0D1E8F2EE73AA7B62BBEB8B27DE50B504B0304140006080800B47E035DBE89762363000000880000005B000000414435
311
44393731392D443838332D344336462D383637462D3338433334303942443043382F5265736F75726365732F45353741324330362D333742382D344142422D393441302D4436303342314138304145342F636E782E786D6C4DCC3B0E80201004D0AB90EDFD75167CCE820A4A845D83603CBE602CAC26799919AEEEE0D965E2
311
E908050C6D0FCCE04C8BC355404EB6198129C92351FAD580A10E464065907C8D948F8F166375F655BDC3FDC3B4E530A176BE7057BDC43B2A593FE403504B0304140006080800B47E035D72E682857E000000A30000003600000041443544393731392D443838332D344336462D383637462D3338433334303942443043382F
311
5265736F75726365732F636E782E786D6C4D8CD10E822018465F85FDF71826296D8083F2415CA263213412D7E307CD8BAEBEEDEC3B87F79FD5A1DDC4B70D5E405D1140C63FC264FD22206D3366807AC96308DBDF0D901F5723A060907C8921BD0E3499794CAE5067FDF380C3A553E71B6971D36986A9D21A5FA922F8DE9246
311
D78A1135D06C9C8A92E7D7CB5BF2F20B504B0304140006080800B47E035D82BBAAF60B010000550300003400000041443544393731392D443838332D344336462D383637462D3338433334303942443043382F536368656D61732F636E782E786D6CCD93414F03211085FFCA86C4E302BBB5A669587AF0E0C98B7AF28630AD
311
A4C06C8035FAEF85CAA14DBCE9A13778F93279EFC188DDA777DD07C464314C64A09C7410341A1B0E1359F2BEDF906E274544CC6718E982F230912A13290E1197B94906F66A715575361C9B788FDE6378D6EFE015E9B453294D249DAE542D190DA423352A2B3AD0080997A8A14CC8D6439BA023A80C86C8918F773DDFF47CF5
311
32ACB7EBD5F6767815AC9252BC21BAC6DB9021E27C33728DE5188A212E5805A458A26D544D41E4B93B5AFA10AC1052A41C4B0B8DCC5F7321D53C3BAB552E65B113F8C348C16AD88BC80F10205A7DAD992FECFD5BE8270806E26379A96895BBD6ECBFB9FC5B05ECB401E51BD48590DF504B0304140006080800B47E035DE360
311
3EBE7A000000C20000002C00000041443544393731392D443838332D344336462D383637462D3338433334303942443043382F636E782E786D6C6DCD410EC2201085E1AB90D9DBEACE05D09878023D01A1D34A8419C380F1F82DA68B9AB8FDFEC93C3D7C52546FCC12980C9CBA232824CF63A0D9402DD3E10C6AB03A3397DD
311
192872090D3406ABE7CCF5B5D18893ABB1690CF4DCF02282E5EA8A5BB96FFE536F285CB347F95BEFFE81C9ED5AFF9D5B1FB575BB00504B0304140006080800B47E035DFDEFAE127E000000A300000007000000636E782E786D6C4D8CD10AC22018465F45FE7BCBE1DA14D451CADE63343724A761337AFC3476D1D50787EF1C
311
317C368FDE36BD5C0C129A130164C33DCE2EAC12F2BE6006685022C5B8FFDD008569B3122A0625D614F3F340B35DA6EC2BF52E3C0E783517C3FB8663C318C5ADEE46CCBA7EC49469DA127E3344B3629CAB52E6D72B5BF3EA0B504B0304140006080800B47E035DCA1DF9C9A900000073010000130000005B436F6E74656E74
311
5F54797065735D2E786D6CA590410EC2300C04BF12E5DEBA70400835E500FC800F84E0B411AD13252E2ABF27A55740421CEDDDD9B55CEFA7A117778CC979527255565220197F75D42A39B22DB652EC9BFAFC089844F65252B2630E3B80643A1C742A7D40CA8AF571D09CC7D842D0E6A65B8475556DC07862242E78CE904D7D
311
44ABC79EC569CAEBA537E3521C16DF5CA5A40EA17746733E0B6615DE7217475F386F18B9481C510F1F021CD9FF027EA0E1F5C4E609504B0304140006080800B47E035D3DEE336E64000000790000001B0000006175746F6465736B2D64657369676E2D7061636B6167652E786D6C35CBC10E83200C00D05F21DCA56CA76D41
311
FC96062B120735B69A7DBE268BB7777961F8D5AF396893C2ADB70FE7ADA196782C2DF776D7A97B5933C430F15651E5469C55D70F80A4992A3ADC954792C525AE70A1E4D6AD9816CC044FEFDF01FE3FDE907802504B0304140006080800B47E035DCFD79BFDF9000000960100003700000041443544393731392D443838332D
311
344336462D383637462D3338433334303942443043382F4173736574446174612F636F72652E786D6C8550CB6E833010FC15B47703068786C83882903FE8A937CB38C44AB0911F553FBF76A0527BEA6957B333B3BB43CF5FCB33FB94D629A33BC0790999D4C24C4ACF1D047F4347C8CE8C5A63FC2F1A649A2FB2830403A3B3
311
3561DD2161B4973AA1DA4C7207B973D243269EB1E9C089BB5C78CE838F0CF7C8572E1E7C9639CE371EA321A86997AA29BAA99B9216D8388EE45A5E06D45F5A8208192B340CF80D61DC93B669862B6E1B5A2431A35E2D3FDB8595DCCB095855560D2A8FA8ACDFF1E174A84F047FD022311975DEC69FF7A5E93B607DBA7AE49E
311
D3629BFE710DEBF4BF6B50DAD7D5EEBA291C301C8F7C0D182D524AB1BC228C3525CABE01504B0304140006080800B47E035D823A32CDF40000008E0100006800000041443544393731392D443838332D344336462D383637462D3338433334303942443043382F5265736F75726365732F45353741324330362D333742382D
311
344142422D393441302D4436303342314138304145342F7468756D626E61696C2F302F636F72652E786D6C8550CB6E833010FC15B477830D0E4D22E32884FC414FBD59C62156828DFCA8FAF9B50395DA534FBB9A9D99DD1D76FA9A9FC5A7725E5BD301293114CA483B6A337510C30DEDA13871E6AC0DBF68501831AB0E320C
311
9C4DCEC66583A43541998C1A3BAA0D14DEAB00857CA6A6032FEF6A16A5882131FCA35C847C884995A45C799CC5A8C74DAAC7E4A66F5A39E0C330D02BBEF4E87C395044E950A3BE276F8890333DB46D7F2587965559CC59D0F3CF76E994086A045EE3BA45788F70F34E76C75D73A4E4835599C9990F2EFDBC2DCDDF01C7AC5A
311
D13F6E7119FF778BDA84A6DEDC5685074ED271AF0167554E27955774A9E624F937504B0304140006080800B47E035DAF19AAFFFA000000960100006600000041443544393731392D443838332D344336462D383637462D3338433334303942443043382F5265736F75726365732F45353741324330362D333742382D344142
311
422D393441302D4436303342314138304145342F7468756D626E61696C2F636F72652E786D6C8550CB6E833010FC15B4770306872691711442FEA0A7DE5CE3102B60233FA27E7EED40A5F6D4D3AE66676677879EBEE6297B4AEB94D12DE0BC844C6A6106A5C71682BFA13D642746AD31FE170D32CD67D9428281D1D19AB06C
311
9030DA4B9D506D06B981DC39E92113536C5A70E22E679EF3E023C33DF2858B071F658EF395C768086AD8A46A886EEAA6A405D6F73DB996970E9D2F078208E92BD475F80D617C2687A6E9AEF8D0D0228919F56AFED92EACE45E0EC0AAB26A50B94765FD8E77C75D7D24F8831689C9A8F336FEBC2D4DDF01F3F7307F6AAE265A
311
ACD33FAE6119FE770D4AFBBADA5C57850386E391AF01A3454A29965784B1A644D937504B0304140006080800B47E035D9D38B10D0C010000B10100005C00000041443544393731392D443838332D344336462D383637462D3338433334303942443043382F5265736F75726365732F45353741324330362D333742382D3441
311
42422D393441302D4436303342314138304145342F636F72652E786D6C8590C16E842018845FC5704741595737C806D437E8A937A2AC25BBC246A0E9E317569BB4A79E7E32CCF0F10FBD7EAD8FEC536D4E5BD3019C23902933D9599BA503C1DF6003B22BA39BB5FE970D6446AEAA0349068C2E9B0DCF439AACF1CA24D5D859
311
1DA2744E79904D8F78E8809B3ED42A73197C74B87BFE94D35D2E2AC7F9EE6334043D1F513DC7D7F44DAB0DB06118C8887A0179DF1248C8504221F01962CC495BD762C46D4D8B1466D4EBF5873E6D4A7A350356A2B286A881A87AC3A7CBA9BA10FC4E8BE464D4F92DEE7C40D376808DA7332F7B54C3EA2C1A48B810B0251CC1
311
A14695C0BC417C24B4D8837F80E139FF0F0CDAF8AA3C807BC20186E3FF5F178C16A9C0385EEDC699CA66DF504B0304140006080800B47E035D5B8BFCA0FA000000960100003700000041443544393731392D443838332D344336462D383637462D3338433334303942443043382F5265736F75726365732F636F72652E786D
311
6C8550CB6E833010FC15B47703064293C8380A213F50F5D49B6536D44AB0911F553FBF76A0527BEA6957B333B3BBC34E5FF323FB44EB94D11DD0BC840CB534A3D25307C1DFC81EB21367D618FF8B06991633769060E06CB2262C1B248DF6A813AACD881B289C430F997CC4A603273F7016B9083E32DC3D5F84BC8B09739AAF
311
3CCE4250E32655637453378516F8300CCDB5BCF4E47C3934A469868AF43D7D21949E9B43DBF6577A685991C49C7935FF6C971685C7117855562D29F7A4ACDFE8EEB8AB8F0D7D67456272E6BC8D3F6F4BD377C05FD19960253A56ACD33FAE6119FF770D4AFBBADA5C5785034EE391CF0167454A29966784B1A644F937504B03
311
04140006080800B47E035D66A7D0E5F7000000940100003500000041443544393731392D443838332D344336462D383637462D3338433334303942443043382F536368656D61732F636F72652E786D6C8550CB6E833010FC15B47703068786C8380A215FD09E7AB38C43AD041BF951F5F36B0395DA534FBB9A9D99DD1D7AFE
311
9A9FD9A7B44E19DD01CE4BC8A41666547AEA20F83B3A427666D41AE37FD120D37C961D2418189DAC09CB0E09A3BDD409D566943BC89D931E32F18C4D074E7CC899E73CF8C8708F7CE1E2C12799E37CE3311A821A77A91AA39BBA2B69810DC3406EE5B547976B4B10214385FA1EBF208C2FA46D9AFE86DB861649CCA857F3CF
311
766125F7720456955583CA232AEB377C381DEA13C1EFB4484C469DB7F1E77D69FA0ED8EB7AA7A3C536FBE31996F17FCFA0B4AFABDD73533860389EB80E182D5246B1AC01C69AF264DF504B0304140006080800B47E035DE1EAAB9E03010000D80100002D00000041443544393731392D443838332D344336462D383637462D
311
3338433334303942443043382F636F72652E786D6C95914D6EC3201085AF62CD1EFF613B24C244ADAD9CA0ABEEA899B828315806AA1EBFB876D576D7AE408FEFCDF066F8F97DBA276FB8386D4D0B459A438266B04A9BB185E0AF844172167CB1D6FFC0203172C2165619041F171BE65D1AACF16856D55885BB289D430FC970
311
8F9716DCF08A934C65F09170B77496C34D8E9816E9C609EEF5F4651D16941E1588322F1B923392D3A7A23ED5F45415CF3C5B49C183369E967B339C5E502576F63112889AF26C7B8E58D06A87B48A9FD4578D0B8887BEEE8F87E2487AC628A9BAE6425873B810CA3A5AE5C7C73EEF582C12CD823BBFC4D1EC45D621FCD5BE19
311
7F450BB3FA67B4CDE14014DFA1B275CE82679F4B88E7BA13F101504B0304140006080800B47E035DEBC964C807010000B201000008000000636F72652E786D6C8D50C172832014FC15E6DD515063930C9289317FD0536F548865A2E00866DABF2F443AD3DE7A7ACCEEBEB7CBB2D3E734A2875A9CB6A6019A1140CAF4566A33
311
34B0FA1BDE033A71B658EB7FC9001931A906220C9C0D8B5DE704F5D67865226AAC540914CE290FA81FC3A301D77FA8496462F541E1EED92CFABB185446B34DC799D7D3CF6ABF28E195045E90A2C6648F49F94A77C75D79ACE81BCBA392B375D532596919DCF54DAB0578D775D5955C5A7CBE1C2A5C555D81DB96BE604ACFD5
311
A1AEDB2B3DD42C8FCB9C39BF843FA72321A7474E3CA22FCB378AB3776BC72408A124B266FC024E581E893FA1D759FE23B436BE2CD2C16DC301A721D09308C6B1C1309EF58619DBE6DF504B01021400140006080800B47E035DA9B28B591B010000A80100004F00000000000000000000000000000000004144354439373139
311
2D443838332D344336462D383637462D3338433334303942443043382F4173736574446174612F446566696E6974696F6E4974657261746F7250726F706572746965732E62696E504B01021400140006080800B47E035D3382FB45000100003002000045000000000000000000000000008801000041443544393731392D44
311
3838332D344336462D383637462D3338433334303942443043382F4173736574446174612F496E7374616E636550726F706572746965732E62696E504B01021400140006080800B47E035DB5A795FFE3790000DE7900006B00000000000000000000000000EB02000041443544393731392D443838332D344336462D383637
311
462D3338433334303942443043382F5265736F75726365732F45353741324330362D333742382D344142422D393441302D4436303342314138304145342F7468756D626E61696C2F302F67656E657269635F706E67504B01021400140006080800B47E035D28BB58AF800100009E0500003D00000000000000000000000000
311
577D000041443544393731392D443838332D344336462D383637462D3338433334303942443043382F536368656D61732F436F6D6D6F6E536368656D612E786D6C504B01021400140006080800B47E035D670136ADA9040000B41400003E00000000000000000000000000327F000041443544393731392D443838332D3443
311
36462D383637462D3338433334303942443043382F536368656D61732F47656E65726963536368656D612E786D6C504B01021400140006080800B47E035D8DFFFC99640100009B03000045000000000000000000000000003784000041443544393731392D443838332D344336462D383637462D3338433334303942443043
311
382F536368656D61732F52656E6465724D6174657269616C536368656D612E786D6C504B01021400140006080800B47E035DC7774A0051000000570000004700000000000000000000000000FE85000041443544393731392D443838332D344336462D383637462D3338433334303942443043382F4173736574446174612F
311
41737365745461626C654F66436F6E74656E74732E62696E504B01021400140006080800B47E035DC55C663656000000680000004500000000000000000000000000B486000041443544393731392D443838332D344336462D383637462D3338433334303942443043382F4173736574446174612F53747265616D56657273
311
696F6E5461626C652E696E66504B01021400140006080800B47E035D9469C1F838010000A204000036000000000000000000000000006D87000041443544393731392D443838332D344336462D383637462D3338433334303942443043382F4173736574446174612F636E782E786D6C504B01021400140006080800B47E03
311
5D8E853EB7E8000000600100006700000000000000000000000000F988000041443544393731392D443838332D344336462D383637462D3338433334303942443043382F5265736F75726365732F45353741324330362D333742382D344142422D393441302D4436303342314138304145342F7468756D626E61696C2F302F
311
636E782E786D6C504B01021400140006080800B47E035DA233C2345D000000800000006500000000000000000000000000668A000041443544393731392D443838332D344336462D383637462D3338433334303942443043382F5265736F75726365732F45353741324330362D333742382D344142422D393441302D443630
311
3342314138304145342F7468756D626E61696C2F636E782E786D6C504B01021400140006080800B47E035DBE89762363000000880000005B00000000000000000000000000468B000041443544393731392D443838332D344336462D383637462D3338433334303942443043382F5265736F75726365732F45353741324330
311
362D333742382D344142422D393441302D4436303342314138304145342F636E782E786D6C504B01021400140006080800B47E035D72E682857E000000A30000003600000000000000000000000000228C000041443544393731392D443838332D344336462D383637462D3338433334303942443043382F5265736F757263
311
65732F636E782E786D6C504B01021400140006080800B47E035D82BBAAF60B010000550300003400000000000000000000000000F48C000041443544393731392D443838332D344336462D383637462D3338433334303942443043382F536368656D61732F636E782E786D6C504B01021400140006080800B47E035DE3603E
311
BE7A000000C20000002C00000000000000000000000000518E000041443544393731392D443838332D344336462D383637462D3338433334303942443043382F636E782E786D6C504B01021400140006080800B47E035DFDEFAE127E000000A30000000700000000000000000000000000158F0000636E782E786D6C504B01
311
021400140006080800B47E035DCA1DF9C9A9000000730100001300000000000000000000000000B88F00005B436F6E74656E745F54797065735D2E786D6C504B01021400140006080800B47E035D3DEE336E64000000790000001B00000000000000000000000000929000006175746F6465736B2D64657369676E2D706163
311
6B6167652E786D6C504B01021400140006080800B47E035DCFD79BFDF90000009601000037000000000000000000000000002F91000041443544393731392D443838332D344336462D383637462D3338433334303942443043382F4173736574446174612F636F72652E786D6C504B01021400140006080800B47E035D823A
311
32CDF40000008E01000068000000000000000000000000007D92000041443544393731392D443838332D344336462D383637462D3338433334303942443043382F5265736F75726365732F45353741324330362D333742382D344142422D393441302D4436303342314138304145342F7468756D626E61696C2F302F636F72
311
652E786D6C504B01021400140006080800B47E035DAF19AAFFFA000000960100006600000000000000000000000000F793000041443544393731392D443838332D344336462D383637462D3338433334303942443043382F5265736F75726365732F45353741324330362D333742382D344142422D393441302D4436303342
311
314138304145342F7468756D626E61696C2F636F72652E786D6C504B01021400140006080800B47E035D9D38B10D0C010000B10100005C000000000000000000000000007595000041443544393731392D443838332D344336462D383637462D3338433334303942443043382F5265736F75726365732F4535374132433036
311
2D333742382D344142422D393441302D4436303342314138304145342F636F72652E786D6C504B01021400140006080800B47E035D5B8BFCA0FA000000960100003700000000000000000000000000FB96000041443544393731392D443838332D344336462D383637462D3338433334303942443043382F5265736F757263
311
65732F636F72652E786D6C504B01021400140006080800B47E035D66A7D0E5F70000009401000035000000000000000000000000004A98000041443544393731392D443838332D344336462D383637462D3338433334303942443043382F536368656D61732F636F72652E786D6C504B01021400140006080800B47E035DE1
311
EAAB9E03010000D80100002D000000000000000000000000009499000041443544393731392D443838332D344336462D383637462D3338433334303942443043382F636F72652E786D6C504B01021400140006080800B47E035DEBC964C807010000B20100000800000000000000000000000000E29A0000636F72652E786D
311
6C504B0506000000001A001A00210B00000F9C00000000
310
504B0304140006080800B47E035D000000000000000000000000370000006662782F43383730344445432D323537392D344333372D393234302D4535373044313342364434462F617474726962757465732E62696E504B0304140006080800B47E035D000000000000000000000000350000006662782F4338373034444543
310
2D323537392D344333372D393234302D4535373044313342364434462F76657274696365732E62696E504B0304140006080800B47E035DF270F1330600000004000000360000006662782F43383730344445432D323537392D344333372D393234302D4535373044313342364434462F747269616E676C65732E62696E6366
310
60600000504B0304140006080800B47E035DB5A795FFE3790000DE790000420000006662782F43383730344445432D323537392D344333372D393234302D4535373044313342364434462F7265736F75726365732F322F305F67656E657269632E706E6701DE79218689504E470D0A1A0A0000000D49484452000001000000
310
010008030000006BAC58540000000467414D410000B18F0BFC6105000000017352474200AECE1CE900000192504C5445818181B3B3B35A5A5A4848486060605C5C5C6464648383835E5E5E6262624E4E4EAFAFAF4A4A4AB5B5B54C4C4CB1B1B1858585B7B7B7585858ADADAD7C7C7C464646787878ABABAB747474A7A7A768
310
6868707070B9B9B96E6E6E6A6A6A8B8B8B666666545454565656A5A5A5505050A1A1A1BBBBBB8F8F8F9F9F9F4242425252527676764040403E3E3E9B9B9B7A7A7A8989897E7E7E9393939797974444448787873C3C3C727272BDBDBD3A3A3A6C6C6CA9A9A9A3A3A32020209D9D9DBFBFBF8D8D8D9595959191912626269999
310
992222222424241E1E1EC1C1C1282828C3C3C32C2C2C2A2A2A2E2E2E303030C5C5C53232321C1C1C363636383838343434C7C7C71A1A1A0E0E0E121212484A484C4E4C1616160A0A0A4A4C4A787A781414147C7E7C9193915E605E464846838583878987B1B3B18587856668665A5C5A626462818381A7A7A5A3A3A1B1B1AF
310
ADAFAD7072705C5E5C9D9D9BABADAB7E817EB7B9B7585A58BBBDBB4C4C4A8D8F8D747674B5B5B3B7B7B59FA19F606260ABABA9A5A5A39B9B99A9A9A78F8F8D6C6C6AC7C7C5451AD12700002000494441547801DCBD89771BD7B5A70B8EE04C702641712605CE034890E220088028C93245451215B713AF388E7DFD9EEDB8DD
310
CE6ABFF4B57D97137BE50FEFEFDBA74049B6AEED74869B7E87404D2814EBB7F76F0F67A8835CEEBFA0E42B854AA5B2BB5B6BCC951A8D52A93657A914FE0BEEE39FFE2FF395B9B9C6CAD2D4C4606F4B7FFF8D1B37EEDCB97587F7CD9B4343BD134BABE7DB48E3FFA7A228ECD6F6574E4786C0FC8B5FFCE2CD5FFCE297BF7CF3
310
CD5FFC92B52FFE58BFF9E69B776E0EF5F79E55CBBBF9FC3F5D3DFFB07F5898ABAF7CDA3B74E74EC0CE20230561BF096E97E05712BFFCC59BC80539DCE83DDD6E54FE61B7747DE17FB8980BBBFB2BBD4337DF487881AAE6C5ACC6AF25207877B2B527BFF1CB3B77FA47561ABBD7F7FA7FE146A5B6BD74E3164C7F51449AE95D
310
B412200EC539418717E7F2F11B376FF62E95FEAF1442BED0581DBCA1BD2780D23F506AFA16E1A7AD974EF17876F00DD7BCB187A1A97AE51FCED5BF2BC1F2BBE5B3C19BE27B43CF26DE00933658FE129B109C2FFF922CC22C4260FA01BEFB462A77DEBC35F42F600C3F5B0795D2E9E02DAD5E650B4438A92801B65C35CBAB7B
310
1EE5041CE69D3B6F1822DFB873EBD6AD3B6FBC71EBC6C86AE967DFC2DFA4CEBFF1BF54F6276EBC114E2F43FEC60B01A0D440A868B2920E5C4BC10D60931ADCB871F3268B21D3851B08E1D6AD9BFD4BF57F7577909FAB86F29B982571136AF01DF5FE32AC3BD9406CAAF2440A54CF176EDD01FBADA1FEFEFE21FE4C9858DFF4
310
183458A9FD2B6708A5A5A137E0EE1D11A9EC0C7C58B2C73C0AD6B479BD76B7790CF899E287FA5B06FB7B07C9195B7851FA8794031EF1FC5F9406BBFB23375420286399B631E93B08022A785C4DBF9996EC3551874094D71B6F487E80F6837E50F483BDBDBD83232323AC420A18C68DA196EDDADF68A77F938F78FD972BABBD
310
B7B87FB164AC6FC2CB760365821ACB74AED44FFAD7E7431ECD7E08AC421F391D199998989A383D9D98E8E56F84A318C58D9BFD2DAB73FF5222C8EFAEF4DE7AF30D756E5108683DA471E70D0502099A7240F19E4089D3FD203E620F1B47BF43501E85031AE44B4B9F2E4D2D9D4D51D8970983FA861B3706FF950CA170DE82F6
310
B312CC4F42C8966295F7D725ED29882415DC055F36DEA1FE96FEC141493F05FAA9A9A5A595B333DED5B3D5A533F62183323032F46EFF13EA0AAFA5FBF7C8976F8C10F7280A014832593B90004D52341980D907EAEB73411EB2F1EBC9F507F92746C40E7AE0AFAE54292BAB2BAB67CAE0746264A277B06508168C94BF772BE9
310
765F7BF0B548FE1E07F3B5A521340A5CB5297C4B12811B89E82191ECF3E41B3259C529F135E23CF4C7F961FB13537F5A02ECCAEA76B5BA5D3D3FDF3F2FEFEFB3AA22053E5008833428DC6C59FA2F770595F311F235D427F379BB8A121BD901B96076A388DC4C3C61C7933CCCD770FF375A6E0CE9F535FE2534BF5ADD3E3FAF
310
D71BF57AA951B6D4CFEBFB8864758A26154430080B06ABFF557610ECC93726224F155D1471041E0D42F82F4891C926C1355B0831649FF365F46FF05300A7A790BD8ADEEB0D4AA9569A9BDBADCCD56AA55AE377F5F3F3EA2A34983A1DE91D810543138D7F28E57FF4E2B5335A3928B76EA1CB9B00BF158C8F63A2E788826896
310
D0B5E7C461949ECE089144F8EBEFC7FB4D8C9C4E9DAD60F7FBE572B416C2F2423ECF8B86C439E450DA970634ACFDA977629098D0B2FAF313A36B3869E37AF7853378CDA1171FBEBA95DF1E44FD5144A420588641B0055A79ED91CC0DC41E27064512FB33F1F04D09D0D2DF0203A646A6CECE80DF28356A348CED8C4F1EF137
310
B9319E1BCD29867CA556AA97F7B757567006A447FD375A26CAAFDED9CFDCFB2BB0BEEE8AA5911BC2C7F85DF88A3775389990AA72219D582409210F85A4E66F2987D875C30848023088FDF77E87F96FD7CBA5B9DCCEF4F4C9FC7C676777577B7B7B67E7ECCCE4E8DEE85E81A6D55AA3BC7FBEB242589CE8ED4770E785D7DDE2
310
3FF2587EBF57F50B9E820527316488E5C32D50F979BCA58207297E2B6D658702FFCD211840FE43FC9F3A5BAD9E97E6F21B9FCF16BBBB3A3A5A175B5B1787875B5B3B86DFEFFC687A72674F19D46A8DFDF3EACA59E405375ACE76FFA922C817CE86A89BDD92F400F2C55B7462F610459837D3A61ACF50C7471C8F2F2A9D38C3
310
DA2F068007F80EFCDBFBE5DCC674B1D83EBCBEB8BCBCBC3ED0D3D333D0B3DE33BCBEB0D8DA35FBF9F8CECE68AE020BCE61C112A4C1138CD47F9AD13F7DC6AB9CF9CFCFAF9D0E01FFE6CD503F5B91C5218E2899CA15098714848B04FCE5654884ABF0E554F11F6C21D73D5D5AADD64B7B9327DDAD8B0B7D7D6D6D07070763BC
310
0F3E38E8EB4310EBEB8BC3DDB347E3E37B5842B97C4E44A0C630427E5CFDFB71E03F471E12CA9FF70E055AE141042DD81234B879EB4606361D9328149037D7D76A571A7E974FA20AD0323832713AB5BA7ABE3B3E3D3FBC30307070B0B9B645D93C3CDC3CDCA41CFC6AAC2D64D0D579B4B1B397A7C1BDBEBD7D36657A3CD4B2
310
F44F4909F2B9CA597F4245C59DEC354316F0587020D0C661742BC02869435FD12CF195C422DB3C5A3E2305C000CE6B7B27ED8B7D63079B5B5B878787C787C7C7C757C76C51B60ED60EDAFA06D67B965B3B672677080BB5329E60E9B477847AE2E9EB53E35779FD37EFCD2D0DDD68AA355B6B0D81860502B8B68C801F5C697E
310
9AD62F4B406244CB975560BAC756AAA577675B07C6D03778C17E7C95CAF1B3ABABE3E3ADADE3CDB1B1B6B681014470343EBA979F8B90383545727C63E43549D14FD0F927E5F1FDEFD7263058FE02EBCD1BDCBCA053496BD58E69BC44F9F854D4D979AE9ADB908824382AC1D4014E9756EAF9CE85B6B54DB01F02F8EA5908E0
310
D9D5F1B3E72188C3C3AB67879B07C8A0A767B8B831FE5E7EB754DEAE5261460243FFF07858D8EF0D658BDC563A2C5EF5833C13C90B69248C4DD97842B61DFA7F210A2F6108A0F96B62E2D3B3F3DD939EA47E30ABF5AB2B903F4BE5F9B36757CF65021E616DAC6F60A1FB647274B4B05B2E5341B082D43278F67D8DFDA48AFF
310
9A13F22B34C7586C9992BA6E66CABC190E313E7C811AA57304B421A75B289B9D174CC868C24548823E230B9A5A2DCD2CAFE1F98E61C015CA7E96B083FC59F3ED06EE60F360B3AD6F79787ED278D0A86FAFE00BA9220EAEFE1D5DE1F7855939C3FCC1332426B377F692406E022C010DB437EF009803F0DCFD3B7C94440571D8
310
F2C328F115F47FD324802070BAB43FBA80EFDB92FCA1F7E7CF9FA875CBB327CF9EB08C4DE4815BC4210E2CB7CF1CEDECEDCED5B757490968286899FAF95583BF46F9393CEE6A86D6F618CAAD9BFF0BE22B042412C5CFB50556815CC5BBE33E9F61ECEC26A9BCB8145FD10590078F9C9E953B513FAE1FE387FAC246E14F9E3C
310
E7F5F8194BD6594140876B6B84C5D6799C61A16434201E5237582AFD75C07EEED9863F463284E2E13425A036BD41061259289B6BDC1ED656FC8B8592C9D00701E27CEA749F0D8EF44EAD8C1F80FFF8F8F9D513191F6803384C800097F24069C407CFAE88136B7DCB3D5D4A60B711F19070D83235F77331FD35E71596688903
310
8E2E0B346EAB7936C4162043E1A1F144093695443A570144898BC4079CEF1912809A3035A1D3F361235F90FFF1E3E0FB93C7E2750719F88E7D8E68123883ADB5B18185AE99F1D11C1238A792DC4BEDE8EC6FF503DF377E0445F68FAF4E08D43082D02170F30131A154206CC559A8D9CFDD762B31273E4947A581E0D9BB71E3
310
3FFA07CD02CE2A6BE1EC80167497F2A81CFA3F7EFE58D0CF5D5D170DE4F89070B0BC4040CC17BEAC6B0586C3D3FF0309BC06F44B04A1E13729929B4DF73C44070692C810B08AC3012E8EE9EAE22067796288C193B2139B970B86F47FAD0F98382B1E035D9C32FD318A4FAFCB274F2E1FA772F94411B0CD42493C23393A685B
310
5FEF3E1ACF554AF5F3552A478383374E6B2FDDFC4F6DFE38F4F4ED7A7FE838F488EA852482F412D3CB07E293D02C9F074F12E84C5AAC423271450572A385449844706475FD38DC3C22486A0639E5F1E38B0CFE93CB4B25910EF309A2224BD8DAD40C682C28341AD69047E8539A6AFC14EC573F7FAD10AE0FE6EB13E87B28E0
310
93B513B5803514DE408809BC12A14876DE0A25F643009E9176D9F0C330164285A7444DC8CAF0E9FE41429EE0A2F6A6DE91C0856C501272404A8468822E24C807030B1D33D40D4AFBDBABB411D093D88C86D7205E05FC57EDD1F805FA4CED5920F0CED39157E007CE21757C5DE440ECBCB46CD283E378029B43FB077B4F47E6
310
0E9F61E8D01BE017D7E843EB49F50A2028F1E442FCC90C9EE308E4C0C2C94EAE30B75FAD3A0EAFA57FE9EF960F14BE15638840EAF3BA490BB6850EDB38EECAFD21A0C746D0C4234DBD035EFC7EDD121FA585FAB73DB89FE6A03CF833AB0730E5E2F1A36CE3F202A128934B44E396961121E1F2C9F32BFCC0C140CFE22C1CA8
310
E109B182919696BFB98120234F61B59F7BF46EC30CF067B21A33B0FB3E402448EE266CCD93135A8E823DB31F85E677434E608F53F8100BC0098EA2FD6BC01770E0F2F2D1E5452A711C4BB8486248FAD756D852026B6DC90A2AA5C6B69E9068B8F27AFABFFEE8AB36F1D23985D5960014FD711940800B560250D2272CC54FF1
310
D3A660B275AC3881E349689C1616E1E9044129D032313509DE4700BC867C71F128C400159407C761022BA8A040F40A244788808C60B3AD67A17576279F6F946923191921B0545FC2F12AC0EFEFBD7262B6935679FC7F80629160ABFAEC88E8430E76D82A8DE62ACE50BD4A42FBF03B387B37FD321B37E31C3F063D99703F51
310
60E6C9E5A300CF32A91E0A085A29C0FC507F6C21012303C6104B82C1F1E156DB3229D1A855A32A8352C9077AF733A0AFE0FB3EF81FDF2F0F82C21B0EB06998866878B103305E31EC17F4FD43831E570A2118D1667632D4FFFFB125782F96168A833DBE78C3F11F8383A79D49F58F1E3DBC780417AE6581381E8610604888E2
310
913E12492881274822C221AD04CB0B1D273B8542837460898C686864FF6F801E8269F40AD0481DFAF5E6E9C1F3BE391C325004DF0746A4E4448F7B52C0D5EAD39EC46896B888C4210D68E99DFA2820DF7FF850EC407EB55C3EBC5028611409BFCB8889C90F1C52355AEF98B18100094C9D0EF6F64FD47E5CBF3FF5293DDFB4
310
B50DDD54F351446FA1F14580DC3902C085F593CB24ACC917B213BBC11B3F0A61042FD8B24F4FB9C4556D0CB9E1A880DE89934CE9607F18F81FDD950DD0E1D143F41D56110E227C250621FF098838042BC85B5B6BCBCBC31DD37B34966E9FFD9936A2FEFEA9EBA4182E5CD3E17AE35501FCE0707E5525A7DBC64DFD077825BE
310
37CE0BBE1BBEC061410C660B6E49912665E2B3749C7C9F93834022F74CDE6CA5EB501D9CBC04B768292C5CCB84478F3CA83074092C6082169015E5800D5839DC6C1B58EFE83ECA513BDE3EFB8EF1242D2D4B3FD55AFE03D42F8492AF8A3F21444FA2FA9ABBF525EAF84C09F0168527B0138A85D1EC0443C467B28BF844EAF7
310
6323BE13D7C11F72FED783837B970FEFDE7D7817E077C17EF7E2A1C2C0FE851FE4C008388C15E818958746129E1009D054B67530D6B3D8DA3D59D82D9D57CF70039FF50FFE0DE94089DB269C3655A4F25B38C49D0BD48E59F1526887C18FC5272197F85CA72862A593A4843CD25F920487DDF7AA0441A2C0600D062001F103
310
FCEEA3D8560CEC3EBACB01CAE5A51E420349F602191E5F901893142381351CE17047E764BE50DEAF9E4D8C38B6ECFFACEB141E54A6865A88A60133EE9CBB4C256930B0B168C1C3AB59FE1743FB422C7166082E934AFA5EFA3E4BCE0B69362FA7041818B7FDECE1DDFB4D022007CA23E521F0700AAEB5888BBBF08023E128B4
310
045381542FA256B0D04E28A0C3804E233A1BFB476A2F48FD135BAF9843BEDA3264EB42BA499601F16B566E72C7EA35908ABCB9176BBED43204C696AFD3D7B24B08D3AFA44BE243D88A6D9D0B6562B52F741E1610C0EFBBAF2B0829289A640EC4C8A4FF66A24430786CEBE1E1E61AF9507BFB496EAEB64F8F49B4129EBDEC06
310
5EC1F8A3F228A3CD0950883B41BEC6D1944AE06147289600A7726313AC69A3F91197F1438BCB743E76F01F6EF1D1C854071670FFFE43FF1EDED702EE5A14C85D0C42DF90B86068800659AC88981855E3E774A71C0CAC2F76754EE7CC87C808D1E1E0F6CF47FD4224731337BE1E39C5010823EE997B1491BBD99FC8D8EF7748
310
2BEB5EB2CF66499A8E0F7511B19B3EFBDACB6507BC78731B1B383D02FFDD7BE8DD9256F7D0BA7B46015941097B80018F700FFA024CC08078F51806100ADBFA163ABA8A3B95B9D2F92AC30BC908ED31FABE0CBEBFFF0279B675868F9AA24E9530B08C174055B7F48E4F58002F3E82F0BDFA003E8B431EB6C4A91E4D9B5FFB79
310
1265BA8827BBE5F1BCFA7F789F72F75EC800F8AE43FFAEC42F13009FB905A9A0132015D0068ED7682AC608BA6771038DEDB3B33082891FAB1ABF5614F93238079726B833958796B845B731FCB86316713C1DC581B1E19B424EE32674093F80776F7E27C6FBFAC85C536CD955B96EDA2A3FBF770FF4BE11845470EB3E42D022
310
000E0FE07D161811020742162444668308801E133A4C163BE68F6826A5523071CA78B2FED51F28F8C70FE4190073A3E5D3259D7A288CD19BDE623F10021BAB0C6E327FD507B2741627727EA00D31856492F9F009D7F152D930704E642795C1C1B336E0DEBB7F0FDCB79318543B25341F36802D64A981A690B94259607DE0B1
310
9D466BF8C1C5E1CEF9A3FC5C639FD6117B4BAEAB453F8EFBDA500A67E8BAF76C8A06566E36EE1184E8329419161F83D843D5DE7D8221163E145F56921C3EE383978072129E290A9B7166E63D26BAB1FCDBF710009E4051842390031845F20077CD079407C575F20364C4910ED2A574BC357630B0BCD8DE39335EB175646A69
310
8458F6A346F003A93002E846FFE0C459B8006E506D79BF902908A0AA05CB5E73530E33BA1D3C2EF99C712B7C8B41DF4D2A7830BE8707485FCFAEEB85A09AB6D39BBF7B4F23E00509C20DB04E240822A4B810E04D8D53D10D504C059ED86BB8697F514777717A8F8144D48A4C89077F7EDB00E2D89DC02A7B975640A282C49A
310
4AA84B70B12BFED8EA6584860DFB7EE23FCB00C6BAF7332FF259FA3C9346508813E372F1DDE425065BB61FDF8300F7EEDDBE8D0C6EDF46F7D8823478590AE23759D60DA6B7A9F125EDE8F4A5D2B37470D0B63C30DCDE3D3D59A8D1501EB1B0A5377517BDD6E301F995E3F955F0F58FAC2E81CE172A8344AC03DC6781939D24
310
84B8FFC15E8F3ACCD3954CE19576B942D0A029188EC7013FE59AE90B71292DE774F1F63D60230180B30A2EDC65291B6211B4081128856001A680015CE000708254891851D4B3BED0FA4D7166B466BFF1D2A924885AD12B387FC0FCE6819AC3AE06A7AA4B715F0927B74D119D4A668FB54B8A8C268D8B038A207D10A7B1E95E
310
42195B695BE0240F7408B311257C23F581E987C180140C584A02B1670CB817CEC0A080F259F1360E58452013200E3EC107AC1DF4FD7B0F6D23F33347F9527D9F51E6138E31AF35F1BDAAEEEBA3D71BB402E2FB47CECEE96B4DB85536772B07C82A34F3E66D0BCEC207FEB9E70643761276F7B50D5EE963CFF80C7AF4A2130F
310
5BF8C4EBFB5F07B709840480DBD8007FB7EF3F90104908BA457D43AA2A6A02C91422285E5AAC143F3313A0CB74D9D164933B86C25587134E8D342B453FC982860D09FD13ABE72055ED020E85D3E312F74C25CB0293D978A1C4001927C80B86FD06349126EC219F0C735C8053D8F5F310817EA01F1B7851F406144C211C6362
310
C27DD51F1E310C0102280ADB891E9B085CC528A2B1369A46BA195B9A2B351862CE43174BA73FB7CBB430A5798F4C54B7333B96C3224A9863AD02B9FBD8E63092191924E77C199D92887DA594B6DCF0112857162FD0949FE6A441F5E62E42FB2105BC405A2301A3424601DC807912CB2C39C604A27908021CDA30C4C8C2019A
310
883B3A8BD393BB3546136EAF561980FB63E9E035FF73B96D09A905ACB2C11D79571C5159026227DDBDB81396EB03F14100BEB66DE1FA9EF82C3ECCBE318119C4269FD014E66361FC8BB0B4EA9A98EF3D8848A01360430284335004C183CC25BCA82D2302EB03B8419241C64DF4F5ADAF77B533BE786334BFCBB8DA72BDBEFF
310
C36103AFB30608A0B39B58D93F0BF42180841DD26BDC22CF0A770E90240006BAC65197D90920131C7B2EB3CFD3C71C6378A305EE8488FC1FF8D391E2BDDB0F6E3F45E7C8207C419800DB410073A3173942CA8D5242642A74496FF115832A6314D9FA4257577BF7FCF8F8E8CEE8DEDE5EBE76DD3CF892BA7FB8B90F629431B5
310
525E92A15A3A4A6FEA3FDD73136172060959206591F4C927196CF645AA285CF3014630121754261C0D31E1A7E3DA2DBDB54B04703BDE3A4209F02045C4BB0F529A14BED07098A2A1CD47513DA64B512F409BC01663090796D787173B5AA141B1B39BB470EEBCF1E30F9D263ACC4D05110797CEF7B923B027F089F74D1D06F0
310
A4D8C0CDA6604023FCA45B76C5CDE0BF3845ECBE13E0C0ED73700A8A753C1AC8AEFFF1B407FC8A20F42F0D94019121DE304077A027D4112283BB8FF0072444D68AAD111D6F591BC0061854BBC048EBBE9E81F6A33A95C21BFD13AF3C7E7DCDFFEB0DE8903F77B41DF178E99C289895B0EA8CD640549D68935BA7C5294E0A1D
310
66DA0CC419BD398E6265789CA1241441AC94532A3C19C95340BEFC68703077EFC1D307B71F3C500859C11494838E902203A2BE90EACC5135B80B078804340C920C2300BCC06F7A1C71B875DC572C9BD1D84BD5FB9363CA6BA7D03E5C40FDFC54FC23C9B4B9DDD028787D89219038523BF64E638BB37CC25335937A00DFD328
310
69C5B390C8C32FF25C8C47A7181B4A599A224A9DADB0E0406FEFF9F183B7448F081E3C55024FB33828784AB61704482CD0160C04174F9E33BA9291D58C2F1F1B1B3B5863B0D9F3E51C35C253D54A23E560E2C0CB3A6F7A81382601C2079CAE96B7B1560D20A341E85A928A4E01083256420576C2ED477E2E565FD9223BCC69
310
1CF394D3D8E281501E0EE5C1C8159E92585D255CF30CC854C75318006EA4A01028EC853F9407C6053910BE105348324002260254886C156260F9189EE0F8C9A3CBAE9D5A992184568A69D5183A7DB97DB089FDC57AEE54F858FE54F577DBA85309640290F2D220952620750C5811FB772A7876D1E4040FBFC6474D51246D8B
310
3FB378283FB514F8AB3C20B8BF7DBE5DE541C9A5D3D38DDB30E00151E02523081BC89C2214103E0BC1B3D0199A08E002681A2613A2616CEDF0F0F9C5DDC75DA395C25C0309C03DEC8091A4AFD3FEB504AAC6633930556DAC86EE3561941E862C4A75DD6B6BB3A0C59BE153DFA73EDFCBC3CE2188D3D378FC976D0EF9A95B7C
310
8532F527CE3CF539581E0FE501291E9139FFB65EFF5DBD8E0C18DE3077170A64E033FD278F18068028802F156C3809FDEB11B1019C208D020C9BA2870457F0F8E1FDC7EDD393E3B9FC9C4308E9315704233F960E554802C14716B0B45DAB5EAB5E25AB7830EBB8D25E6CA94E4AA01794FB1EE164FE9F040FE82C940A4BCEF9
310
13075D087E85A7237D3CF29C47E4E676777779528C4781761F0BFBC1D3A77880E40C9A2E5109180D5255317890394229F0F082010354082D574F1E3FBAB7D6553C2113DACB97BEB5526C7C6F69F9310A94C46CD89FF8F379AD1AA035FD00FF3F320180F01417A6F255A3A8D86319FE0C0B0E06A0DCD33F79841339C01E5BBE
310
1911AFCFF7C1E0A540BFBDBFCF2372352686D863F83F59CB6865F43104007EE06F52406F680341102048A01BB048823082CBCB0B6AC48C313F3E7CFEF8F2D1FDC3D6F6F9F9D9E98D9D7CAE5EADE2A6512FAD7AB526E17F600C85550DDE9ACFE9D97E694513103BC69F8A2813176032C890C1E9C49FC09C61670FF8705B1D73
310
86260E7C8E7122C7F8208A55139E8C8D4763F7EBF5728DF9C34677364E3A3F9AEFDEC9CD95470788834F9FBEC512379890B38C94205B2557987C4186DF5C0837608DF0F9F3CB87B7EF6E920475752A01460E556919B2B64296FB9FB70DD5F47232A0F77465BF140CD001F00ADCA175090E2665A14E6329B62660E02A1CB50C
310
6025E3DA252A670B3F0FFAA5EAD94A509FE7036B159E0D1D9F2E76B7AE1FD5A606198D3A747AF450023CBDFD162278B9446688111009B4029B0F2180AE20A542D40610C073B47FEFE1416B2B12200F3C991C2F54EC2491027A816B0A34A9D05C6F437AC23462385DADD75642EDDA738AF1600DBE07EE8437804D2D011A94DF
310
71C2085EDD40266A407FFA1D1C00B0C03927E60338E3B9D8C47D1F8CAED578E06F7CFAA4BB63B175FA7C301B747CB377F45192003CB8FD34B12009224543D8604494011A80C1903CE0518C986208E1C5FDDB8FDA161686873BBABABAE74FA637BEA894A44078C19696F326E057D7F95D061A6B0394A9D5F2DCAAFE4C2388D8
310
A6E9AB7695CB0BDD0A332430F1A9333DA41D1FFB97FA09AE84E738C75C407C260408F8DBD5EDED7DE1570A7BE333C54F16963B46AB0C2B71208EA3D16EF4EEDCD7005241166C005A73C03164792151205C007288AE337B4D7103741BDE7B7AC913350B348B2D767515674EC6F72A0402BBCB41C81305AFCF05F2758D3ECAC8
310
D26AB97606DB9581A4B7A8FFB068CD5C0604E6849046B70C2B60FF0CDDF93C13822B4E82FA0479A68220E66D9FD775FB3C1A9CDBDB9829B6AF2F77EC9E0678FB20ED8D1B1A1A39D10F9812E20D6281F5673121AACAA9C53424000DAC173F7E18C3052EEE3E78E7F1160F5AAEAFB70E0F7775CFCE4EF384DDEEBEB9C0889D52
310
43BDF557559FEDE5F17AB21E118C4C31A3DF6A96B56AC62180293910ECD6B721047664BCFCC6B2DD3C65CA0F0C823DFEF84083C7ECCDF05898EEF158F4FEF97EB9C123F1B9D1D1A3D9F9AEC5F5CEDA84A3C96C14A55584D62893D6A54D8D2028D05C8B1F124884543F3223B29D208B04910D3FC43F5C52196AEB5B5F5E58E8
310
E82610F08C21BD443801233C0CE8BD1E40F84A1CA86001990048031ABBAB11EF83F9283EA89F181F2A0D9A9F62D94B7F625FD727E6A93F63F200F614F7CF100D4511C07DB45FC5F0CB4CA359ABE4774631FDAE85E599EA0878A3C33D5AD6430CF4C055EE5FDB80629000D7855DED3F436F3B61B3DC7FFACEFD2B1BC6FB0696
310
312CFA477CE87A87070C7998E04FBA78AE3F915A065E819FCF35B410321D9ABB308146A11AD5196CDDD7C477A171C8AFC74B45CBC6F641AB53C8D4ADA5870C02379BC0470CF83DB55F073E29CF5CE5F7A3F8FD62EB7AEB1774C2C6780B9523F9287193FD23DDB79FBEA513B45200E2E0C1B51350163AC19043C600F2C1DBF7
310
DEBA7BB9B5457BC0D840CF325EB0BBABBB786D301437000020004944415472B491ABCCEDAFC0591201CAC8EBFACBF367FE7B6E40E69F551BBBE7123E3C00AC560CE20C62436E8C3C54CC225EE08C0D74CE26148877689EDD004FB2BFBFFFBB984035373A7954EC5EE8591FE531348654514DB1D1C56411DFA2A7C212BE5ED9
310
1278F2851A432244C6822C29C85A8B320ADCBDFDD63BF71FD32648E7D098CD018BC35D7FE89E250EF2AC75F96C15271602687965C844B8807C6E7729D93F22E81D39ABD62A0820C1FE9F11CFA7208125D33E96FD69E83AF6052DD32D49FF0802CD9F9DFD39260389A950887A647CCC99BAB17132DFB5DED35138FB3A060F62
310
95AA5E195BF0BB56495A5A4A8FA440026E46A047D40ED2520A441C302D240F201FB8F7E0EDDB0E12A04D8816215A0579E8FE1B1281E9F19C9900DE79842E2A7CCD48E9876EB01C75DBA0E0C8D44AB5512947A00BE7CF5DE9E1A6A6BE43CF1A78783DFD5A404E4477336C1ED8B18908B2A847B2AFE9839E891137A6673BBB96
310
FBBA2A4B8E9373B001F08369BA11BE8ABC4302FD2345FD6014A127068427D007BE28B41D9B0D40FFB7EE531FA673C8870A69135B1CEEE8D009C08042A5B4EDA314920B635BF941E7487E45256439DFE9D276295F87E698389CD49FB394FE19720412DEDDC40E9CE9C6DD605E0B719FADC416CB15AB3A61F9B5B9B9426E54F8
310
1D8B03DD950946D432B40CEDAB7BB5AF11213CBA73C9BCCCDAFBCF06127C7980FE6D1DC9B4DF14832D6568FEAEEBA76FBF438300B541064ED33F3AC0B0D10505306FD370AED02859234402F6C3FED006766DDED2034D90D119057225EEE3DAF787EBF30EC51ACB4F551678BD6728E1944730C095F13E4D81A4DFFBF67C5BEE
310
37E62A85FCCEC6CC6C7BC77A5B477E22223ECA4FCC0F87E2A5E3EB782BDB25B8CFC6736A044DE5A7CDA604526361D650484FE283B77EFBD65D52C1C73C4F48E7D0D81ACF572F2E2280F98FB230508FA906B42DE240ED651B301CEC83DE1790C9FD96B6CBF986BECF3BD332C18EF627A0B6EECD5B152E02088D03D828AFFAD2
310
6B05BF671B4F9A09A8CE0CD2707F67F2A4B3BB75B9ADA331C1305BBAC182FB4A79820B7EEAF73199B8404C0B81231CDCBB871B80FC41FF5860E8E108222A1A076C29E6E03B6F3FBD4F1F295DC457573C7ADED636D6B7B8C88413DDF3B327E1046AA51040B40CB50C7E3F1D2E44DAD34CFA604029BFFBE714DF0C069908027E
310
B275F1F366C132E1A7450B04011CF82B2B647CE754F650FF6E25BF37AAF65B7BDA16CAA791F1D09F6CAB989EC5AB7809BE145FA459E8D3E4B0FB47DAEF093B946FED585B80FE1A0305FD5330FEDB4FDF79FBF6BDE81D8300CF6815E5F9896552412A03F31FCDCC7CB5E32365550CD9365FDCCEC8752E943161D78047336F8A
310
F6539840A1F2E764FDA2970999F205CD2BD1F5CF496571F76EAEFA0E1CF8FD2A55FD06391F9EEF8B9DC9994E72BEBEE1FC928E2F223EBA0FBFBFB4F2DF137BC894B8087643D64ADE6EDED67F7680FAC9060239E845FC94AE93D880F994FBF71FBCF5F66F9F32C292EA900F9C1E6F1105E81C5B5F58A067A448143842008D72
310
75EA3BBA3D2516FDF02FF79260020D6B3C714711F3CFB61BFF56A826E627E82256F7400FB387FEF23C1C1E77FD6A21EBB1B2B35F2F95E7760BE1FA3ABB3A981423477517EEE36FF96F122B942F6FB64D9502BD1B9089162532A2FEFED255028FE653C9F46FA321E0B588B7DE79FBED07C44106CC85133CA65190543004D01D
310
02D8181DDDA5A9C91A7110805B7875B689FC3902200FB192E7DFD936B37B57D9C338BD49E99E181F4E5FCAB2ABC1CA7AAB382CBC7D515457CFABE6FBC63D525E5CDF74B16378B9AD6774A58531912D232DF01BAA913DFB7D3AAFF912984302B84D0500077800D26C60A4742101DE420C610C2E92FA93056022EFBCFD5BB6B3
310
8651470CD33BD87630C05831BA864C85997B8754B05167F0706499DC442FCD22592AEC2ABF3FF13F950039BF159FA9B36ABDB2778EFF83F70972B83BFD3F4899E64DD8346AA495CB155A7499F2CE39B0AAE755125EB84FD8CF8D8E4F4E9FB4B72E8F1DBCCB98B31BC4607C2CFF21C8145FB48EA0F2159F86A3098415609554
310
DEFA7B27EF1301033DD06D274BAF6821D220DEF96FA4CBB60B3CA241C021D38E1AA76B4406B4767576166766A6C7F77273F5F395291BBA19F64F2E3095C14F3E60371827741CB27E89543857D6D96BF9A47C6A9A26057840332EB843717AAD171880217B71FCCC0355AED3D4819911F79D0EA8AD6DA31A83E36C5DC2D47029
310
5C011302387069158F6C9966022367ECF1D00BA9BB95C389AE7B6105A1FB640689033A7FCCFFEDB762189103A61C3A4FEFE0D6A6B5A19EC5755A443AE78BC5E9235B047890A65919A0D2F96AA3C01CEE913BB3ED239C3E0CD8DDAB99E4348BF3F8B977B6C43DEBEFBD7721A839A63B94C06A10DB87FCBFA3C2932F8C26F88B
310
6D6BB30C3C4E09AFE40FAB52EFAA1EC0316920E031A46D65A0FFE45A673432E907FBCF86717AC04F2CD0EF512D665FF53F05BFCDC43489F150890C60A8E0314E70A06F619D30D841189CA15D3417F3CD50191AE4396543F0C42BCFD696C58DF163F5B46D708BD5FDDA5E5E5FDF9401BC4F7E00E8A17520833D1CBFF495B5D1
310
CE037C664123EEE74737268B5D1D3DBFDA6AAD8C08DF2C0BC7A737E10AAB2A7B958990CEBF556CDBEE823CB09FB344143463C630CFFF585D330CF0320E921744A7918280FEEF981161008E9FBC78C830217A07B7D6985E83F9A79884ABB5AB383B4D7D788F9FB3D867A2112A43F19042B33A108690CF6F472F8661CFAC9714
310
78757F6E6F2F7AEB82FEA85E5715941778B278281F28C268AB24BDB470EF3303E09C359E9DF1CF990D8A096106E6A66C8620DDE7D281DF0B2831F20439A30D68386CE13E002F7EDA8D7806162B205D6A19AA1FABFD6B1B400EC2BFFDD66FDF7E8755B4883C043F43046C1326136680404F1F934EBDDFDD39CB58A98DF1BD78
310
80E0532E671FA1435E9D6EA5E9071000BE8F262E7C4044FD95D5FD526EB40A05A634775F32205C3D779FDC168CD5E56BF982508BF572BDA4F6F57D3304BE9EB18149461B12F760D7485891CA47CFC44909136FBF4931716A2E100123FC6CCAA6A644F25EDF4AC980B14039009BECE8B798BF69A05DC5B6885CD23F8E13A46F
310
F0C0A986D617F001C52241801E87C2974C31411DA3A5D7B6175472763D637D3E57C33B908F867F4A59CFCA7923375E5F027A983E18BD7BD4E6FDDBB2250C1529F4202EFAAF979DFFB1F2612E87EBEFEC58581EDB9AA95AD1D7C1905F7305BF8182D5BBB524D47C4E3B81CD843220DE1E6536497C0962C225F75A2D6A998303
310
B23FC501F0B3F736EE1FF01200FC8C99F5515207C9C40081DF304C0A17D06E26CCBC5B3C47459308178301FA8057C2C0AE9D99B05F038828B08400F2E3251254DD7EB8BC4853B101F99AB48E387457C96951E5DB670648BAB70A7B04FE93EEC5F5B183F9739C98952C6845C380D401B8FC86E70A20744EC720E09D35955D96
310
A9041720196D183AC2CFE6AEA816652D0234883D788BEC8F5DF2615261DB031C2381092401B48D8D2D870FECEA9C3D99DDB036C8A051058030E32190976718C89F031DFBFF2EEA3D88606A8A19BD0AE305BDFD12BA4FF46F1A0002B07137989C748936E9DB2C91F43B07E4E4D16C3779CF5A4FFE8CC981F07C29E34B7C012A
310
F0054FAEA4A6A3D49D3A16D2B3CF220A029003366663053C89B3FB1827080DEC2780076FBFFD8E39810CB0593CC68B5D9009F2D400418028B0BC6CC74067E7C9CC0C2690FBB084AA5254A12AF63543B35EB40D17B693F7E3464D5094C00AA9E04E0E0524F5C35C5EC6BA94B21AAF2440725E2A9FF94FE7A8F0E769EB83FDEB
310
039B631B18BF396F5C13CF89ACC02C387DA56DC3B1CD84B96CFAAA37B55FE723B611062258257D331F186AC93D8AD600B4FEF4AD777E4BF68F2168FF08C081A37AC13446C859964803961928476D78F68419390D830C1935B5C2A0A22A3AB17D3D6428BF12DC373B8D464E04C0A496BB3B3B75639DCC2500E0F0B15FB6F47B
310
5A7ED0183A87CAE8D535F2EDBD4B3B7FC762DFE65A07C30B2851DB890082ADC07131EEEFA3DB7DD5CD32C0860CA83CD4B7993A175F422A8149B1C1D94C1145059D9C78A8A572A90B7C8B1E3392FF77A80C50220880FF3669004E90F101740D2B808181455A044904674E7482CC3EC85C4BCE339404C0B0BF6A5611E4F9B815
310
7BAB6DE327EC9BFBA1B4557ECB609C1F45326499EFB90EE78F18227F09E563C9E63D847EDB3B68EB9C39E95AC4F7ADCF7D87F6752BB6912040281E4A0D8A8314E80D60470999B8A51FB1488A66A9F3F81FFA61C83F4FA6969E472288FADFD61B005E0EA4284822E018911828E868614DA0C36E11F3A051070BF2F0840E35F2
310
00E2C0C80A776CC9E7E6841C0503D0EDF15ED9AFE527E798D23BEE5F0604E58DFB7099D739BF0BA5D332EF29F1535995BDBD0DE681C4F71DFE6A7AC5A13554AE6910963E9ABC9A0DB5B202225545F5CFACC942B5B93C207352B6E5310BF349AF200175D7DFDF78F6D683B7C87E087FA9B35812C4F8F13452CED610A2207541
310
E6D659A739441F3833CD0C9C3C3DC2B0712F62333C4FA9327C9CA1124904B4FDE0FE21C119776CB0C212AAFBA5CAF80EB43772ADFE77CD9FA8A4144C54C2FB2304C65F62FC3678E4F6C68F30FEE1BE8383CE7DB86F58B1AE0C51F0F055E188D02F00911DDB0991832228B3172B3E623E513FF1734FF414A611A603163F401B
310
EA790FC9FF7FC3FD3DB02DC00184145B850D01D120424DC03C00FCEB7880EEEE939399F1F18DBD4AA54C939899304D913CC2D5CFBC55E50C7FBE4C0E14AEEF53D6843DFF56BE2D554637EA047D3C210E2C61077875FB5B40E19F43AB7470CAFE1C0D3ED3B3B4778D1DF6D4F837C08747180FE8394F2CA1E0A46B6DA62CE2B2
310
DABEDE0B1924098580FC16B369730E9E90541D3730D47FDE16EE1FFAD3419CDA05ED1F2715C607F2E81893AFC5936303F40EB776F1D808BDE393A3FA401E1C706E154C892860AD74A2949C409E28A8FB3349C764D13E4D1D3468952B7B1B35001BF41142CAD58D6011C8B78961EACAB66E9AFBC627673B61FFDA4167950A27
310
4145BF11EA17BA9AA60815C2C43AE1F648E3772E53C94E6364AF826019E723069A8AA353A3BF7FB5359281700061FF64C28C10B9AF0B70B0B0D30A31CD1CFD22F68C76DA1E44558869257892363C091D313EFA46B57C3BEB252E9C6BF5B4799EC58F1910F469E25AA17B343799DB3E33CF410061F96C6D63FA91B1000CEBB7
310
D2971BDD39A2A76361E000F5DBC1688D47CB812DD60F8001AF25B328D173A9E4BAC18CE9F1F628704330741B2649B92E9714447C68559C6CD2F681919367E4811100750058809D0230C087A89FF3C80C23C4C60882E481F48D531764BABD5CCECA308DE2F63D3BB50373D630796126803C2D1FBAC148F7592881B395ED7D26
310
B7DD38D7096AF98841CB37592561D9C6565317AFBE9FC4AF7371E060736C7635E0CBA1809FC80F544DBAA1F2F9393D970D44C0615A0C6930E758B9E63AE690F73045F0C8C0731DE9CD80F718E94652383458799E02C06D328010011C7090D8C5E5336A83D4059953877EA1E1D66FBE994F04608C4C991917230FB61F9AEE18
310
3A40AB9108D032449FD1A7283DD25ED15360EF7EA9303EDDC0043403531EDEAB10DFF87F5E2FD56DF0F1B701A9F614DB17FA0E0EDF6FD0B1622A81FA3D1DE5A33F551930335C353A87F9AB05C60455193448246944A232C5D07636D864CDD7A50D0B4440CDCC465D1C418321F50E1648D500294065D869559EF3C40C8FCC6C
310
323E989AD0F0C73142480B200842802C061008B480A9954AF282052B3AF67350FD0DD30D1F4075AC303A5D490250F5400ACF479656861E4C77AFF327F3EBECA4B57B6B6C8FF62602BF150744656A87DABD7BC6BED50527B2120C001A0B3718C74F0C65CD34F275164D7968148DDF259AB8AD6CA81CDA4E8819509B996A7F64
310
2D987A401A2B04018C01E6C169A8700F9DE3B489DB2BC49C9B7B858A4F50D22AE15428FCA4A1EDB20C83492690CFE361CC7F8C8066FFD0D77AEE797977F468A36E0B0DFC87F90EE6348BC748F7CB73B5B9DD5C6EE7AB19ADBF6DF359F1DC2A0F9E44F213F8041F64274C0859A2AB7C37440FEDDD2F95BE44065F22067E3EA0
310
CC3BD8C0D8194EAB291CCEE20B9CD8E02950AD806080047A279F19024C837C848816719AC4A34DF8F0706CED904E8185753A458A27E4C1E37B5F30A104932BE140E0BF4E400160F320B054A8705042FFC47B4940810173F9C9E97240C7FCC3F3813EA239B745DE9F1B1F3FC2F9330374DBD1A7B475923F9A2ED81716D18D1B
310
577DAAB9D1A0458655AD3CA7E211867AE7C702DCACCD291E0F798013DC01BC326087775C0833E04EA3778FBCB8DA4687A0255CA0AD210C15661E4E92001A4449031D1DD27D327334BE830B64DAD90CBF537A45FBD4E94A7A88888E715B7E74FCD040E818BDC1BF5AC609CCCC015DED23877080FCDC47BD8EF3A7B783A17D33
310
F3ADEB6D6BC7AD75EA7C7852C5B6FDADA6AFEFC2D181C03F8C40DD8A4AB5024F0B72E34B57BC1182472DC80946789AFB711DB7F1193C03C893B0345F420246114D3EA71D04FBA731C0DAB0D3CD311B218F0D5A15ECC105D02F3AC32F13600084731A83220040019B03180634B5923D438300B05BAC80881F061095FED5D572
310
A3323ABD83F1D37A2301A8C930AB3F66ADF7CBEFED30BAAD7D78A06DEB6A87F15491F5AB7E25842B6B34BEFC12C8A159F187C64B3CBD2356DE5FBAB98BBE9583F0E3280C0076DA15BF34C15238145742B07080B1EFB83382F9FEF2239D003541041083C5AF9EF3C8944DC2030BC3ADEDDD9D27475800693049E05413BFB3FE
310
B4308731512F13400D06F813368A0101D8D863EB3E75FCCADED124F532AD3F123F131AB46A93DF1ECE7F96CE9EB6C365C6D6A07EEC461FC919FE288AF7AE1A7D012D291EB073735FF26BBB1C99FB706E972192819B7A34BF22424BEA1CC7958AC2E04BFC8E02DB90A4A1DD04811ACDBC181037864672C78F6C0EC3073A40CC
310
49D5E813593B7002763BC6A909D31AC86F3F6E335C9E1C309BC58F16418642E2AF6B290A34FEDC0CFEE08FCA0F56700699CB73B9C99302AA17BD516D7F1FD755A2B32B3FBE7134D3BEC813195BD355020A7DBB541539CD2C06E45F46FC0EE08293E6C0E1972176D9B678340AA1A4823404EF79B1E2347E47C35D0A2260730E
310
0B513025DC0BD1C07E3366E9B9D17F767405FB531070700035618606F0B40C73C974CFD321B0C174A80C0F3AA54945FFEF348F5488895713E89B5C98DA501E06D8D24FF04FF0CD7ECD7BAA755A854EC6A180AD13BE094E8D5D63BFD6DFA5F5D3E4DB1BA18FD8473DC6E17FFC9832B71A2A94D96E808BB53F9192955D62C82E
310
282B05168AA0927D54AB20A20A74800B7CC9655C8B15F62377CA4C91641F9F4D0478F4FEFDCE273A002CC0A725EC165CE3A149F0333E8E9600B2C05A7D15FD831F0938DBE5D0FF13E3C0F0765965A0961C3FA86DEEB0E28304747BFBA5FCDEE44C23544F7BB7BF7A132DDE34F99E44EC3FEEAE92F667A10F7E90B0E8C6442D
310
F5A5318B0F816311DB2E6DC6F172C363FC800EE09186BB9EC82A24C0117700CD884AA42023B81EA6E0CF8B3056411110D78606EBC5AD5417B45BCC8E61EA01C4006AC233933E35D860BC1B6CB9C9CCCE7840D2E0C1C1FFC11CCE54D59300F2B47D66A10F09D8E24B71B9BDDF98FB62A3B897C53EC88D16D1FFE8C649B17BB8
310
E760EB20B784F52F992544753F2CBF642CD3C9C70D8722C197142C567E74FB431EE248A8F3FC00377F5142144A82FFC28AC2970A780C85A7EE9146FA4B2981F3C93BCB0F3FBCB6DD3DE69C72B6073B99140DE28B8E919D9D9E7C2F5FA99FC1FFD07E9AC0965CDAEA0A945FADE52C791EA989E8E7A21A355FB37E44405D171B
310
98A6E946DB26AE71DBD01FEF07FD378F5B4B518724481820890E7486E3FCE61A60E096D577701890EE07CA5D7F2B086040749FCEF3F81972E510A86359C9BB579883035887542090614E5C4461705D7CA1CF84DB564838606CF1597E8119790D021080C935A908324EDE9F60A04B7830A33F0670CB08605B8D01BF9A3D4356
310
93FAB4FD84EF6754930640C1F9D74B052A7ABBA9F502B39DA3BF6BC7514EA4BEC71D752BFDC198EDA8DFE8F32B3EF811E4576B0A2074B99B070A069F60173E7427BDF285024E35A4418B7A412914F2800F1965C4F1120A2D5D2C64400563D5942044807BE7C738EBF3034C4A6F4D70C04ED1F97673C039FABC4CFF18866E08
310
200BB66BDC9CCDCC3FFD1E43BEFC52C317F0F5E64900FBFCDA4DEE68768FFF46350E0EDADB7B34DBBEDE3776BC55599AF84E312229F931E700D04478D66A0D88D09B2276141AF0F8811C5F8067DC04C0F90929F7F1AC9CCD368488AFB965C97B855A3E2E93AE5B4866502E55991B82D4388614F2C36B8484A5FA06E3EFFA98
310
4A6AF17D5C2073299D9F12FD63826F67FC460E54030981684E9FBFC22009A3006962285FDF4FC84B699FB5BEF3736C6072F6844C15EDF25883037DE6BB7AFAD6AE164B367812FA8CFCA6FA25725D99AEC5C6EDEEC64ADDA2BE0056002032E1D7A20A54CF444E360D520A5B69816C0A953CE0434A8A898BF18E2B704588C01B
310
DB2133342F5404FEE698957C200EF54E31BE6DF4E888C9C67F5F3F1B41F922777E7FA6332677C20098C59F762F5DFE4A23F9801A3BB6F8A4F66E0D40EC867E92DEFCE84C714FC7CE8DD3DD3BDBF9C781B1C3B549FAD2C89D711808CAB100E09700BB85240374A7209212F320CA577222A7020E7824500179FC7096C714884B
310
DFD9499E027ABEB3CB0226CD293CAE6E0C41A6788F396606A073E28CBE5CC67D584D36CA39D37974FE1023253E3FFB007A26F657FFC901D851130DDC2BF54884F20D5D40A0B7E5C7BCC7CC87B84F2ED820192CCE1AABA1FF24ADBE1D03635B5B3B53D4A5F84120125FADC36A0E792D3AD7E255792CD5241A4C84171F110409
310
0017DA493D0A7790A7BDE6DF326180398E4B0DEADA5C2763825E43E05C388E184678C88CE6422606C017F030366981353DF03A753DBF6370879F79889DD0BF75408724DB53C5B0063AB6568D02DC47AE4627B58D7E367A6000267E7840C23A0940B992DB98ED1C4731B4FB4DCFB6D3EAFB6CAC7646F0335C5031888CD74E21
310
03380260AD47176D703960230370FBBF28813524C17FFFBD6288BB28E4F905ADB4A788B40B4A6201C1878BED224DE9906C4C79EF32EE679B9F5D3B5DFA137327320643909A823F62106CB8F9BFE4BFEAFF0FC7A6393EC7F64A698EFF8ACE31BA05ECE6DAB6DF124118D1D13F892F3D3530602E3F3ED3D59DFB821ECFA3D9AE
310
85B1ADAB9E328DE738BF55D5DFD039445AE76D0194180F57B15BEE5F09C07F952F9A10372BC894CF7DA12CF6507E2A8916E0DF430C519485C55D61EFE209912D8C32866214E121611E22A0B1238DB18E86636A3BFAFD5B4EE02FF1E505F902BDF424D0516907BFC95EF3A76B6B3872769D67E25B548F0DA46E2B93DFDFD5F2
310
B9E9EEE1EE1DCC7FBE6380DFBF38A165CAC73DF912AD76A4690D2B766A3EB4AFA2D05BE543EA20B095FB17AE3F1928D84482049B659E671A4763CFA567C08824913D37F2F92F841FC244085C1681225C04AD6DE1684831682CE0D6096B56101C0D4FB3A1BD3F11FC1105AECF5660BD3FEEDF162B0D9DEC6DB55AF27FC98050
310
BDDEDFF63ED14B01336053A19DE9AEF5F5D9E9D9F9E19ECDADCD497BCC57681922F327EB41FF681E17C1921B04FBAE371AC69E53F98183E91B84897A5DB164158BD1D12FF6F6BEF0E02847727BF2628F9FD48B6FB11DF6928C868B29590A0606F92140D0C08850DAA7DD8A5FE8A50389F61288AEB743E9C801BB67DBE0A7F6
310
4F63BC87770FDF57AA73FE1F5A84F8DD3AADDFC32087FBC0A7D645C327B97D65E7A8BBA76DFD9BCEE1B1CDE3F5F7CE4E6DF4013ECD7CB60BD1239E8A4E9A5722AD9C4FAC8F7FF17B214AF8801950430639A08E3ABD05A0D94E253BD5951C885B0CE750309070555FF21F2EF83FF53F4E15038B8D8A244740A5C9CBC120043D
310
A0B323FB1DA0A4EDA268C05A304619505000BE10415DE898809DB6B66896E60AE347ED3D6DC707CB7D5B5BC374A158EDC343D0EA61C217D4878CBBDC1D85686782C3CF4272E7DCFB5E9EF628F5A95AC1AC0C6848F5771329EF8DF2BB79EFEDEC8DBEC72EB7F245287FD4B31008AB38EA4D52F2BF57167159E3004CD8950E21
310
7DDD6F699FC763E9D1A0AECC701F7BD4430A3E030374066938F883C01DE40E7DAFD609345E33570F4CE6BE467FBD7F793B5AF2A9D331D86DBA7BF98067918F9FCDD609A0384B523F4413B574B818C6889FAEFC5E7B8F90CEFD62BC2C85B2478D54DD076635BE434FCADE68B3ECF1C8708E27863DBEC352D87BCC7A92A8E135
310
700CDE65BC114026DE5DB68275E656D2C0D4087293D43BB4C9C14EA83C0D806783B40DD7CD4F19EE9F33801F55A3F1FD600017A6CD5DE607783D5F74E34680E7DAB98D99F6E5B5ABC7F7DF19D8278322F6A97FDB2FADE1539BD945DDF868EE2B8B70D9EDAA45D1BB0A5801198CF1DA891540474745BF0317F8A3703E02510A
310
E94B084221F887FE950272D62D4232781054A87C58D015CD45EBF9B70E60820A2056E9D4D619E8494BBFA68B61EBDD8CF52CCBA124BACD4A4077E8420A7F36FCDAF661E577B792A7E1B7E337C7CF1FDEBB3B49F501F3C7366C1730E793F51FA20A9C3D2E9F18E63DC277449054CEADA36DA0807467D45F8A744E1BDED725A0
310
33868703F1392BBE221158220588F30574A0B0893D0515B0B7C404AD0E7F40C11D504C49BD7DA39A85A19CD7357DFC966E5D92272FF06D59CA5A6A1C8AE30E52F1247C1F1D78F81887F9F3E387075B170F9F5EEE4A7F5BFC69DF02FD8795FCFFAB472E7C88D563DA514861B85BD41594A75F5E866BE69471110A9F75C8609C
310
7E6BF6C7C727431EE3E9E3773D2378C25226E82C08104A57ED273FE0921D6990E02B006BD038263BA360355E8DC446A380F0BA35FA9945A80CF60DFD54054202F91897C241C147D59F8E0FC67CD0F2BF377A3463F8BBBABCFBD6833C57E214AC3F5AE9C2FDE88852968F20337972C7E04EE5658223008AE82D93BC37D8DDD9
310
00BD6B16EF221F0D4149045D740A8A215D4FC186C658E01994B8CCD317465828704BB630DA2243B3B4ADD3EA554A97408454148C04A1A0CAAC2E04033C04073851F54380E0BF2DFFA43FAD3D6B574F2E1E5EF6E5F4FEFBD1CA87C161FCBCF5C7AAE2F726F814027BAE10F79BC3D765D61D1803952210A9AA07F8C6BB2105B6
310
1145B324F96014EF223D4A9261080239F03FF6F4DD4975C183B887E081F7A467A25EAA0C94028FEB808637768B07400A8235D4EF33143253198900E079E3FACB0C59B00F827A5785A6FFE2FCF0C0E6F1714F11CDE5140D931D707950631F3DE877F300002000494441540ADFB08704E252AADE1BD4E8DF55796A32B9B6F177
310
37C67702E5C638682737286CB0E0A89B624D5BF28222432848C9AB8C07170C97B814FF492A61072407D638006F7C8400860444C01B1930A522788045633DFA9507267A3A42BA05925BAD705CDD3792FA23C1075C6EE768A673919EB6C3FCFE7629B7310AA794CC9C0D14A1FB88F95C845BF22543F57996E0B26C9E4C2ADF18
310
7F979F8A55F11B47BC26594C52588518D25E6C2B1CCED231EA1B748F093E5726A21A54C91EF95789041030C20FD5AD68613432E19A4D0DA2505B6BD843516E10BB00AF9AC315EE9FDB39CC1F9EA59CD88F9CD071D470C86C4647FDEDDBB1CDAB81DA94034747A779F4CED497CFF817348F69F52E55490840E48840BA72DB71
310
F3E84F6DA2F4717AA928F153DA6E4C7E8E00363CEC9A2E1C8E65F298FC4A52F087FCDEE5CBA38A80CBE11FF7BC2AFF249203FFAB77A128A001B1987BD334AD9B901890A8C2005B6B248196AD09C0025ED841325B31845032E327C531C839E66DBAB39566B631C2FF0A1DA5A3CC47E665AD8751B47CFE33899DF047C9F3C365
310
E3B11278D49DF939298E09002F6430F9958803309827A7C791048CA070061B7E9A64C557D235F83EE24822E5EAB805F9862F20FC58F483DC0EF02181F572930205107E00E523861895A2811309808F2B6C14B2AA579E893753C155D2F54302007E9FF36AC5FEDBCAD47E182D91A73920CFA5C18E01F8FFF4C3F1FF553BCAD0
310
E58DEF85DD63B91BE38ECE1A9FFC4AD4A1FBA30D462C328C5A0340DFD393D3D3D3C0659195C96990F391EFF4175213BC74C020922D4830FE215E76940962BC0713A3B82784C0CB6623DC40D6E1485BAD454F6892200B225096127FBD82D2B12006BAE2E329C771E25FEBC0DAB3B5395289D56D7A8A89081B34EE06F80F819E
310
FE75C67DEEE95D227E283FE98A7B9F1C97D2D05B4D07A469153C3DA3048EA68FA667A6D90E291C7D7E2D063E4D044964D055F2DBF3E31BB851AE9F78A0A7314F0AD24901F581D74A6929142039C65AF5830D1C809536CDC05E4BA51038F79D713DA930CF18BA3010E385351CF47F74D439BCBC793556A1F99814926AF12835
310
E251C59BEA3C083EC2B2760FEBDF4304C9EB87B35769E1EB24B648542CFA4EBA9EF93CD42F03C08F249A2C98897D8E2225E90077823F4A52171A61219998CED6FA050992B6B0A74A2220ED12123004FB977084208F8E2AFC80F456CB110BCA647A3A0F854085D84FE0052BE31FFE7F925610BAFEC06FC33F9931BF063F39DB
310
3D1BB20EE357F594045F4226131578582CB055A59A073AE0413989D215019B6EB8A21CF154D71164E0D8F4E730C2CD382D098DA5261456A425643686BC8301710F2C50665881399156AA2B4C3191BC555728384800CE10040F746A3D8A80A5F0E500A93456FEC52833BBB45203DACCA37FE1D3EE4B9BF0EC27ED47D89B8266
310
F11EA2DB8B5A8BB93EAEDF0C06B7AD0402B9EAC6E787365535AF19F15158308A9D9785C1BC1C01377F8C6B4D07B50DAD25649764A91DC9812C7B34CA98184084F7C01055466B48058CD44085AF26648520C85C41C67805462D8425680425559F4440F3ABBE1F3F81B1EC72708767DDC8FFB6465796C8FE310FEABE0C9B242A
310
74137EC3E0427091967023299BE5D6D4D0C6D15747DC2AEA4ECC57C72856E827D33CBD319D70FF854369EB841282F84B7CA4881447ACFCB257E252E00FBB3272120A75B99119840858486615636E0E0334031AAA8C08A62E080053A0AAA4158431EC727A084021D41CF5D630C94184F6FE7432E8F5F9A4FCDF3EA7CF136FC2
310
988093F98ED622E38E4976E1BF0CF49D2889E6DF3566719FE1F9B47A2D3BF89C69155DCF24F88C609EE551160F0415900B4C48FB013D8900A9192A700748002924771A3686A0A580FE4009E00ACC090253E280B90AC15048E047020483A038A60ED232831F2CC90498648690D960C48E439F18F4DDBEB0B6F5AC7B7B89F623
310
0243B4FA160A7B9327F3AD5D937C8BFFE5FF8B3A5E64283BEF8EAB9F71159514CFED62DBC880614AA1F7994CCFAE7D8C87057F451733699B8DF87056E1F0654B5021E38097E4E23221B810DE20559AD183A61C2C88A648DB096081E9801CA00BC1DA0124E08DAAC15FD2936905CA8DA1C40E42B13F1764E0C4015EAD7F8BFE
310
C99A310B1B7C0BCC7746D3C0702759C89EAD57122092122D1F857067684A578F1DAB7EAC400841F493A468113282FFE42316CC74C756B1C880FE78795C692813CF4644480EE9B02991BCA257A71861F00666D9410288487618D120D0E80D7773E2B7DD180E100EC98B221C94BFC4FF531A09B986230F1CD08378A8E4D0FDD7
310
D9B1BC75F5C12EAD7FF83F3ED19EB018620303C217A6A35D826E72ABF2D8E2BB1B783F6E48D2E3F360806E1D192085D022103473A10375B63853EC54F500B5B064DBC20945B88160DCF7E4F83A0200BF6FAEAC88E9F54D22D898E43F378D20B51B5D6B1457000922202800DD401A9266483029C0D6D57ED80D42A0E6E08835
310
F0F3AC73D7FAE6D56185F04FC44472B854EB7D9CBF7134DF3DDC35A9F6B38417DD6F508B37C1A718B0D054124176F7222F62DFB327F34D451799D56216880193254FF782D7DDE26C271BF38C6E422E271CE4AB8823C9510F021126A7A944E00DB4031D013C88EA0746C96D4574069BD5439C4110403B40020C30B07A604F1E
310
41D19C21A93FD9002DFC35F23B1E7B98E95E38387E3603FE7393680410D702FF9ED5A3C5E5CE68B5827D721FA78F3A9A0C08A79722D9C9B418F46C0057BB1640C70AA4A03D29CECF33987596D53CFB27B32C3BE304C540E14BF8464E080918268D254838C91A01F0FFB99154FD8A9C0495EAA6534A6C464440B4A71E16100E
310
7405088122A35F7A511DC003D002E6C8E7E15F6D1D2FD09014139EC11FDC89394621F77B9F88EB5A583C41E2FEDBC8F82334494C0BFA97FF3C3A34ADE60385B60E5A30CF036E5E75370BE3B83AE73B3B7DC0BB337DA0045299ED0C66681E4AE223D01B1BC3BD4C921E2005FEB5114739040758189BA8A320067B62A3995E47
310
20055065AC2B4A8006BF8CFCC907C0063EACE41813C5F017065AD46CFDC6FF1BFEE052932CA3478C8E5A6F25DC8503D40F61FC1B047E4DFFE8E84407C81F1AC7B5C79DA358551CD0D13785A9AEB38D6EB68A0A8087FC6543E7471082873CDCE5CBEA1EFC5CC0579469E225428E9A43D6A6000B4219DE52E8DF00A55F4BF503
310
5960661C2DB88AC1F67C2890A93FC420193C8326409E7B595FBBBA9AE1D1511B3F6D65B09AC10A71C2317201A603E88C56CC68C91279E83F5C147787EFE6C675F00941D23EF092920330982DF38C65EDFCA89DA98E8ADDECCD77CB86D85118F3DD9884820B1128010D02F1060F582871CC8FF42024C02239273A1CC3BF71E7
310
70DFB7E96081682803188118B50310BD620234F230B12711B063E0F0490FCDA9248B580D3D3DE944A30CFCF2A1E0F6E59E8FBEA289CCCC943785BB8880ADA9C2FD70F6A13F5418444E3A669273C006C4B4EEEC067827539FFBEA9CFF04D84E7F170480037005AAC8829084329899F90B5E013927F8E646514B4824B01D11F7
310
2C012CEACD163B6358A4454A4221D06E68A71062520649BF9E9127D0772D6E5EADED52FF216BC2FC513C7D3C5CC4C8AF009811826AE20203B076A2AA66D8D32E317DEE0EFC000FCE16D9E0BEB17C74AB009256C5D8AD1CBABBDA61402612C675FBD72D07E633B1A42F2421208CE01397560811204306617A5141706105C9F4
310
984C459F2D0F6C392FA05BED808512B0B9A8A9FC6CED89640EA347D31F0DF76D3D9E61E800FE9F7601BE4C9614A1C58E6C839F13A12D0EB426DE6386B82369A9E6A7F1F9146EB578A2EF4289AA109B4F6CEFEC0463E0072A05CC9DEDEDFE08407B173B8AA65399C80B2911252E6290C82CC1B8909140C11B7AE161B42B9390
310
5045D017E00CED6D27AAA15F2C2179F1E83D411A7020B9408D202381E7E5DEE5A9E7E5CDE3B186433F488AC81554BEC09BC579018ADD1DCB3D9D70F02B14BF9159A4DA376225FE43DA224FED327941705DA582B2FD1BB5DC0540667B650BECDD1D5DDFB0C7F36DEE2B94F6EE2EE4E426F20A1174C31DF153321A24114C4FFF
310
25E505475F6906D4149B21F1BD9D9DF7B059F8E0FD83323CB97991FE80EE131A9003B81C491B218B1D42C0C0D593D9D548003839DC29A740298B0C23F0CE14BB167BD61989AEF0B985C8FAC8F923A73F31953989F0F6C96CA6C4D0A9A88184BEDBBBDA3BBADE77CD8E2FFEDEEF46184A86671D7DDC51417477BE9F04804F30
310
5AC82C2D018A21EA903866A0F959FBD4139916D036635EE03DDB7408BCF0627A03027AD314C09B0A27F0A79490D53839D0DAF1416995CAB24101FA63F75029D57A4CBBA9FB4D120ADB17FB5A999FC9420DFE04FA670430B90FE7F589F7FE8D50A4B5F004CE5F07EB4EA007F8AEAE8E8EF7DB3BE2F81F42166C7246FA9E62D0
310
2C8209BA1024414C483498B50229FD923F2414040B2081390AAC353B5283EADA12A30B1080866D746B9ABF5BC107F33C2A015B275480759334B83AB02175EFD0DEC785DFC505E0064F4EBA5A97073A74C5C9FEC97BD25D819E28AEE661FD2732B8BBFB1BF13441B3C1F45E8AC1752BBF80C113DE960E0AC7D9D02C58C80505
310
A19BA0E84B14402601A590A4AE00A825E98C3212342302EE10FC5100681F86834A2804BC409D70270A2091DCE874B16BE0706C974EB3D26EFEDFFCA6C4579AA4DB781708469F055532A7046C6BEB0CF39F3ED2EC4FBCA3D00EA91CA68FD2B87B5C191E0EB2C300F00A1C9881F263571C6CFD83D079D09F176FAD839340CF03
310
0F70458F81F09AEE1329505150CA0A00576B56C06D58070B23086F685E44232D9D53DE3FC3731044F286D19F459351863F749F1104198D6E14BBC68E17CAE70D7AFD958E350BEBBC70C9C4DFBA075240DA27D40AD7DB063A097DD3F041EDB3E4B682A7A12A548F3393DB01945547175879989302521EEB1431B08759B632B1
310
74E0F700E774FCA1BB83F95029ED1A084288C8893520E49415E00DA080AE8027C34206D35491D050A4C6B080F6A20889A2FF82379AB6234F6710C05F9080ADF002B9C9F9C583AB220F45D618D7E7F7547FB27CED8A8B7A7D24EDA4988B0C1C2A1AFB53FDC61BF3DE50D63C560F0120B0372F0839DDDAF13E583B868717C1CB
310
8CC71D1D7F440CC82184803144196EFD58BBE00B7EE77DE8C015942357FB06FC906A5E2B8882CCF9FFE184B0035A5CF186A962A63F84B3AAEE3D5A2C830008807568B6A9F424086D2095A3E262DBF124350082C4B5DF4704A9D2C93553DE47BD6766B69349610716999FA25854F759CA9792599D3837ACF6247CE8597B0F96
310
0FA3EC45B61715050260C5844FCCFEC9666BC71F875B17E3BCB4CB151405D7D08F846B4CB952248B4603CC402B609E90F0044A007FA800EC46D07A51232B00E5683C55D5096E1374DA4FCBBDE2C25A5B8D26008227CA7758033D7D70DF12CAF7F247939F93F1CC63047D63ADA0B7CC8771B234D8095FCDB577B586D1834062
310
035670E204B245EC093FCBE15626C10D210CB38A13F50E10A0D5C0814B0C4B30AA9858516001669002229618F100767AA3D6D2528595FE7A398C2D2300ED0013A0AE60B91644A057327BD3C36BEBF48C91279B45F8BD145494674AFB211A91977CB838DF35DCB3D6D6AA2FB2784B591ED785DFD7DB77747DAC9D2F7674810E
310
FC2895F9ED8007EC7885101679C06F21E4B1C8A6120956F80518D1DAF1717BEBFB5803E20C6F2A11B2E48AFF4AD2810A70054623E341B3D1ACD92DA91150DE631EEB2C28882D092049C0DD38E262A7BD6F98549930C9D44B7C37028AEA9F8C5628A2BEF5704C0DCB2B428181B1BE766F43014498D2E57791E4C8DA6BD2ABF5
310
003F0C40202E2E32EDFB02852D16C30B7F646B98FDF86C7891690043128B0A0DE6B4EA27F08C30CA34C9D0AA0852A5997F8D11A6EE84E040B20472020256F4AFEBBB74E6705A12083B249089218E6452C8E5A69717E904A3F5EF3D5D08EC1F4D4E85086B238CFFC11AB9AE972CB775616C6D1DE04DDF073B4DE3747C41FBAE
310
6072901CAD0237100670C5A00C2C3CE063610ED824826C1F6650700E88C00B62468903A0D71D3A390255AD7040048348C56C4647413C2C2561216E0C469203EF06A5B101AD40D0E207F78B124747DB5B4BBB4E88B1C373C114E0470B345156EDDBCE1B4DBDF81DBC400746B0B54E05F693707B89A5E430982C2AC7D10DFF11
310
D5B102B9505034B35D07E8E5F585757F088B390F2D4C85CF7218E8418BB4F25B885053D07D5A908326809F31D6CC6B77CC948413B28664484439D118DBAC27DB5AC40C1AD166F25E6A2F0AE82100C0BF220405323E1FF80DFC518CACA8DE1003F3C9FAE9C7B2D60703A0004F8EAEAD2DE0F5485452D15B77B4B67F4C2403B8
310
D8F9C533558ADE058A9E177A1698F75DC0EB4C800F74C0270178C8579C1FACD025F0560844502D2BBC01E620030CB93636C1041636A693949CD80139FD15BE107F905590A292840F8860706D07E2970A2F15E5B13B87C3143CB2930374CC46A6F9B9D7A5CCCC14E11B9E879A49FBE27ADBD6DA82410FBB94FAA8487D61B51F
310
4BE0A03FD08743C31020D6628ED20305A22C2C2FAFA7ED1E7881C438AA5B9035F20759E243C51F34D0D5F02F11403B9E204CC1686C0B6C9000470561519CBE1B0E4FBEAB37A39EE4B84C05F023858779341991F36D9D9F351E7BB3B5ADF00148D9D05784F9AD8B037D48C01BFA83D4247F03BB768BEEF973A14E610090D4B9
310
6B1EEC5C5E66928F28EBEB6CF578B067DD83086081579848E60DFC7684044D8174993C39F886043481F6A2B743B18749E52447CD4D230513032D20D20206E536E15BCF7B7D211634F98FF9986287F33F9A94615A5A0A7CACF8DF5DCC1AC6EF9AF1945EB78E0A2FED1DA2ACC00EF983F9A012260BD722EF61C9DBCDD8719703
310
ECF839029010CA0B9F100B1D2842153E01A1A3837AB579516A31982FD2908A09100DAE591016CBCD4B011A2F4DE299E1338CE065DC4841BF9895D8C81714800CD08F5AD39601BC929B55D291F6CDCEF2AB40DD5D98F4E6F107C47AEE4A09A079C05316F479DAF4C2BAB83221BCC0CE23FE3D3D4C7BC9AB673D89A3677D6020
310
F6E182332028012FA0FBE0B2668FB85485902A8E7FA0BA2105C213E20BC2169211A4BABA7D693C3F1DA961F203694853137073AD5CD25F1C017DE0477626D7BA55B88F83B5EE513C41D814639FD1BF759171F4577D3CAB0C3DFF68B2D3B1F8478C18F67BEBB2598FA76A4545E9E961BACF657E0791D2373030E0EC9FAEDD17
310
BEA7703A738185D08236C407448A4CB504CBF01FF43859D3115488EA01B55078000DF085911805790DE1B41B6F8CB2889C3834FE02AFE07D85143C6C008438A944EA63E047023A7EF37E13B0903AFEA7BBAB9579330FAFDAACD540022980B65A75FBA17D388F1E6576405CCE7032D95BDA420E7DC0EFA320879E5F8B3B04C1
310
D2D9C1114210C19FCC49DC6A855E12010184DB8968109ED016E4683CD552A36B3AFA13BFC2114068935A7E774CD2C7225642B73325938052D8634ABC18DC9442BF9E0402E85B42F9F3273672DA8E8F1070405D1DC3248487574CD98092B8B956E6AFE1566530B78FAE05B4A0DE51FBAF85DD075C7E11939F80E015A58D1F87
310
E400CFFD2306C4D1D3C634380A201545A92BE01F445800BE12302AB477BD6F62600D211232EB061448A0D2B877BB940D63D059C37E0569A83DE93E214F4BD86209FF6F479C640AFF8AF6D1BFD987D029A94DB7C329B4184D4BB013BF912FB88FEEF913071A8D82B651BC10DB067A7EC52FE1B421883144C00F64FA23A11CF7
310
08BF16CA59F18D4C04B8085964B2D8DA4A855187000BE440BC816FFB13374640B0EB1D0998AF38A1AEF503F14302E2811081FC12EA6CD38A63B33035125F40F170C0B0AA45E9FCA38FC6D688D48563B5C4B4B7C359D3C7AE0EFB16ACD5E2FAA47EF8307044B4EBE1C71E84E742D81431FB06B90B600B9C239E277A57C94C42
310
7EE10E7826980C0136600D916A06058CBE8604DB4D314FBC014EDAACD0820F14BF75449B70339490FE5A0491221BF95F949DF1235380E969AABDBE2D32EB4403D3FDF17F42F9A0A7C28ED75BE86BDB7C7EC80C76F86B8800F77B305EB88F00A4352E0F8089EF811EA02A3DF08F7DA008F803BE4B4EF5F41E56087099E92070
310
8C3D720916444440FDFA013D4E1201414123A09290F5BD7AB729298209C4306D007BB0829FD4EC3A6D7E4F00B67DF38CA0764F832F0448E58439B952CB4F70DF964AFA74CCFDBABBDF273E2FF4F56D3DBFF2A78D42FFF2755DF307066497F44062AADFC0CC546F6DCCFECECFA232E14F408F05477D311B683A35BC245FCF8A
310
5CD2AF20022C21022266905A5BCC8B20235D6FF04019CC04058AC80023662E25F342063165956320BE50370F2A657BACC817DDA3DDD3EFE04028645780A768FE38DBA88BF2EF3ADADFC7FEACA952E5A77568ECF0C971DF32BF1D24F8486B22A649EC81B1B60315CBEFC026091CA45F858D7D04C1B437079431E63E38F88075
310
8842E780A9E03791C0FAAFE10012588C3C592FE35461A6047802BA18686887023A422A49599399893103942CF6DA53A8E387825FA0678B261F139F801E2B17C901D0F5217E07AC2401A87D0480F753FBED44FE949C93A1D042B879FCE499B3D861AEB23F9C1F372F0C24D0B7D6E70FE1AAF60F84BAE642D82F0A9F53E22783
310
915518494FDBC0AFAE7DA282E5050B703570E06319A015E00D693A6BEFFAE493941C3B08C13B96BD20D0115A9565701DC58568A3009DA13E965765C03091F0FF339F7309D44F6E61F837F1B1FF920450EB8FC48F9B40158BE89C81A597CFB0DAF5F5755D3886DC13D4479599B583758CBF35663AA234F133F91D3BCCFCE0A7
310
94367F385C59B19431780F1C099131384056616E15A1563B50021D369C593FB292685A68A8B2A50A0A2085CF05434617E05FC24A6B077B990014421A68401AC4D65788EE25F737EB780D08A6E38F060F2ABD889E1B889C44852C2FF368C1E3E710D73B6589EA83F7417B341ADA1F639A23D15298F087AD0326410E116C3A1B
310
325218433C71AE62C07C1480F1C045629724A076A4BB8D622D24690486727F56108D07046DAB065000678E04C4F8C342DE27F4AC102D854F2D08D59B4ED0E4F697B0FF62F113646BC5B7F3131D4EA8BF8B265EA3F2026E7061B96F6DF3D993276B2180B8E57067587428579460551049049B074CF8B1066C7E14C705F0B392
310
98C0997C17F701097023BAC31081390196801FB0C2A12380042927503D5A01CA127F9841B460310639C674BC8CDF1A320501448E0068905B07F6E5602F8C1F07786253438CEC51AE61FDB25FF71B09893AC026A9EAE3F30F369F5D5EAEA5801FBAD3C98B38C13EE017B054F81A56F05259DBDA64FE270B1FC4C77200FE276F
310
E814B916E222575ED717A62A92956504605268408CFE13FD61F84252228376060206802B9550F00B9D47E6AF1022538A752CF4FFF1F5931384A9FF8700EDD4FFA2B93FCBFABB3EA6C607FF714B0B8B04EBBE83B52B246092AB018C0D0002FC490849F1E214AE6FC42009D6D86616C835B65DB9862EFC4480C14137603C3089
310
D0A5588FA27E693DD184131BA4E88C35045ACEF1CDE1A82323C20B842F2419604821196EE8185BC834AD44F8E9B7549A32900196E9ECBBE20FFB4706861AACADBBFD9B56A23FFD3AB8BFACC18B1B5AC0ECD7B6AE2E2E9CCD2BE8AF1B1BC3A813B94107E82DE67A42E7CC7D4A6116700B5B2EE3C338A09B840F07C40A64800D
310
7C605AC42B72227C4C7020AB1F20056E26F542717F56534261DE3766AC10A6ED2D006DD03BA9DBA507AE0510A8B385C92363B9154167F1230C40D76AF6F3BE0CA08F8BA2FFBBCEFB09D0986550E0F0EAE2F2780CDF850CB0F88CFC2815FE87BD83909F474F45DD47F1C821DB2107A8817FD45384F57891B65F2543D0C1E20A
310
89B4A8DF806862AC27C60F6A054627FD344250718AC0FA21CDC4E28DBF2650D1B39D8B8A420C348A4F846E2BE824BF8C45E1DB8EEB52F576F47A75FF95F90FCE0FD3A7A08D48D5B9AFBE3EA658E1676FE3372FB57F0AD8D70ED4AEBA3D4C2BE0AAF1C3AD63A6004D12900CFC481A47430C9EACB390038642C8C41B13303166
310
614210592736B8603AD4FAB17189DBB32F3915F0C380795A089A15228460BDE8E52203527D41B5470901B088D84FF8B3FE2BA7F4FD30ACAB3DE0B7E2FF95807AB0010FFDE3A048F7360F9F3FB9380EE537F16F8673131325D3351A3F664022020811A0FE8C019CA17370725CBFF64132025DA1BE2555102212E80A907FB43E
310
D80A991A8AAC183932C19AE17524B06590B6AD286EB99BAD18FF4BD64BAB519202F992A963648ED30E7521F909F090C0213E367A77D8836BEB6F34D92EDA624183070248351F1A079E5D3E7A9EE81F2CE6678F92E299EE312B6C0572C0A7B5EEE07853612403813152C7125E2022A20C18F855DBAFA399817FC97FB6E1CDCA
310
31D348434ACD0012F0D32A5456B4007E6E92D72B1A4E9971223A42C1042819E4049C0C5801300C0013FA48F8944FBAE71DAFC27F1826FA2304ECDF3F6C10FF47D5C7E49748DDD687DE8E91C09394EE0682A4F84CFD6067EEDF43E67EA46CB2F4070160439245F00343D03BF25D7E2F26FC400A896DBF19FB8D4D0A66DA669C
310
3D608F9CD048A0533621B25690EE19D5D15248E390F042B12C682511B02BFE3E5700E4C9A9B2107A8F45248FA48234FD23005ED1F4EFE80D1320836F04003BF42856D478D1DCA3ABEEE3C68F9F30C3A16E5C238EA5DE3FF37DACC2F8B7980033F47FAC34421EF0418A045394802CE032D61C70023D788136788613887C0011
310
A4EA316E005718AE191F8D0D841B9C679CD2FC478442D005429166F5A24403B1E6ACF3298F388B6D0BA933D92339D48969A5C11F09B4FF017A9900A4F887010C474717E10F36468032FF33F4AD610517777104CD920C3CD15FC5F3B3A0C75BBCA3B00F2724863C10BCD4A0E00736C7981F2F72E4B001438B99714FCFAF713A
310
2603BC710376A1715FC602022202E06FDEBBC680A3DF1C4C095A12C50B554FE7623B50374FB2129DDEA4C392C9188077658C87F55FF92FFA507FF03FC8DFD3F31BDAB46DD51AEB03F7E1B38B8B87CFF47EA1479C3EBAD5C6B382C221C0F1B358B39D76D9D3142C4A20935F541E492E0EF081BA41B3620A8E172B584EA14856
310
32E22A8221CEDAC6110AFA4B6D43E2B76A18AB240BB24337721C9321D2C033B2D3E2641A55A400A28403C12D1DADE39AD23FC5FC08C47A64DC3FF6DFF76B5235124022D7E6D6D5F3CB870F9F31C96FE477FAFE54100068A3A87FA5908A2C08011CF31309C10025B089FEF9C510522B8DC07C30AA469841723A10C08E27F00F
310
7FBC181C083F2809EC3B2B328E294AEAD5A071B3A95C81D2DE3F930372D022C9C793535B92FDAD5426E90490C3C81D000017C6494441544698C416520C1C40C71FC204B22448FD9303782FBA67089A1A7D4CE38E89050FEF5F1E078A4DCCFADA058032C34C1CBC2E1202B1F8962B1A8024F0EB7A11F209E96FB369D4B64202
310
FE7BA230AD24C46413536EAE955B341B726C593B5D4630C0BE822480908522B0D85430230352618DCD4F7BA6D568BF4343801480006658EA3EDCBFFA9702B4FDE9022163C43F9B72B58001A23FCE6F0B3FF0E4E1DDFB9801A6FC42FD0132CC1F2224F89933107AD30B6C9131A53818AE944BE25A70810821C38F098411980E
310
46D108F483DC63F49B91B852351604091D60546702F58A3872A1716411B642C7629C267E64E77719F46B0548FD6BFFFC86A38DBFADFCDF700228C124C8664FAA02BFB1F92B09800876FCE4F2D1C3FB4FD0A44E0106A8DB8079751CBF0BD9340066C3D52BC64706467C05B5A54401BE4A1B0132A55EAC1CCCB10D378A3DFEB9
310
812022327745EF2102886A9142C812A1A2C9708027BB55B7006357459F9C2080E0BC34489FC629510F3017B62D5073E2A2C64048A0A42580E413BA9E08274091A398EA80B5BF31C87BF5ECF8F1C5DDFB4F22AAC181F070AAFDDAE5650C4000516440D8806786D874215149E69ABEC43FF0EFC820FEA112B0522003C84BE03F
310
B76623513B6D840820358B084119B0CEC8C00AE888826339A54091F5FCA513AFE147975BB1A86FC50618D9D74502F0C7C8815AA306602FEE3A5E79E0D7DED1B221001118B73182CD439A092FF801105D1AA14E1918EC282F6260869D55108065988BD67F68E5581720A708051F7C8070F582389C682BE53F2AFD85853F2A01
310
3D21564028E06E79B7A71E43212180A81541EBC88F451E02385100491AB0C4A3BC5309A95911E66D04C0B448366988ECD204C2FC930F8CEE8FA410EE4C25B58DD1B6EBAD83F6196670F7DE635282C0A56A851AB035831725F0471A10FE52097089C80495804100318405F0DFC2136004B4C40705EC9154315129205EC35793
310
0035688F61AC02188250CFA9A980233925F16A117A48CA54DAB6400221976B75D863330942E20EE3B00B08FBB71AA813B0E502FD2B023DF70114E0D7DF2E2EEEDE7B789504200112075478F2FBD6897835C91F0C20782401E801A2F9142700B74805703426023A81CC0BE88B537D0003E0C5181D29EB8D83050964DD258091
310
0A1E7A8138F76253DC01DC2F3824391AD748276C0B0CDF12366625D038603D0003E0266CB42704C8CE7FA7F11B4D59C0BF454A78F8FCF1E50513715D469607031272358F04E0003C90107223A581218F10008B10247CD20D860FF0BF48801040B361808148714764028EAC137E871501EFDD97C89B52107FF1235B0928C562
310
530082573CE137840EFEF82A0BDC602736C595912FBEC69E6A3A26903B3A300C5A098A9E3F1810CDFFBA019D97B4E7A7A075850F2E92569BD960CA7B8304995FD006FC4213BB1448A6F4BFBB3A9F9FC4962D0A1369129B10073771FEDA38B1737B663A71C088D8848027FC3008DAC4E4397A6F76271DFFFCF77D6BD7F1F67D
310
A51E0E08875A6BAFBD6BD7AE52CC04A0B4A2206F650EC412841A48258258E8662C3838FBE21E25172C2A15A4F78D82DCF68A005DCF07047C183E1CE47731BBCCB5469D9169E0D588945BEB637E87802A03D88FB82486210D28FB3B858D13DC7CE75F5E6F3B03C1744D30CC58C7C7A256146853A05243060B850072A7010CA4
310
7CFBF9A1E24F414037B8781E8E9F219A774B36481CB43E48A79819D638C8760D672FAC19FB9D3FC5EA9158DBD0159C27860409682E8FF2595652FE189D2CC2D7C023E944158355806FC320087CC74116030CC376C559C098B93A041C5DDA48AF33827D2327DC761D19C17CC62780D82A170E6CE7415A5E7FE825E053048F88
310
D2AC2A561CA4D4C60098DA28EF1A01382772484698F60C8DD24BF396EA76260542810A625978C03580A9CAB91D10249BE579B0377A3DD15749A45F24C4D81FF3D7D7996F6A1690288008C0FF6CC186DA9D5FC95BB09B1301004B016E707FDFED306A1BE8FA208828F00BF342186839839F1F6FA338DC5A0200FF383DE92614
310
C03A4508DA18F4D85F9354F7E867AA77A42FF49BBE6757A1A7454448D0BFC3C220714FE43A3D8F1547BE10F0BC5A05985AC3C28829A06FE24CD062700601F4AF12AF99099B08E7071DC4626A97C920C3FF96E190C9D1FD7CB6163E800D79E5F3F10A9306C02B799E80F1AB380E0571A584C0370A220C3125000B500900D96F
310
EA40409F980E2083E4EDF4D8D2480AE5667222E020BCDAD4EF19682120818FE18EC7FD6AAD67C03F7DF1955E697456F517AC4F24700C30171C67E9168B109A4F60AFA60F98BE30941BF776DBC7C70792A2FBE98AAA97224F8BEA39B47BFD14A8CD03320DA2B676E3AA397E652E30A42CE2987B7DA1EF7F75242413800A04C0
310
270C62A13372400B435ACD84B8B5009208F5AC73EB149FFF3508E21C2201E0338BE07E50EB47E7FF6D97724A601028C5519073E7978EC88834410450E074DD58AD13A4900103A6444A9CB99103229F0EF8C0C78161EBC68137240734CDCFC349807851E0EB46CE864D2E405ED341B71A390CF2DE20CF5193189E1901E866D0
310
230409684B193D17E2928534D04240937D3C84477494FC5E0FE0B448E35AFC19007926C1C6A6E622FDB8A12E30993C6710E070397C4B26304C0AE38218D19F01FFB15BAE1C0E7E74DF75F2406E373C414E848FF8E500EFAF3C1029C9C0ADAB2313A7426CA9B2C1B9E30032C84EF31A09A88A386F136E8C2F1D582EA0459207
310
015F10F1F001F0B1B7DF7222011EA2001F00BFD36BAEE0850928B08C077030FE3806C880EAA74BCE0863A952812E6008B3A89199C1EE918AF96AF583F1A073B0A355B9D861AF1460DCFB3BFC6B7EFDC834B09700CBED3510E48DC7129041C991F06BA5006CA6B5B34EE21501374E8DFC910042036111EC9C7CFA1C05D48A72
310
70F7F835BF04A4194DA4CF76CEC66718C84CD020D04C412AC848F03E3C61A1C8D50D0EA6838A00376054D3DF61A0E393E1F8B058A6C994093476D601A4A06F0CFD3C0A6BFA910E75CC10400A80FDA93AC9B5EA4303F6C0D188B559086091CC5910137772E14F2376D03181B5CFE74C0EA38440D0AC256D6C4D104CE05302FC
310
C00B60B9CD4D71E08BD40C144A025E60D4C1F45FE846A2105D717EEA84808A5DD90A168E133640311CF05DD870768683F5D2F1800F485AEBE5CABD8FFA3C0BEB33702493AEB551B1EB035EF5C8E5757FA7832141F88E8578A363802B560007AF93D7D470B478C4D00B412D634C9140C4F9275C00DCE8DFE3C7F8C0AFBC5B2C
310
E82E3C3BDF393D4375D50C43CD1C17E3777CD2C170725B7B42B41DF15BFC344DAD089C1E9118522B4A2C60B794E4E8F33081BB7C8CFCEEA0B2015E49D586429C6C78646180B7710E06018A3082243C275F077FBE412C17DE80D3E6B9462C5204C5D980D1DF84A864401C483CD01B143F4A4868087A0F780F37230200A4FBF6
310
AED325114C367C22512750A5C7C3E32D545CE20A0904183BA10015DCAD89864B3E1EE97EBAE8B204266A48E010511838E2FE413FB116E60880C2D8440AC3880DDA6DF6618C138CF1CB2A09637E18D00F80CB0DC05322E31EADB8081C29410903F06BFCDF5AB46024E4A75828056440503C707856EF0C037623DD4922A400E8
310
A6BD75E4D2800905F18450A00CEE88860C8964C7B3F90F56528BA18F71CFBBBCD2D05797E168FC37DB26DBE0DD2EAEF39686C18440820013C1444055402A541400DD362A0A402F1FE51246404E098249FEE30708C10CA0B54601053159480C00BAA9B1223A773234FE72FD5C3BD81804D8D196FE3D5315A0C981D88D04FA01
310
DFC185CA93F9120E1F480B08063364A0A318F08DF95056E4C91F1150D31B011200383502E079EE43CC18603AE2F88FD139C802A739F208E88D06DC78267C448C27C4113C19B0F51B0E9C1C021CF8F9167C6B1F2E10E461002910105D1042792D1CA303F469714C018C23D72179E165049C40E801CB96CF334562E5807291D1
310
E0C70FE6CAD91656715F0E5C5E70F8D7F83290549B1BAA6F781D25180EBCA93EC84E72A74081CE3020789B3790E1A9E478E658C099BECFF01E530E80EC5FE31204ACFF70AF8177A03059240CD074978A002A878BF883FEEC81DD684E406CA630ACFDE87292822A11953710F000885D6F68A67ED40CD772B0828359B753F7CE
310
23D9479AB9845771B389D6A77130F8C134EFC83947392029B10E4425440A84AF0E54825228FC1634D369874739C837A9DDC83C20D320C36042610ECDFA750303710224D01202488012CA847424F8D53F78AB6BECE9B3B35A7F32396AC6B7444566327DBB4DF06FD9616744F4D3A397EB3B0A3FBA8D763702883ED742FE5CD2
310
4146D8E353ACCF811C806AE09914D8446E93840FF4D6C963FF32BFB6AB015D1D3B0C9A0968776F021F21404B6260CF84A14F35180CE20B5E85BDA2EC91FD5A7DBA7E5705F4F0F97AF26CE18E3BA078138202400A62930FA6CC7882F911A92F33E547E64990B0F27323D73B6222863F86425153FA8009361C675554C25382CE
310
148420C8DCC47A20122806CA178A0918C14CBD33440289078A00EC6070184CA9907FD0A1270478E0B325B67C2193694EDB7DD0F3C238447C8A11485562FB4902134E6AC952FD5320A4F7C780882DA9684285CD81D278C0E8FF8DEC9F45D22DC3C2CA99C2728110888799575B6834BF22B0F01EDE72D7F21B672C40F0A97299
310
9E2200B7C91403F9BB3D09C01990819238CBAE5E7510D7D57450507E3DB04AAA0A3C280064E0775380C8C16EEA4834346A04BF0CE847B4B3AF760D06D24BBB267C32E2C9257DE5EB748AD101AF1FD33265E2B674EED8C01A0AC901392211011AC810560F77778E85B13BAFE3E25C95B70919A4862C15928BD8989664AD8638
310
101D009A80F00BDC41AF27602A4BDA0C077E550048E7F1011410F01405045E1C140B4D0E70E0F6E034171C3D6FD12004FCC1FA304312518910356628A4A326EC9ADF5DFFD1B2C0399503F14B4F8E3E0E4E39A06ABCB56A8014687E86E462BDDE5124615ECDB412B7314F62E6E0C76ADEC0F717B360E741960104CF1706CFA1
310
8E0605004B01AE007869B095ED92144A807841EFF2811C047889A04901C809062057192688C92346F97F279449F89B113500BAD282D1DA80A55C27EFFE02C8D4F395003F285B617BBF0831F49B055342DDDD414378E8888E92C16789F269A27C9A221FAA4A0DFDDB9F935B2ECC04DC51481558A69301E0460B02665AC4DD30
310
C03D480866C3409400051811876014C0F294C542821AB045011A3E3F09001FF304E3A0BED05CC11A811B865001769507FC01ADC611F400CF68C7B093606E30F3C7E0F00C1D10C31951C1E2D7252181DA00345842A19130715C736EC9ECE686A712FDB31E4D3E50AB336E5666D7B212C0113C4A4406029709B43D0228F3FBAF
310
49921B19CA0C82A2D5BC4A2079809240F37D3E10F9637607C3983F0458508A98B8B4EFC92AC13530180CF55359500080061DF59B98BB3FEACEE881DC8127F182A885A86FB12B43C590A4380504E32305E3148BBEEB2D2782029765428092545BA5C2C681FC5F8E869C0EE1034A822FF09A12C94084505AA868080303473F81
310
61F7AA0A6610745E280BE4427FB770106F8800EADABA19F453210435BDB2348471B13B65F2FCB554827632C4C44467333E4127095D22092ED492009930413251B5408345065065E415266E20279A40B3F520370BE2050C8360E6BB4601C1673B9BFE007EF5200B6483CD195400A783E6DEA0653515B0FCE8E86D1618FC1EFC
310
15C2E727F24F2A2DAB57326D8D0877D4E298894E7A0C3C7D9CE8A0E2D17AA2020FA1097D6372F2A9F955060FDD467AD0426368C24A8340FD0D6687A76316DEF5179ED9042005A2BF02A5DD810A4DEFA4A8F700EFC50FF4FB8C06410F0303C106ADF8852ACC6A2CA9046E9ED070739339857222CC009E206479886EA26227BF
310
7A341A15C351A8404A6C10080A2140FA4B4E8D9B9A11645899332363FD69887F436A660566964250FD752E787B64BCF8E6C8190DF8EA0C854C062D8A5A1346F810414313E606ECA0AC3A01D6928544029D5F42E202C0CB386F880F7842A31287061F32F3CBE09F2950783394F2F2B23D85386C6F51943E99DD10C8A0000BA9
310
569A14805693274BD0E4F4DC3F28E331EEA91C4F33ABE057889BFB92819187840A08E57A276A8BFCB75B0342668C70C565C8059996D209C2800941A21FB82B2F520BC2E6FE6F1A8827043DE17000DACC8193E78BBB8DF1467978C06F6AFE986123E3A95272CAC122046F4C65C4B88FED2F1CD1D918F7CDBF8903BF1A90057D
310
42F4DC133AF804ACBB58446A0DB78806FC053FA1E45D0AF1112613CC0DD976C5E70AD3282F42725C0D02AC8588DE451B1C01ABF063E7748A3882F0DD484BB78D037F9812240EB88B6034C0AD53E5116D4C6D920C6A89F084E6D0598AD7EB6930CC7B293E27A666E5CDFE9A3FA52FEB3C97976FDAAE9A60008FCA6B33099CF9
310
880D35D419FC687D424378E3099441E110C5B3C6DC311E6653514A67A530D863326C4D8430E0C28024803B5B069B0E60C10EDB6DF087034171DF01F1F3404B27B1056D8C0E56E7CA6056E7798147BE4C2F01CED5987E413AC6A724876DE3F599E0601CE7B9CEF3BEB3671E12DCE8AF9631B8031D3F360B6955DC2342B2A0E4
310
632A00264C0DA002220CFEC3E10D9BADC8904D88DC51928593AA16C91DF6FFF82B3234404C7214D0F8608E0052283EFB2B0563F1D072936C4017706010BCF1B16CDE0C1FA9C777E44E1F5259B0C9BBC8794A82A6C182A3AF56B16921405351FDDC91B5BAAA617860E8D76C97C377FE701A4EB4378FA97C2C8E3CC8950886C6
310
FD93AF70A1F5F676B7ED16CBC56AF5D09110EEB8607CC08A795882358280DDB98AFFE7087C6EB593D62F041CDB4018935238E73F1098100D0C8769818F777057F64C703C6530E142FDF5C837AE1CF66C94C4887D3A3726AB990DEA248F73B5D32C8E04F6714B1E67C53FC52040252E605B322407CBF8C7F05453462A295ABF
310
4D95592DDD76AC23512E9A2DF964715C80DD752CA8E263AC36F02C3C28A133EB22AC8D099BDEFDE28C3E8FFEE3815D5D00C17C00511058354D62443C1A546280E43572A9C661A34FA5891F8E7570608C8DF21DF51DF9D2A84D4501F41B8CD4F4C9DEB2F901E810C0E4CEB6EC08DFB06341C864CF8D0EEE779A606545E1E64A
310
AF30A4324C20FDD3BD558BD966BA994FA915CD162B1978642AD01694E533EC190368A68234657085B5F88E27A0805E04B8BB6A00A51646EE3C10A50FF007FF410F1963CA69BE2002F0F902E701AEC995FD41F83A3F0C3809A3288A083003A6CC2A20E6D703EE48E3777AC07ADD51EB6101603A9FCF17B3D5928F6D742EE7E4
310
CF38AE2B03C5FB39C81D7B2978FAFE85AF3D2710B0582C970F0FEB0E4D1103B8BE2B4D560CA10002FC8F334C891C07B44FE06B2E3ACE5E1E2D1FC32203110ABF9CA0E8381F68EC3C06701328E5A38278A5FCD944CEA5283DA933DF2A2448BD23F1C5D8BE04CC2DC3B43B3EEC29F8B5FF926D11D3E97EBF7FA1BD1E5E5F5FE6
310
D3D972F548547783146ECD84873F377C5820F7F9FCE5E07378D6CBCB7E036DF7F7104079A05B77C6942D1BA95D47424BFC3DB6411009A42E207871B7EE9B06614BBD20F22F7523FB985F3F7068E37600273A3ED0C1CCC380F6EC4AF01CC1CF95E4848B7BF950AD14C44F10460221E02D21D01DAE800F323704C00035DFE97C
310
B37F797D3D1C0E4FBF35EE1E5E9E0E879FBF3DF6F474780A01FB3DAF01FE0C0798218007C2090A3008BA7682A338F4A8804A06CBFE6A80CEC766F49853F15B2F45FCEA3F8250012841315016E75E797EFEEC4ACA6C79F515CF1738F7C36E2406071051043817C9E8C5888D49D0332E800062FF54FA562BF7446CC0BFDFBF86
310
03D1FEFCC9F7FFB5A7F000430755C2D3F72F2D02A022820897ABDD44594475BDCCA4A10AF34C06B08B4AB58BBFAE30999DC66C7CE903A83CF8EB006EEEAA063430F84B05F0ECF644825F5E95073870E72A0771AB89B080022A0C5A9FAF34C89286257FB7BEA000EC65B59750C68E0815B0D9834B15606328F80709DE09018A
310
C2A7817F83F96DB3D562C10A0A31300230CD4200B87F85808BAF64D04600254047F9C14DE93464009E7F5AABB4FDD6D55142A2C0BF1541FCE19C20C899BF4F76AB54B84CB97F88F48ECC029FD253F0C70DF4816B9AC94BCBD653B1A283C4001A0337955E4AFED3FB790B6B1F5EA0B5514074103A38D84280EE0F5F9BE974EA
310
B2D16AB1EA969684B6E4166CA28264B300474C7308D20013B204A65F82970718D05678B3315D442E1C0A327E2F56556040C005D2FAB1326A68A07507C9E46A3648555A7080F5F50219A00E6222E3E0862CE95B5680930530742F1D041805E69B788161F015944D041182B861A2C17F3AF01CF5BFDF6C343F9171F5B004BF59
310
C016719164B888EA206A02AD05E8464D06B48E4381A0E9345FD171625AC22198F57C003BEA5510F81FF78D31C9B033D0030000000049454E44AE426082504B0304140006080800B47E035D51464CB48900000043010000360000006662782F43383730344445432D323537392D344333372D393234302D4535373044313342
310
364434462F6469726563746F72792E786D6C9D8F310EC2300C45AF127987122606C71DD918B841D4B851A43646695A717C52A85029031293A5A76FBF6FACEF7DA7264E43906840EF0FA03836E242F406C6DCEE4EA06AC22492573150D1F66C60C640E8938CB705396EEDD86DE9B5042FE27813D640EA63BB001C722AF6E55C
310
B61E4863F58284D5D3F53DD715CE1C3985E63FD7F1B7EBDD617E9F1E504B0304140006080800B47E035DED8FC534390700009F1B0000340000006662782F43383730344445432D323537392D344333372D393234302D4535373044313342364434462F6F626A656374732E786D6CDD59596FE33610FE2B84FAD23EC83A7CC4
310
5E385EF84816C622BB8B35B6E89B40CBB4C3863A404989D35FDF2145CAA222C74ADA058A2640AC50E470CE6F0E4F3F1E23861E09CF68125F5B5ECFB51089C36447E3C3B555E47B7B6CA18F3334E54992D7F65928C611B9B6C4B2359B1E7852A46A6947F6B860CDD5DBC51F280B494C2C14329C65D75616DE9308F77091273B
310
923DF47638C7BDC3FED8F37AE54693EC81E3F4BE71558A3989736015D663A0A238F0CC7F4124673675C406635BBFDB36FF956D8E14DC6494C6598EE3F005578DEBFC335C35AEEB7B83D58D3F9CD8C3C1A06F0F46BE672F6E172BDBBBEABBCBD1723999DF4C2C349B6E938455064849BC032B3E5B336FEA883795F84A0B6D7C
310
87491C935069B36DC38E28BA94644D9D188AF5A468358394B2D616FA1D853FB3AD93520C960C6D6BE1F467DD7B93ED9FA084AC8B97F28C082FCF720EB656BA2FE3C19D3AE5AA61179AA108E78453CC10A35B8E391808B6960632C8886811A490D099B4A2A657E7151CFB722CB571B92F1813F16BCD64A405108F24CF2467F4
310
2FC24FDCD76F039E40DA82C6F958099B3FA740623275E462F9AEEFAB97A522D19EE103780B882936F5FD86BE96020BD62B6BF6F9767BDC087C68BF3CE5494A782E3C4F06B38A3B6DC19A6B81F375504AA957D37627AD7C07D57F01CD57BCA029588ED3E3E038D0B2731C67FB8447601DE422DB853F2E128F2F9EA64E757886
310
908195E7740A61FB2FE9D410C3B8BBA6D2D9F4119C3EE17D25DC26C40C7CFA8EC622CEC151104B6009F07EBF3D5AB33580292CC229CC407AF89D3AE211C1474907F0A661A136F8ED60281D30CD383BD9EA13F80CA761652A43C673FA1DFE2BFA9DAF369F3705DFE390DCA9C05E913D8D690EC9B49D2143E946C8FF587F9111
310
F989255BCC4EA78D4D215C7348046EB49865A3CC82A45D801391864BCBC8953B0AD1CE188E4952646ABDC229E31AC8C721A7A910C39A290557D8D5ABF1064E81B9729A436988605B446980A3A488053ABEF49EDFB5FB947C7A000DC27980AAA4A67D51079A26BBA3FB7D9101DEB4925C1AB24B9FD45EA99D7200D0D3C62F27
310
7B8E21EF257140216D827FB7DE605ED0E4D950DF03797E4AF8AE95906924EDDEDA1C42114AE0EA06995E1AE0CAC92315159B4C0D1A58CB4F650D55D259B3C119E415A0DB22A8368EF4989BE1D5DC5FBA23BB7FB518DB83F962614F0673D75E8DDCFEC29B8FDDF90D9057D6537CEAC0AFA70E50B1A8180C25E5F745B48D3165
310
F04250C0BBF4C3479988AE1D40196739BE72A1F459DAFEF06A620F96FD2B7BE20F5C1B7872575E7F315A0D6E1D4EB2A4E021C91CDF7103ED2A697C38C795E6EE251C418570396F687B3585F91FC351135E0D23FE3C3C12459172E53061090FB6CF415952B4BA6D03542A4C69A9ADBA825B8D03ED585B1C3E08B40F4228A0DE
310
C3471BFEBC112FDD5EDF953F9E37F1DD893F9E0C872AFF5E8250795384D3339C9B18AACA181D4865623F87A1213471451E24290E69DE9E9D1A16EAC8F25B501F34E30D4BDDE8BFBE8FDEB25A31F5BAB48AA98046F840823D16257A0B945E92B8351B1D5892653426996CB15E945E0D9A6E0F2A19337BB6B82DCD8288E4F83D
310
1E2B6BF64682073467013483B968C72FE6F72A1455F97F8EA2683D21054BF99F830C47292BDBCC4B3AF07CAD02DD60B44599605A5CF108FE19E03C7077444E0D2E51AFD8D7D549ABD59AD427EF267F463DBA42F989EAD157742F827A436F227EC60043A3A1D71F5D55A6B8A42D7D592EDA285640E3173E074F841EEE3B158D
310
DDAC9211B60F2863451494392427117491382F78A7881D019A68DFD2022964688444EDA63D65D0E3075D61F64DA56AED1A108AC63066EA24C80B295A9D58DA428ED4C4E4E80D91AD757391EA3F46CCFAA8E5A754D9F5F08BE4ECE5B21EAA1258E18F5187B756EA460D953DE13C0428DDC84F7B0111B123BB539365906B2BEB
310
754D7BA9E25E0B488D60608A05D2DE8907F61D83A9A179CD9C4F65A1E794EB6B91DA7A301B3EF161306DD2FAFA69D3A0022B9D4F7F133A224F0D0A6A75298ABF5748FD589F5AEE060525D18FF52BC7FF135D8836606D8A05C3D82C611466E264870E2481FC0D5D7F870E8547249379199C5781941EC87738FD588E3473BC65
310
FA74788F612ECC54FF56843093849C796DA975F40B4C21C52050CE867A0FD0BA2988B450C1E9B5051E9B53E8D07A5B9826C9D99DA4DE686821B0717C1019BF3C55FD7F3A26B403A87492ABDAD3452F4A32239800A35339A687BAAF7C319BBE5F74CD0EC2393C6E8BBC12E6B47092462941CFE34BE160E8F6A0D47B8492E275
310
B9BC9EDC63A8A4D360FC553F28A9DA39E60739DDAEE97BBEFAE688C1F4FA2B4A597110E67CAD633628D9A253674539519A82632831532CAAC8E507E71B4FE01B9E08DD527002F4EB713CFACD59265194C4E5923357DF13A1CD3D7CEBB373F4C40D5A7FD7F71C39395053F5608B33D2C3BBEC0116C0B49C8AD164A962C3012A
310
34AD3980B688B0051C33F6AF57485547B5A94A1D76857AE4481D412089AF5244D8D437D4E67F100BC0957C797AD00B5387C30C7AF637504B0304140006080800B47E035D35DC4E73E2000000550100003C0000006662782F43383730344445432D323537392D344333372D393234302D4535373044313342364434462F7265
310
736F75726365732F322F636E782E786D6C4D90DD6A032110855F65117AB9EA6E9A12826B5EA257BD09562756A2CEE24F69DFBE9A5AE8D50CE77C0C678EB87C053F7D42CA0EE34616CAC90451A371D16EA496DB7C22D3458A8458FE61648A2AC046BA4CA4B009EB3E240337557D57BD8BF721F2AB8508C9E9EB1E2D99B45739
310
6F24EB0F088AAA5AD040BE53A38AA20B4D90B1260DED447101C6099D40153044AE7C7D99F969E687D7E5783E1ECECFCB9B609D94E21DD10FDEC50209F7A7956B6C6B6C89B8601D90A22637A8FE4633FEE2D1164FB0664B914B6A1D0CAC7CEF0D734159600FE4D79582F527DB7834D0662F44FE00504B0304140006080800B4
310
7E035DFF15A4A45D000000800000003A0000006662782F43383730344445432D323537392D344333372D393234302D4535373044313342364434462F7265736F75726365732F636E782E786D6C4D8B3B0E80201005AF42B6F75B59F0390B113044D83508C6E30BC6C26AF226F3B8BA6360974DA7271430F523308B2B198F9B
310
80925DB700539227A2FCCB80A18E5640D320F996A81C9F32D6E9129A0D1EF74FCE750E6D57BC7165FBCA07504B0304140006080800B47E035DAE5B1BE44301000056050000300000006662782F43383730344445432D323537392D344333372D393234302D4535373044313342364434462F636E782E786D6CCD94C14E0321
310
10865F6543E271D9DDD69AC6B034F1E0137830DE5876BA6259D8C060ECDB0B95B61AD3E8A1497B23C347F2FF333FC3561FA32EDEC179654D4B1A5A93028CB4BD32434B02AECB2529569C396BF11B460A234668492A13CE0667C3944B3DAC45D0A9AA95D9E4A24074AA0B089E14520BEF5BE2E52B8C828A80B607BFA1BD4041
310
1BEAC0DBE024C4F7A846C8EFA50381D0133EAB677765BD2CEBF953B3B85FCCEF6F9B17562592B3CE5A9D7965109C9D6E66B5B4F168A29C9A5509E02C3895A9E481F0A336DA29C3AA78CF998F7ACD9039DC4E899B26ADA4C0D8A8CA4A042C23046264D517CC59951CFFF0FDF8F07CD4104FBD7220D1BAEDC5DAD09C6AC3411A
310
8D89F85F1776E05FE66DF7162D5F6EEE270D676167B3BB4FAE8FD1FD9D84982761067D8D1FE020EDFCF98F8B0595BC46D37B6567F25CED56601C7CDA88FC13504B0304140006080800B47E035DF8AFADF27F000000A30000000B0000006662782F636E782E786D6C4D8CD10E822018465F85FDF7142A866E805B60EFE1121D
310
0BA191B41E3F685E74F56D67DF397CF86C0EBD4D7CD9E005542702C8F87B98AD5F05A47DC11DA041F218C2FE7703E4A7CD082818245F6348CF03CD6699922BD459FF38A0EA18A17A54B86E598FA96A18EE6B4AF0D832A2ABE67AD1F4968D7351F2FC7A794B5E7E01504B0304140006080800B47E035DA6D797065F00000082
310
00000007000000636E782E786D6C4DCB3B0E80201045D1AD90E9FD7516806B51190811670C8A61F982B1B0BAC9C97B72CA7B1037C6D3332918DA1E04D2CAC69353902EDB8C20262D23F3F59B81A079470595414B17391D1F19B4730A5583A7ED43BBE4025D9592775E5ADFFA01504B0304140006080800B47E035DECFD112D
310
A800000026010000130000005B436F6E74656E745F54797065735D2E786D6C7D4F4B0EC22010BD0A61DF525D18634ABB506FE00510A79458060253536F2FD89D5197F3FED3F68B9BD80362B21E25DFD40D6780DADF2C1AC9671AAA3D677DD75E9E0112CB5A4C928F44E12044D22338956A1F003333F8E814E5331A1194BE2B
310
0362DB343BA13D122055543278D79E6050F344ECBC6478EDCD76CE8EABAE5449AE4298AC56946789C28AAFBEABC53F3EAF09A84A1441B91F0101CD4780756578C173A578FFDDBD00504B0304140006080800B47E035D3DEE336E64000000790000001B0000006175746F6465736B2D64657369676E2D7061636B6167652E78
310
6D6C35CBC10E83200C00D05F21DCA56CA76D41FC96062B120735B69A7DBE268BB7777961F8D5AF396893C2ADB70FE7ADA196782C2DF776D7A97B5933C430F15651E5469C55D70F80A4992A3ADC954792C525AE70A1E4D6AD9816CC044FEFDF01FE3FDE907802504B0304140006080800B47E035D6B456445F20000008E0100
310
003D0000006662782F43383730344445432D323537392D344333372D393234302D4535373044313342364434462F7265736F75726365732F322F636F72652E786D6C8550CB6EC32010FC158B3B36183BB6224C9438FE839E7A43405C94182C1E553E3F10BB527BEA657735CCCCB2434FCFE5517C2BE7B53503C025028532C2
310
4A6DE601C470833D284E8C3A6BC32F1A280C5FD400320C189D9D8DEB0E096B8232193556AA1DE4DEAB000AF148C300BCF8520B2F790C89E1EFE5CAC59DCFAAC4E5C66334462D77A996C94DDFB47280D50D3A1374384332E20E3624957E6A27385EBB4B37A1EE3A5E10ADB298D1A0979FEDC2291E944C7A541F20EA21221FB8
310
3DB6E4D8E04F5A6526A33EB874F3BE345F97E8B4DAD03F6E7195FFBB456D02A977B74DE101C3E973EF0746AB9C4E6AEFE852CF49B217504B0304140006080800B47E035DAB07D956F8000000960100003B0000006662782F43383730344445432D323537392D344333372D393234302D4535373044313342364434462F7265
310
736F75726365732F636F72652E786D6C8550CB6EC32010FC158BBB6D30761C45982871FC073DF58660E3A2C460F1A8FAF985D895DA532F2C9A9D99DD1D76FE5A9EC52738AFAD1910A9302AC048ABB4990714C3BD3CA2E2CC99B336FCA2A1C28805069461C4D9EC6C5C77485A13C064D458053B28BC87800AF94C9F0179F901
310
8BA8440C89E11FD52AE443CC50916AE37116A356BB54ABE4A6EF1A1CE24D8B2F141F2E251D495FB6343DC7A99BCAF1D65FFB09F7B7F18A599DC59C05BDFC4C970E440095F4B83994F85862FA46BA53474F2D7967756672E6834B37EF43F375883BF0363A099ED55BF78F6B5CD5FFAE519B409BDD755378C4495AF2D5E0ACCE
310
29A5F28A30D59C28FF06504B0304140006080800B47E035D9318FA5DF3000000B1010000310000006662782F43383730344445432D323537392D344333372D393234302D4535373044313342364434462F636F72652E786D6C8D50CB6EC32010FC156BEFD8E047EC449848B5D32FE8A9378489831283C5A3EAE71762576A6F
310
392D9A9D6166879EBF9747F625AD5346F740720C99D4C24C4ACF3D047F451D646746AD31FE0F0D32CD17D9438281D1D99AB0EE9030DA4B9D506D26B983DC39E921138FF8E8C1899B5C78CE838F0C77CF572EEE7C9639C9371EA35E2DBF526125F7720256E2F280708770F5419A53539D6AF2498BC464340435ED566A8AEEEA
310
AAA40536742DAEC7CB80CAA63DA27AA85A742C6B8C2E4D8B4752BD1DC6FA9D1649CCA8F336DEBC7F92AE7B55BE09FF650EEBF44266A57D55EE869BC2012331CF73C168910A8CE3D96E9CA96CF603504B0304140006080800B47E035D2440CEEC52010000DD0200000C0000006662782F636F72652E786D6C8D52CB6E833010
310
FC15E43B601E0951641CE5F5073DF5E618875A011B191BE5F3BBE6A19443D30AC958B33BB3B32393C3B36D8241985E6A55A224C228108AEB4AAABA44CEDEC31D0A0E9418ADED8F361428D68A12791851521BEDBA19E25A59A13CAA74256690F5BDB028E00D5C4AD4F32FD1B288390B1DFD23EA187FB05A444934F551E29CAC
310
66AAAC404DDEA53088A6393E66787B0CB37352847906C7EEBAB986E74B712AAEB8B89C4F98C49E4C8995ED329D1BC1ACA8808FD36D887721CE3E92CD7E93EDF3E493C4BE9392DE1AD8791EEAB743F47E7B9278C2577AAEABFED67352D92C9DF526468F6802F6C60225B1CF077E6378EB0C6130E467D9AD5956780034086EB5
310
C9A15269F72A0DAC7102A471307E249EAAA03C0AFCA693BED179AF01413155833566E17A73D64F5F7BEA840907FB0C94362D6B5EE6268BAFF33568B5D242E7BAD1E63FEC65D525CCD83F4CFA0D504B0304140006080800B47E035D3A11B3A106010000B201000008000000636F72652E786D6C8D50CB6E833010FC15CB77C0
310
BC028A8CA384F0073DF5E6628758011BF911B57FDF75A0527BEBC56BCDCEECCC2E3D7D2E337A4AEB94D11DCE538291D4A3114A4F1D0EFE96B4189D18B5C6F85F348C345F6487238C199DAC09EB0E8D467BA923AA8D903BC89D931EA371864F87DD78970B4F79F0C0708F74E5E3834F32CDD38DC7A857CB8F74B4927B29302B
310
487148489B90F22DAF8F7579ACF2779A4526A32128B15B2901EEEAA6A4054945CE25399C93B2CF9BA42AE169877A48FA6B736906D25CFB0BA1591433EABC859DF72190D323C79FD197665B8BD10F63E69D00A104327AFEC20C26C4C69FD06115FF08ADB42F8B7DE0A67098E510E8D500E3784128AFF3428DD766DF504B0102
310
1400140006080800B47E035D0000000000000000000000003700000000000000000000000000000000006662782F43383730344445432D323537392D344333372D393234302D4535373044313342364434462F617474726962757465732E62696E504B01021400140006080800B47E035D0000000000000000000000003500
310
000000000000000000000000550000006662782F43383730344445432D323537392D344333372D393234302D4535373044313342364434462F76657274696365732E62696E504B01021400140006080800B47E035DF270F13306000000040000003600000000000000000000000000A80000006662782F4338373034444543
310
2D323537392D344333372D393234302D4535373044313342364434462F747269616E676C65732E62696E504B01021400140006080800B47E035DB5A795FFE3790000DE7900004200000000000000000000000000020100006662782F43383730344445432D323537392D344333372D393234302D4535373044313342364434
310
462F7265736F75726365732F322F305F67656E657269632E706E67504B01021400140006080800B47E035D51464CB489000000430100003600000000000000000000000000457B00006662782F43383730344445432D323537392D344333372D393234302D4535373044313342364434462F6469726563746F72792E786D6C
310
504B01021400140006080800B47E035DED8FC534390700009F1B00003400000000000000000000000000227C00006662782F43383730344445432D323537392D344333372D393234302D4535373044313342364434462F6F626A656374732E786D6C504B01021400140006080800B47E035D35DC4E73E2000000550100003C
310
00000000000000000000000000AD8300006662782F43383730344445432D323537392D344333372D393234302D4535373044313342364434462F7265736F75726365732F322F636E782E786D6C504B01021400140006080800B47E035DFF15A4A45D000000800000003A00000000000000000000000000E98400006662782F
310
43383730344445432D323537392D344333372D393234302D4535373044313342364434462F7265736F75726365732F636E782E786D6C504B01021400140006080800B47E035DAE5B1BE4430100005605000030000000000000000000000000009E8500006662782F43383730344445432D323537392D344333372D39323430
310
2D4535373044313342364434462F636E782E786D6C504B01021400140006080800B47E035DF8AFADF27F000000A30000000B000000000000000000000000002F8700006662782F636E782E786D6C504B01021400140006080800B47E035DA6D797065F000000820000000700000000000000000000000000D7870000636E78
310
2E786D6C504B01021400140006080800B47E035DECFD112DA80000002601000013000000000000000000000000005B8800005B436F6E74656E745F54797065735D2E786D6C504B01021400140006080800B47E035D3DEE336E64000000790000001B00000000000000000000000000348900006175746F6465736B2D646573
310
69676E2D7061636B6167652E786D6C504B01021400140006080800B47E035D6B456445F20000008E0100003D00000000000000000000000000D18900006662782F43383730344445432D323537392D344333372D393234302D4535373044313342364434462F7265736F75726365732F322F636F72652E786D6C504B010214
310
00140006080800B47E035DAB07D956F8000000960100003B000000000000000000000000001E8B00006662782F43383730344445432D323537392D344333372D393234302D4535373044313342364434462F7265736F75726365732F636F72652E786D6C504B01021400140006080800B47E035D9318FA5DF3000000B10100
310
0031000000000000000000000000006F8C00006662782F43383730344445432D323537392D344333372D393234302D4535373044313342364434462F636F72652E786D6C504B01021400140006080800B47E035D2440CEEC52010000DD0200000C00000000000000000000000000B18D00006662782F636F72652E786D6C50
310
4B01021400140006080800B47E035D3A11B3A106010000B201000008000000000000000000000000002D8F0000636F72652E786D6C504B050600000000120012002D060000599000000000
  0
XRECORD
  5
20695
102
{ACAD_REACTORS
330
20694
102
}
330
20694
100
AcDbXrecord
280
     1
102
DISPLAYNAME
  1
Imperial24
102
FLAGS
 90
        0
  0
XRECORD
  5
20699
102
{ACAD_REACTORS
330
20698
102
}
330
20698
100
AcDbXrecord
280
     1
102
DISPLAYNAME
  1
Metric50
102
FLAGS
 90
        0
  0
CELLSTYLEMAP
  5
2068A
102
{ACAD_REACTORS
330
20689
102
}
330
20689
100
AcDbCellStyleMap
 90
        3
300
CELLSTYLE
  1
TABLEFORMAT_BEGIN
 90
        5
170
     1
 91
        0
 92
    32768
 62
   257
 93
        1
300
CONTENTFORMAT
  1
CONTENTFORMAT_BEGIN
 90
        0
 91
        0
 92
      512
 93
        0
300

 40
0.0
140
1.0
 94
        5
 62
     0
340
11
144
0.25
309
CONTENTFORMAT_END
171
     0
 94
        0
309
TABLEFORMAT_END
  1
CELLSTYLE_BEGIN
 90
        1
 91
        1
300
_TITLE
309
CELLSTYLE_END
300
CELLSTYLE
  1
TABLEFORMAT_BEGIN
 90
        5
170
     1
 91
        0
 92
        0
 62
   257
 93
        1
300
CONTENTFORMAT
  1
CONTENTFORMAT_BEGIN
 90
        0
 91
        0
 92
      512
 93
        0
300

 40
0.0
140
1.0
 94
        5
 62
     0
340
11
144
0.18
309
CONTENTFORMAT_END
171
     0
 94
        0
309
TABLEFORMAT_END
  1
CELLSTYLE_BEGIN
 90
        2
 91
        1
300
_HEADER
309
CELLSTYLE_END
300
CELLSTYLE
  1
TABLEFORMAT_BEGIN
 90
        5
170
     1
 91
        0
 92
        0
 62
   257
 93
        1
300
CONTENTFORMAT
  1
CONTENTFORMAT_BEGIN
 90
        0
 91
        0
 92
      512
 93
        0
300

 40
0.0
140
1.0
 94
        2
 62
     0
340
11
144
0.18
309
CONTENTFORMAT_END
171
     0
 94
        0
309
TABLEFORMAT_END
  1
CELLSTYLE_BEGIN
 90
        3
 91
        2
300
_DATA
309
CELLSTYLE_END
  0
ENDSEC
  0
SECTION
  2
ACDSDATA
 70
     2
 71
     8
  0
ACDSSCHEMA
 90
        0
  1
AcDb_Thumbnail_Schema
  2
AcDbDs::ID
280
    10
 91
        8
  2
Thumbnail_Data
280
    15
 91
        0
101
ACDSRECORD
 95
        0
 90
        1
  2
AcDbDs::TreatedAsObjectData
280
     1
291
     1
101
ACDSRECORD
 95
        0
 90
        2
  2
AcDbDs::Legacy
280
     1
291
     1
101
ACDSRECORD
  1
AcDbDs::ID
 90
        3
  2
AcDs:Indexable
280
     1
291
     1
101
ACDSRECORD
  1
AcDbDs::ID
 90
        4
  2
AcDbDs::HandleAttribute
280
     7
282
     1
  0
ACDSSCHEMA
 90
        1
  1
AcDbDs::TreatedAsObjectDataSchema
  2
AcDbDs::TreatedAsObjectData
280
     1
 91
        0
  0
ACDSSCHEMA
 90
        2
  1
AcDbDs::LegacySchema
  2
AcDbDs::Legacy
280
     1
 91
        0
  0
ACDSSCHEMA
 90
        3
  1
AcDbDs::IndexedPropertySchema
  2
AcDs:Indexable
280
     1
 91
        0
  0
ACDSSCHEMA
 90
        4
  1
AcDbDs::HandleAttributeSchema
  2
AcDbDs::HandleAttribute
280
     7
 91
        1
284
     1
  0
ACDSRECORD
 90
        0
  2
AcDbDs::ID
280
    10
320
22
  2
Thumbnail_Data
280
    15
 94
     2943
310
89504E470D0A1A0A0000000D49484452000001000000007108030000000DA58D8400000300504C5445212830FFFFFF2128300000000000000000000000000000000000000000000000000000330000660000990000CC0000FF0033000033330033660033990033CC0033FF0066000066330066660066990066CC0066FF0099
310
000099330099660099990099CC0099FF00CC0000CC3300CC6600CC9900CCCC00CCFF00FF0000FF3300FF6600FF9900FFCC00FFFF3300003300333300663300993300CC3300FF3333003333333333663333993333CC3333FF3366003366333366663366993366CC3366FF3399003399333399663399993399CC3399FF33CC00
310
33CC3333CC6633CC9933CCCC33CCFF33FF0033FF3333FF6633FF9933FFCC33FFFF6600006600336600666600996600CC6600FF6633006633336633666633996633CC6633FF6666006666336666666666996666CC6666FF6699006699336699666699996699CC6699FF66CC0066CC3366CC6666CC9966CCCC66CCFF66FF0066
310
FF3366FF6666FF9966FFCC66FFFF9900009900339900669900999900CC9900FF9933009933339933669933999933CC9933FF9966009966339966669966999966CC9966FF9999009999339999669999999999CC9999FF99CC0099CC3399CC6699CC9999CCCC99CCFF99FF0099FF3399FF6699FF9999FFCC99FFFFCC0000CC00
310
33CC0066CC0099CC00CCCC00FFCC3300CC3333CC3366CC3399CC33CCCC33FFCC6600CC6633CC6666CC6699CC66CCCC66FFCC9900CC9933CC9966CC9999CC99CCCC99FFCCCC00CCCC33CCCC66CCCC99CCCCCCCCCCFFCCFF00CCFF33CCFF66CCFF99CCFFCCCCFFFFFF0000FF0033FF0066FF0099FF00CCFF00FFFF3300FF3333
310
FF3366FF3399FF33CCFF33FFFF6600FF6633FF6666FF6699FF66CCFF66FFFF9900FF9933FF9966FF9999FF99CCFF99FFFFCC00FFCC33FFCC66FFCC99FFCCCCFFCCFFFFFF00FFFF33FFFF66FFFF99FFFFCCFFFFFF0000000D0D0D1A1A1A2828283535354343435050505D5D5D6B6B6B787878868686939393A1A1A1AEAEAEBB
310
BBBBC9C9C9D6D6D6E4E4E4F1F1F1FFFFFF0000000000000000000000000000000000000000000000000000000000002E4550F1000007444944415478DAED5C4B8EDC3A0CE47174091DF69D853A893702BDEA8DF7CFFA9394EC99000920D92D2499EE9E19C45564F127D900FF72219D7FCB9BCFB9E287E9A34F5B04CF5C98B0
310
6323207EA5C800C3FF41FF4CFC05D609776F4C445A901380ED47E1381E647E6C04D41794FC80DB5FFC082C4B80329D507F6322218E7FAAF985B7ACEA0287BC6EA5FEC0061866F87DCF8E80A8F5B2A60B68F37B6DFA6D3360F023225F0C87A0BD644517E8CC4F5AFD66DB0036297C0444F16BF014F57B66D9F4C20417D83E46
310
043EC28BA4B1B6F9136412EA0F0C9C04006780A8B3393EC2FC198512C1E900310E5EE53E993657363FC120F707FC27278C01D2368F84112E6E7E01A0892078C599032268236B7F1CA7CD35CD4FD289651CB49901C3F1EFBC385E8F01059F5001A8E04EBCFB1E9C2031403AF035DD2C28026E7E65C2C688B539159C4837A322
310
3F225DA96829FC0300A5D2B190219E22204500203D21170E6ABFF6DA4221203010EA01CE9C46BCA20BA0103232FC59FD958133121A1938FA6A603D0672098BA3CC46B65ABAB880C63F0E1B2BCE3D54EDC7A25F23002C29F822612E580D04F3A3AC82A1457F6070150115FEDE55030B89409A0C65F48FE68F305DCF00C14D35
310
808BA95F33906849D1EF44EA5C64808B80BADCB7E2686030F5C40C9F98FA5DEF02FD3600DE1707B3ABBFD9BE14840DBE8B70DD380EB678B0DC686034F56CEF6BF4733C0C64F5936260540C4CCF403FF56CA54F8B7ECED580574540CA07A81B0DA489BA5F44FD9C81A87E6AB59FE319303190E0DA2E3BAE351A881622EDFC39
310
7BD7E8E79C44390C0335562C341AD016C29CF150AB9FFB79FAA07D620B595615032CB3F845D4CFE5BF73F58B361F9A22AA0BA47F743130B90B0CD45FE45F3A9FAA7EC1C0697EC9804D3AB0B7BE35E5D8A7DFF32DF227A9FE3B171884015E47EE533240030BEDA2F34BD18EBA109FD52F5C4031D07795D311E0B5E90B2158B5
310
4C4AFDB5F5830103C019E0BBE993323028FDEBFC824AF223A78017FBF70470118CBB4A8F53999FFAC2B78D3D95FA3903C4FBDF31038C509651A7C27F51FA4BF593D3B6678D2F6B0E94085827CC5A0A8F381DFCBEF4E7EA27E73AE707D2F1A07781E12000E732FF605673BEB0186CA8D42F1920E886628EE581B69FA2FE2B4F
310
539A5F8A208FBDB2C25BE54F4AFD8201D620D86198C7A4FE99F0FBEE0A439CB29DFAE107F5C7E99830FFB0EFC7B986A2FD3E0596C045B5F167E667B98FFB82EE0F53C78CB6F9409E2046F5E35CEAC7DE44B6E4FE1D94F985F7F709A08C05037325B1D020DFCED3F9B47AAF9928072EB6E9E134013408882D47D82821DB87D8
310
49939F1281C5D2C5D1050130527F2D11AD8E7E38B3F9FB8A3CE4FE3F66A0FD406A99C799652AF37B8FBA0BCC0E5B805B6EE17B065C6D10ED30F9F1B26A16FCBCD9C5B6EB775E63DDF0623B1C72D871AB7E82DECE01B99F6C33C4639F094EF8A5F4A5E4CDBF71015727E2FB7ED5E222E06CC30F8FC0FD32ED5E12343B12FD4E
310
04AD3FB400577B1E7EC2F91F8A4E2DC8807811DBC5411832E05CCBFD95C81FAAED89B200F14C80BC8BCB1B40770C90527FEBFC707EF3F382A79B07E55C667FCC852DF7A771398E0E524D8BBF5C668E5CC82E3BC839D7817761A0E6BE3C2E1F9C239ED6FD75F3CF5D97C476C6B5086AE96F6BF4EB19F053EF0293DCAE4BDB77
310
3A5B5BD6FF32026AF2B32CF76337FA9A7C171CF5C8AE3BDBC25C80B808EA78C8F2DCAF5CC04F7F10847E7376C7F2FE3701DF9DAC7C71C8805FE0200CFDE6E0C60972231E069CE466BC9DE671899350BA251A1260686399C009F3EB53E43863E3FBE799402C63B7512E94B94F1EA65EC4FCA255BD0A03B4857B22BB094097FB
310
50747EB0CEF2D8CD6F76069FC21D10D6E8FD0F0BAD8552CCE14AE61FB5AAA81B1E038C81E3A8532F9053CFF2D5AF771CFEF27DBD0B00B2088E231060A56A84085633FF88016CEE0F8C014AF88FC3EA5FC2B572FF6F5D801585C9058EB2BA7E8746FDE5EA0C084B4A06BAB15FD9F25CF7FEF04E04BA27900C5C6D79C2BA04D0
310
4D859C190837441DC7BE5F30E07161FC8A81514F905CC05CBA002D0D1FBAFBBC472E70EAC28840C8AA29BF3A7E56D00D7B02930B01330C038BBBFFCF3D41BC1B3234BE06062EA0CEBB1CAB3E2AE9BA2708F0C34420F0F05FE7022AF9AFFBA4285DC620F77EDA084D3170A9061E617E76C1E382D0E49EB0DE138D9C8107A8FF
310
B8ED0992F983FA37D404E05CA7DDFE820B74E7A562F0DBE22B96279A089E10FCEF4410DC9EB653FDB895EFEED2059EB1AE4560B6A0FED3FD61136DEFB3F0DF88203C212C3C23AB3C150199081E031FAEDB204413DFB70400AB37FE7FD418634A82E10161249E9909CF850FF206CFD305CE4C509F0A09EDF671783C0398CF8E
310
19FE5CCC294F3BFD9330100E0CE5BC9F1F8F39FBFD9E7FD705F86E7F793ADEF8E8F3A3C3000A0692FA5F81BF9D214CB13F3D27F7832F31BFC804A9F4FDC840F82E069A08DE843F66825D84017C15FEEE71E99F97C1D7073EE875F80503F446FCEFE8FC7E602002F76F851FB0F39B69DE4980F7F0EAF572F8DFF55DDFF55DDF
310
F55DDFF55DDFB5F8FA1F9CCD8CBCBFAF7EC60000000049454E44AE426082F6CF474FA83502EF69FFF8C3016E7FDFF338CCBF31027AA2FC78C7F6AEF6A7A9885BC0C3FCE3EBA68748B0C47D2EFF3D02268A74EF0F00B441BCB0ECF1E74980703BCF81C0BE0B02E5DDBD5F4C19B2BEA897805B0F811B1ECDBDEF9A045605463A
310
DCC6027D84FF0311F6A237FE5CCA8180D6C2523E04800043E93438A8F0FA93CFDF8440D8252B5C09503E66D97EBFFD31851BF041F60FFEF33F96544EA2DF4724011076BAB74FB33F9F1828F83CFBD9E77E4CEC0357FC733F9FB9C2EDA41FBA367CB4F9FD06CB6D2BE5B311F8AEEFFAAEEFFAAEEFFAAEEFFAAEEFFAAEEF5A67
310
FD0388B89EFFF17515240000000049454E44AE426082
  0
ENDSEC
  0
EOF
