  0
SECTION
  2
HEADER
  9
$ACADVER
  1
AC1024
  9
$ACADMAINTVER
 70
6
  9
$DWGCODEPAGE
  3
ANSI_1252
  9
$LASTSAVEDBY
  1
ezdxf
  9
$INSBASE
 10
0.0
 20
0.0
 30
0.0
  9
$EXTMIN
 10
1e+20
 20
1e+20
 30
1e+20
  9
$EXTMAX
 10
-1e+20
 20
-1e+20
 30
-1e+20
  9
$LIMMIN
 10
0.0
 20
0.0
  9
$LIMMAX
 10
420.0
 20
297.0
  9
$ORTHOMODE
 70
0
  9
$REGENMODE
 70
1
  9
$FILLMODE
 70
1
  9
$QTEXTMODE
 70
0
  9
$MIRRTEXT
 70
1
  9
$LTSCALE
 40
1.0
  9
$ATTMODE
 70
1
  9
$TEXTSIZE
 40
2.5
  9
$TRACEWID
 40
1.0
  9
$TEXTSTYLE
  7
Standard
  9
$CLAYER
  8
0
  9
$CELTYPE
  6
ByLayer
  9
$CECOLOR
 62
256
  9
$CELTSCALE
 40
1.0
  9
$DISPSILH
 70
0
  9
$DIMSCALE
 40
1.0
  9
$DIMASZ
 40
2.5
  9
$DIMEXO
 40
0.625
  9
$DIMDLI
 40
3.75
  9
$DIMRND
 40
0.0
  9
$DIMDLE
 40
0.0
  9
$DIMEXE
 40
1.25
  9
$DIMTP
 40
0.0
  9
$DIMTM
 40
0.0
  9
$DIMTXT
 40
2.5
  9
$DIMCEN
 40
2.5
  9
$DIMTSZ
 40
0.0
  9
$DIMTOL
 70
0
  9
$DIMLIM
 70
0
  9
$DIMTIH
 70
0
  9
$DIMTOH
 70
0
  9
$DIMSE1
 70
0
  9
$DIMSE2
 70
0
  9
$DIMTAD
 70
1
  9
$DIMZIN
 70
8
  9
$DIMBLK
  1

  9
$DIMASO
 70
1
  9
$DIMSHO
 70
1
  9
$DIMPOST
  1

  9
$DIMAPOST
  1

  9
$DIMALT
 70
0
  9
$DIMALTD
 70
3
  9
$DIMALTF
 40
0.03937007874
  9
$DIMLFAC
 40
1.0
  9
$DIMTOFL
 70
1
  9
$DIMTVP
 40
0.0
  9
$DIMTIX
 70
0
  9
$DIMSOXD
 70
0
  9
$DIMSAH
 70
0
  9
$DIMBLK1
  1

  9
$DIMBLK2
  1

  9
$DIMSTYLE
  2
ISO-25
  9
$DIMCLRD
 70
0
  9
$DIMCLRE
 70
0
  9
$DIMCLRT
 70
0
  9
$DIMTFAC
 40
1.0
  9
$DIMGAP
 40
0.625
  9
$DIMJUST
 70
0
  9
$DIMSD1
 70
0
  9
$DIMSD2
 70
0
  9
$DIMTOLJ
 70
0
  9
$DIMTZIN
 70
8
  9
$DIMALTZ
 70
0
  9
$DIMALTTZ
 70
0
  9
$DIMUPT
 70
0
  9
$DIMDEC
 70
2
  9
$DIMTDEC
 70
2
  9
$DIMALTU
 70
2
  9
$DIMALTTD
 70
3
  9
$DIMTXSTY
  7
Standard
  9
$DIMAUNIT
 70
0
  9
$DIMADEC
 70
0
  9
$DIMALTRND
 40
0.0
  9
$DIMAZIN
 70
0
  9
$DIMDSEP
 70
44
  9
$DIMATFIT
 70
3
  9
$DIMFRAC
 70
0
  9
$DIMLDRBLK
  1

  9
$DIMLUNIT
 70
2
  9
$DIMLWD
 70
-2
  9
$DIMLWE
 70
-2
  9
$DIMTMOVE
 70
0
  9
$DIMFXL
 40
1.0
  9
$DIMFXLON
 70
0
  9
$DIMJOGANG
 40
0.785398163397
  9
$DIMTFILL
 70
0
  9
$DIMTFILLCLR
 70
0
  9
$DIMARCSYM
 70
0
  9
$DIMLTYPE
  6

  9
$DIMLTEX1
  6

  9
$DIMLTEX2
  6

  9
$DIMTXTDIRECTION
 70
0
  9
$LUNITS
 70
2
  9
$LUPREC
 70
4
  9
$SKETCHINC
 40
1.0
  9
$FILLETRAD
 40
10.0
  9
$AUNITS
 70
0
  9
$AUPREC
 70
2
  9
$MENU
  1
.
  9
$ELEVATION
 40
0.0
  9
$PELEVATION
 40
0.0
  9
$THICKNESS
 40
0.0
  9
$LIMCHECK
 70
0
  9
$CHAMFERA
 40
0.0
  9
$CHAMFERB
 40
0.0
  9
$CHAMFERC
 40
0.0
  9
$CHAMFERD
 40
0.0
  9
$SKPOLY
 70
0
  9
$TDCREATE
 40
2461243.540011574
  9
$TDUCREATE
 40
2458532.153996898
  9
$TDUPDATE
 40
2461243.540023148
  9
$TDUUPDATE
 40
2458532.1544311
  9
$TDINDWG
 40
0.0
  9
$TDUSRTIMER
 40
0.0
  9
$USRTIMER
 70
1
  9
$ANGBASE
 50
0.0
  9
$ANGDIR
 70
0
  9
$PDMODE
 70
0
  9
$PDSIZE
 40
0.0
  9
$PLINEWID
 40
0.0
  9
$SPLFRAME
 70
0
  9
$SPLINETYPE
 70
6
  9
$SPLINESEGS
 70
8
  9
$HANDSEED
  5
370
  9
$SURFTAB1
 70
6
  9
$SURFTAB2
 70
6
  9
$SURFTYPE
 70
6
  9
$SURFU
 70
6
  9
$SURFV
 70
6
  9
$UCSBASE
  2

  9
$UCSNAME
  2

  9
$UCSORG
 10
0.0
 20
0.0
 30
0.0
  9
$UCSXDIR
 10
1.0
 20
0.0
 30
0.0
  9
$UCSYDIR
 10
0.0
 20
1.0
 30
0.0
  9
$UCSORTHOREF
  2

  9
$UCSORTHOVIEW
 70
0
  9
$UCSORGTOP
 10
0.0
 20
0.0
 30
0.0
  9
$UCSORGBOTTOM
 10
0.0
 20
0.0
 30
0.0
  9
$UCSORGLEFT
 10
0.0
 20
0.0
 30
0.0
  9
$UCSORGRIGHT
 10
0.0
 20
0.0
 30
0.0
  9
$UCSORGFRONT
 10
0.0
 20
0.0
 30
0.0
  9
$UCSORGBACK
 10
0.0
 20
0.0
 30
0.0
  9
$PUCSBASE
  2

  9
$PUCSNAME
  2

  9
$PUCSORG
 10
0.0
 20
0.0
 30
0.0
  9
$PUCSXDIR
 10
1.0
 20
0.0
 30
0.0
  9
$PUCSYDIR
 10
0.0
 20
1.0
 30
0.0
  9
$PUCSORTHOREF
  2

  9
$PUCSORTHOVIEW
 70
0
  9
$PUCSORGTOP
 10
0.0
 20
0.0
 30
0.0
  9
$PUCSORGBOTTOM
 10
0.0
 20
0.0
 30
0.0
  9
$PUCSORGLEFT
 10
0.0
 20
0.0
 30
0.0
  9
$PUCSORGRIGHT
 10
0.0
 20
0.0
 30
0.0
  9
$PUCSORGFRONT
 10
0.0
 20
0.0
 30
0.0
  9
$PUCSORGBACK
 10
0.0
 20
0.0
 30
0.0
  9
$USERI1
 70
0
  9
$USERI2
 70
0
  9
$USERI3
 70
0
  9
$USERI4
 70
0
  9
$USERI5
 70
0
  9
$USERR1
 40
0.0
  9
$USERR2
 40
0.0
  9
$USERR3
 40
0.0
  9
$USERR4
 40
0.0
  9
$USERR5
 40
0.0
  9
$WORLDVIEW
 70
1
  9
$SHADEDGE
 70
3
  9
$SHADEDIF
 70
70
  9
$TILEMODE
 70
1
  9
$MAXACTVP
 70
64
  9
$PINSBASE
 10
0.0
 20
0.0
 30
0.0
  9
$PLIMCHECK
 70
0
  9
$PEXTMIN
 10
1e+20
 20
1e+20
 30
1e+20
  9
$PEXTMAX
 10
-1e+20
 20
-1e+20
 30
-1e+20
  9
$PLIMMIN
 10
0.0
 20
0.0
  9
$PLIMMAX
 10
420.0
 20
297.0
  9
$UNITMODE
 70
0
  9
$VISRETAIN
 70
1
  9
$PLINEGEN
 70
0
  9
$PSLTSCALE
 70
1
  9
$TREEDEPTH
 70
3020
  9
$CMLSTYLE
  2
Standard
  9
$CMLJUST
 70
0
  9
$CMLSCALE
 40
20.0
  9
$PROXYGRAPHICS
 70
1
  9
$MEASUREMENT
 70
1
  9
$CELWEIGHT
370
-1
  9
$ENDCAPS
280
0
  9
$JOINSTYLE
280
0
  9
$LWDISPLAY
290
0
  9
$INSUNITS
 70
6
  9
$HYPERLINKBASE
  1

  9
$STYLESHEET
  1

  9
$XEDIT
290
1
  9
$CEPSNTYPE
380
0
  9
$PSTYLEMODE
290
1
  9
$FINGERPRINTGUID
  2
{1385C5A5-284E-4474-9AC0-BC9B3EE014F6}
  9
$VERSIONGUID
  2
{562D67F2-B56E-4C5B-B81C-89011534013E}
  9
$EXTNAMES
290
1
  9
$PSVPSCALE
 40
0.0
  9
$OLESTARTUP
290
0
  9
$SORTENTS
280
127
  9
$INDEXCTL
280
0
  9
$HIDETEXT
280
1
  9
$XCLIPFRAME
280
1
  9
$HALOGAP
280
0
  9
$OBSCOLOR
 70
257
  9
$OBSLTYPE
280
0
  9
$INTERSECTIONDISPLAY
280
0
  9
$INTERSECTIONCOLOR
 70
257
  9
$DIMASSOC
280
2
  9
$PROJECTNAME
  1

  9
$CAMERADISPLAY
290
0
  9
$LENSLENGTH
 40
50.0
  9
$CAMERAHEIGHT
 40
0.0
  9
$STEPSPERSEC
 40
24.0
  9
$STEPSIZE
 40
100.0
  9
$3DDWFPREC
 40
2.0
  9
$PSOLWIDTH
 40
0.005
  9
$PSOLHEIGHT
 40
0.08
  9
$LOFTANG1
 40
1.570796326795
  9
$LOFTANG2
 40
1.570796326795
  9
$LOFTMAG1
 40
0.0
  9
$LOFTMAG2
 40
0.0
  9
$LOFTPARAM
 70
7
  9
$LOFTNORMALS
280
1
  9
$LATITUDE
 40
37.795
  9
$LONGITUDE
 40
-122.394
  9
$NORTHDIRECTION
 40
0.0
  9
$TIMEZONE
 70
-8000
  9
$LIGHTGLYPHDISPLAY
280
1
  9
$TILEMODELIGHTSYNCH
280
1
  9
$CMATERIAL
347
20
  9
$SOLIDHIST
280
0
  9
$SHOWHIST
280
1
  9
$DWFFRAME
280
2
  9
$DGNFRAME
280
2
  9
$REALWORLDSCALE
290
1
  9
$INTERFERECOLOR
 62
256
  9
$CSHADOW
280
0
  9
$SHADOWPLANELOCATION
 40
0.0
  0
ENDSEC
  0
SECTION
  2
CLASSES
  0
CLASS
  1
ACDBDICTIONARYWDFLT
  2
AcDbDictionaryWithDefault
  3
ObjectDBX Classes
 90
0
 91
0
280
0
281
0
  0
CLASS
  1
SUN
  2
AcDbSun
  3
SCENEOE
 90
1153
 91
0
280
0
281
0
  0
CLASS
  1
VISUALSTYLE
  2
AcDbVisualStyle
  3
ObjectDBX Classes
 90
4095
 91
0
280
0
281
0
  0
CLASS
  1
MATERIAL
  2
AcDbMaterial
  3
ObjectDBX Classes
 90
1153
 91
0
280
0
281
0
  0
CLASS
  1
SCALE
  2
AcDbScale
  3
ObjectDBX Classes
 90
1153
 91
0
280
0
281
0
  0
CLASS
  1
TABLESTYLE
  2
AcDbTableStyle
  3
ObjectDBX Classes
 90
4095
 91
0
280
0
281
0
  0
CLASS
  1
MLEADERSTYLE
  2
AcDbMLeaderStyle
  3
ACDB_MLEADERSTYLE_CLASS
 90
4095
 91
0
280
0
281
0
  0
CLASS
  1
DICTIONARYVAR
  2
AcDbDictionaryVar
  3
ObjectDBX Classes
 90
0
 91
0
280
0
281
0
  0
CLASS
  1
CELLSTYLEMAP
  2
AcDbCellStyleMap
  3
ObjectDBX Classes
 90
1152
 91
0
280
0
281
0
  0
CLASS
  1
MENTALRAYRENDERSETTINGS
  2
AcDbMentalRayRenderSettings
  3
SCENEOE
 90
1024
 91
0
280
0
281
0
  0
CLASS
  1
ACDBDETAILVIEWSTYLE
  2
AcDbDetailViewStyle
  3
ObjectDBX Classes
 90
1025
 91
0
280
0
281
0
  0
CLASS
  1
ACDBSECTIONVIEWSTYLE
  2
AcDbSectionViewStyle
  3
ObjectDBX Classes
 90
1025
 91
0
280
0
281
0
  0
CLASS
  1
RASTERVARIABLES
  2
AcDbRasterVariables
  3
ISM
 90
0
 91
0
280
0
281
0
  0
CLASS
  1
ACDBPLACEHOLDER
  2
AcDbPlaceHolder
  3
ObjectDBX Classes
 90
0
 91
0
280
0
281
0
  0
CLASS
  1
LAYOUT
  2
AcDbLayout
  3
ObjectDBX Classes
 90
0
 91
0
280
0
281
0
  0
ENDSEC
  0
SECTION
  2
TABLES
  0
TABLE
  2
VPORT
  5
8
330
0
100
AcDbSymbolTable
 70
1
  0
VPORT
  5
23
330
8
100
AcDbSymbolTableRecord
100
AcDbViewportTableRecord
  2
*Active
 70
0
 10
0.0
 20
0.0
 11
1.0
 21
1.0
 12
0.0
 22
0.0
 13
0.0
 23
0.0
 14
0.5
 24
0.5
 15
0.5
 25
0.5
 16
0.0
 26
0.0
 36
1.0
 17
0.0
 27
0.0
 37
0.0
 40
1000.0
 41
1.34
 42
50.0
 43
0.0
 44
0.0
 50
0.0
 51
0.0
 71
0
 72
1000
 73
1
 74
3
 75
0
 76
0
 77
0
 78
0
281
0
 65
0
146
0.0
  0
ENDTAB
  0
TABLE
  2
LTYPE
  5
2
330
0
100
AcDbSymbolTable
 70
4
  0
LTYPE
  5
24
330
2
100
AcDbSymbolTableRecord
100
AcDbLinetypeTableRecord
  2
ByBlock
 70
0
  3

 72
65
 73
0
 40
0.0
  0
LTYPE
  5
25
330
2
100
AcDbSymbolTableRecord
100
AcDbLinetypeTableRecord
  2
ByLayer
 70
0
  3

 72
65
 73
0
 40
0.0
  0
LTYPE
  5
26
330
2
100
AcDbSymbolTableRecord
100
AcDbLinetypeTableRecord
  2
Continuous
 70
0
  3

 72
65
 73
0
 40
0.0
  0
LTYPE
  5
2F
330
2
100
AcDbSymbolTableRecord
100
AcDbLinetypeTableRecord
  2
DASHED
 70
0
  3
Dashed line - - -
 72
65
 73
2
 40
10.0
 49
5.0
 74
0
 49
-5.0
 74
0
  0
ENDTAB
  0
TABLE
  2
LAYER
  5
1
330
0
100
AcDbSymbolTable
 70
14
  0
LAYER
  5
27
330
1
100
AcDbSymbolTableRecord
100
AcDbLayerTableRecord
  2
0
 70
0
 62
7
  6
Continuous
370
-3
390
13
347
21
  0
LAYER
  5
28
330
1
100
AcDbSymbolTableRecord
100
AcDbLayerTableRecord
  2
Defpoints
 70
0
 62
7
  6
Continuous
290
0
370
-3
390
13
347
21
  0
LAYER
  5
30
330
1
100
AcDbSymbolTableRecord
100
AcDbLayerTableRecord
  2
manzanas
 70
0
 62
250
420
4210752
  6
Continuous
370
-3
390
13
347
21
  0
LAYER
  5
31
330
1
100
AcDbSymbolTableRecord
100
AcDbLayerTableRecord
  2
parcelas
 70
0
 62
252
420
6316128
  6
Continuous
370
-3
390
13
347
21
  0
LAYER
  5
32
330
1
100
AcDbSymbolTableRecord
100
AcDbLayerTableRecord
  2
lib
 70
0
 62
2
420
16765702
  6
Continuous
370
-3
390
13
347
21
  0
LAYER
  5
33
330
1
100
AcDbSymbolTableRecord
100
AcDbLayerTableRecord
  2
lfi
 70
0
 62
141
420
3504561
  6
Continuous
370
-3
390
13
347
21
  0
LAYER
  5
34
330
1
100
AcDbSymbolTableRecord
100
AcDbLayerTableRecord
  2
banda_minima
 70
0
 62
1
420
14948892
  6
Continuous
370
-3
390
13
347
21
  0
LAYER
  5
35
330
1
100
AcDbSymbolTableRecord
100
AcDbLayerTableRecord
  2
tejido
 70
0
 62
8
420
8421504
  6
Continuous
370
-3
390
13
347
21
  0
LAYER
  5
36
330
1
100
AcDbSymbolTableRecord
100
AcDbLayerTableRecord
  2
mdr_tejidoconsolidado
 70
0
 62
9
420
12632256
  6
Continuous
370
-3
390
13
347
21
  0
LAYER
  5
37
330
1
100
AcDbSymbolTableRecord
100
AcDbLayerTableRecord
  2
mdr_tejidoparairregular
 70
0
 62
8
420
8421504
  6
Continuous
370
-3
390
13
347
21
  0
LAYER
  5
38
330
1
100
AcDbSymbolTableRecord
100
AcDbLayerTableRecord
  2
Tronera SI
 70
0
 62
141
420
3504561
  6
Continuous
370
-3
390
13
347
21
  0
LAYER
  5
39
330
1
100
AcDbSymbolTableRecord
100
AcDbLayerTableRecord
  2
Irregular
 70
0
 62
1
420
14948892
  6
Continuous
370
-3
390
13
347
21
  0
LAYER
  5
3A
330
1
100
AcDbSymbolTableRecord
100
AcDbLayerTableRecord
  2
ldf
 70
0
 62
7
420
0
  6
Continuous
370
-3
390
13
347
21
  0
LAYER
  5
31A
330
1
100
AcDbSymbolTableRecord
100
AcDbLayerTableRecord
  2
parcelas_etiquetas
 70
0
 62
252
420
6316128
  6
Continuous
370
-3
390
13
347
21
  0
ENDTAB
  0
TABLE
  2
STYLE
  5
5
330
0
100
AcDbSymbolTable
 70
2
  0
STYLE
  5
29
330
5
100
AcDbSymbolTableRecord
100
AcDbTextStyleTableRecord
  2
Standard
 70
0
 40
0.0
 41
1.0
 50
0.0
 71
0
 42
2.5
  3
txt
  4

  0
STYLE
  5
1EF
330
5
100
AcDbSymbolTableRecord
100
AcDbTextStyleTableRecord
  2
ArialBold
 70
0
 40
0.0
 41
1.0
 50
0.0
 71
0
 42
2.5
  3
Arial.ttf
  4

1001
ACAD
1000
Arial
1071
33554466
  0
ENDTAB
  0
TABLE
  2
VIEW
  5
7
330
0
100
AcDbSymbolTable
 70
0
  0
ENDTAB
  0
TABLE
  2
UCS
  5
6
330
0
100
AcDbSymbolTable
 70
0
  0
ENDTAB
  0
TABLE
  2
APPID
  5
3
330
0
100
AcDbSymbolTable
 70
3
  0
APPID
  5
2A
330
3
100
AcDbSymbolTableRecord
100
AcDbRegAppTableRecord
  2
ACAD
 70
0
  0
APPID
  5
36D
330
3
100
AcDbSymbolTableRecord
100
AcDbRegAppTableRecord
  2
HATCHBACKGROUNDCOLOR
 70
0
  0
APPID
  5
36E
330
3
100
AcDbSymbolTableRecord
100
AcDbRegAppTableRecord
  2
EZDXF
 70
0
  0
ENDTAB
  0
TABLE
  2
DIMSTYLE
  5
4
330
0
100
AcDbSymbolTable
 70
1
100
AcDbDimStyleTable
  0
DIMSTYLE
105
2B
330
4
100
AcDbSymbolTableRecord
100
AcDbDimStyleTableRecord
  2
Standard
 70
0
 40
1.0
 41
2.5
 42
0.625
 43
3.75
 44
1.25
 45
0.0
 46
0.0
 47
0.0
 48
0.0
 49
2.5
140
2.5
141
2.5
142
0.0
143
0.03937007874
144
1.0
145
0.0
146
1.0
147
0.625
148
0.0
 69
0
 70
0
 71
0
 72
0
 73
0
 74
0
 75
0
 76
0
 77
1
 78
8
 79
3
170
0
171
3
172
1
173
0
174
0
175
0
176
0
177
0
178
0
179
2
271
2
272
2
273
2
274
3
275
0
276
0
277
2
278
44
279
0
280
0
281
0
282
0
283
0
284
8
285
0
286
0
288
0
289
3
290
0
371
-2
372
-2
  0
ENDTAB
  0
TABLE
  2
BLOCK_RECORD
  5
9
330
0
100
AcDbSymbolTable
 70
2
  0
BLOCK_RECORD
  5
17
330
9
100
AcDbSymbolTableRecord
100
AcDbBlockTableRecord
  2
*Model_Space
340
1A
 70
0
280
1
281
0
  0
BLOCK_RECORD
  5
1B
330
9
100
AcDbSymbolTableRecord
100
AcDbBlockTableRecord
  2
*Paper_Space
340
1E
 70
0
280
1
281
0
  0
ENDTAB
  0
ENDSEC
  0
SECTION
  2
BLOCKS
  0
BLOCK
  5
18
330
17
100
AcDbEntity
  8
0
100
AcDbBlockBegin
  2
*Model_Space
 70
0
 10
0.0
 20
0.0
 30
0.0
  3
*Model_Space
  1

  0
ENDBLK
  5
19
330
17
100
AcDbEntity
  8
0
100
AcDbBlockEnd
  0
BLOCK
  5
1C
330
1B
100
AcDbEntity
  8
0
100
AcDbBlockBegin
  2
*Paper_Space
 70
0
 10
0.0
 20
0.0
 30
0.0
  3
*Paper_Space
  1

  0
ENDBLK
  5
1D
330
1B
100
AcDbEntity
  8
0
100
AcDbBlockEnd
  0
ENDSEC
  0
SECTION
  2
ENTITIES
  0
LWPOLYLINE
  5
3B
330
17
100
AcDbEntity
  8
manzanas
100
AcDbPolyline
 90
5
 70
0
 10
6369881.99950807
 20
6170070.2667094
 10
6369991.749404963
 20
6170062.100868358
 10
6369974.915651746
 20
6169899.46034931
 10
6369870.732270372
 20
6169898.2938936055
 10
6369881.99950807
 20
6170070.2667094
  0
LWPOLYLINE
  5
3C
330
17
100
AcDbEntity
  8
parcelas
100
AcDbPolyline
 90
40
 70
0
 10
6369955.539303726
 20
6169899.197801078
 10
6369949.447326931
 20
6169899.133459559
 10
6369945.952777682
 20
6169899.095783846
 10
6369939.720786236
 20
6169899.029411757
 10
6369936.152214731
 20
6169898.991662848
 10
6369930.466308489
 20
6169898.931209749
 10
6369931.007514202
 20
6169904.377763777
 10
6369931.022354861
 20
6169904.527025735
 10
6369931.037195521
 20
6169904.676287693
 10
6369931.661474367
 20
6169910.947304579
 10
6369932.234129767
 20
6169916.708413137
 10
6369932.35197102
 20
6169917.894493453
 10
6369932.922901918
 20
6169923.636571012
 10
6369933.046902692
 20
6169924.880758845
 10
6369933.438890601
 20
6169928.821677389
 10
6369933.878067299
 20
6169933.2334276745
 10
6369943.98152458
 20
6169932.52368375
 10
6369950.066635969
 20
6169932.095770762
 10
6369958.751206015
 20
6169931.48548725
 10
6369958.237797026
 20
6169926.32942782
 10
6369958.0754192425
 20
6169924.696561884
 10
6369958.025607314
 20
6169924.199683974
 10
6369957.845809183
 20
6169922.388509592
 10
6369957.721808429
 20
6169921.1443218645
 10
6369957.581300398
 20
6169919.727840815
 10
6369957.249515857
 20
6169916.394985985
 10
6369957.208559159
 20
6169915.977261265
 10
6369957.166602358
 20
6169915.559522042
 10
6369957.150921137
 20
6169915.399244459
 10
6369957.128181846
 20
6169915.173844137
 10
6369956.600947079
 20
6169909.867537105
 10
6369956.534613394
 20
6169909.199365972
 10
6369956.446409994
 20
6169908.314809946
 10
6369956.222930538
 20
6169906.066865349
 10
6369955.921668016
 20
6169903.043550019
 10
6369955.836116845
 20
6169902.183039977
 10
6369955.821276188
 20
6169902.033778033
 10
6369955.806435532
 20
6169901.884516086
 10
6369955.75662364
 20
6169901.387638173
 10
6369955.539303726
 20
6169899.197801078
  0
LWPOLYLINE
  5
3D
330
17
100
AcDbEntity
  8
parcelas
100
AcDbPolyline
 90
46
 70
0
 10
6369955.539303726
 20
6169899.197801078
 10
6369955.75662364
 20
6169901.387638173
 10
6369955.806435532
 20
6169901.884516086
 10
6369955.821276188
 20
6169902.033778033
 10
6369955.836116845
 20
6169902.183039977
 10
6369955.921668016
 20
6169903.043550019
 10
6369956.222930538
 20
6169906.066865349
 10
6369956.446409994
 20
6169908.314809946
 10
6369956.534613394
 20
6169909.199365972
 10
6369956.600947079
 20
6169909.867537105
 10
6369957.128181846
 20
6169915.173844137
 10
6369957.150921137
 20
6169915.399244459
 10
6369957.166602358
 20
6169915.559522042
 10
6369957.208559159
 20
6169915.977261265
 10
6369957.249515857
 20
6169916.394985985
 10
6369957.581300398
 20
6169919.727840815
 10
6369961.9625963
 20
6169919.457275652
 10
6369965.487861166
 20
6169919.239316325
 10
6369965.363388072
 20
6169915.889461837
 10
6369965.310401129
 20
6169915.473563288
 10
6369965.257428694
 20
6169915.056664636
 10
6369965.204456256
 20
6169914.639765986
 10
6369965.156904282
 20
6169914.262958484
 10
6369964.8269129265
 20
6169911.358263916
 10
6369967.404440546
 20
6169911.308617198
 10
6369968.163881449
 20
6169911.29462314
 10
6369969.164477751
 20
6169911.275123614
 10
6369970.164059441
 20
6169911.256609688
 10
6369971.277725405
 20
6169911.234748698
 10
6369973.8172200415
 20
6169911.186551034
 10
6369975.929467563
 20
6169911.146161617
 10
6369975.4413469
 20
6169906.4536143225
 10
6369975.360607016
 20
6169905.675199822
 10
6369975.153402128
 20
6169903.684571947
 10
6369974.034818955
 20
6169902.597013943
 10
6369973.415355056
 20
6169901.994844263
 10
6369972.832401839
 20
6169901.427214735
 10
6369970.704724017
 20
6169899.3587194625
 10
6369968.100310344
 20
6169899.330952025
 10
6369964.599760691
 20
6169899.293189292
 10
6369964.333718741
 20
6169899.290331326
 10
6369963.985653827
 20
6169899.287284134
 10
6369961.07319381
 20
6169899.256049559
 10
6369959.060870154
 20
6169899.234868293
 10
6369955.697334536
 20
6169899.199092611
 10
6369955.539303726
 20
6169899.197801078
  0
LWPOLYLINE
  5
3E
330
17
100
AcDbEntity
  8
parcelas
100
AcDbPolyline
 90
42
 70
0
 10
6369921.5895651495
 20
6169987.700349007
 10
6369921.714211013
 20
6169989.727791795
 10
6369921.9021151895
 20
6169991.186973498
 10
6369925.394377712
 20
6169990.899513052
 10
6369942.910738922
 20
6169989.4600083055
 10
6369950.097559872
 20
6169988.869015287
 10
6369954.968893195
 20
6169988.468512793
 10
6369956.164698861
 20
6169988.369818273
 10
6369958.590357201
 20
6169988.169922048
 10
6369959.189245629
 20
6169988.121589397
 10
6369959.787148454
 20
6169988.072242136
 10
6369961.576790397
 20
6169987.925194449
 10
6369963.243348816
 20
6169987.788260039
 10
6369963.840251529
 20
6169987.738898275
 10
6369966.294413337
 20
6169987.536962574
 10
6369968.687553147
 20
6169987.340047941
 10
6369969.484752055
 20
6169987.274584966
 10
6369970.282951065
 20
6169987.209136497
 10
6369974.520334046
 20
6169986.860459489
 10
6369975.019081592
 20
6169986.819677396
 10
6369975.516829036
 20
6169986.7788808
 10
6369979.140293003
 20
6169986.480319101
 10
6369979.636892208
 20
6169986.439538149
 10
6369980.920971011
 20
6169986.334089002
 10
6369981.785871906
 20
6169986.263051508
 10
6369983.72619037
 20
6169986.103686013
 10
6369983.707813382
 20
6169985.922362771
 10
6369982.881586019
 20
6169977.987898105
 10
6369980.003504811
 20
6169978.138219592
 10
6369978.339983899
 20
6169978.276145553
 10
6369975.799125302
 20
6169978.487375094
 10
6369968.934700755
 20
6169979.058035447
 10
6369967.969223444
 20
6169979.1390636265
 10
6369947.5662440015
 20
6169980.834798602
 10
6369944.978307775
 20
6169981.0503470255
 10
6369942.443464023
 20
6169981.260663531
 10
6369942.084919427
 20
6169981.290474804
 10
6369939.121407792
 20
6169981.537588148
 10
6369932.997117524
 20
6169982.04595937
 10
6369922.018437087
 20
6169982.959080021
 10
6369921.300347742
 20
6169983.018688069
 10
6369921.5895651495
 20
6169987.700349007
  0
LWPOLYLINE
  5
3F
330
17
100
AcDbEntity
  8
parcelas
100
AcDbPolyline
 90
46
 70
0
 10
6369958.590357201
 20
6169988.169922048
 10
6369956.164698861
 20
6169988.369818273
 10
6369954.968893195
 20
6169988.468512793
 10
6369950.097559872
 20
6169988.869015287
 10
6369942.910738922
 20
6169989.4600083055
 10
6369925.394377712
 20
6169990.899513052
 10
6369921.9021151895
 20
6169991.186973498
 10
6369922.311245396
 20
6170000.291759752
 10
6369922.707939746
 20
6170006.322401788
 10
6369923.612135324
 20
6170006.25949075
 10
6369937.809801286
 20
6170005.279015795
 10
6369937.74880344
 20
6170004.380849896
 10
6369946.455868437
 20
6170003.805901484
 10
6369950.454965446
 20
6170003.540795822
 10
6369954.279841394
 20
6170003.2871679785
 10
6369958.575316938
 20
6170003.0023529455
 10
6369959.572580021
 20
6170002.936790354
 10
6369959.850553166
 20
6170002.918371657
 10
6369965.953244787
 20
6170002.51400301
 10
6369967.05421768
 20
6170002.441051767
 10
6369968.911478186
 20
6170002.317988377
 10
6369970.477677921
 20
6170002.214279291
 10
6369976.326253858
 20
6170001.827004
 10
6369979.66817552
 20
6170001.605711895
 10
6369979.772650843
 20
6170001.598773179
 10
6369983.027695632
 20
6170001.382589761
 10
6369983.129593062
 20
6170001.375822253
 10
6369985.300354765
 20
6170001.232248193
 10
6369983.72619037
 20
6169986.103686013
 10
6369981.785871906
 20
6169986.263051508
 10
6369980.920971011
 20
6169986.334089002
 10
6369979.636892208
 20
6169986.439538149
 10
6369979.140293003
 20
6169986.480319101
 10
6369975.516829036
 20
6169986.7788808
 10
6369975.019081592
 20
6169986.819677396
 10
6369974.520334046
 20
6169986.860459489
 10
6369970.282951065
 20
6169987.209136497
 10
6369969.484752055
 20
6169987.274584966
 10
6369968.687553147
 20
6169987.340047941
 10
6369966.294413337
 20
6169987.536962574
 10
6369963.840251529
 20
6169987.738898275
 10
6369963.243348816
 20
6169987.788260039
 10
6369961.576790397
 20
6169987.925194449
 10
6369959.787148454
 20
6169988.072242136
 10
6369959.189245629
 20
6169988.121589397
 10
6369958.590357201
 20
6169988.169922048
  0
LWPOLYLINE
  5
40
330
17
100
AcDbEntity
  8
parcelas
100
AcDbPolyline
 90
30
 70
0
 10
6369954.471186437
 20
6170005.681692578
 10
6369954.605793176
 20
6170007.367172358
 10
6369954.693777365
 20
6170008.473794784
 10
6369954.973947214
 20
6170011.98595744
 10
6369964.168830643
 20
6170011.365066648
 10
6369965.771910317
 20
6170011.256273376
 10
6369973.68112359
 20
6170010.7227708725
 10
6369974.480148641
 20
6170010.669338082
 10
6369977.959640608
 20
6170010.434708879
 10
6369984.214725223
 20
6170010.012260304
 10
6369986.199293693
 20
6170009.877989739
 10
6369986.13693055
 20
6170009.280898533
 10
6369985.559358047
 20
6170003.720782891
 10
6369985.362703388
 20
6170001.830339508
 10
6369985.300354765
 20
6170001.232248193
 10
6369983.129593062
 20
6170001.375822253
 10
6369983.027695632
 20
6170001.382589761
 10
6369979.772650843
 20
6170001.598773179
 10
6369979.66817552
 20
6170001.605711895
 10
6369976.326253858
 20
6170001.827004
 10
6369970.477677921
 20
6170002.214279291
 10
6369968.911478186
 20
6170002.317988377
 10
6369967.05421768
 20
6170002.441051767
 10
6369965.953244787
 20
6170002.51400301
 10
6369959.850553166
 20
6170002.918371657
 10
6369959.572580021
 20
6170002.936790354
 10
6369958.575316938
 20
6170003.0023529455
 10
6369954.279841394
 20
6170003.2871679785
 10
6369954.438099909
 20
6170005.273084826
 10
6369954.471186437
 20
6170005.681692578
  0
LWPOLYLINE
  5
41
330
17
100
AcDbEntity
  8
parcelas
100
AcDbPolyline
 90
33
 70
0
 10
6369961.673494661
 20
6170028.992415002
 10
6369965.095111307
 20
6170028.747943443
 10
6369966.730324806
 20
6170028.630613263
 10
6369972.886631474
 20
6170028.190726788
 10
6369978.573324004
 20
6170027.783042166
 10
6369980.868417594
 20
6170027.619264093
 10
6369984.605472608
 20
6170027.351358309
 10
6369985.955294024
 20
6170027.254897198
 10
6369986.793424586
 20
6170027.195029286
 10
6369987.682618421
 20
6170027.131900644
 10
6369987.992041878
 20
6170027.109379472
 10
6369987.956954473
 20
6170026.769764379
 10
6369987.577630533
 20
6170023.128124057
 10
6369987.09379799
 20
6170018.484654694
 10
6369986.4949966455
 20
6170018.526986784
 10
6369983.94858714
 20
6170018.707126441
 10
6369981.465256624
 20
6170018.88317931
 10
6369980.667188184
 20
6170018.939626933
 10
6369980.268654014
 20
6170018.967857997
 10
6369979.056020745
 20
6170019.0543048335
 10
6369976.431501605
 20
6170019.240313937
 10
6369975.433165959
 20
6170019.310862591
 10
6369971.108368599
 20
6170019.6172595015
 10
6369970.594677517
 20
6170019.653823682
 10
6369970.311300237
 20
6170019.673721632
 10
6369965.552921492
 20
6170020.010842306
 10
6369965.054246453
 20
6170020.046623939
 10
6369964.779884596
 20
6170020.065652317
 10
6369961.106966468
 20
6170020.325485331
 10
6369955.672676703
 20
6170020.710822064
 10
6369956.202683911
 20
6170027.34358484
 10
6369956.365333948
 20
6170029.371578517
 10
6369961.673494661
 20
6170028.992415002
  0
LWPOLYLINE
  5
42
330
17
100
AcDbEntity
  8
parcelas
100
AcDbPolyline
 90
24
 70
0
 10
6369965.095111307
 20
6170028.747943443
 10
6369965.558646181
 20
6170037.136292524
 10
6369967.290724647
 20
6170037.030370177
 10
6369967.989550846
 20
6170036.988488301
 10
6369968.390027222
 20
6170036.964286635
 10
6369969.38723225
 20
6170036.902724344
 10
6369977.476912914
 20
6170036.409850241
 10
6369982.07240453
 20
6170036.130385934
 10
6369983.06959501
 20
6170036.069823752
 10
6369986.69394227
 20
6170035.848298419
 10
6369988.887561267
 20
6170035.715058729
 10
6369988.783965652
 20
6170034.719244828
 10
6369988.369583212
 20
6170030.735989228
 10
6369988.302843168
 20
6170030.095821078
 10
6369987.992041878
 20
6170027.109379472
 10
6369987.682618421
 20
6170027.131900644
 10
6369986.793424586
 20
6170027.195029286
 10
6369985.955294024
 20
6170027.254897198
 10
6369984.605472608
 20
6170027.351358309
 10
6369980.868417594
 20
6170027.619264093
 10
6369978.573324004
 20
6170027.783042166
 10
6369972.886631474
 20
6170028.190726788
 10
6369966.730324806
 20
6170028.630613263
 10
6369965.095111307
 20
6170028.747943443
  0
LWPOLYLINE
  5
43
330
17
100
AcDbEntity
  8
parcelas
100
AcDbPolyline
 90
13
 70
0
 10
6369979.46952337
 20
6170063.105103373
 10
6369982.656941616
 20
6170062.869238866
 10
6369982.013330757
 20
6170054.344236841
 10
6369981.485558467
 20
6170047.350393943
 10
6369981.233737283
 20
6170044.0217001075
 10
6369978.337088597
 20
6170044.210765183
 10
6369973.986607701
 20
6170044.494783088
 10
6369974.145473703
 20
6170046.6457603155
 10
6369974.9819482025
 20
6170057.943427494
 10
6369975.385867001
 20
6170063.40699542
 10
6369976.183978956
 20
6170063.347547368
 10
6369978.47814496
 20
6170063.178754002
 10
6369979.46952337
 20
6170063.105103373
  0
LWPOLYLINE
  5
44
330
17
100
AcDbEntity
  8
parcelas
100
AcDbPolyline
 90
18
 70
0
 10
6369914.813821348
 20
6169898.764227965
 10
6369915.086644508
 20
6169901.955183971
 10
6369915.304758157
 20
6169904.504145473
 10
6369916.231951531
 20
6169915.3399857385
 10
6369916.249936874
 20
6169915.548311815
 10
6369917.00008889
 20
6169924.313936118
 10
6369917.30886852
 20
6169927.922544327
 10
6369917.377360668
 20
6169928.717786682
 10
6369917.405548775
 20
6169929.0502996165
 10
6369917.832414347
 20
6169934.035051325
 10
6369917.859732891
 20
6169934.358548825
 10
6369922.305659633
 20
6169934.045907222
 10
6369922.849382914
 20
6169934.007778096
 10
6369926.141769195
 20
6169933.776438122
 10
6369925.229832923
 20
6169924.923441186
 10
6369924.423057245
 20
6169917.096290453
 10
6369922.542054895
 20
6169898.846297464
 10
6369914.813821348
 20
6169898.764227965
  0
LWPOLYLINE
  5
45
330
17
100
AcDbEntity
  8
parcelas
100
AcDbPolyline
 90
23
 70
0
 10
6369967.198050771
 20
6169923.8845663555
 10
6369963.410975117
 20
6169924.221767403
 10
6369962.367301174
 20
6169924.314665441
 10
6369961.064208896
 20
6169924.430809747
 10
6369958.0754192425
 20
6169924.696561884
 10
6369958.237797026
 20
6169926.32942782
 10
6369958.751206015
 20
6169931.48548725
 10
6369964.127373824
 20
6169931.10731172
 10
6369967.38671274
 20
6169930.878493492
 10
6369967.921420507
 20
6169930.841233943
 10
6369968.81461483
 20
6169930.778163594
 10
6369973.0432573715
 20
6169930.480376605
 10
6369976.806271738
 20
6169930.21584943
 10
6369977.903733642
 20
6169930.138736131
 10
6369977.665861659
 20
6169927.848569822
 10
6369977.105827025
 20
6169922.458761481
 10
6369976.846809903
 20
6169919.971226744
 10
6369975.750145042
 20
6169920.062355951
 10
6369971.897323754
 20
6169920.380597827
 10
6369970.595362153
 20
6169920.487755687
 10
6369967.755066493
 20
6169920.722650956
 10
6369968.089476953
 20
6169923.805465372
 10
6369967.198050771
 20
6169923.8845663555
  0
LWPOLYLINE
  5
46
330
17
100
AcDbEntity
  8
parcelas
100
AcDbPolyline
 90
21
 70
0
 10
6369873.353915041
 20
6169939.590951194
 10
6369873.393217673
 20
6169940.191709467
 10
6369873.802359761
 20
6169946.398588329
 10
6369873.895080545
 20
6169947.799372019
 10
6369873.934383193
 20
6169948.40013029
 10
6369874.937574005
 20
6169948.408677044
 10
6369877.324023945
 20
6169948.42928181
 10
6369881.104748619
 20
6169948.461104031
 10
6369884.5753976675
 20
6169948.4914303655
 10
6369885.945655413
 20
6169948.503299825
 10
6369888.905222547
 20
6169948.528214893
 10
6369888.817167367
 20
6169947.288549448
 10
6369888.704982494
 20
6169945.712428636
 10
6369888.488887841
 20
6169942.679344363
 10
6369888.299386578
 20
6169940.019762785
 10
6369885.109709289
 20
6169939.928490721
 10
6369884.189802671
 20
6169939.902145796
 10
6369881.220104587
 20
6169939.817064898
 10
6369880.540179278
 20
6169939.797201215
 10
6369877.1205361225
 20
6169939.698592839
 10
6369873.353915041
 20
6169939.590951194
  0
LWPOLYLINE
  5
47
330
17
100
AcDbEntity
  8
parcelas
100
AcDbPolyline
 90
9
 70
0
 10
6369991.19330395
 20
6170057.855423338
 10
6369990.448728055
 20
6170050.705388609
 10
6369989.695398599
 20
6170043.469199947
 10
6369981.233737283
 20
6170044.0217001075
 10
6369981.485558467
 20
6170047.350393943
 10
6369982.013330757
 20
6170054.344236841
 10
6369982.656941616
 20
6170062.869238866
 10
6369987.364459821
 20
6170062.5213768305
 10
6369991.19330395
 20
6170057.855423338
  0
LWPOLYLINE
  5
48
330
17
100
AcDbEntity
  8
parcelas
100
AcDbPolyline
 90
20
 70
0
 10
6369966.918117043
 20
6170064.034431384
 10
6369969.801112464
 20
6170063.821160586
 10
6369975.385867001
 20
6170063.40699542
 10
6369974.9819482025
 20
6170057.943427494
 10
6369974.145473703
 20
6170046.6457603155
 10
6369973.986607701
 20
6170044.494783088
 10
6369971.83489141
 20
6170044.635632722
 10
6369969.093432668
 20
6170044.814944618
 10
6369967.932978766
 20
6170044.890144509
 10
6369965.993530866
 20
6170045.017067144
 10
6369965.60009872
 20
6170045.038370037
 10
6369965.619127124
 20
6170045.312731891
 10
6369965.910451664
 20
6170049.504269013
 10
6369966.0808377685
 20
6170051.9645102285
 10
6369966.218949499
 20
6170053.960137939
 10
6369966.285932964
 20
6170054.928412486
 10
6369966.452217814
 20
6170057.326574786
 10
6369966.59545999
 20
6170059.382295699
 10
6369966.712007154
 20
6170061.071514737
 10
6369966.918117043
 20
6170064.034431384
  0
LWPOLYLINE
  5
49
330
17
100
AcDbEntity
  8
parcelas
100
AcDbPolyline
 90
29
 70
0
 10
6369966.712007154
 20
6170061.071514737
 10
6369966.59545999
 20
6170059.382295699
 10
6369966.452217814
 20
6170057.326574786
 10
6369966.285932964
 20
6170054.928412486
 10
6369966.218949499
 20
6170053.960137939
 10
6369966.0808377685
 20
6170051.9645102285
 10
6369965.910451664
 20
6170049.504269013
 10
6369965.619127124
 20
6170045.312731891
 10
6369965.60009872
 20
6170045.038370037
 10
6369965.993530866
 20
6170045.017067144
 10
6369965.950780041
 20
6170044.240203893
 10
6369965.558646181
 20
6170037.136292524
 10
6369965.095111307
 20
6170028.747943443
 10
6369961.673494661
 20
6170028.992415002
 10
6369956.365333948
 20
6170029.371578517
 10
6369956.43653595
 20
6170030.255887946
 10
6369956.611837975
 20
6170032.4461158905
 10
6369957.585709392
 20
6170044.616049079
 10
6369957.649172316
 20
6170045.413218993
 10
6369957.679737206
 20
6170045.78877982
 10
6369957.94727001
 20
6170049.137708029
 10
6369958.03538488
 20
6170050.235329501
 10
6369958.449539203
 20
6170055.406954632
 10
6369958.6492612995
 20
6170057.91363576
 10
6369958.956735889
 20
6170061.750295869
 10
6369959.185399832
 20
6170064.606506122
 10
6369962.17855171
 20
6170064.384829664
 10
6369966.918117043
 20
6170064.034431384
 10
6369966.712007154
 20
6170061.071514737
  0
LWPOLYLINE
  5
4A
330
17
100
AcDbEntity
  8
parcelas
100
AcDbPolyline
 90
37
 70
0
 10
6369951.507760619
 20
6170065.1743780635
 10
6369954.300630868
 20
6170064.96780276
 10
6369956.392529627
 20
6170064.813081422
 10
6369959.185399832
 20
6170064.606506122
 10
6369958.956735889
 20
6170061.750295869
 10
6369958.6492612995
 20
6170057.91363576
 10
6369958.449539203
 20
6170055.406954632
 10
6369958.03538488
 20
6170050.235329501
 10
6369957.94727001
 20
6170049.137708029
 10
6369957.679737206
 20
6170045.78877982
 10
6369957.649172316
 20
6170045.413218993
 10
6369957.585709392
 20
6170044.616049079
 10
6369956.611837975
 20
6170032.4461158905
 10
6369956.43653595
 20
6170030.255887946
 10
6369956.365333948
 20
6170029.371578517
 10
6369956.202683911
 20
6170027.34358484
 10
6369955.672676703
 20
6170020.710822064
 10
6369955.3584491145
 20
6170016.788036967
 10
6369954.973947214
 20
6170011.98595744
 10
6369954.693777365
 20
6170008.473794784
 10
6369954.605793176
 20
6170007.367172358
 10
6369954.471186437
 20
6170005.681692578
 10
6369954.438099909
 20
6170005.273084826
 10
6369954.279841394
 20
6170003.2871679785
 10
6369950.454965446
 20
6170003.540795822
 10
6369946.455868437
 20
6170003.805901484
 10
6369947.401568278
 20
6170015.2972140405
 10
6369947.746071935
 20
6170019.4775189
 10
6369948.084532161
 20
6170023.591715408
 10
6369948.418789628
 20
6170027.650833712
 10
6369948.527614585
 20
6170028.975826742
 10
6369948.6849898435
 20
6170030.884706661
 10
6369948.875567706
 20
6170033.1941935085
 10
6369949.573807268
 20
6170041.6769752605
 10
6369949.875688426
 20
6170045.347502341
 10
6369950.230322776
 20
6170049.656994489
 10
6369951.507760619
 20
6170065.1743780635
  0
LWPOLYLINE
  5
4B
330
17
100
AcDbEntity
  8
parcelas
100
AcDbPolyline
 90
31
 70
0
 10
6369948.084532161
 20
6170023.591715408
 10
6369947.746071935
 20
6170019.4775189
 10
6369947.401568278
 20
6170015.2972140405
 10
6369946.455868437
 20
6170003.805901484
 10
6369937.74880344
 20
6170004.380849896
 10
6369937.809801286
 20
6170005.279015795
 10
6369923.612135324
 20
6170006.25949075
 10
6369923.734730233
 20
6170007.531666969
 10
6369923.955702634
 20
6170009.8145863395
 10
6369925.242116627
 20
6170023.126410064
 10
6369925.258652977
 20
6170023.296703195
 10
6369925.817917587
 20
6170029.084625903
 10
6369925.946686611
 20
6170030.413909519
 10
6369926.011092881
 20
6170031.07705117
 10
6369926.576401127
 20
6170036.931082195
 10
6369926.768605377
 20
6170038.921492741
 10
6369927.289667156
 20
6170044.308735917
 10
6369927.481871453
 20
6170046.299146452
 10
6369928.209905923
 20
6170053.831062602
 10
6369928.416081444
 20
6170055.961719643
 10
6369929.464205681
 20
6170066.805314511
 10
6369945.660659518
 20
6170065.606745658
 10
6369951.507760619
 20
6170065.1743780635
 10
6369950.230322776
 20
6170049.656994489
 10
6369949.875688426
 20
6170045.347502341
 10
6369949.573807268
 20
6170041.6769752605
 10
6369948.875567706
 20
6170033.1941935085
 10
6369948.6849898435
 20
6170030.884706661
 10
6369948.527614585
 20
6170028.975826742
 10
6369948.418789628
 20
6170027.650833712
 10
6369948.084532161
 20
6170023.591715408
  0
LWPOLYLINE
  5
4C
330
17
100
AcDbEntity
  8
parcelas
100
AcDbPolyline
 90
41
 70
0
 10
6369923.955702634
 20
6170009.8145863395
 10
6369923.734730233
 20
6170007.531666969
 10
6369923.612135324
 20
6170006.25949075
 10
6369922.707939746
 20
6170006.322401788
 10
6369921.835790984
 20
6170006.382776633
 10
6369914.87864638
 20
6170006.8630651785
 10
6369914.931539288
 20
6170008.044202376
 10
6369915.152482042
 20
6170010.398143652
 10
6369915.6846143985
 20
6170016.056632647
 10
6369916.064210033
 20
6170020.09340168
 10
6369916.459327464
 20
6170024.301449438
 10
6369916.441913795
 20
6170024.950400472
 10
6369916.841502911
 20
6170028.36726496
 10
6369917.077127005
 20
6170030.881469302
 10
6369917.25302628
 20
6170032.754606759
 10
6369917.392563117
 20
6170034.238094868
 10
6369917.424085231
 20
6170034.547648929
 10
6369917.60371066
 20
6170036.301803093
 10
6369918.090716656
 20
6170041.071359031
 10
6369918.183659909
 20
6170041.973989506
 10
6369918.661955777
 20
6170046.654391194
 10
6369918.8090880485
 20
6170048.096976577
 10
6369918.921248919
 20
6170049.191945968
 10
6369919.178773931
 20
6170051.713470077
 10
6369919.728056395
 20
6170057.086117914
 10
6369919.826202626
 20
6170058.043841082
 10
6369920.060089729
 20
6170060.332949615
 10
6369920.787186292
 20
6170067.446721198
 10
6369929.464205681
 20
6170066.805314511
 10
6369928.416081444
 20
6170055.961719643
 10
6369928.209905923
 20
6170053.831062602
 10
6369927.481871453
 20
6170046.299146452
 10
6369927.289667156
 20
6170044.308735917
 10
6369926.768605377
 20
6170038.921492741
 10
6369926.576401127
 20
6170036.931082195
 10
6369926.011092881
 20
6170031.07705117
 10
6369925.946686611
 20
6170030.413909519
 10
6369925.817917587
 20
6170029.084625903
 10
6369925.258652977
 20
6170023.296703195
 10
6369925.242116627
 20
6170023.126410064
 10
6369923.955702634
 20
6170009.8145863395
  0
LWPOLYLINE
  5
4D
330
17
100
AcDbEntity
  8
parcelas
100
AcDbPolyline
 90
28
 70
0
 10
6369918.921248919
 20
6170049.191945968
 10
6369918.8090880485
 20
6170048.096976577
 10
6369918.661955777
 20
6170046.654391194
 10
6369918.183659909
 20
6170041.973989506
 10
6369918.090716656
 20
6170041.071359031
 10
6369917.60371066
 20
6170036.301803093
 10
6369917.424085231
 20
6170034.547648929
 10
6369917.392563117
 20
6170034.238094868
 10
6369909.239500163
 20
6170035.997447306
 10
6369909.82538882
 20
6170042.018829488
 10
6369910.4461329775
 20
6170048.39582848
 10
6369910.51674232
 20
6170049.114077369
 10
6369910.864122017
 20
6170052.682232424
 10
6369910.952876346
 20
6170053.597806248
 10
6369911.373387151
 20
6170057.9172571
 10
6369911.460402354
 20
6170058.814800056
 10
6369911.854855081
 20
6170062.861787677
 10
6369911.912217827
 20
6170063.458806502
 10
6369912.361511675
 20
6170068.069766018
 10
6369912.591825515
 20
6170068.053099748
 10
6369915.544915708
 20
6170067.834843495
 10
6369919.917979834
 20
6170067.511140143
 10
6369920.787186292
 20
6170067.446721198
 10
6369920.060089729
 20
6170060.332949615
 10
6369919.826202626
 20
6170058.043841082
 10
6369919.728056395
 20
6170057.086117914
 10
6369919.178773931
 20
6170051.713470077
 10
6369918.921248919
 20
6170049.191945968
  0
LWPOLYLINE
  5
4E
330
17
100
AcDbEntity
  8
parcelas
100
AcDbPolyline
 90
36
 70
0
 10
6369899.689731949
 20
6170055.985267952
 10
6369899.758193516
 20
6170056.989575444
 10
6369899.934550062
 20
6170059.589947697
 10
6369900.213946774
 20
6170063.707289522
 10
6369900.227873794
 20
6170063.919557999
 10
6369900.25427876
 20
6170064.3060620185
 10
6369900.296451416
 20
6170064.915864663
 10
6369900.431562952
 20
6170066.911449284
 10
6369900.569167191
 20
6170068.942081036
 10
6369902.822286012
 20
6170068.7756932555
 10
6369905.877531878
 20
6170068.548915307
 10
6369907.193350116
 20
6170068.451960869
 10
6369910.468894244
 20
6170068.209371728
 10
6369912.361511675
 20
6170068.069766018
 10
6369911.912217827
 20
6170063.458806502
 10
6369911.854855081
 20
6170062.861787677
 10
6369911.460402354
 20
6170058.814800056
 10
6369911.373387151
 20
6170057.9172571
 10
6369910.952876346
 20
6170053.597806248
 10
6369910.864122017
 20
6170052.682232424
 10
6369910.51674232
 20
6170049.114077369
 10
6369910.4461329775
 20
6170048.39582848
 10
6369909.82538882
 20
6170042.018829488
 10
6369909.239500163
 20
6170035.997447306
 10
6369908.6569897495
 20
6170036.089031067
 10
6369903.901592003
 20
6170036.8413255
 10
6369903.709166055
 20
6170036.866543708
 10
6369898.438657608
 20
6170037.546347607
 10
6369899.048622761
 20
6170046.5290077785
 10
6369899.21912427
 20
6170049.0502703525
 10
6369899.267021309
 20
6170049.748183622
 10
6369899.405407981
 20
6170051.793831444
 10
6369899.414407633
 20
6170051.932005249
 10
6369899.47294195
 20
6170052.793123919
 10
6369899.581720969
 20
6170054.397204014
 10
6369899.689731949
 20
6170055.985267952
  0
LWPOLYLINE
  5
4F
330
17
100
AcDbEntity
  8
parcelas
100
AcDbPolyline
 90
38
 70
0
 10
6369890.23162948
 20
6170064.61685684
 10
6369890.298192395
 20
6170065.61413463
 10
6369890.432289333
 20
6170067.610704919
 10
6369890.570313546
 20
6170069.681355378
 10
6369891.567692866
 20
6170069.607791726
 10
6369895.3168952195
 20
6170069.330058352
 10
6369899.5717879
 20
6170069.015644686
 10
6369900.569167191
 20
6170068.942081036
 10
6369900.431562952
 20
6170066.911449284
 10
6369900.296451416
 20
6170064.915864663
 10
6369900.25427876
 20
6170064.3060620185
 10
6369900.227873794
 20
6170063.919557999
 10
6369900.213946774
 20
6170063.707289522
 10
6369899.934550062
 20
6170059.589947697
 10
6369899.758193516
 20
6170056.989575444
 10
6369899.689731949
 20
6170055.985267952
 10
6369899.581720969
 20
6170054.397204014
 10
6369899.47294195
 20
6170052.793123919
 10
6369899.414407633
 20
6170051.932005249
 10
6369899.405407981
 20
6170051.793831444
 10
6369899.267021309
 20
6170049.748183622
 10
6369899.21912427
 20
6170049.0502703525
 10
6369899.048622761
 20
6170046.5290077785
 10
6369898.438657608
 20
6170037.546347607
 10
6369895.322882026
 20
6170037.946302031
 10
6369893.44780158
 20
6170038.187193573
 10
6369888.508066776
 20
6170038.8207784165
 10
6369888.673263774
 20
6170041.293949096
 10
6369888.759579556
 20
6170042.584605288
 10
6369889.308705143
 20
6170050.796141845
 10
6369889.416222989
 20
6170052.418209355
 10
6369889.483785968
 20
6170053.415501655
 10
6369889.6965320585
 20
6170056.610588092
 10
6369889.772964175
 20
6170057.755055133
 10
6369889.941581604
 20
6170060.268287942
 10
6369889.971913823
 20
6170060.7288721455
 10
6369890.207905746
 20
6170064.252398593
 10
6369890.23162948
 20
6170064.61685684
  0
LWPOLYLINE
  5
50
330
17
100
AcDbEntity
  8
parcelas
100
AcDbPolyline
 90
23
 70
0
 10
6369881.21837111
 20
6170058.990422848
 10
6369881.616095794
 20
6170065.01907992
 10
6369881.86117382
 20
6170068.743801295
 10
6369883.580613881
 20
6170070.199185249
 10
6369890.570313546
 20
6170069.681355378
 10
6369890.432289333
 20
6170067.610704919
 10
6369890.298192395
 20
6170065.61413463
 10
6369890.23162948
 20
6170064.61685684
 10
6369890.207905746
 20
6170064.252398593
 10
6369889.971913823
 20
6170060.7288721455
 10
6369889.941581604
 20
6170060.268287942
 10
6369889.772964175
 20
6170057.755055133
 10
6369889.6965320585
 20
6170056.610588092
 10
6369889.483785968
 20
6170053.415501655
 10
6369889.416222989
 20
6170052.418209355
 10
6369889.308705143
 20
6170050.796141845
 10
6369888.759579556
 20
6170042.584605288
 10
6369888.673263774
 20
6170041.293949096
 10
6369888.508066776
 20
6170038.8207784165
 10
6369887.664355282
 20
6170038.920578001
 10
6369884.55801563
 20
6170039.290659882
 10
6369879.956649875
 20
6170039.837122942
 10
6369881.21837111
 20
6170058.990422848
  0
LWPOLYLINE
  5
51
330
17
100
AcDbEntity
  8
parcelas
100
AcDbPolyline
 90
30
 70
0
 10
6369879.245908742
 20
6170029.043433081
 10
6369879.2648501145
 20
6170029.3237956315
 10
6369879.460654147
 20
6170032.307570292
 10
6369879.52718795
 20
6170033.306848333
 10
6369879.691877284
 20
6170035.81502271
 10
6369879.757425499
 20
6170036.8132861415
 10
6369879.944404001
 20
6170039.646885733
 10
6369879.956649875
 20
6170039.837122942
 10
6369884.55801563
 20
6170039.290659882
 10
6369887.664355282
 20
6170038.920578001
 10
6369888.508066776
 20
6170038.8207784165
 10
6369893.44780158
 20
6170038.187193573
 10
6369895.322882026
 20
6170037.946302031
 10
6369898.438657608
 20
6170037.546347607
 10
6369903.709166055
 20
6170036.866543708
 10
6369903.901592003
 20
6170036.8413255
 10
6369908.6569897495
 20
6170036.089031067
 10
6369909.239500163
 20
6170035.997447306
 10
6369917.392563117
 20
6170034.238094868
 10
6369917.25302628
 20
6170032.754606759
 10
6369917.077127005
 20
6170030.881469302
 10
6369916.841502911
 20
6170028.36726496
 10
6369916.441913795
 20
6170024.950400472
 10
6369907.389634395
 20
6170025.946476863
 10
6369902.641572846
 20
6170026.468805376
 10
6369894.375795574
 20
6170027.378257052
 10
6369892.983128199
 20
6170027.532115042
 10
6369887.3513798
 20
6170028.151662805
 10
6369880.041426748
 20
6170028.955938693
 10
6369879.245908742
 20
6170029.043433081
  0
LWPOLYLINE
  5
52
330
17
100
AcDbEntity
  8
parcelas
100
AcDbPolyline
 90
24
 70
0
 10
6369899.328179746
 20
6170008.628173994
 10
6369895.69599143
 20
6170008.700538622
 10
6369890.95415174
 20
6170008.793822517
 10
6369886.011175152
 20
6170008.892192008
 10
6369878.729796399
 20
6170009.036674721
 10
6369877.929322026
 20
6170009.052074586
 10
6369879.245908742
 20
6170029.043433081
 10
6369880.041426748
 20
6170028.955938693
 10
6369887.3513798
 20
6170028.151662805
 10
6369892.983128199
 20
6170027.532115042
 10
6369894.375795574
 20
6170027.378257052
 10
6369902.641572846
 20
6170026.468805376
 10
6369907.389634395
 20
6170025.946476863
 10
6369916.441913795
 20
6170024.950400472
 10
6369916.459327464
 20
6170024.301449438
 10
6369916.064210033
 20
6170020.09340168
 10
6369915.6846143985
 20
6170016.056632647
 10
6369915.152482042
 20
6170010.398143652
 10
6369914.931539288
 20
6170008.044202376
 10
6369911.45656979
 20
6170008.1738642575
 10
6369909.95728367
 20
6170008.230145831
 10
6369906.495315459
 20
6170008.359996265
 10
6369903.041362538
 20
6170008.48896263
 10
6369899.328179746
 20
6170008.628173994
  0
LWPOLYLINE
  5
53
330
17
100
AcDbEntity
  8
parcelas
100
AcDbPolyline
 90
31
 70
0
 10
6369890.95415174
 20
6170008.793822517
 10
6369895.69599143
 20
6170008.700538622
 10
6369899.328179746
 20
6170008.628173994
 10
6369903.041362538
 20
6170008.48896263
 10
6369906.495315459
 20
6170008.359996265
 10
6369909.95728367
 20
6170008.230145831
 10
6369911.45656979
 20
6170008.1738642575
 10
6369914.931539288
 20
6170008.044202376
 10
6369914.87864638
 20
6170006.8630651785
 10
6369921.835790984
 20
6170006.382776633
 10
6369922.707939746
 20
6170006.322401788
 10
6369922.311245396
 20
6170000.291759752
 10
6369917.853217912
 20
6170000.404164102
 10
6369911.85349641
 20
6170000.324157198
 10
6369910.5551592
 20
6170000.319332855
 10
6369909.851985009
 20
6170000.316137485
 10
6369909.541909456
 20
6170000.314641652
 10
6369899.580342499
 20
6170000.276210359
 10
6369894.507904395
 20
6170000.265668662
 10
6369893.387585519
 20
6170000.263425976
 10
6369889.0873722015
 20
6170000.2540800935
 10
6369885.980485282
 20
6170000.248035663
 10
6369878.040242694
 20
6170000.230915501
 10
6369877.348040561
 20
6170000.2298798775
 10
6369877.399777712
 20
6170001.007874002
 10
6369877.545597949
 20
6170003.230685344
 10
6369877.887512071
 20
6170008.417269303
 10
6369877.929322026
 20
6170009.052074586
 10
6369878.729796399
 20
6170009.036674721
 10
6369886.011175152
 20
6170008.892192008
 10
6369890.95415174
 20
6170008.793822517
  0
LWPOLYLINE
  5
54
330
17
100
AcDbEntity
  8
parcelas
100
AcDbPolyline
 90
27
 70
0
 10
6369876.660169409
 20
6169989.790632556
 10
6369876.725688468
 20
6169990.7908962155
 10
6369876.937346781
 20
6169993.991968949
 10
6369877.0708631035
 20
6169996.028543498
 10
6369877.282521471
 20
6169999.229616222
 10
6369877.348040561
 20
6170000.2298798775
 10
6369878.040242694
 20
6170000.230915501
 10
6369885.980485282
 20
6170000.248035663
 10
6369889.0873722015
 20
6170000.2540800935
 10
6369893.387585519
 20
6170000.263425976
 10
6369894.507904395
 20
6170000.265668662
 10
6369899.580342499
 20
6170000.276210359
 10
6369909.541909456
 20
6170000.314641652
 10
6369909.851985009
 20
6170000.316137485
 10
6369910.5551592
 20
6170000.319332855
 10
6369911.85349641
 20
6170000.324157198
 10
6369917.853217912
 20
6170000.404164102
 10
6369922.311245396
 20
6170000.291759752
 10
6369921.9021151895
 20
6169991.186973498
 10
6369921.714211013
 20
6169989.727791795
 10
6369918.419116454
 20
6169989.7320219
 10
6369909.972285778
 20
6169989.744566403
 10
6369909.495134949
 20
6169989.7446488505
 10
6369909.35209116
 20
6169989.7445750255
 10
6369904.9936255105
 20
6169989.751389533
 10
6369894.431097125
 20
6169989.766262073
 10
6369876.660169409
 20
6169989.790632556
  0
LWPOLYLINE
  5
55
330
17
100
AcDbEntity
  8
parcelas
100
AcDbPolyline
 90
29
 70
0
 10
6369921.714211013
 20
6169989.727791795
 10
6369921.5895651495
 20
6169987.700349007
 10
6369921.300347742
 20
6169983.018688069
 10
6369922.018437087
 20
6169982.959080021
 10
6369921.684874405
 20
6169979.059021248
 10
6369921.639497906
 20
6169978.532198209
 10
6369921.348775582
 20
6169975.126915654
 10
6369921.236718479
 20
6169973.817880626
 10
6369921.14167567
 20
6169972.715156955
 10
6369920.844083881
 20
6169969.231750303
 10
6369916.24592718
 20
6169969.212081228
 10
6369911.334680044
 20
6169969.191872878
 10
6369900.260882147
 20
6169969.1453131735
 10
6369899.872784016
 20
6169969.143686116
 10
6369898.87052087
 20
6169969.140154451
 10
6369893.988290955
 20
6169969.119366609
 10
6369889.608185403
 20
6169969.100859148
 10
6369884.776960614
 20
6169969.080810997
 10
6369875.29455844
 20
6169969.041325169
 10
6369876.131379144
 20
6169981.763448168
 10
6369876.43313511
 20
6169986.339258381
 10
6369876.660169409
 20
6169989.790632556
 10
6369894.431097125
 20
6169989.766262073
 10
6369904.9936255105
 20
6169989.751389533
 10
6369909.35209116
 20
6169989.7445750255
 10
6369909.495134949
 20
6169989.7446488505
 10
6369909.972285778
 20
6169989.744566403
 10
6369918.419116454
 20
6169989.7320219
 10
6369921.714211013
 20
6169989.727791795
  0
LWPOLYLINE
  5
56
330
17
100
AcDbEntity
  8
parcelas
100
AcDbPolyline
 90
34
 70
0
 10
6369874.612383742
 20
6169958.692188543
 10
6369875.096885358
 20
6169966.048520484
 10
6369875.2289959425
 20
6169968.044061811
 10
6369875.29455844
 20
6169969.041325169
 10
6369884.776960614
 20
6169969.080810997
 10
6369889.608185403
 20
6169969.100859148
 10
6369893.988290955
 20
6169969.119366609
 10
6369898.87052087
 20
6169969.140154451
 10
6369899.872784016
 20
6169969.143686116
 10
6369900.260882147
 20
6169969.1453131735
 10
6369911.334680044
 20
6169969.191872878
 10
6369916.24592718
 20
6169969.212081228
 10
6369920.844083881
 20
6169969.231750303
 10
6369920.766243921
 20
6169968.322336646
 10
6369920.106858077
 20
6169960.609358556
 10
6369919.949410069
 20
6169958.774500569
 10
6369915.546142974
 20
6169958.7666605115
 10
6369914.442825932
 20
6169958.764664236
 10
6369910.355649435
 20
6169958.757406973
 10
6369909.346371095
 20
6169958.754773853
 10
6369905.203174234
 20
6169958.747704481
 10
6369903.4216565285
 20
6169958.744875546
 10
6369902.334355598
 20
6169958.7421112275
 10
6369900.813908373
 20
6169958.740067477
 10
6369900.418795014
 20
6169958.739338981
 10
6369899.38950007
 20
6169958.737415885
 10
6369898.532251918
 20
6169958.735987245
 10
6369896.53468283
 20
6169958.732025687
 10
6369893.234732515
 20
6169958.726181898
 10
6369892.965646682
 20
6169958.726280785
 10
6369889.63069271
 20
6169958.719929367
 10
6369887.482078935
 20
6169958.715777935
 10
6369884.65026396
 20
6169958.710721323
 10
6369874.612383742
 20
6169958.692188543
  0
LWPOLYLINE
  5
57
330
17
100
AcDbEntity
  8
parcelas
100
AcDbPolyline
 90
19
 70
0
 10
6369873.934383193
 20
6169948.40013029
 10
6369873.973685843
 20
6169949.000888557
 10
6369874.573066569
 20
6169958.09243038
 10
6369874.612383742
 20
6169958.692188543
 10
6369884.65026396
 20
6169958.710721323
 10
6369887.482078935
 20
6169958.715777935
 10
6369889.63069271
 20
6169958.719929367
 10
6369889.44955341
 20
6169956.173504534
 10
6369889.402989615
 20
6169955.521624992
 10
6369889.355686787
 20
6169954.851729085
 10
6369889.114636281
 20
6169951.470173717
 10
6369889.072318815
 20
6169950.870372071
 10
6369888.905222547
 20
6169948.528214893
 10
6369885.945655413
 20
6169948.503299825
 10
6369884.5753976675
 20
6169948.4914303655
 10
6369881.104748619
 20
6169948.461104031
 10
6369877.324023945
 20
6169948.42928181
 10
6369874.937574005
 20
6169948.408677044
 10
6369873.934383193
 20
6169948.40013029
  0
LWPOLYLINE
  5
58
330
17
100
AcDbEntity
  8
parcelas
100
AcDbPolyline
 90
18
 70
0
 10
6369872.80798197
 20
6169931.297434525
 10
6369872.847299091
 20
6169931.897192693
 10
6369873.3146269135
 20
6169938.989192822
 10
6369873.353915041
 20
6169939.590951194
 10
6369877.1205361225
 20
6169939.698592839
 10
6369880.540179278
 20
6169939.797201215
 10
6369881.220104587
 20
6169939.817064898
 10
6369884.189802671
 20
6169939.902145796
 10
6369885.109709289
 20
6169939.928490721
 10
6369888.299386578
 20
6169940.019762785
 10
6369888.070828612
 20
6169936.811442842
 10
6369887.917108902
 20
6169934.650536431
 10
6369887.669319634
 20
6169931.181856001
 10
6369883.905712166
 20
6169931.211300947
 10
6369881.8058133405
 20
6169931.227862081
 10
6369878.264315791
 20
6169931.254526277
 10
6369877.153838349
 20
6169931.263429511
 10
6369872.80798197
 20
6169931.297434525
  0
LWPOLYLINE
  5
59
330
17
100
AcDbEntity
  8
parcelas
100
AcDbPolyline
 90
17
 70
0
 10
6369871.078883572
 20
6169905.056133753
 10
6369871.505951599
 20
6169911.544360871
 10
6369871.552659672
 20
6169912.255261069
 10
6369875.561220126
 20
6169912.234370351
 10
6369877.03679336
 20
6169912.2267607255
 10
6369882.833046249
 20
6169912.196785005
 10
6369883.002107243
 20
6169912.196235869
 10
6369886.316392707
 20
6169912.179280835
 10
6369886.244873291
 20
6169911.178930168
 10
6369886.111979199
 20
6169909.306416116
 10
6369886.033764322
 20
6169908.2159401085
 10
6369885.701442137
 20
6169903.5406555915
 10
6369885.339120964
 20
6169898.450806101
 10
6369881.22046291
 20
6169898.40708017
 10
6369875.059477479
 20
6169898.34173784
 10
6369870.9248035
 20
6169902.7131648585
 10
6369871.078883572
 20
6169905.056133753
  0
LWPOLYLINE
  5
5A
330
17
100
AcDbEntity
  8
parcelas
100
AcDbPolyline
 90
21
 70
0
 10
6369871.552659672
 20
6169912.255261069
 10
6369871.88228293
 20
6169917.254608328
 10
6369872.478343976
 20
6169926.299087398
 10
6369872.80798197
 20
6169931.297434525
 10
6369877.153838349
 20
6169931.263429511
 10
6369878.264315791
 20
6169931.254526277
 10
6369881.8058133405
 20
6169931.227862081
 10
6369883.905712166
 20
6169931.211300947
 10
6369887.669319634
 20
6169931.181856001
 10
6369887.391748868
 20
6169927.283609055
 10
6369887.1340615135
 20
6169923.669739568
 10
6369887.105903088
 20
6169923.266204754
 10
6369886.847447743
 20
6169919.636319101
 10
6369886.552428425
 20
6169915.492742209
 10
6369886.437765549
 20
6169913.880574143
 10
6369886.316392707
 20
6169912.179280835
 10
6369883.002107243
 20
6169912.196235869
 10
6369882.833046249
 20
6169912.196785005
 10
6369877.03679336
 20
6169912.2267607255
 10
6369875.561220126
 20
6169912.234370351
 10
6369871.552659672
 20
6169912.255261069
  0
LWPOLYLINE
  5
5B
330
17
100
AcDbEntity
  8
parcelas
100
AcDbPolyline
 90
62
 70
0
 10
6369885.339120964
 20
6169898.450806101
 10
6369885.701442137
 20
6169903.5406555915
 10
6369886.033764322
 20
6169908.2159401085
 10
6369886.111979199
 20
6169909.306416116
 10
6369886.244873291
 20
6169911.178930168
 10
6369886.316392707
 20
6169912.179280835
 10
6369886.437765549
 20
6169913.880574143
 10
6369886.552428425
 20
6169915.492742209
 10
6369886.847447743
 20
6169919.636319101
 10
6369887.105903088
 20
6169923.266204754
 10
6369887.1340615135
 20
6169923.669739568
 10
6369887.391748868
 20
6169927.283609055
 10
6369887.669319634
 20
6169931.181856001
 10
6369887.917108902
 20
6169934.650536431
 10
6369888.070828612
 20
6169936.811442842
 10
6369888.299386578
 20
6169940.019762785
 10
6369888.488887841
 20
6169942.679344363
 10
6369888.704982494
 20
6169945.712428636
 10
6369888.817167367
 20
6169947.288549448
 10
6369888.905222547
 20
6169948.528214893
 10
6369889.072318815
 20
6169950.870372071
 10
6369889.114636281
 20
6169951.470173717
 10
6369889.355686787
 20
6169954.851729085
 10
6369889.402989615
 20
6169955.521624992
 10
6369889.44955341
 20
6169956.173504534
 10
6369889.63069271
 20
6169958.719929367
 10
6369892.965646682
 20
6169958.726280785
 10
6369893.234732515
 20
6169958.726181898
 10
6369896.53468283
 20
6169958.732025687
 10
6369898.532251918
 20
6169958.735987245
 10
6369899.38950007
 20
6169958.737415885
 10
6369900.418795014
 20
6169958.739338981
 10
6369900.813908373
 20
6169958.740067477
 10
6369902.334355598
 20
6169958.7421112275
 10
6369903.4216565285
 20
6169958.744875546
 10
6369905.203174234
 20
6169958.747704481
 10
6369904.730294275
 20
6169953.211112436
 10
6369904.575382489
 20
6169951.408301174
 10
6369904.232457993
 20
6169947.395070919
 10
6369904.189675749
 20
6169946.896294247
 10
6369904.00502529
 20
6169944.729937817
 10
6369903.976721132
 20
6169944.405425697
 10
6369903.93392439
 20
6169943.907649128
 10
6369903.3378864145
 20
6169936.930819823
 10
6369903.162612724
 20
6169934.876634506
 10
6369902.599806424
 20
6169928.29841196
 10
6369902.161955629
 20
6169923.174457071
 10
6369901.961740143
 20
6169920.839822176
 10
6369901.85061085
 20
6169919.535802064
 10
6369901.507657766
 20
6169915.524571945
 10
6369901.4888173565
 20
6169915.306230319
 10
6369901.464861069
 20
6169915.026795367
 10
6369901.3605288
 20
6169913.805899862
 10
6369900.676332961
 20
6169905.803470666
 10
6369900.146961775
 20
6169899.609853369
 10
6369900.061455461
 20
6169898.608299582
 10
6369899.056293535
 20
6169898.5977234505
 10
6369895.5397414295
 20
6169898.559728636
 10
6369891.566113012
 20
6169898.517105691
 10
6369889.854834529
 20
6169898.499290024
 10
6369886.342282729
 20
6169898.461353227
 10
6369885.339120964
 20
6169898.450806101
  0
LWPOLYLINE
  5
5C
330
17
100
AcDbEntity
  8
parcelas
100
AcDbPolyline
 90
46
 70
0
 10
6369912.000371091
 20
6169898.734429279
 10
6369902.472835263
 20
6169898.63426786
 10
6369900.061455461
 20
6169898.608299582
 10
6369900.146961775
 20
6169899.609853369
 10
6369900.676332961
 20
6169905.803470666
 10
6369901.3605288
 20
6169913.805899862
 10
6369901.464861069
 20
6169915.026795367
 10
6369901.4888173565
 20
6169915.306230319
 10
6369901.507657766
 20
6169915.524571945
 10
6369901.85061085
 20
6169919.535802064
 10
6369901.961740143
 20
6169920.839822176
 10
6369902.161955629
 20
6169923.174457071
 10
6369902.599806424
 20
6169928.29841196
 10
6369903.162612724
 20
6169934.876634506
 10
6369903.3378864145
 20
6169936.930819823
 10
6369903.93392439
 20
6169943.907649128
 10
6369903.976721132
 20
6169944.405425697
 10
6369904.00502529
 20
6169944.729937817
 10
6369904.189675749
 20
6169946.896294247
 10
6369904.232457993
 20
6169947.395070919
 10
6369904.575382489
 20
6169951.408301174
 10
6369904.730294275
 20
6169953.211112436
 10
6369905.203174234
 20
6169958.747704481
 10
6369909.346371095
 20
6169958.754773853
 10
6369910.355649435
 20
6169958.757406973
 10
6369914.442825932
 20
6169958.764664236
 10
6369915.546142974
 20
6169958.7666605115
 10
6369919.949410069
 20
6169958.774500569
 10
6369919.883541053
 20
6169958.005304427
 10
6369919.472182285
 20
6169953.192831625
 10
6369919.387530864
 20
6169952.201293455
 10
6369918.636335833
 20
6169943.428571963
 10
6369918.480770703
 20
6169941.611826929
 10
6369918.456770882
 20
6169941.335392303
 10
6369917.859732891
 20
6169934.358548825
 10
6369917.832414347
 20
6169934.035051325
 10
6369917.405548775
 20
6169929.0502996165
 10
6369917.377360668
 20
6169928.717786682
 10
6369917.30886852
 20
6169927.922544327
 10
6369917.00008889
 20
6169924.313936118
 10
6369916.249936874
 20
6169915.548311815
 10
6369916.231951531
 20
6169915.3399857385
 10
6369915.304758157
 20
6169904.504145473
 10
6369915.086644508
 20
6169901.955183971
 10
6369914.813821348
 20
6169898.764227965
 10
6369912.000371091
 20
6169898.734429279
  0
LWPOLYLINE
  5
5D
330
17
100
AcDbEntity
  8
parcelas
100
AcDbPolyline
 90
16
 70
0
 10
6369922.542054895
 20
6169898.846297464
 10
6369924.423057245
 20
6169917.096290453
 10
6369925.229832923
 20
6169924.923441186
 10
6369926.141769195
 20
6169933.776438122
 10
6369933.878067299
 20
6169933.2334276745
 10
6369933.438890601
 20
6169928.821677389
 10
6369933.046902692
 20
6169924.880758845
 10
6369932.922901918
 20
6169923.636571012
 10
6369932.35197102
 20
6169917.894493453
 10
6369932.234129767
 20
6169916.708413137
 10
6369931.661474367
 20
6169910.947304579
 10
6369931.037195521
 20
6169904.676287693
 10
6369931.022354861
 20
6169904.527025735
 10
6369931.007514202
 20
6169904.377763777
 10
6369930.466308489
 20
6169898.931209749
 10
6369922.542054895
 20
6169898.846297464
  0
LWPOLYLINE
  5
5E
330
17
100
AcDbEntity
  8
parcelas
100
AcDbPolyline
 90
31
 70
0
 10
6369957.581300398
 20
6169919.727840815
 10
6369957.721808429
 20
6169921.1443218645
 10
6369957.845809183
 20
6169922.388509592
 10
6369958.025607314
 20
6169924.199683974
 10
6369958.0754192425
 20
6169924.696561884
 10
6369961.064208896
 20
6169924.430809747
 10
6369962.367301174
 20
6169924.314665441
 10
6369963.410975117
 20
6169924.221767403
 10
6369967.198050771
 20
6169923.8845663555
 10
6369968.089476953
 20
6169923.805465372
 10
6369967.755066493
 20
6169920.722650956
 10
6369970.595362153
 20
6169920.487755687
 10
6369971.897323754
 20
6169920.380597827
 10
6369975.750145042
 20
6169920.062355951
 10
6369976.846809903
 20
6169919.971226744
 10
6369975.929467563
 20
6169911.146161617
 10
6369973.8172200415
 20
6169911.186551034
 10
6369971.277725405
 20
6169911.234748698
 10
6369970.164059441
 20
6169911.256609688
 10
6369969.164477751
 20
6169911.275123614
 10
6369968.163881449
 20
6169911.29462314
 10
6369967.404440546
 20
6169911.308617198
 10
6369964.8269129265
 20
6169911.358263916
 10
6369965.156904282
 20
6169914.262958484
 10
6369965.204456256
 20
6169914.639765986
 10
6369965.257428694
 20
6169915.056664636
 10
6369965.310401129
 20
6169915.473563288
 10
6369965.363388072
 20
6169915.889461837
 10
6369965.487861166
 20
6169919.239316325
 10
6369961.9625963
 20
6169919.457275652
 10
6369957.581300398
 20
6169919.727840815
  0
LWPOLYLINE
  5
5F
330
17
100
AcDbEntity
  8
parcelas
100
AcDbPolyline
 90
10
 70
0
 10
6369978.8411179185
 20
6169939.151747744
 10
6369918.636335833
 20
6169943.428571963
 10
6369919.387530864
 20
6169952.201293455
 10
6369919.472182285
 20
6169953.192831625
 10
6369948.915918516
 20
6169950.605890097
 10
6369962.322199261
 20
6169949.427882588
 10
6369975.177595971
 20
6169948.298903937
 10
6369979.7508547
 20
6169947.897080293
 10
6369979.63667951
 20
6169946.803082183
 10
6369978.8411179185
 20
6169939.151747744
  0
LWPOLYLINE
  5
60
330
17
100
AcDbEntity
  8
parcelas
100
AcDbPolyline
 90
26
 70
0
 10
6369980.973998849
 20
6169959.639492809
 10
6369979.7508547
 20
6169947.897080293
 10
6369975.177595971
 20
6169948.298903937
 10
6369962.322199261
 20
6169949.427882588
 10
6369948.915918516
 20
6169950.605890097
 10
6369919.472182285
 20
6169953.192831625
 10
6369919.883541053
 20
6169958.005304427
 10
6369919.949410069
 20
6169958.774500569
 10
6369920.106858077
 20
6169960.609358556
 10
6369920.766243921
 20
6169968.322336646
 10
6369922.775279427
 20
6169968.156411112
 10
6369927.26306602
 20
6169967.78535758
 10
6369931.81794649
 20
6169967.409275193
 10
6369932.74334727
 20
6169967.332667408
 10
6369942.381902192
 20
6169966.537155413
 10
6369947.103031635
 20
6169966.147479046
 10
6369948.127587625
 20
6169966.062306113
 10
6369949.573767224
 20
6169965.943235151
 10
6369954.658456161
 20
6169965.522819963
 10
6369957.512767857
 20
6169965.287127217
 10
6369958.774667356
 20
6169965.183389416
 10
6369967.499851028
 20
6169964.462659172
 10
6369968.61553237
 20
6169964.370805268
 10
6369970.521411896
 20
6169964.213386927
 10
6369981.356785805
 20
6169963.3181951195
 10
6369980.973998849
 20
6169959.639492809
  0
LWPOLYLINE
  5
61
330
17
100
AcDbEntity
  8
parcelas
100
AcDbPolyline
 90
38
 70
0
 10
6369920.766243921
 20
6169968.322336646
 10
6369920.844083881
 20
6169969.231750303
 10
6369921.14167567
 20
6169972.715156955
 10
6369921.236718479
 20
6169973.817880626
 10
6369921.348775582
 20
6169975.126915654
 10
6369921.639497906
 20
6169978.532198209
 10
6369921.684874405
 20
6169979.059021248
 10
6369922.018437087
 20
6169982.959080021
 10
6369932.997117524
 20
6169982.04595937
 10
6369939.121407792
 20
6169981.537588148
 10
6369942.084919427
 20
6169981.290474804
 10
6369942.443464023
 20
6169981.260663531
 10
6369944.978307775
 20
6169981.0503470255
 10
6369947.5662440015
 20
6169980.834798602
 10
6369967.969223444
 20
6169979.1390636265
 10
6369968.934700755
 20
6169979.058035447
 10
6369975.799125302
 20
6169978.487375094
 10
6369978.339983899
 20
6169978.276145553
 10
6369980.003504811
 20
6169978.138219592
 10
6369982.881586019
 20
6169977.987898105
 10
6369982.486581407
 20
6169974.185980092
 10
6369981.730790094
 20
6169966.912743723
 10
6369981.356785805
 20
6169963.3181951195
 10
6369970.521411896
 20
6169964.213386927
 10
6369968.61553237
 20
6169964.370805268
 10
6369967.499851028
 20
6169964.462659172
 10
6369958.774667356
 20
6169965.183389416
 10
6369957.512767857
 20
6169965.287127217
 10
6369954.658456161
 20
6169965.522819963
 10
6369949.573767224
 20
6169965.943235151
 10
6369948.127587625
 20
6169966.062306113
 10
6369947.103031635
 20
6169966.147479046
 10
6369942.381902192
 20
6169966.537155413
 10
6369932.74334727
 20
6169967.332667408
 10
6369931.81794649
 20
6169967.409275193
 10
6369927.26306602
 20
6169967.78535758
 10
6369922.775279427
 20
6169968.156411112
 10
6369920.766243921
 20
6169968.322336646
  0
LWPOLYLINE
  5
62
330
17
100
AcDbEntity
  8
parcelas
100
AcDbPolyline
 90
29
 70
0
 10
6369987.09379799
 20
6170018.484654694
 10
6369986.664488034
 20
6170014.358137747
 10
6369986.302889228
 20
6170010.873803657
 10
6369986.199293693
 20
6170009.877989739
 10
6369984.214725223
 20
6170010.012260304
 10
6369977.959640608
 20
6170010.434708879
 10
6369974.480148641
 20
6170010.669338082
 10
6369973.68112359
 20
6170010.7227708725
 10
6369965.771910317
 20
6170011.256273376
 10
6369964.168830643
 20
6170011.365066648
 10
6369954.973947214
 20
6170011.98595744
 10
6369955.3584491145
 20
6170016.788036967
 10
6369955.672676703
 20
6170020.710822064
 10
6369961.106966468
 20
6170020.325485331
 10
6369964.779884596
 20
6170020.065652317
 10
6369965.054246453
 20
6170020.046623939
 10
6369965.552921492
 20
6170020.010842306
 10
6369970.311300237
 20
6170019.673721632
 10
6369970.594677517
 20
6170019.653823682
 10
6369971.108368599
 20
6170019.6172595015
 10
6369975.433165959
 20
6170019.310862591
 10
6369976.431501605
 20
6170019.240313937
 10
6369979.056020745
 20
6170019.0543048335
 10
6369980.268654014
 20
6170018.967857997
 10
6369980.667188184
 20
6170018.939626933
 10
6369981.465256624
 20
6170018.88317931
 10
6369983.94858714
 20
6170018.707126441
 10
6369986.4949966455
 20
6170018.526986784
 10
6369987.09379799
 20
6170018.484654694
  0
LWPOLYLINE
  5
63
330
17
100
AcDbEntity
  8
parcelas
100
AcDbPolyline
 90
21
 70
0
 10
6369918.636335833
 20
6169943.428571963
 10
6369978.8411179185
 20
6169939.151747744
 10
6369978.006473856
 20
6169931.124534565
 10
6369977.903733642
 20
6169930.138736131
 10
6369976.806271738
 20
6169930.21584943
 10
6369973.0432573715
 20
6169930.480376605
 10
6369968.81461483
 20
6169930.778163594
 10
6369967.921420507
 20
6169930.841233943
 10
6369967.38671274
 20
6169930.878493492
 10
6369964.127373824
 20
6169931.10731172
 10
6369958.751206015
 20
6169931.48548725
 10
6369950.066635969
 20
6169932.095770762
 10
6369943.98152458
 20
6169932.52368375
 10
6369933.878067299
 20
6169933.2334276745
 10
6369926.141769195
 20
6169933.776438122
 10
6369922.849382914
 20
6169934.007778096
 10
6369922.305659633
 20
6169934.045907222
 10
6369917.859732891
 20
6169934.358548825
 10
6369918.456770882
 20
6169941.335392303
 10
6369918.480770703
 20
6169941.611826929
 10
6369918.636335833
 20
6169943.428571963
  0
LWPOLYLINE
  5
64
330
17
100
AcDbEntity
  8
parcelas
100
AcDbPolyline
 90
22
 70
0
 10
6369965.558646181
 20
6170037.136292524
 10
6369965.950780041
 20
6170044.240203893
 10
6369965.993530866
 20
6170045.017067144
 10
6369967.932978766
 20
6170044.890144509
 10
6369969.093432668
 20
6170044.814944618
 10
6369971.83489141
 20
6170044.635632722
 10
6369973.986607701
 20
6170044.494783088
 10
6369978.337088597
 20
6170044.210765183
 10
6369981.233737283
 20
6170044.0217001075
 10
6369989.695398599
 20
6170043.469199947
 10
6369989.250160456
 20
6170039.199407262
 10
6369988.99117139
 20
6170036.709872522
 10
6369988.887561267
 20
6170035.715058729
 10
6369986.69394227
 20
6170035.848298419
 10
6369983.06959501
 20
6170036.069823752
 10
6369982.07240453
 20
6170036.130385934
 10
6369977.476912914
 20
6170036.409850241
 10
6369969.38723225
 20
6170036.902724344
 10
6369968.390027222
 20
6170036.964286635
 10
6369967.989550846
 20
6170036.988488301
 10
6369967.290724647
 20
6170037.030370177
 10
6369965.558646181
 20
6170037.136292524
  0
LWPOLYLINE
  5
65
330
17
100
AcDbEntity
  8
lfi
100
AcDbPolyline
 90
5
 70
0
 10
6369905.924358428
 20
6170026.398582284
 10
6369960.799306876
 20
6170022.315661763
 10
6369952.3824302675
 20
6169940.995402239
 10
6369900.29073958
 20
6169940.412174387
 10
6369905.924358428
 20
6170026.398582284
  0
LWPOLYLINE
  5
66
330
17
100
AcDbEntity
  8
lib
100
AcDbPolyline
 90
5
 70
0
 10
6369913.899308548
 20
6170011.775873246
 10
6369950.482607514
 20
6170009.053926231
 10
6369944.871356441
 20
6169954.840419882
 10
6369910.143562649
 20
6169954.451601314
 10
6369913.899308548
 20
6170011.775873246
  0
LWPOLYLINE
  5
67
330
17
100
AcDbEntity
  8
Tronera SI
100
AcDbPolyline
 90
7
 70
0
 10
6369905.924358428
 20
6170026.398582284
 10
6369905.335961979
 20
6170017.417836791
 10
6369896.355216485
 20
6170018.0062332405
 10
6369897.537235833
 20
6170036.047495971
 10
6369915.567340442
 20
6170034.705982472
 10
6369914.899549529
 20
6170025.730791371
 10
6369905.924358428
 20
6170026.398582284
  0
LWPOLYLINE
  5
68
330
17
100
AcDbEntity
  8
Tronera SI
100
AcDbPolyline
 90
7
 70
0
 10
6369952.3824302675
 20
6169940.995402239
 10
6369953.30900579
 20
6169949.947578388
 10
6369962.261181939
 20
6169949.021002865
 10
6369960.50834239
 20
6169932.085817322
 10
6369943.483753598
 20
6169931.895206992
 10
6369943.382994309
 20
6169940.89464295
 10
6369952.3824302675
 20
6169940.995402239
  0
LWPOLYLINE
  5
69
330
17
100
AcDbEntity
  8
Tronera SI
100
AcDbPolyline
 90
7
 70
0
 10
6369900.29073958
 20
6169940.412174387
 10
6369909.2901755385
 20
6169940.512933676
 10
6369909.390934828
 20
6169931.513497718
 10
6369890.674695066
 20
6169931.303947362
 10
6369891.898390536
 20
6169949.98131633
 10
6369900.87913603
 20
6169949.39291988
 10
6369900.29073958
 20
6169940.412174387
  0
LWPOLYLINE
  5
6A
330
17
100
AcDbEntity
  8
Irregular
100
AcDbPolyline
 90
7
 70
0
 10
6369960.799306876
 20
6170022.315661763
 10
6369951.8241157755
 20
6170022.983452676
 10
6369952.491906689
 20
6170031.958643776
 10
6369970.705200905
 20
6170030.603500221
 10
6369968.824907502
 20
6170012.436910091
 10
6369959.872731353
 20
6170013.363485614
 10
6369960.799306876
 20
6170022.315661763
  0
LWPOLYLINE
  5
6B
330
17
100
AcDbEntity
  8
banda_minima
  6
DASHED
 62
1
 48
5.0
100
AcDbPolyline
 90
5
 70
0
 10
6369972.902488171
 20
6170036.688552897
 10
6369988.887561267
 20
6170035.715058729
 10
6369987.992041878
 20
6170027.109379472
 10
6369972.024576455
 20
6170028.252323191
 10
6369972.902488171
 20
6170036.688552897
  0
LWPOLYLINE
  5
6C
330
17
100
AcDbEntity
  8
banda_minima
  6
DASHED
 62
1
 48
5.0
100
AcDbPolyline
 90
5
 70
0
 10
6369873.934383193
 20
6169948.40013029
 10
6369874.612383742
 20
6169958.692188543
 10
6369889.63069271
 20
6169958.719929367
 10
6369888.905222547
 20
6169948.528214893
 10
6369873.934383193
 20
6169948.40013029
  0
LWPOLYLINE
  5
6D
330
17
100
AcDbEntity
  8
banda_minima
  6
DASHED
 62
1
 48
5.0
100
AcDbPolyline
 90
10
 70
0
 10
6369961.222695291
 20
6169924.416683893
 10
6369968.089476953
 20
6169923.805465372
 10
6369967.755066493
 20
6169920.722650956
 10
6369976.846809903
 20
6169919.971226744
 10
6369975.929467563
 20
6169911.146161617
 10
6369964.8269129265
 20
6169911.358263916
 10
6369965.363388072
 20
6169915.889461837
 10
6369965.487861166
 20
6169919.239316325
 10
6369960.715185247
 20
6169919.534309019
 10
6369961.222695291
 20
6169924.416683893
  0
LWPOLYLINE
  5
6E
330
17
100
AcDbEntity
  8
banda_minima
  6
DASHED
 62
1
 48
5.0
100
AcDbPolyline
 90
5
 70
0
 10
6369982.656941616
 20
6170062.869238866
 10
6369981.452590888
 20
6170046.914612596
 10
6369974.205065524
 20
6170047.450624743
 10
6369975.385867001
 20
6170063.40699542
 10
6369982.656941616
 20
6170062.869238866
  0
LWPOLYLINE
  5
6F
330
17
100
AcDbEntity
  8
banda_minima
  6
DASHED
 62
1
 48
5.0
100
AcDbPolyline
 90
5
 70
0
 10
6369919.159361564
 20
6170051.5233962955
 10
6369920.787186292
 20
6170067.446721198
 10
6369929.464205681
 20
6170066.805314511
 10
6369927.924221112
 20
6170050.87549645
 10
6369919.159361564
 20
6170051.5233962955
  0
LWPOLYLINE
  5
70
330
17
100
AcDbEntity
  8
banda_minima
  6
DASHED
 62
1
 48
5.0
100
AcDbPolyline
 90
5
 70
0
 10
6369893.943105673
 20
6170008.735022287
 10
6369893.385332041
 20
6170000.263421078
 10
6369877.348040561
 20
6170000.2298798775
 10
6369877.929322026
 20
6170009.052074586
 10
6369893.943105673
 20
6170008.735022287
  0
LWPOLYLINE
  5
71
330
17
100
AcDbEntity
  8
banda_minima
  6
DASHED
 62
1
 48
5.0
100
AcDbPolyline
 90
5
 70
0
 10
6369979.7508547
 20
6169947.897080293
 10
6369963.810130758
 20
6169949.2972103935
 10
6369965.407471347
 20
6169964.635496945
 10
6369981.356785805
 20
6169963.3181951195
 10
6369979.7508547
 20
6169947.897080293
  0
LWPOLYLINE
  5
72
330
17
100
AcDbEntity
  8
banda_minima
  6
DASHED
 62
1
 48
5.0
100
AcDbPolyline
 90
5
 70
0
 10
6369969.324103552
 20
6170002.290665553
 10
6369985.300354765
 20
6170001.232248193
 10
6369983.72619037
 20
6169986.103686013
 10
6369967.776257016
 20
6169987.415032086
 10
6369969.324103552
 20
6170002.290665553
  0
LWPOLYLINE
  5
73
330
17
100
AcDbEntity
  8
banda_minima
  6
DASHED
 62
1
 48
5.0
100
AcDbPolyline
 90
5
 70
0
 10
6369885.339120964
 20
6169898.450806101
 10
6369886.47924411
 20
6169914.463765611
 10
6369901.430404861
 20
6169914.623589065
 10
6369900.061455461
 20
6169898.608299582
 10
6369885.339120964
 20
6169898.450806101
  0
LWPOLYLINE
  5
74
330
17
100
AcDbEntity
  8
banda_minima
  6
DASHED
 62
1
 48
5.0
100
AcDbPolyline
 90
7
 70
0
 10
6369968.089476953
 20
6169923.805465372
 10
6369961.2231232375
 20
6169924.4166457495
 10
6369961.93428494
 20
6169931.261580072
 10
6369977.903733642
 20
6169930.138736131
 10
6369976.846809903
 20
6169919.971226744
 10
6369967.755066493
 20
6169920.722650956
 10
6369968.089476953
 20
6169923.805465372
  0
LWPOLYLINE
  5
75
330
17
100
AcDbEntity
  8
banda_minima
  6
DASHED
 62
1
 48
5.0
100
AcDbPolyline
 90
5
 70
0
 10
6369891.333529275
 20
6169969.108149323
 10
6369875.29455844
 20
6169969.041325169
 10
6369876.660169409
 20
6169989.790632556
 10
6369892.69330265
 20
6169989.768645229
 10
6369891.333529275
 20
6169969.108149323
  0
LWPOLYLINE
  5
76
330
17
100
AcDbEntity
  8
banda_minima
  6
DASHED
 62
1
 48
5.0
100
AcDbPolyline
 90
5
 70
0
 10
6369987.09379799
 20
6170018.484654694
 10
6369986.199293693
 20
6170009.877989739
 10
6369970.225082358
 20
6170010.955892244
 10
6369971.125150696
 20
6170019.616070548
 10
6369987.09379799
 20
6170018.484654694
  0
LWPOLYLINE
  5
77
330
17
100
AcDbEntity
  8
banda_minima
  6
DASHED
 62
1
 48
5.0
100
AcDbPolyline
 90
5
 70
0
 10
6369978.8411179185
 20
6169939.151747744
 10
6369977.903733642
 20
6169930.138736131
 10
6369961.934097863
 20
6169931.261593232
 10
6369962.872807726
 20
6169940.286103743
 10
6369978.8411179185
 20
6169939.151747744
  0
LWPOLYLINE
  5
78
330
17
100
AcDbEntity
  8
banda_minima
  6
DASHED
 62
1
 48
5.0
100
AcDbPolyline
 90
6
 70
0
 10
6369870.9248035
 20
6169902.7131648585
 10
6369871.552659672
 20
6169912.255261069
 10
6369886.316392707
 20
6169912.179280835
 10
6369885.339120964
 20
6169898.450806101
 10
6369875.059477479
 20
6169898.34173784
 10
6369870.9248035
 20
6169902.7131648585
  0
LWPOLYLINE
  5
79
330
17
100
AcDbEntity
  8
banda_minima
  6
DASHED
 62
1
 48
5.0
100
AcDbPolyline
 90
5
 70
0
 10
6369914.813821348
 20
6169898.764227965
 10
6369900.061455461
 20
6169898.608299582
 10
6369901.430437413
 20
6169914.623969975
 10
6369916.184004072
 20
6169914.779637684
 10
6369914.813821348
 20
6169898.764227965
  0
LWPOLYLINE
  5
7A
330
17
100
AcDbEntity
  8
banda_minima
  6
DASHED
 62
1
 48
5.0
100
AcDbPolyline
 90
5
 70
0
 10
6369927.924223937
 20
6170050.875525664
 10
6369929.464205681
 20
6170066.805314511
 10
6369951.507760619
 20
6170065.1743780635
 10
6369950.195001015
 20
6170049.2277668845
 10
6369927.924223937
 20
6170050.875525664
  0
LWPOLYLINE
  5
7B
330
17
100
AcDbEntity
  8
banda_minima
  6
DASHED
 62
1
 48
5.0
100
AcDbPolyline
 90
6
 70
0
 10
6369879.245908742
 20
6170029.043433081
 10
6369879.956649875
 20
6170039.837122942
 10
6369888.508066776
 20
6170038.8207784165
 10
6369895.862414543
 20
6170037.8770453045
 10
6369895.164023331
 20
6170027.291531384
 10
6369879.245908742
 20
6170029.043433081
  0
LWPOLYLINE
  5
7C
330
17
100
AcDbEntity
  8
banda_minima
  6
DASHED
 62
1
 48
5.0
100
AcDbPolyline
 90
5
 70
0
 10
6369871.552659672
 20
6169912.255261069
 10
6369872.80798197
 20
6169931.297434525
 10
6369887.669319634
 20
6169931.181856001
 10
6369886.316392707
 20
6169912.179280835
 10
6369871.552659672
 20
6169912.255261069
  0
LWPOLYLINE
  5
7D
330
17
100
AcDbEntity
  8
banda_minima
  6
DASHED
 62
1
 48
5.0
100
AcDbPolyline
 90
11
 70
0
 10
6369955.539303726
 20
6169899.197801078
 10
6369957.13236015
 20
6169915.215261047
 10
6369960.269863335
 20
6169915.2484801635
 10
6369960.715673843
 20
6169919.534278846
 10
6369965.487861166
 20
6169919.239316325
 10
6369965.363388072
 20
6169915.889461837
 10
6369964.8269129265
 20
6169911.358263916
 10
6369975.929467563
 20
6169911.146161617
 10
6369975.153402128
 20
6169903.684571947
 10
6369970.704724017
 20
6169899.3587194625
 10
6369955.539303726
 20
6169899.197801078
  0
LWPOLYLINE
  5
7E
330
17
100
AcDbEntity
  8
banda_minima
  6
DASHED
 62
1
 48
5.0
100
AcDbPolyline
 90
5
 70
0
 10
6369893.943102114
 20
6170008.735022357
 10
6369877.929322026
 20
6170009.052074586
 10
6369879.245908742
 20
6170029.043433081
 10
6369895.1651844
 20
6170027.291403636
 10
6369893.943102114
 20
6170008.735022357
  0
LWPOLYLINE
  5
7F
330
17
100
AcDbEntity
  8
banda_minima
  6
DASHED
 62
1
 48
5.0
100
AcDbPolyline
 90
5
 70
0
 10
6369873.353915041
 20
6169939.590951194
 10
6369873.934383193
 20
6169948.40013029
 10
6369888.905222547
 20
6169948.528214893
 10
6369888.299386578
 20
6169940.019762785
 10
6369873.353915041
 20
6169939.590951194
  0
LWPOLYLINE
  5
80
330
17
100
AcDbEntity
  8
banda_minima
  6
DASHED
 62
1
 48
5.0
100
AcDbPolyline
 90
6
 70
0
 10
6369967.776730167
 20
6169987.414993154
 10
6369983.72619037
 20
6169986.103686013
 10
6369982.881586019
 20
6169977.987898105
 10
6369980.003504811
 20
6169978.138219592
 10
6369966.923991619
 20
6169979.225935064
 10
6369967.776730167
 20
6169987.414993154
  0
LWPOLYLINE
  5
81
330
17
100
AcDbEntity
  8
banda_minima
  6
DASHED
 62
1
 48
5.0
100
AcDbPolyline
 90
5
 70
0
 10
6369899.48551559
 20
6170052.978537666
 10
6369900.569167191
 20
6170068.942081036
 10
6369912.361511675
 20
6170068.069766018
 10
6369910.8113948535
 20
6170052.140638604
 10
6369899.48551559
 20
6170052.978537666
  0
LWPOLYLINE
  5
82
330
17
100
AcDbEntity
  8
banda_minima
  6
DASHED
 62
1
 48
5.0
100
AcDbPolyline
 90
5
 70
0
 10
6369966.918117043
 20
6170064.034431384
 10
6369965.810947633
 20
6170048.072618809
 10
6369957.908886158
 20
6170048.657225775
 10
6369959.185399832
 20
6170064.606506122
 10
6369966.918117043
 20
6170064.034431384
  0
LWPOLYLINE
  5
83
330
17
100
AcDbEntity
  8
banda_minima
  6
DASHED
 62
1
 48
5.0
100
AcDbPolyline
 90
6
 70
0
 10
6369991.19330395
 20
6170057.855423338
 10
6369989.695398599
 20
6170043.469199947
 10
6369981.233737283
 20
6170044.0217001075
 10
6369982.656941616
 20
6170062.869238866
 10
6369987.364459821
 20
6170062.5213768305
 10
6369991.19330395
 20
6170057.855423338
  0
LWPOLYLINE
  5
84
330
17
100
AcDbEntity
  8
banda_minima
  6
DASHED
 62
1
 48
5.0
100
AcDbPolyline
 90
5
 70
0
 10
6369874.612383742
 20
6169958.692188543
 10
6369875.29455844
 20
6169969.041325169
 10
6369891.333490848
 20
6169969.108149161
 10
6369890.649003248
 20
6169958.721868739
 10
6369874.612383742
 20
6169958.692188543
  0
LWPOLYLINE
  5
85
330
17
100
AcDbEntity
  8
banda_minima
  6
DASHED
 62
1
 48
5.0
100
AcDbPolyline
 90
5
 70
0
 10
6369924.193071588
 20
6169914.86490747
 10
6369932.059263373
 20
6169914.949197593
 10
6369930.466308489
 20
6169898.931209749
 10
6369922.542054895
 20
6169898.846297464
 10
6369924.193071588
 20
6169914.86490747
  0
LWPOLYLINE
  5
86
330
17
100
AcDbEntity
  8
banda_minima
  6
DASHED
 62
1
 48
5.0
100
AcDbPolyline
 90
5
 70
0
 10
6369966.918117043
 20
6170064.034431384
 10
6369975.385867001
 20
6170063.40699542
 10
6369974.2050656425
 20
6170047.450626332
 10
6369965.810947407
 20
6170048.072615551
 10
6369966.918117043
 20
6170064.034431384
  0
LWPOLYLINE
  5
87
330
17
100
AcDbEntity
  8
banda_minima
  6
DASHED
 62
1
 48
5.0
100
AcDbPolyline
 90
5
 70
0
 10
6369972.024815209
 20
6170028.252306131
 10
6369987.992041878
 20
6170027.109379472
 10
6369987.09379799
 20
6170018.484654694
 10
6369971.125067447
 20
6170019.616076446
 10
6369972.024815209
 20
6170028.252306131
  0
LWPOLYLINE
  5
88
330
17
100
AcDbEntity
  8
banda_minima
  6
DASHED
 62
1
 48
5.0
100
AcDbPolyline
 90
5
 70
0
 10
6369951.507760619
 20
6170065.1743780635
 10
6369959.185399832
 20
6170064.606506122
 10
6369957.90888543
 20
6170048.65721666
 10
6369950.195001228
 20
6170049.22776947
 10
6369951.507760619
 20
6170065.1743780635
  0
LWPOLYLINE
  5
89
330
17
100
AcDbEntity
  8
banda_minima
  6
DASHED
 62
1
 48
5.0
100
AcDbPolyline
 90
6
 70
0
 10
6369879.956649875
 20
6170039.837122942
 10
6369881.86117382
 20
6170068.743801295
 10
6369883.580613881
 20
6170070.199185249
 10
6369890.570313546
 20
6170069.681355378
 10
6369888.508066776
 20
6170038.8207784165
 10
6369879.956649875
 20
6170039.837122942
  0
LWPOLYLINE
  5
8A
330
17
100
AcDbEntity
  8
banda_minima
  6
DASHED
 62
1
 48
5.0
100
AcDbPolyline
 90
5
 70
0
 10
6369876.660169409
 20
6169989.790632556
 10
6369877.348040561
 20
6170000.2298798775
 10
6369893.384524625
 20
6170000.263419324
 10
6369892.6930339625
 20
6169989.768645598
 10
6369876.660169409
 20
6169989.790632556
  0
LWPOLYLINE
  5
8B
330
17
100
AcDbEntity
  8
banda_minima
  6
DASHED
 62
1
 48
5.0
100
AcDbPolyline
 90
5
 70
0
 10
6369914.813821348
 20
6169898.764227965
 10
6369916.1840077555
 20
6169914.77968073
 10
6369924.193053533
 20
6169914.864732297
 10
6369922.542054895
 20
6169898.846297464
 10
6369914.813821348
 20
6169898.764227965
  0
LWPOLYLINE
  5
8C
330
17
100
AcDbEntity
  8
banda_minima
  6
DASHED
 62
1
 48
5.0
100
AcDbPolyline
 90
5
 70
0
 10
6369962.872807711
 20
6169940.286103744
 10
6369963.810079574
 20
6169949.297214889
 10
6369979.7508547
 20
6169947.897080293
 10
6369978.8411179185
 20
6169939.151747744
 10
6369962.872807711
 20
6169940.286103744
  0
LWPOLYLINE
  5
8D
330
17
100
AcDbEntity
  8
banda_minima
  6
DASHED
 62
1
 48
5.0
100
AcDbPolyline
 90
5
 70
0
 10
6369973.717426891
 20
6170044.512403449
 10
6369989.695398599
 20
6170043.469199947
 10
6369988.887561267
 20
6170035.715058729
 10
6369972.902407292
 20
6170036.688557825
 10
6369973.717426891
 20
6170044.512403449
  0
LWPOLYLINE
  5
8E
330
17
100
AcDbEntity
  8
banda_minima
  6
DASHED
 62
1
 48
5.0
100
AcDbPolyline
 90
5
 70
0
 10
6369889.503831668
 20
6170053.716554156
 10
6369890.570313546
 20
6170069.681355378
 10
6369900.569167191
 20
6170068.942081036
 10
6369899.485516165
 20
6170052.978546158
 10
6369889.503831668
 20
6170053.716554156
  0
LWPOLYLINE
  5
8F
330
17
100
AcDbEntity
  8
banda_minima
  6
DASHED
 62
1
 48
5.0
100
AcDbPolyline
 90
5
 70
0
 10
6369872.80798197
 20
6169931.297434525
 10
6369873.353915041
 20
6169939.590951194
 10
6369888.299386578
 20
6169940.019762785
 10
6369887.669319634
 20
6169931.181856001
 10
6369872.80798197
 20
6169931.297434525
  0
LWPOLYLINE
  5
90
330
17
100
AcDbEntity
  8
banda_minima
  6
DASHED
 62
1
 48
5.0
100
AcDbPolyline
 90
5
 70
0
 10
6369970.224846022
 20
6170010.955908186
 10
6369986.199293693
 20
6170009.877989739
 10
6369985.300354765
 20
6170001.232248193
 10
6369969.32398843
 20
6170002.290673176
 10
6369970.224846022
 20
6170010.955908186
  0
LWPOLYLINE
  5
91
330
17
100
AcDbEntity
  8
banda_minima
  6
DASHED
 62
1
 48
5.0
100
AcDbPolyline
 90
6
 70
0
 10
6369966.924088965
 20
6169979.225926974
 10
6369980.003504811
 20
6169978.138219592
 10
6369982.881586019
 20
6169977.987898105
 10
6369981.356785805
 20
6169963.3181951195
 10
6369965.407473781
 20
6169964.635496744
 10
6369966.924088965
 20
6169979.225926974
  0
LWPOLYLINE
  5
92
330
17
100
AcDbEntity
  8
banda_minima
  6
DASHED
 62
1
 48
5.0
100
AcDbPolyline
 90
5
 70
0
 10
6369910.811342852
 20
6170052.14010447
 10
6369912.361511675
 20
6170068.069766018
 10
6369920.787186292
 20
6170067.446721198
 10
6369919.159370268
 20
6170051.523481525
 10
6369910.811342852
 20
6170052.14010447
  0
LWPOLYLINE
  5
93
330
17
100
AcDbEntity
  8
banda_minima
  6
DASHED
 62
1
 48
5.0
100
AcDbPolyline
 90
5
 70
0
 10
6369955.539303726
 20
6169899.197801078
 10
6369930.466308489
 20
6169898.931209749
 10
6369932.059248736
 20
6169914.949050348
 10
6369957.1323861815
 20
6169915.215519076
 10
6369955.539303726
 20
6169899.197801078
  0
LWPOLYLINE
  5
94
330
17
100
AcDbEntity
  8
ldf
100
AcDbPolyline
 90
5
 70
0
 10
6369888.905222547
 20
6169948.528214893
 10
6369888.817167367
 20
6169947.288549448
 10
6369888.704982494
 20
6169945.712428636
 10
6369888.488887841
 20
6169942.679344363
 10
6369888.299386578
 20
6169940.019762785
  0
LWPOLYLINE
  5
95
330
17
100
AcDbEntity
  8
ldf
100
AcDbPolyline
 90
3
 70
0
 10
6369981.233737283
 20
6170044.0217001075
 10
6369978.337088597
 20
6170044.210765183
 10
6369973.986607701
 20
6170044.494783088
  0
LWPOLYLINE
  5
96
330
17
100
AcDbEntity
  8
ldf
100
AcDbPolyline
 90
4
 70
0
 10
6369917.859732891
 20
6169934.358548825
 10
6369922.305659633
 20
6169934.045907222
 10
6369922.849382914
 20
6169934.007778096
 10
6369926.141769195
 20
6169933.776438122
  0
LWPOLYLINE
  5
97
330
17
100
AcDbEntity
  8
ldf
100
AcDbPolyline
 90
4
 70
0
 10
6369917.859732891
 20
6169934.358548825
 10
6369918.456770882
 20
6169941.335392303
 10
6369918.480770703
 20
6169941.611826929
 10
6369918.636335833
 20
6169943.428571963
  0
LWPOLYLINE
  5
98
330
17
100
AcDbEntity
  8
ldf
100
AcDbPolyline
 90
3
 70
0
 10
6369954.279841394
 20
6170003.2871679785
 10
6369950.454965446
 20
6170003.540795822
 10
6369946.455868437
 20
6170003.805901484
  0
LWPOLYLINE
  5
99
330
17
100
AcDbEntity
  8
ldf
100
AcDbPolyline
 90
4
 70
0
 10
6369923.612135324
 20
6170006.25949075
 10
6369922.707939746
 20
6170006.322401788
 10
6369921.835790984
 20
6170006.382776633
 10
6369914.87864638
 20
6170006.8630651785
  0
LWPOLYLINE
  5
9A
330
17
100
AcDbEntity
  8
ldf
100
AcDbPolyline
 90
2
 70
0
 10
6369917.392563117
 20
6170034.238094868
 10
6369909.239500163
 20
6170035.997447306
  0
LWPOLYLINE
  5
9B
330
17
100
AcDbEntity
  8
ldf
100
AcDbPolyline
 90
5
 70
0
 10
6369909.239500163
 20
6170035.997447306
 10
6369908.6569897495
 20
6170036.089031067
 10
6369903.901592003
 20
6170036.8413255
 10
6369903.709166055
 20
6170036.866543708
 10
6369898.438657608
 20
6170037.546347607
  0
LWPOLYLINE
  5
9C
330
17
100
AcDbEntity
  8
ldf
100
AcDbPolyline
 90
4
 70
0
 10
6369898.438657608
 20
6170037.546347607
 10
6369895.322882026
 20
6170037.946302031
 10
6369893.44780158
 20
6170038.187193573
 10
6369888.508066776
 20
6170038.8207784165
  0
LWPOLYLINE
  5
9D
330
17
100
AcDbEntity
  8
ldf
100
AcDbPolyline
 90
5
 70
0
 10
6369917.392563117
 20
6170034.238094868
 10
6369917.25302628
 20
6170032.754606759
 10
6369917.077127005
 20
6170030.881469302
 10
6369916.841502911
 20
6170028.36726496
 10
6369916.441913795
 20
6170024.950400472
  0
LWPOLYLINE
  5
9E
330
17
100
AcDbEntity
  8
ldf
100
AcDbPolyline
 90
6
 70
0
 10
6369916.441913795
 20
6170024.950400472
 10
6369916.459327464
 20
6170024.301449438
 10
6369916.064210033
 20
6170020.09340168
 10
6369915.6846143985
 20
6170016.056632647
 10
6369915.152482042
 20
6170010.398143652
 10
6369914.931539288
 20
6170008.044202376
  0
LWPOLYLINE
  5
9F
330
17
100
AcDbEntity
  8
ldf
100
AcDbPolyline
 90
3
 70
0
 10
6369922.311245396
 20
6170000.291759752
 10
6369921.9021151895
 20
6169991.186973498
 10
6369921.714211013
 20
6169989.727791795
  0
LWPOLYLINE
  5
A0
330
17
100
AcDbEntity
  8
ldf
100
AcDbPolyline
 90
4
 70
0
 10
6369920.844083881
 20
6169969.231750303
 10
6369920.766243921
 20
6169968.322336646
 10
6369920.106858077
 20
6169960.609358556
 10
6369919.949410069
 20
6169958.774500569
  0
LWPOLYLINE
  5
A1
330
17
100
AcDbEntity
  8
ldf
100
AcDbPolyline
 90
7
 70
0
 10
6369889.63069271
 20
6169958.719929367
 10
6369889.44955341
 20
6169956.173504534
 10
6369889.402989615
 20
6169955.521624992
 10
6369889.355686787
 20
6169954.851729085
 10
6369889.114636281
 20
6169951.470173717
 10
6369889.072318815
 20
6169950.870372071
 10
6369888.905222547
 20
6169948.528214893
  0
LWPOLYLINE
  5
A2
330
17
100
AcDbEntity
  8
ldf
100
AcDbPolyline
 90
4
 70
0
 10
6369888.299386578
 20
6169940.019762785
 10
6369888.070828612
 20
6169936.811442842
 10
6369887.917108902
 20
6169934.650536431
 10
6369887.669319634
 20
6169931.181856001
  0
LWPOLYLINE
  5
A3
330
17
100
AcDbEntity
  8
ldf
100
AcDbPolyline
 90
8
 70
0
 10
6369887.669319634
 20
6169931.181856001
 10
6369887.391748868
 20
6169927.283609055
 10
6369887.1340615135
 20
6169923.669739568
 10
6369887.105903088
 20
6169923.266204754
 10
6369886.847447743
 20
6169919.636319101
 10
6369886.552428425
 20
6169915.492742209
 10
6369886.437765549
 20
6169913.880574143
 10
6369886.316392707
 20
6169912.179280835
  0
LWPOLYLINE
  5
A4
330
17
100
AcDbEntity
  8
ldf
100
AcDbPolyline
 90
11
 70
0
 10
6369889.63069271
 20
6169958.719929367
 10
6369892.965646682
 20
6169958.726280785
 10
6369893.234732515
 20
6169958.726181898
 10
6369896.53468283
 20
6169958.732025687
 10
6369898.532251918
 20
6169958.735987245
 10
6369899.38950007
 20
6169958.737415885
 10
6369900.418795014
 20
6169958.739338981
 10
6369900.813908373
 20
6169958.740067477
 10
6369902.334355598
 20
6169958.7421112275
 10
6369903.4216565285
 20
6169958.744875546
 10
6369905.203174234
 20
6169958.747704481
  0
LWPOLYLINE
  5
A5
330
17
100
AcDbEntity
  8
ldf
100
AcDbPolyline
 90
6
 70
0
 10
6369905.203174234
 20
6169958.747704481
 10
6369909.346371095
 20
6169958.754773853
 10
6369910.355649435
 20
6169958.757406973
 10
6369914.442825932
 20
6169958.764664236
 10
6369915.546142974
 20
6169958.7666605115
 10
6369919.949410069
 20
6169958.774500569
  0
LWPOLYLINE
  5
A6
330
17
100
AcDbEntity
  8
ldf
100
AcDbPolyline
 90
2
 70
0
 10
6369926.141769195
 20
6169933.776438122
 10
6369933.878067299
 20
6169933.2334276745
  0
LWPOLYLINE
  5
A7
330
17
100
AcDbEntity
  8
ldf
100
AcDbPolyline
 90
3
 70
0
 10
6369918.636335833
 20
6169943.428571963
 10
6369919.387530864
 20
6169952.201293455
 10
6369919.472182285
 20
6169953.192831625
  0
LWPOLYLINE
  5
A8
330
17
100
AcDbEntity
  8
ldf
100
AcDbPolyline
 90
5
 70
0
 10
6369919.472182285
 20
6169953.192831625
 10
6369919.883541053
 20
6169958.005304427
 10
6369919.949410069
 20
6169958.774500569
 10
6369920.106858077
 20
6169960.609358556
 10
6369920.766243921
 20
6169968.322336646
  0
LWPOLYLINE
  5
A9
330
17
100
AcDbEntity
  8
ldf
100
AcDbPolyline
 90
8
 70
0
 10
6369920.766243921
 20
6169968.322336646
 10
6369920.844083881
 20
6169969.231750303
 10
6369921.14167567
 20
6169972.715156955
 10
6369921.236718479
 20
6169973.817880626
 10
6369921.348775582
 20
6169975.126915654
 10
6369921.639497906
 20
6169978.532198209
 10
6369921.684874405
 20
6169979.059021248
 10
6369922.018437087
 20
6169982.959080021
  0
LWPOLYLINE
  5
AA
330
17
100
AcDbEntity
  8
ldf
100
AcDbPolyline
 90
3
 70
0
 10
6369954.973947214
 20
6170011.98595744
 10
6369955.3584491145
 20
6170016.788036967
 10
6369955.672676703
 20
6170020.710822064
  0
LWPOLYLINE
  5
AB
330
17
100
AcDbEntity
  8
ldf
100
AcDbPolyline
 90
3
 70
0
 10
6369965.558646181
 20
6170037.136292524
 10
6369965.950780041
 20
6170044.240203893
 10
6369965.993530866
 20
6170045.017067144
  0
LWPOLYLINE
  5
AC
330
17
100
AcDbEntity
  8
ldf
100
AcDbPolyline
 90
6
 70
0
 10
6369973.986607701
 20
6170044.494783088
 10
6369971.83489141
 20
6170044.635632722
 10
6369969.093432668
 20
6170044.814944618
 10
6369967.932978766
 20
6170044.890144509
 10
6369965.993530866
 20
6170045.017067144
 10
6369965.60009872
 20
6170045.038370037
  0
LWPOLYLINE
  5
AD
330
17
100
AcDbEntity
  8
ldf
100
AcDbPolyline
 90
4
 70
0
 10
6369933.878067299
 20
6169933.2334276745
 10
6369943.98152458
 20
6169932.52368375
 10
6369950.066635969
 20
6169932.095770762
 10
6369958.751206015
 20
6169931.48548725
  0
LWPOLYLINE
  5
AE
330
17
100
AcDbEntity
  8
ldf
100
AcDbPolyline
 90
4
 70
0
 10
6369921.300347742
 20
6169983.018688069
 10
6369921.5895651495
 20
6169987.700349007
 10
6369921.714211013
 20
6169989.727791795
 10
6369921.9021151895
 20
6169991.186973498
  0
LWPOLYLINE
  5
AF
330
17
100
AcDbEntity
  8
ldf
100
AcDbPolyline
 90
6
 70
0
 10
6369954.279841394
 20
6170003.2871679785
 10
6369954.438099909
 20
6170005.273084826
 10
6369954.471186437
 20
6170005.681692578
 10
6369954.605793176
 20
6170007.367172358
 10
6369954.693777365
 20
6170008.473794784
 10
6369954.973947214
 20
6170011.98595744
  0
LWPOLYLINE
  5
B0
330
17
100
AcDbEntity
  8
ldf
100
AcDbPolyline
 90
3
 70
0
 10
6369955.672676703
 20
6170020.710822064
 10
6369956.202683911
 20
6170027.34358484
 10
6369956.365333948
 20
6170029.371578517
  0
LWPOLYLINE
  5
B1
330
17
100
AcDbEntity
  8
ldf
100
AcDbPolyline
 90
2
 70
0
 10
6369965.095111307
 20
6170028.747943443
 10
6369965.558646181
 20
6170037.136292524
  0
HATCH
  5
B2
330
17
100
AcDbEntity
  8
mdr_tejidoconsolidado
 62
7
100
AcDbHatch
 10
0.0
 20
0.0
 30
0.0
210
0.0
220
0.0
230
1.0
  2
SOLID
 70
0
 71
0
 91
1
 92
3
 72
0
 73
1
 93
114
 10
6369961.740337351
 20
6170020.280746036
 10
6369961.740362595
 20
6170020.281917121
 10
6369962.353170595
 20
6170028.94264611
 10
6369962.353310582
 20
6170028.943809526
 10
6369962.354482113
 20
6170028.943783489
 10
6369965.095128408
 20
6170028.747961059
 10
6369966.730338041
 20
6170028.630578584
 10
6369971.836895943
 20
6170028.265849416
 10
6369976.789394597
 20
6170027.911145477
 10
6369980.868206953
 20
6170027.619283578
 10
6369984.605257792
 20
6170027.351356169
 10
6369985.955289645
 20
6170027.254869887
 10
6369986.411495491
 20
6170027.222294748
 10
6369986.413959458
 20
6170027.222179808
 10
6369986.415866748
 20
6170027.222137945
 10
6369987.6824844815
 20
6170027.131999097
 10
6369987.990901165
 20
6170027.109591355
 10
6369987.992083468
 20
6170027.109445718
 10
6369987.992020536
 20
6170027.108256146
 10
6369987.957085764
 20
6170026.76991902
 10
6369987.577752819
 20
6170023.128246473
 10
6369987.093836459
 20
6170018.485959229
 10
6369987.093662535
 20
6170018.484823147
 10
6369987.092513521
 20
6170018.484848998
 10
6369986.495074664
 20
6170018.527062888
 10
6369985.802799216
 20
6170018.5760631645
 10
6369981.752146342
 20
6170018.86290499
 10
6369981.750983402
 20
6170018.863044959
 10
6369981.751008655
 20
6170018.864216019
 10
6369982.018883164
 20
6170022.649674079
 10
6369982.018988938
 20
6170022.654579793
 10
6369982.018613351
 20
6170022.659472251
 10
6369982.017760019
 20
6170022.664304336
 10
6369982.01643716
 20
6170022.669029509
 10
6369982.014657516
 20
6170022.673602263
 10
6369982.012438225
 20
6170022.6779785585
 10
6369982.009800661
 20
6170022.682116249
 10
6369982.006770227
 20
6170022.685975482
 10
6369982.003376109
 20
6170022.689519092
 10
6369981.999650992
 20
6170022.6927129505
 10
6369981.995630757
 20
6170022.695526297
 10
6369981.99135412
 20
6170022.6979320375
 10
6369981.986862268
 20
6170022.699907002
 10
6369981.982198463
 20
6170022.70143217
 10
6369981.977407621
 20
6170022.702492854
 10
6369981.972535882
 20
6170022.703078835
 10
6369977.279670219
 20
6170023.035034506
 10
6369977.2747650435
 20
6170023.03514016
 10
6369977.269873129
 20
6170023.034764557
 10
6369977.265041578
 20
6170023.033911316
 10
6369977.260316912
 20
6170023.032588651
 10
6369977.255744624
 20
6170023.030809299
 10
6369977.251368741
 20
6170023.028590392
 10
6369977.247231394
 20
6170023.025953296
 10
6369977.243372424
 20
6170023.0229234025
 10
6369977.239828986
 20
6170023.019529886
 10
6369977.2366352
 20
6170023.0158054205
 10
6369977.233821818
 20
6170023.01178587
 10
6369977.231415928
 20
6170023.0075099375
 10
6369977.2294406975
 20
6170023.003018794
 10
6369977.2279151445
 20
6170022.998355683
 10
6369977.226853959
 20
6170022.993565506
 10
6369977.226267359
 20
6170022.988694387
 10
6369976.95801695
 20
6170019.204259532
 10
6369976.95787691
 20
6170019.20309665
 10
6369976.956705907
 20
6170019.203121881
 10
6369975.726056072
 20
6170019.290183852
 10
6369971.499565541
 20
6170019.58959949
 10
6369970.594788059
 20
6170019.653711967
 10
6369970.312428499
 20
6170019.673751072
 10
6369970.311265659
 20
6170019.673891208
 10
6369970.311290945
 20
6170019.675062194
 10
6369970.571833894
 20
6170023.355522418
 10
6369970.571939798
 20
6170023.360428167
 10
6369970.571564333
 20
6170023.365320671
 10
6369970.5707111135
 20
6170023.370152813
 10
6369970.569388358
 20
6170023.374878054
 10
6369970.567608807
 20
6170023.379450884
 10
6369970.565389598
 20
6170023.383827263
 10
6369970.562752104
 20
6170023.387965041
 10
6369970.559721729
 20
6170023.391824367
 10
6369970.556327657
 20
6170023.395368073
 10
6369970.552602576
 20
6170023.398562029
 10
6369970.548582363
 20
6170023.401375473
 10
6369970.544305736
 20
6170023.403781309
 10
6369970.539813885
 20
6170023.405756366
 10
6369970.535150071
 20
6170023.407281623
 10
6369970.5303592095
 20
6170023.40834239
 10
6369970.5254874425
 20
6170023.40892845
 10
6369965.870549725
 20
6170023.738270386
 10
6369965.865647274
 20
6170023.738376187
 10
6369965.8607580345
 20
6170023.738001265
 10
6369965.855929034
 20
6170023.737149226
 10
6369965.851206716
 20
6170023.735828264
 10
6369965.846636501
 20
6170023.734051086
 10
6369965.842262346
 20
6170023.731834784
 10
6369965.838126322
 20
6170023.729200675
 10
6369965.8342682095
 20
6170023.726174094
 10
6369965.830725117
 20
6170023.72278415
 10
6369965.827531121
 20
6170023.719063451
 10
6369965.824716941
 20
6170023.715047779
 10
6369965.822309646
 20
6170023.710775758
 10
6369965.820332389
 20
6170023.706288479
 10
6369965.818804187
 20
6170023.7016290985
 10
6369965.817739738
 20
6170023.696842433
 10
6369965.8171492815
 20
6170023.691974519
 10
6369965.5530293835
 20
6170020.012055637
 10
6369965.552888299
 20
6170020.010892803
 10
6369965.551717227
 20
6170020.01091923
 10
6369965.054099193
 20
6170020.046634913
 10
6369965.0539729735
 20
6170020.046643812
 10
6369964.779909258
 20
6170020.065617254
 10
6369961.741500324
 20
6170020.280606127
 10
6369961.740337351
 20
6170020.280746036
 97
0
 75
1
 76
1
 52
0.0
 41
1.0
 77
0
 78
1
 53
45.0
 43
0.0
 44
0.0
 45
-0.0883883476
 46
0.0883883476
 79
0
 98
0
  0
HATCH
  5
B3
330
17
100
AcDbEntity
  8
mdr_tejidoconsolidado
 62
7
100
AcDbHatch
 10
0.0
 20
0.0
 30
0.0
210
0.0
220
0.0
230
1.0
  2
SOLID
 70
0
 71
0
 91
1
 92
3
 72
0
 73
1
 93
107
 10
6369966.73046079
 20
6170028.630766434
 10
6369966.730480922
 20
6170028.631934226
 10
6369966.822937327
 20
6170030.027261938
 10
6369966.823072567
 20
6170030.028428635
 10
6369966.824246793
 20
6170030.028403137
 10
6369968.6201857105
 20
6170029.900770796
 10
6369968.625105283
 20
6170029.9006639235
 10
6369968.630011537
 20
6170029.901041139
 10
6369968.634856953
 20
6170029.90189879
 10
6369968.639594601
 20
6170029.903228571
 10
6369968.6441785935
 20
6170029.905017601
 10
6369968.648564534
 20
6170029.907248553
 10
6369968.652709942
 20
6170029.909899819
 10
6369968.656574667
 20
6170029.91294572
 10
6369968.66012128
 20
6170029.916356756
 10
6369968.663315427
 20
6170029.920099889
 10
6369968.666126172
 20
6170029.924138865
 10
6369968.668526293
 20
6170029.928434566
 10
6369968.670492543
 20
6170029.932945384
 10
6369968.672005879
 20
6170029.93762763
 10
6369968.673051641
 20
6170029.942435957
 10
6369968.673619703
 20
6170029.947323791
 10
6369968.92157939
 20
6170033.672041683
 10
6369968.921664343
 20
6170033.676958738
 10
6369968.921265851
 20
6170033.681860355
 10
6369968.920387766
 20
6170033.686699116
 10
6369968.919038584
 20
6170033.691428212
 10
6369968.917231358
 20
6170033.696001895
 10
6369968.914983569
 20
6170033.700375919
 10
6369968.912316962
 20
6170033.704507971
 10
6369968.909257335
 20
6170033.708358077
 10
6369968.905834284
 20
6170033.711888993
 10
6369968.902080924
 20
6170033.7150665615
 10
6369968.898033566
 20
6170033.717860041
 10
6369968.893731362
 20
6170033.720242411
 10
6369968.88921593
 20
6170033.722190621
 10
6369968.884530955
 20
6170033.723685828
 10
6369968.879721755
 20
6170033.724713565
 10
6369968.874834856
 20
6170033.725263891
 10
6369967.776755707
 20
6170033.794470976
 10
6369967.77667581
 20
6170033.7944759475
 10
6369967.079105619
 20
6170033.837319557
 10
6369967.0779379895
 20
6170033.837449216
 10
6369967.077958355
 20
6170033.838623858
 10
6369967.290725723
 20
6170037.029228089
 10
6369967.290860165
 20
6170037.030387265
 10
6369967.292027049
 20
6170037.030374432
 10
6369967.677053537
 20
6170037.007293374
 10
6369968.5578719955
 20
6170036.954037676
 10
6369969.581556207
 20
6170036.891068782
 10
6369977.475594476
 20
6170036.409994666
 10
6369977.4767619865
 20
6170036.409865592
 10
6369977.476742517
 20
6170036.408691125
 10
6369977.268541966
 20
6170033.249972944
 10
6369977.252812182
 20
6170033.010463202
 10
6369977.252731201
 20
6170033.00555878
 10
6369977.253131164
 20
6170033.000670023
 10
6369977.254008221
 20
6170032.995843981
 10
6369977.255353932
 20
6170032.991127099
 10
6369977.257155345
 20
6170032.986564772
 10
6369977.2593951225
 20
6170032.9822009085
 10
6369977.26205171
 20
6170032.978077505
 10
6369977.265099541
 20
6170032.974234246
 10
6369977.268509283
 20
6170032.970708118
 10
6369977.272248119
 20
6170032.967533058
 10
6369977.276280069
 20
6170032.96473962
 10
6369977.280566329
 20
6170032.96235469
 10
6369977.285065647
 20
6170032.96040122
 10
6369977.289734724
 20
6170032.95889801
 10
6369977.294528623
 20
6170032.957859527
 10
6369977.299401208
 20
6170032.957295765
 10
6369979.58379497
 20
6170032.806035747
 10
6369981.792524496
 20
6170032.6603281
 10
6369981.797431443
 20
6170032.660245767
 10
6369981.8023228245
 20
6170032.6606448805
 10
6369981.807151518
 20
6170032.661521594
 10
6369981.811871003
 20
6170032.662867464
 10
6369981.816435813
 20
6170032.664669523
 10
6369981.820801971
 20
6170032.666910411
 10
6369981.824927412
 20
6170032.669568538
 10
6369981.828772393
 20
6170032.672618296
 10
6369981.832299871
 20
6170032.676030304
 10
6369981.835475864
 20
6170032.679771692
 10
6369981.838269773
 20
6170032.683806413
 10
6369981.840654681
 20
6170032.688095599
 10
6369981.842607614
 20
6170032.6925979275
 10
6369981.844109755
 20
6170032.697270024
 10
6369981.845146635
 20
6170032.702066875
 10
6369981.845708263
 20
6170032.7069422705
 10
6369981.861436262
 20
6170032.9463734785
 10
6369982.072261376
 20
6170036.129220743
 10
6369982.072395439
 20
6170036.130380782
 10
6369982.0735631045
 20
6170036.13036707
 10
6369983.06843309
 20
6170036.069945821
 10
6369983.070593076
 20
6170036.069867205
 10
6369986.692784418
 20
6170035.84850028
 10
6369986.693964686
 20
6170035.8483688515
 10
6369986.693922058
 20
6170035.847182051
 10
6369985.95532583
 20
6170027.256215291
 10
6369985.955170148
 20
6170027.255063915
 10
6369985.954008608
 20
6170027.255090275
 10
6369984.605567817
 20
6170027.3514333805
 10
6369980.868329435
 20
6170027.61935845
 10
6369976.789394597
 20
6170027.911145477
 10
6369971.83690458
 20
6170028.265848799
 10
6369966.731620313
 20
6170028.630626318
 10
6369966.73046079
 20
6170028.630766434
 97
0
 75
1
 76
1
 52
0.0
 41
1.0
 77
0
 78
1
 53
45.0
 43
0.0
 44
0.0
 45
-0.0883883476
 46
0.0883883476
 79
0
 98
0
  0
HATCH
  5
B4
330
17
100
AcDbEntity
  8
mdr_tejidoconsolidado
 62
7
100
AcDbHatch
 10
0.0
 20
0.0
 30
0.0
210
0.0
220
0.0
230
1.0
  2
SOLID
 70
0
 71
0
 91
1
 92
3
 72
0
 73
1
 93
137
 10
6369931.022701445
 20
6169904.527366397
 10
6369931.022758358
 20
6169904.528534718
 10
6369931.037260496
 20
6169904.676521549
 10
6369931.661631307
 20
6169910.946368158
 10
6369931.6618045885
 20
6169910.947527403
 10
6369931.662975185
 20
6169910.947467301
 10
6369933.251858305
 20
6169910.787370211
 10
6369933.256763653
 20
6169910.787118425
 10
6369933.261670037
 20
6169910.787349154
 10
6369933.266530108
 20
6169910.788060172
 10
6369933.271296965
 20
6169910.789244617
 10
6369933.275924606
 20
6169910.79089106
 10
6369933.280368374
 20
6169910.792983611
 10
6369933.284585383
 20
6169910.795502077
 10
6369933.288534938
 20
6169910.798422153
 10
6369933.292178926
 20
6169910.80171566
 10
6369933.295482181
 20
6169910.805350814
 10
6369933.298412824
 20
6169910.809292536
 10
6369933.300942574
 20
6169910.813502786
 10
6369933.303047018
 20
6169910.817940933
 10
6369933.304705848
 20
6169910.822564147
 10
6369933.305903056
 20
6169910.827327816
 10
6369933.306627086
 20
6169910.832185965
 10
6369933.375546764
 20
6169911.527428503
 10
6369933.375719573
 20
6169911.52858806
 10
6369933.376890405
 20
6169911.5285280775
 10
6369936.808938241
 20
6169911.1830612905
 10
6369936.8138430575
 20
6169911.182809998
 10
6369936.818748866
 20
6169911.183041113
 10
6369936.823608335
 20
6169911.1837524045
 10
6369936.82837458
 20
6169911.1849370105
 10
6369936.833001614
 20
6169911.1865835
 10
6369936.837444795
 20
6169911.188675989
 10
6369936.841661256
 20
6169911.191194289
 10
6369936.845610315
 20
6169911.194114103
 10
6369936.849253871
 20
6169911.197407259
 10
6369936.852556769
 20
6169911.201041984
 10
6369936.855487145
 20
6169911.204983212
 10
6369936.858016724
 20
6169911.209192916
 10
6369936.8601211
 20
6169911.21363048
 10
6369936.861779972
 20
6169911.218253089
 10
6369936.862977333
 20
6169911.223016145
 10
6369936.863701632
 20
6169911.227873692
 10
6369937.469072939
 20
6169917.32987396
 10
6369937.46931718
 20
6169917.334770537
 10
6369937.4690807
 20
6169917.339667494
 10
6369937.468365771
 20
6169917.344517751
 10
6369937.467179268
 20
6169917.349274674
 10
6369937.465532596
 20
6169917.353892529
 10
6369937.46344159
 20
6169917.358326918
 10
6369937.460926352
 20
6169917.362535207
 10
6369937.458011065
 20
6169917.366476934
 10
6369937.454723758
 20
6169917.370114204
 10
6369937.4510960365
 20
6169917.373412044
 10
6369937.447162779
 20
6169917.376338748
 10
6369937.442961802
 20
6169917.378866178
 10
6369937.438533494
 20
6169917.380970034
 10
6369937.433920434
 20
6169917.382630088
 10
6369937.429166971
 20
6169917.383830381
 10
6369937.424318807
 20
6169917.384559371
 10
6369932.353204163
 20
6169917.894391458
 10
6369932.352046537
 20
6169917.894565531
 10
6369932.3521051025
 20
6169917.895734716
 10
6369932.922903528
 20
6169923.636557136
 10
6369932.934269803
 20
6169923.749554473
 10
6369933.046814221
 20
6169924.879556729
 10
6369933.046987492
 20
6169924.880715845
 10
6369933.048157947
 20
6169924.880655976
 10
6369936.2465735935
 20
6169924.559024001
 10
6369939.1227013925
 20
6169924.2696376685
 10
6369942.217174502
 20
6169923.958446188
 10
6369945.104241101
 20
6169923.668180881
 10
6369948.7256993605
 20
6169923.304554811
 10
6369951.592766986
 20
6169923.017051521
 10
6369952.0806281045
 20
6169922.968079013
 10
6369954.9566960335
 20
6169922.678691691
 10
6369957.844565773
 20
6169922.388638217
 10
6369957.845723634
 20
6169922.388464211
 10
6369957.8456648
 20
6169922.387294829
 10
6369957.735086361
 20
6169921.27774337
 10
6369957.721818674
 20
6169921.144330666
 10
6369957.581299981
 20
6169919.727848596
 10
6369957.249513911
 20
6169916.394997201
 10
6369957.2495065695
 20
6169916.394922891
 10
6369957.208561973
 20
6169915.977300724
 10
6369957.166631936
 20
6169915.559573403
 10
6369957.166619792
 20
6169915.559450895
 10
6369957.151058598
 20
6169915.400485117
 10
6369957.150887039
 20
6169915.399324502
 10
6369957.149715339
 20
6169915.399384595
 10
6369948.7217222545
 20
6169916.248571072
 10
6369948.716817653
 20
6169916.248822843
 10
6369948.711912011
 20
6169916.248592244
 10
6369948.707052654
 20
6169916.247881503
 10
6369948.702286463
 20
6169916.246697472
 10
6369948.697659419
 20
6169916.245051579
 10
6369948.693216162
 20
6169916.242959698
 10
6369948.688999556
 20
6169916.240442012
 10
6369948.685050282
 20
6169916.237522812
 10
6369948.681406438
 20
6169916.234230258
 10
6369948.678103181
 20
6169916.230596116
 10
6369948.6751723755
 20
6169916.226655445
 10
6369948.672642298
 20
6169916.222446263
 10
6369948.670537357
 20
6169916.218009178
 10
6369948.6688778605
 20
6169916.213386995
 10
6369948.6676798165
 20
6169916.208624307
 10
6369948.666954784
 20
6169916.203767062
 10
6369948.060597345
 20
6169910.101691702
 10
6369948.060352325
 20
6169910.096794609
 10
6369948.060588136
 20
6169910.091897064
 10
6369948.06130251
 20
6169910.087046165
 10
6369948.062488577
 20
6169910.08228856
 10
6369948.064134933
 20
6169910.077670003
 10
6369948.066225743
 20
6169910.073234907
 10
6369948.068740901
 20
6169910.069025925
 10
6369948.071656221
 20
6169910.065083532
 10
6369948.074943665
 20
6169910.0614456395
 10
6369948.078571622
 20
6169910.058147233
 10
6369948.082505202
 20
6169910.055220031
 10
6369948.086706576
 20
6169910.052692184
 10
6369948.091135343
 20
6169910.050588002
 10
6369948.095748912
 20
6169910.04892772
 10
6369948.100502915
 20
6169910.047727302
 10
6369948.105351637
 20
6169910.046998295
 10
6369956.533697661
 20
6169909.1998037575
 10
6369956.534855636
 20
6169909.199629636
 10
6369956.534796506
 20
6169909.19846016
 10
6369956.455585943
 20
6169908.405691812
 10
6369956.222997048
 20
6169906.067162795
 10
6369955.921947418
 20
6169903.043849078
 10
6369955.8361944705
 20
6169902.183364216
 10
6369955.836186385
 20
6169902.183282398
 10
6369955.821684807
 20
6169902.035301263
 10
6369955.821513166
 20
6169902.034140863
 10
6369955.82034167
 20
6169902.034200704
 10
6369931.023858144
 20
6169904.527192513
 10
6369931.022701445
 20
6169904.527366397
 97
0
 75
1
 76
1
 52
0.0
 41
1.0
 77
0
 78
1
 53
45.0
 43
0.0
 44
0.0
 45
-0.0883883476
 46
0.0883883476
 79
0
 98
0
  0
HATCH
  5
B5
330
17
100
AcDbEntity
  8
mdr_tejidoparairregular
 62
7
100
AcDbHatch
 10
0.0
 20
0.0
 30
0.0
210
0.0
220
0.0
230
1.0
  2
SOLID
 70
0
 71
0
 91
1
 92
3
 72
0
 73
1
 93
27
 10
6369933.046996089
 20
6169924.881013368
 10
6369933.047054743
 20
6169924.882182593
 10
6369933.439078621
 20
6169928.821903819
 10
6369933.877947287
 20
6169933.232200053
 10
6369933.878116458
 20
6169933.233339719
 10
6369933.879268326
 20
6169933.233314433
 10
6369943.981550096
 20
6169932.523698285
 10
6369950.066626685
 20
6169932.0957935825
 10
6369958.749984648
 20
6169931.485575258
 10
6369958.75116647
 20
6169931.485432569
 10
6369958.751107899
 20
6169931.484243618
 10
6369958.237990121
 20
6169926.329641134
 10
6369958.075395612
 20
6169924.696782081
 10
6369958.025638923
 20
6169924.199877755
 10
6369957.845905188
 20
6169922.389921061
 10
6369957.845732227
 20
6169922.388761765
 10
6369957.844561619
 20
6169922.388821526
 10
6369954.956884478
 20
6169922.678937621
 10
6369952.080639436
 20
6169922.968321683
 10
6369951.59276796
 20
6169923.0172342835
 10
6369948.72570063
 20
6169923.304798493
 10
6369945.104246728
 20
6169923.6683631735
 10
6369942.217354971
 20
6169923.958631968
 10
6369939.122702045
 20
6169924.269820461
 10
6369936.246753177
 20
6169924.559270823
 10
6369933.048153767
 20
6169924.880839286
 10
6369933.046996089
 20
6169924.881013368
 97
0
 75
1
 76
1
 52
0.0
 41
1.0
 77
0
 78
1
 53
45.0
 43
0.0
 44
0.0
 45
-0.0883883476
 46
0.0883883476
 79
0
 98
0
  0
HATCH
  5
B6
330
17
100
AcDbEntity
  8
mdr_tejidoparairregular
 62
7
100
AcDbHatch
 10
0.0
 20
0.0
 30
0.0
210
0.0
220
0.0
230
1.0
  2
SOLID
 70
0
 71
0
 91
1
 92
3
 72
0
 73
1
 93
16
 10
6369948.055735831
 20
6169910.05186037
 10
6369948.055794296
 20
6169910.053029513
 10
6369948.671641205
 20
6169916.252441596
 10
6369948.671814242
 20
6169916.253601054
 10
6369948.672984999
 20
6169916.2535409555
 10
6369957.149574389
 20
6169915.399458016
 10
6369957.150732795
 20
6169915.39928352
 10
6369957.150672529
 20
6169915.398113626
 10
6369957.128058998
 20
6169915.173997266
 10
6369957.128051353
 20
6169915.173920911
 10
6369956.649891612
 20
6169910.361074737
 10
6369956.53461529
 20
6169909.200714059
 10
6369956.534442279
 20
6169909.199554752
 10
6369956.533271675
 20
6169909.199614577
 10
6369948.056893409
 20
6169910.051686321
 10
6369948.055735831
 20
6169910.05186037
 97
0
 75
1
 76
1
 52
0.0
 41
1.0
 77
0
 78
1
 53
45.0
 43
0.0
 44
0.0
 45
-0.0883883476
 46
0.0883883476
 79
0
 98
0
  0
HATCH
  5
B7
330
17
100
AcDbEntity
  8
mdr_tejidoparairregular
 62
7
100
AcDbHatch
 10
0.0
 20
0.0
 30
0.0
210
0.0
220
0.0
230
1.0
  2
SOLID
 70
0
 71
0
 91
1
 92
3
 72
0
 73
1
 93
21
 10
6369930.466391474
 20
6169898.931389482
 10
6369930.466449631
 20
6169898.932560696
 10
6369931.007527483
 20
6169904.377890465
 10
6369931.022275993
 20
6169904.525923651
 10
6369931.022449293
 20
6169904.527082721
 10
6369931.023619718
 20
6169904.527022877
 10
6369955.820103247
 20
6169902.034031067
 10
6369955.821260993
 20
6169902.0338569665
 10
6369955.821202195
 20
6169902.032687671
 10
6369955.8064556895
 20
6169901.884674606
 10
6369955.756638436
 20
6169901.387773742
 10
6369955.756633367
 20
6169901.387722927
 10
6369955.539473476
 20
6169899.199149854
 10
6369955.539301627
 20
6169899.197994129
 10
6369955.538135262
 20
6169899.197924912
 10
6369949.447376409
 20
6169899.133583054
 10
6369945.952807901
 20
6169899.095907558
 10
6369939.720796053
 20
6169899.029521994
 10
6369936.15223083
 20
6169898.9918112755
 10
6369930.467563262
 20
6169898.931344007
 10
6369930.466391474
 20
6169898.931389482
 97
0
 75
1
 76
1
 52
0.0
 41
1.0
 77
0
 78
1
 53
45.0
 43
0.0
 44
0.0
 45
-0.0883883476
 46
0.0883883476
 79
0
 98
0
  0
HATCH
  5
B8
330
17
100
AcDbEntity
  8
mdr_tejidoparairregular
 62
7
100
AcDbHatch
 10
0.0
 20
0.0
 30
0.0
210
0.0
220
0.0
230
1.0
  2
SOLID
 70
0
 71
0
 91
1
 92
3
 72
0
 73
1
 93
34
 10
6369931.661502235
 20
6169910.94737271
 10
6369931.661560768
 20
6169910.948541712
 10
6369932.234094865
 20
6169916.708429922
 10
6369932.351814674
 20
6169917.8932879185
 10
6369932.3519876925
 20
6169917.8944472065
 10
6369932.353158308
 20
6169917.8943873765
 10
6369937.472786746
 20
6169917.379730834
 10
6369937.473944239
 20
6169917.3795568
 10
6369937.473885927
 20
6169917.378387752
 10
6369936.858849579
 20
6169911.178966129
 10
6369936.85867669
 20
6169911.177806641
 10
6369936.857505923
 20
6169911.177866623
 10
6369933.425362407
 20
6169911.523340918
 10
6369933.420458267
 20
6169911.523592205
 10
6369933.41555313
 20
6169911.523361219
 10
6369933.410694308
 20
6169911.522650187
 10
6369933.405928664
 20
6169911.521465967
 10
6369933.401302168
 20
6169911.519819984
 10
6369933.396859444
 20
6169911.517728111
 10
6369933.392643345
 20
6169911.515210527
 10
6369933.388694535
 20
6169911.512291515
 10
6369933.385051104
 20
6169911.508999229
 10
6369933.381748195
 20
6169911.505365428
 10
6369933.378817665
 20
6169911.501425158
 10
6369933.376287782
 20
6169911.497216427
 10
6369933.374182945
 20
6169911.49277983
 10
6369933.37252346
 20
6169911.48815816
 10
6369933.371325331
 20
6169911.483395995
 10
6369933.370600115
 20
6169911.4785392685
 10
6369933.301471337
 20
6169910.7832673155
 10
6369933.3012982095
 20
6169910.782107924
 10
6369933.300127504
 20
6169910.782168052
 10
6369931.662659646
 20
6169910.947198389
 10
6369931.661502235
 20
6169910.94737271
 97
0
 75
1
 76
1
 52
0.0
 41
1.0
 77
0
 78
1
 53
45.0
 43
0.0
 44
0.0
 45
-0.0883883476
 46
0.0883883476
 79
0
 98
0
  0
HATCH
  5
B9
330
17
100
AcDbEntity
  8
mdr_tejidoparairregular
 62
7
100
AcDbHatch
 10
0.0
 20
0.0
 30
0.0
210
0.0
220
0.0
230
1.0
  2
SOLID
 70
0
 71
0
 91
1
 92
3
 72
0
 73
1
 93
16
 10
6369976.957991571
 20
6170019.203088544
 10
6369976.95801696
 20
6170019.204259671
 10
6369977.229715324
 20
6170023.037337736
 10
6369977.229855361
 20
6170023.038500611
 10
6369977.231026368
 20
6170023.038475389
 10
6369982.02118825
 20
6170022.699637351
 10
6369982.022351248
 20
6170022.699497462
 10
6369982.022325998
 20
6170022.6983263455
 10
6369981.75100866
 20
6170018.864216089
 10
6369981.750868738
 20
6170018.863053083
 10
6369981.749697618
 20
6170018.863078379
 10
6369980.667316856
 20
6170018.939713297
 10
6369980.268783851
 20
6170018.967939991
 10
6369979.056151142
 20
6170019.054390808
 10
6369976.959154578
 20
6170019.20294853
 10
6369976.957991571
 20
6170019.203088544
 97
0
 75
1
 76
1
 52
0.0
 41
1.0
 77
0
 78
1
 53
45.0
 43
0.0
 44
0.0
 45
-0.0883883476
 46
0.0883883476
 79
0
 98
0
  0
HATCH
  5
BA
330
17
100
AcDbEntity
  8
mdr_tejidoparairregular
 62
7
100
AcDbHatch
 10
0.0
 20
0.0
 30
0.0
210
0.0
220
0.0
230
1.0
  2
SOLID
 70
0
 71
0
 91
1
 92
3
 72
0
 73
1
 93
13
 10
6369965.553003028
 20
6170020.010884684
 10
6369965.553029436
 20
6170020.012056365
 10
6369965.820631196
 20
6170023.740487196
 10
6369965.820772164
 20
6170023.741649377
 10
6369965.821942595
 20
6170023.741624111
 10
6369970.574141023
 20
6170023.405372394
 10
6369970.575304049
 20
6170023.405232477
 10
6369970.575278732
 20
6170023.404061334
 10
6369970.311177053
 20
6170019.674925892
 10
6369970.3110370645
 20
6170019.67376289
 10
6369970.309865956
 20
6170019.673788244
 10
6369965.55416659
 20
6170020.010744559
 10
6369965.553003028
 20
6170020.010884684
 97
0
 75
1
 76
1
 52
0.0
 41
1.0
 77
0
 78
1
 53
45.0
 43
0.0
 44
0.0
 45
-0.0883883476
 46
0.0883883476
 79
0
 98
0
  0
HATCH
  5
BB
330
17
100
AcDbEntity
  8
mdr_tejidoparairregular
 62
7
100
AcDbHatch
 10
0.0
 20
0.0
 30
0.0
210
0.0
220
0.0
230
1.0
  2
SOLID
 70
0
 71
0
 91
1
 92
3
 72
0
 73
1
 93
15
 10
6369955.672808444
 20
6170020.710956975
 10
6369955.672844221
 20
6170020.712133702
 10
6369956.162345477
 20
6170026.836131995
 10
6369956.350517018
 20
6170029.185177354
 10
6369956.365359684
 20
6170029.370453885
 10
6369956.36550936
 20
6170029.3716099085
 10
6369956.366674752
 20
6170029.37158369
 10
6369962.35210857
 20
6170028.944029245
 10
6369962.353271018
 20
6170028.943888633
 10
6369962.3532457575
 20
6170028.942717981
 10
6369961.740419048
 20
6170020.281952747
 10
6369961.740279122
 20
6170020.280789687
 10
6369961.739107949
 20
6170020.280815091
 10
6369955.67397723
 20
6170020.710815869
 10
6369955.672808444
 20
6170020.710956975
 97
0
 75
1
 76
1
 52
0.0
 41
1.0
 77
0
 78
1
 53
45.0
 43
0.0
 44
0.0
 45
-0.0883883476
 46
0.0883883476
 79
0
 98
0
  0
HATCH
  5
BC
330
17
100
AcDbEntity
  8
mdr_tejidoparairregular
 62
7
100
AcDbHatch
 10
0.0
 20
0.0
 30
0.0
210
0.0
220
0.0
230
1.0
  2
SOLID
 70
0
 71
0
 91
1
 92
3
 72
0
 73
1
 93
19
 10
6369985.955380092
 20
6170027.255115275
 10
6369985.955422833
 20
6170027.256295365
 10
6369986.6938373875
 20
6170035.847275732
 10
6369986.693991722
 20
6170035.84842018
 10
6369986.695146442
 20
6170035.848405888
 10
6369988.88634168
 20
6170035.715277436
 10
6369988.887533752
 20
6170035.715144434
 10
6369988.887469884
 20
6170035.713946674
 10
6369988.783962198
 20
6170034.719428938
 10
6369988.369595391
 20
6170030.736163263
 10
6369988.302867344
 20
6170030.095959238
 10
6369987.992185546
 20
6170027.110752238
 10
6369987.992011511
 20
6170027.109614698
 10
6369987.99086107
 20
6170027.109642848
 10
6369987.682655453
 20
6170027.132051207
 10
6369987.682578389
 20
6170027.13205675
 10
6369986.414559868
 20
6170027.222279596
 10
6369985.956552363
 20
6170027.254972971
 10
6369985.955380092
 20
6170027.255115275
 97
0
 75
1
 76
1
 52
0.0
 41
1.0
 77
0
 78
1
 53
45.0
 43
0.0
 44
0.0
 45
-0.0883883476
 46
0.0883883476
 79
0
 98
0
  0
HATCH
  5
BD
330
17
100
AcDbEntity
  8
mdr_tejidoparairregular
 62
7
100
AcDbHatch
 10
0.0
 20
0.0
 30
0.0
210
0.0
220
0.0
230
1.0
  2
SOLID
 70
0
 71
0
 91
1
 92
3
 72
0
 73
1
 93
16
 10
6369977.249470787
 20
6170032.9606487425
 10
6369977.2494906215
 20
6170032.961819878
 10
6369977.268541125
 20
6170033.249960205
 10
6369977.47674215
 20
6170036.4087599935
 10
6369977.476875881
 20
6170036.409920338
 10
6369977.478043811
 20
6170036.409906542
 10
6369982.071050795
 20
6170036.130582469
 10
6369982.072218603
 20
6170036.130453493
 10
6369982.072198781
 20
6170036.129278758
 10
6369981.861418
 20
6170032.9464766625
 10
6369981.84251033
 20
6170032.658260958
 10
6369981.8423763495
 20
6170032.65709705
 10
6369981.841204912
 20
6170032.657116703
 10
6369979.583806161
 20
6170032.806035007
 10
6369977.2506343275
 20
6170032.96051411
 10
6369977.249470787
 20
6170032.9606487425
 97
0
 75
1
 76
1
 52
0.0
 41
1.0
 77
0
 78
1
 53
45.0
 43
0.0
 44
0.0
 45
-0.0883883476
 46
0.0883883476
 79
0
 98
0
  0
HATCH
  5
BE
330
17
100
AcDbEntity
  8
mdr_tejidoparairregular
 62
7
100
AcDbHatch
 10
0.0
 20
0.0
 30
0.0
210
0.0
220
0.0
230
1.0
  2
SOLID
 70
0
 71
0
 91
1
 92
3
 72
0
 73
1
 93
54
 10
6369965.09525038
 20
6170028.748087196
 10
6369965.0952580515
 20
6170028.74924769
 10
6369965.558496421
 20
6170037.135179882
 10
6369965.558618955
 20
6170037.136348703
 10
6369965.559794099
 20
6170037.136334849
 10
6369967.289576709
 20
6170037.030583772
 10
6369967.29074456
 20
6170037.030454409
 10
6369967.290724203
 20
6170037.029279584
 10
6369967.081221009
 20
6170033.887550929
 10
6369967.081135683
 20
6170033.882628261
 10
6369967.081534909
 20
6170033.877721067
 10
6369967.082414816
 20
6170033.872876926
 10
6369967.083766872
 20
6170033.868142807
 10
6369967.0855779685
 20
6170033.863564612
 10
6369967.0878305435
 20
6170033.859186731
 10
6369967.090502758
 20
6170033.8550516125
 10
6369967.0935687
 20
6170033.851199349
 10
6369967.096998645
 20
6170033.847667294
 10
6369967.100759334
 20
6170033.844489692
 10
6369967.104814305
 20
6170033.841697354
 10
6369967.1091242395
 20
6170033.839317354
 10
6369967.11364735
 20
6170033.83737277
 10
6369967.11833978
 20
6170033.835882454
 10
6369967.123156032
 20
6170033.8348608585
 10
6369967.128049406
 20
6170033.834317888
 10
6369967.77667289
 20
6170033.794537109
 10
6369968.923685612
 20
6170033.72224603
 10
6369968.92485194
 20
6170033.722114688
 10
6369968.924831665
 20
6170033.72094117
 10
6369968.670369391
 20
6170029.898499356
 10
6369968.670233832
 20
6170029.897332923
 10
6369968.669059826
 20
6170029.89735839
 10
6369966.873130542
 20
6170030.02493076
 10
6369966.868210104
 20
6170030.025037448
 10
6369966.863303014
 20
6170030.024659879
 10
6369966.8584568165
 20
6170030.023801709
 10
6369966.853718464
 20
6170030.022471254
 10
6369966.849133867
 20
6170030.020681405
 10
6369966.844747444
 20
6170030.018449503
 10
6369966.840601695
 20
6170030.015797173
 10
6369966.836736787
 20
6170030.012750112
 10
6369966.833190167
 20
6170030.009337843
 10
6369966.8299961975
 20
6170030.005593427
 10
6369966.827185824
 20
6170030.001553144
 10
6369966.824786276
 20
6170029.997256138
 10
6369966.822820802
 20
6170029.992744043
 10
6369966.821308445
 20
6170029.988060575
 10
6369966.82026386
 20
6170029.9832511125
 10
6369966.819697165
 20
6170029.978362253
 10
6369966.730481472
 20
6170028.631942523
 10
6369966.730346155
 20
6170028.630775375
 10
6369966.72917149
 20
6170028.6308016535
 10
6369965.096402533
 20
6170028.747948039
 10
6369965.09525038
 20
6170028.748087196
 97
0
 75
1
 76
1
 52
0.0
 41
1.0
 77
0
 78
1
 53
45.0
 43
0.0
 44
0.0
 45
-0.0883883476
 46
0.0883883476
 79
0
 98
0
  0
LWPOLYLINE
  5
BF
330
17
100
AcDbEntity
  8
tejido
100
AcDbPolyline
 90
5
 70
0
 10
6369882.832961709
 20
6169912.196647075
 10
6369877.036708821
 20
6169912.226622795
 10
6369877.313503989
 20
6169916.868091799
 10
6369883.168606782
 20
6169916.504864655
 10
6369882.832961709
 20
6169912.196647075
  0
LWPOLYLINE
  5
C0
330
17
100
AcDbEntity
  8
tejido
100
AcDbPolyline
 90
5
 70
0
 10
6369908.615874834
 20
6170049.203547636
 10
6369908.547961228
 20
6170048.506344422
 10
6369899.21914999
 20
6170049.050270727
 10
6369899.267047027
 20
6170049.748183994
 10
6369908.615874834
 20
6170049.203547636
  0
LWPOLYLINE
  5
C1
330
17
100
AcDbEntity
  8
tejido
100
AcDbPolyline
 90
7
 70
0
 10
6369920.060180807
 20
6170060.333068645
 10
6369919.77337286
 20
6170057.527432795
 10
6369919.728180596
 20
6170057.086209585
 10
6369915.766213879
 20
6170057.479883363
 10
6369915.840747523
 20
6170058.411248636
 10
6369916.027665711
 20
6170060.766747866
 10
6369920.060180807
 20
6170060.333068645
  0
LWPOLYLINE
  5
C2
330
17
100
AcDbEntity
  8
tejido
100
AcDbPolyline
 90
5
 70
0
 10
6369991.19332967
 20
6170057.85542371
 10
6369990.448753775
 20
6170050.705388985
 10
6369986.15052434
 20
6170051.042181017
 10
6369986.665554516
 20
6170058.224898255
 10
6369991.19332967
 20
6170057.85542371
  0
LWPOLYLINE
  5
C3
330
17
100
AcDbEntity
  8
tejido
100
AcDbPolyline
 90
7
 70
0
 10
6369978.61003261
 20
6170046.296450961
 10
6369974.145743615
 20
6170046.645840914
 10
6369974.73111897
 20
6170054.553228707
 10
6369974.999967705
 20
6170058.184668135
 10
6369979.20716296
 20
6170057.969593388
 10
6369979.028543718
 20
6170054.477689425
 10
6369978.61003261
 20
6170046.296450961
  0
LWPOLYLINE
  5
C4
330
17
100
AcDbEntity
  8
tejido
100
AcDbPolyline
 90
10
 70
0
 10
6369965.950876355
 20
6170044.240332281
 10
6369965.6819933085
 20
6170039.369306956
 10
6369965.558747497
 20
6170037.136412683
 10
6369965.095191061
 20
6170028.748034959
 10
6369962.353332356
 20
6170028.943941827
 10
6369956.365457162
 20
6170029.371670665
 10
6369956.4366436
 20
6170030.255975471
 10
6369956.611915668
 20
6170032.446214706
 10
6369957.585811828
 20
6170044.616125786
 10
6369965.950876355
 20
6170044.240332281
  0
LWPOLYLINE
  5
C5
330
17
100
AcDbEntity
  8
tejido
100
AcDbPolyline
 90
17
 70
0
 10
6369963.572249471
 20
6170057.544978908
 10
6369963.401814427
 20
6170054.124443809
 10
6369965.219895555
 20
6170054.018749213
 10
6369965.081791361
 20
6170052.023140659
 10
6369966.080938902
 20
6170051.964609382
 10
6369965.910558712
 20
6170049.504398044
 10
6369965.619244937
 20
6170045.312825912
 10
6369965.600206087
 20
6170045.038477098
 10
6369965.993643279
 20
6170045.017196746
 10
6369965.950876355
 20
6170044.240332281
 10
6369957.585811828
 20
6170044.616125786
 10
6369957.649286663
 20
6170045.413316383
 10
6369957.679862294
 20
6170045.788877367
 10
6369957.947374186
 20
6170049.137799416
 10
6369958.472339073
 20
6170055.69147054
 10
6369958.649344958
 20
6170057.913727335
 10
6369963.572249471
 20
6170057.544978908
  0
LWPOLYLINE
  5
C6
330
17
100
AcDbEntity
  8
tejido
100
AcDbPolyline
 90
7
 70
0
 10
6369966.712108316
 20
6170061.07164564
 10
6369966.603492055
 20
6170059.497128795
 10
6369966.452293838
 20
6170057.3266540365
 10
6369963.572249471
 20
6170057.544978908
 10
6369958.649344958
 20
6170057.913727335
 10
6369958.956856755
 20
6170061.750381633
 10
6369966.712108316
 20
6170061.07164564
  0
LWPOLYLINE
  5
C7
330
17
100
AcDbEntity
  8
tejido
100
AcDbPolyline
 90
6
 70
0
 10
6369966.918142763
 20
6170064.034431756
 10
6369966.712032872
 20
6170061.071515112
 10
6369958.95676161
 20
6170061.750296242
 10
6369959.185425553
 20
6170064.606506494
 10
6369962.178577431
 20
6170064.384830036
 10
6369966.918142763
 20
6170064.034431756
  0
LWPOLYLINE
  5
C8
330
17
100
AcDbEntity
  8
tejido
100
AcDbPolyline
 90
18
 70
0
 10
6369958.4722251315
 20
6170055.69133408
 10
6369956.1304048
 20
6170055.878084253
 10
6369955.671480356
 20
6170055.556694045
 10
6369955.15060276
 20
6170055.192033715
 10
6369954.843611955
 20
6170049.462825934
 10
6369953.510665498
 20
6170048.30990044
 10
6369952.165016611
 20
6170048.4496764485
 10
6369952.109171298
 20
6170047.913664642
 10
6369951.9116852945
 20
6170046.013233243
 10
6369949.947282348
 20
6170046.218217016
 10
6369950.230342183
 20
6170049.6569923265
 10
6369951.507794806
 20
6170065.1743336255
 10
6369954.300665766
 20
6170064.967810103
 10
6369956.392553749
 20
6170064.813091053
 10
6369959.185425553
 20
6170064.606506494
 10
6369958.956741928
 20
6170061.750306214
 10
6369958.649292059
 20
6170057.913591759
 10
6369958.4722251315
 20
6170055.69133408
  0
LWPOLYLINE
  5
C9
330
17
100
AcDbEntity
  8
tejido
100
AcDbPolyline
 90
12
 70
0
 10
6369938.891610678
 20
6170032.563252936
 10
6369933.61261082
 20
6170033.069879271
 10
6369933.351395935
 20
6170029.906100413
 10
6369925.946712331
 20
6170030.41390989
 10
6369926.011118601
 20
6170031.077051544
 10
6369926.576426848
 20
6170036.931082567
 10
6369926.768631097
 20
6170038.921493114
 10
6369927.289692876
 20
6170044.30873629
 10
6369927.481897174
 20
6170046.2991468245
 10
6369928.209931644
 20
6170053.831062972
 10
6369940.848463983
 20
6170052.964017873
 10
6369938.891610678
 20
6170032.563252936
  0
LWPOLYLINE
  5
CA
330
17
100
AcDbEntity
  8
tejido
100
AcDbPolyline
 90
5
 70
0
 10
6369936.01329014
 20
6170047.491204342
 10
6369931.601526769
 20
6170047.793339579
 10
6369930.586592603
 20
6170037.21330852
 10
6369934.998355999
 20
6170036.911173435
 10
6369936.01329014
 20
6170047.491204342
  0
LWPOLYLINE
  5
CB
330
17
100
AcDbEntity
  8
tejido
100
AcDbPolyline
 90
5
 70
0
 10
6369938.891610678
 20
6170032.563252936
 10
6369938.602261092
 20
6170029.54611222
 10
6369933.351395935
 20
6170029.906100413
 10
6369933.61261082
 20
6170033.069879271
 10
6369938.891610678
 20
6170032.563252936
  0
LWPOLYLINE
  5
CC
330
17
100
AcDbEntity
  8
tejido
100
AcDbPolyline
 90
13
 70
0
 10
6369915.76613233
 20
6170057.479803543
 10
6369919.728082119
 20
6170057.086118287
 10
6369919.178799651
 20
6170051.713470451
 10
6369915.503429902
 20
6170052.14232135
 10
6369915.372169804
 20
6170052.157423146
 10
6369914.935099896
 20
6170048.565960554
 10
6369914.051528739
 20
6170048.724200615
 10
6369911.766796996
 20
6170049.001164607
 10
6369910.51676804
 20
6170049.114077742
 10
6369910.864147736
 20
6170052.682232797
 10
6369910.9529020665
 20
6170053.597806621
 10
6369911.373412874
 20
6170057.917257473
 10
6369915.76613233
 20
6170057.479803543
  0
LWPOLYLINE
  5
CD
330
17
100
AcDbEntity
  8
tejido
100
AcDbPolyline
 90
5
 70
0
 10
6369915.840653172
 20
6170058.411175954
 10
6369915.76613233
 20
6170057.479803543
 10
6369911.373412874
 20
6170057.917257473
 10
6369911.460428074
 20
6170058.814800427
 10
6369915.840653172
 20
6170058.411175954
  0
LWPOLYLINE
  5
CE
330
17
100
AcDbEntity
  8
tejido
100
AcDbPolyline
 90
7
 70
0
 10
6369919.178799651
 20
6170051.713470451
 10
6369918.92127464
 20
6170049.191946343
 10
6369918.809113768
 20
6170048.096976952
 10
6369914.935099896
 20
6170048.565960554
 10
6369915.372169804
 20
6170052.157423146
 10
6369915.503429902
 20
6170052.14232135
 10
6369919.178799651
 20
6170051.713470451
  0
LWPOLYLINE
  5
CF
330
17
100
AcDbEntity
  8
tejido
100
AcDbPolyline
 90
8
 70
0
 10
6369908.547961228
 20
6170048.506344422
 10
6369908.448743045
 20
6170047.484585591
 10
6369904.932667086
 20
6170047.689675641
 10
6369900.947063976
 20
6170047.920966955
 10
6369900.845734043
 20
6170046.424028458
 10
6369899.048648481
 20
6170046.529008152
 10
6369899.21914999
 20
6170049.050270727
 10
6369908.547961228
 20
6170048.506344422
  0
LWPOLYLINE
  5
D0
330
17
100
AcDbEntity
  8
tejido
100
AcDbPolyline
 90
20
 70
0
 10
6369905.428379762
 20
6170063.929955243
 10
6369906.744168996
 20
6170063.835001029
 10
6369908.91913468
 20
6170063.677483053
 10
6369908.8851633575
 20
6170063.329881551
 10
6369908.860771828
 20
6170063.080449716
 10
6369909.958277455
 20
6170063.0003356105
 10
6369909.562984158
 20
6170058.942332322
 10
6369909.056371227
 20
6170053.731353607
 10
6369908.615874834
 20
6170049.203547636
 10
6369899.267047027
 20
6170049.748183994
 10
6369899.405433701
 20
6170051.793831816
 10
6369899.414433354
 20
6170051.9320056215
 10
6369901.312036876
 20
6170051.79347263
 10
6369901.479277691
 20
6170054.2636718955
 10
6369901.831019653
 20
6170059.462401663
 10
6369902.108575694
 20
6170063.568713317
 10
6369903.206081345
 20
6170063.488599208
 10
6369903.235892082
 20
6170063.916165474
 10
6369903.247413431
 20
6170064.087386203
 10
6369905.428379762
 20
6170063.929955243
  0
LWPOLYLINE
  5
D1
330
17
100
AcDbEntity
  8
tejido
100
AcDbPolyline
 90
20
 70
0
 10
6369900.227899514
 20
6170063.919558372
 10
6369900.213972494
 20
6170063.707289894
 10
6369899.93457578
 20
6170059.589948071
 10
6369899.7582192365
 20
6170056.989575816
 10
6369899.68975767
 20
6170055.985268325
 10
6369898.292046944
 20
6170056.073032596
 10
6369898.362233152
 20
6170057.096371064
 10
6369898.428173028
 20
6170058.067631641
 10
6369891.226379721
 20
6170058.518365365
 10
6369891.168976021
 20
6170057.648260249
 10
6369891.0942685455
 20
6170056.522824186
 10
6369889.696557778
 20
6170056.610588465
 10
6369889.772989895
 20
6170057.755055504
 10
6369889.941607324
 20
6170060.2682883125
 10
6369889.971939545
 20
6170060.728872519
 10
6369890.207931466
 20
6170064.252398964
 10
6369890.2316552
 20
6170064.616857212
 10
6369892.726958671
 20
6170064.442978162
 10
6369897.73359621
 20
6170064.093451918
 10
6369900.227899514
 20
6170063.919558372
  0
LWPOLYLINE
  5
D2
330
17
100
AcDbEntity
  8
tejido
100
AcDbPolyline
 90
17
 70
0
 10
6369900.431588672
 20
6170066.911449656
 10
6369900.296477136
 20
6170064.915865035
 10
6369900.25430448
 20
6170064.306062393
 10
6369900.227899514
 20
6170063.919558372
 10
6369897.73359621
 20
6170064.093451918
 10
6369892.726958671
 20
6170064.442978162
 10
6369890.2316552
 20
6170064.616857212
 10
6369890.298218115
 20
6170065.614135002
 10
6369890.432315053
 20
6170067.610705293
 10
6369891.429636359
 20
6170067.54114206
 10
6369891.2965395255
 20
6170065.544586279
 10
6369892.793521584
 20
6170065.440255943
 10
6369895.025478758
 20
6170065.284564746
 10
6369897.8011592245
 20
6170065.090744187
 10
6369899.298155754
 20
6170064.985413752
 10
6369899.43325279
 20
6170066.981998487
 10
6369900.431588672
 20
6170066.911449656
  0
LWPOLYLINE
  5
D3
330
17
100
AcDbEntity
  8
tejido
100
AcDbPolyline
 90
21
 70
0
 10
6369890.207985888
 20
6170064.252530654
 10
6369889.972007285
 20
6170060.72896142
 10
6369887.8882258115
 20
6170060.888804497
 10
6369887.467081844
 20
6170055.937176118
 10
6369887.046490828
 20
6170050.989524271
 10
6369889.308791522
 20
6170050.796248114
 10
6369888.759880147
 20
6170042.584725895
 10
6369888.690462615
 20
6170041.54897081
 10
6369886.5713292835
 20
6170041.8015310075
 10
6369885.275472999
 20
6170041.955827392
 10
6369884.952325176
 20
6170039.243687827
 10
6369879.956740753
 20
6170039.83722195
 10
6369881.218463042
 20
6170058.990550194
 10
6369881.616173134
 20
6170065.019203151
 10
6369881.861262816
 20
6170068.743895389
 10
6369883.580693216
 20
6170070.199271878
 10
6369890.570616896
 20
6170069.681487747
 10
6369890.432380559
 20
6170067.610779997
 10
6369890.298502265
 20
6170065.6142553715
 10
6369890.2317020055
 20
6170064.616941412
 10
6369890.207985888
 20
6170064.252530654
  0
LWPOLYLINE
  5
D4
330
17
100
AcDbEntity
  8
tejido
100
AcDbPolyline
 90
5
 70
0
 10
6369888.89379361
 20
6170036.2975790715
 10
6369888.676562909
 20
6170033.75663277
 10
6369887.084106235
 20
6170033.960610062
 10
6369887.380475642
 20
6170036.493701227
 10
6369888.89379361
 20
6170036.2975790715
  0
LWPOLYLINE
  5
D5
330
17
100
AcDbEntity
  8
tejido
100
AcDbPolyline
 90
9
 70
0
 10
6369888.508092497
 20
6170038.820778788
 10
6369893.4478273
 20
6170038.187193946
 10
6369895.322907746
 20
6170037.946302403
 10
6369895.077368922
 20
6170035.494973868
 10
6369893.453807552
 20
6170035.705502277
 10
6369888.89379361
 20
6170036.2975790715
 10
6369887.380475642
 20
6170036.493701227
 10
6369887.664381
 20
6170038.920578372
 10
6369888.508092497
 20
6170038.820778788
  0
LWPOLYLINE
  5
D6
330
17
100
AcDbEntity
  8
tejido
100
AcDbPolyline
 90
5
 70
0
 10
6369893.453807552
 20
6170035.705502277
 10
6369893.20539961
 20
6170033.176107644
 10
6369888.676562909
 20
6170033.75663277
 10
6369888.89379361
 20
6170036.2975790715
 10
6369893.453807552
 20
6170035.705502277
  0
LWPOLYLINE
  5
D7
330
17
100
AcDbEntity
  8
tejido
100
AcDbPolyline
 90
5
 70
0
 10
6369895.077368922
 20
6170035.494973868
 10
6369894.823916957
 20
6170032.968507041
 10
6369893.20539961
 20
6170033.176107644
 10
6369893.453807552
 20
6170035.705502277
 10
6369895.077368922
 20
6170035.494973868
  0
LWPOLYLINE
  5
D8
330
17
100
AcDbEntity
  8
tejido
100
AcDbPolyline
 90
17
 70
0
 10
6369894.375821295
 20
6170027.378257423
 10
6369902.641598567
 20
6170026.468805748
 10
6369907.389660115
 20
6170025.946477236
 10
6369907.018020238
 20
6170017.429418413
 10
6369899.271879458
 20
6170018.030306528
 10
6369898.788237992
 20
6170013.097747907
 10
6369898.796798387
 20
6170012.162578717
 10
6369899.597910865
 20
6170012.103174297
 10
6369899.328205466
 20
6170008.628174365
 10
6369895.696017151
 20
6170008.700538994
 10
6369890.954177458
 20
6170008.79382289
 10
6369891.001820704
 20
6170010.2679759795
 10
6369892.112805724
 20
6170010.224068833
 10
6369892.1035271
 20
6170013.553978742
 10
6369892.103062337
 20
6170013.65500369
 10
6369892.98315392
 20
6170027.532115414
 10
6369894.375821295
 20
6170027.378257423
  0
LWPOLYLINE
  5
D9
330
17
100
AcDbEntity
  8
tejido
100
AcDbPolyline
 90
10
 70
0
 10
6369907.018020238
 20
6170017.429418413
 10
6369907.09501499
 20
6170017.293492027
 10
6369906.495341177
 20
6170008.359996637
 10
6369903.041388258
 20
6170008.4889630005
 10
6369899.328205466
 20
6170008.628174365
 10
6369899.597910865
 20
6170012.103174297
 10
6369898.796798387
 20
6170012.162578717
 10
6369898.788237992
 20
6170013.097747907
 10
6369899.271879458
 20
6170018.030306528
 10
6369907.018020238
 20
6170017.429418413
  0
LWPOLYLINE
  5
DA
330
17
100
AcDbEntity
  8
tejido
100
AcDbPolyline
 90
10
 70
0
 10
6369888.971596693
 20
6170004.031586475
 10
6369889.021601864
 20
6170004.032311657
 10
6369891.082061488
 20
6170004.04518748
 10
6369893.252546981
 20
6170004.058658597
 10
6369893.264224206
 20
6170001.529034484
 10
6369893.387611239
 20
6170000.26342635
 10
6369889.087397922
 20
6170000.254080466
 10
6369885.980511002
 20
6170000.248036036
 10
6369885.97092379
 20
6170004.013078025
 10
6369888.971596693
 20
6170004.031586475
  0
LWPOLYLINE
  5
DB
330
17
100
AcDbEntity
  8
tejido
100
AcDbPolyline
 90
5
 70
0
 10
6369888.971596693
 20
6170004.031586475
 10
6369885.97092379
 20
6170004.013078025
 10
6369885.97732271
 20
6170004.81342184
 10
6369888.977995613
 20
6170004.831930282
 10
6369888.971596693
 20
6170004.031586475
  0
LWPOLYLINE
  5
DC
330
17
100
AcDbEntity
  8
tejido
100
AcDbPolyline
 90
8
 70
0
 10
6369890.954177458
 20
6170008.79382289
 10
6369891.082061488
 20
6170004.04518748
 10
6369889.021601864
 20
6170004.032311657
 10
6369888.971596693
 20
6170004.031586475
 10
6369888.977995613
 20
6170004.831930282
 10
6369885.97732271
 20
6170004.81342184
 10
6369886.011200871
 20
6170008.892192381
 10
6369890.954177458
 20
6170008.79382289
  0
LWPOLYLINE
  5
DD
330
17
100
AcDbEntity
  8
tejido
100
AcDbPolyline
 90
5
 70
0
 10
6369917.832440066
 20
6169934.0350517
 10
6369917.405574494
 20
6169929.05029999
 10
6369914.409146855
 20
6169929.221911959
 10
6369914.835012331
 20
6169934.206649214
 10
6369917.832440066
 20
6169934.0350517
  0
LWPOLYLINE
  5
DE
330
17
100
AcDbEntity
  8
tejido
100
AcDbPolyline
 90
12
 70
0
 10
6369899.328205466
 20
6170008.628174365
 10
6369899.482472533
 20
6170003.508805304
 10
6369899.580368217
 20
6170000.276210734
 10
6369899.519347407
 20
6170000.276326113
 10
6369894.507930117
 20
6170000.265669034
 10
6369893.387611239
 20
6170000.26342635
 10
6369893.264224206
 20
6170001.529034484
 10
6369893.252546981
 20
6170004.058658597
 10
6369891.082061488
 20
6170004.04518748
 10
6369890.954177458
 20
6170008.79382289
 10
6369895.696017151
 20
6170008.700538994
 10
6369899.328205466
 20
6170008.628174365
  0
LWPOLYLINE
  5
DF
330
17
100
AcDbEntity
  8
tejido
100
AcDbPolyline
 90
22
 70
0
 10
6369936.858832911
 20
6169911.178038939
 10
6369942.036209807
 20
6169910.657905439
 10
6369942.086106392
 20
6169910.65264574
 10
6369944.253943118
 20
6169910.4349832395
 10
6369944.032046401
 20
6169908.201268598
 10
6369943.9057136
 20
6169906.926454388
 10
6369947.409053938
 20
6169906.578149652
 10
6369947.535816684
 20
6169907.852786918
 10
6369947.75735604
 20
6169910.081673063
 10
6369948.055670394
 20
6169910.051992119
 10
6369956.534918493
 20
6169909.199681043
 10
6369956.455584708
 20
6169908.405679451
 10
6369956.222997048
 20
6169906.067162795
 10
6369955.9219470285
 20
6169903.043845172
 10
6369955.836190399
 20
6169902.183323358
 10
6369955.821564904
 20
6169902.034077722
 10
6369931.022638841
 20
6169904.5273151
 10
6369931.037264338
 20
6169904.676560747
 10
6369931.661753026
 20
6169910.947590447
 10
6369933.301686773
 20
6169910.782349456
 10
6369933.375667963
 20
6169911.528651128
 10
6369936.858832911
 20
6169911.178038939
  0
LWPOLYLINE
  5
E0
330
17
100
AcDbEntity
  8
tejido
100
AcDbPolyline
 90
29
 70
0
 10
6369921.589669686
 20
6169987.700449186
 10
6369921.3002748955
 20
6169983.018760278
 10
6369922.018530104
 20
6169982.958964147
 10
6369921.684949854
 20
6169979.059106356
 10
6369921.639411732
 20
6169978.5322799925
 10
6369921.348848684
 20
6169975.126792163
 10
6369921.236806697
 20
6169973.817994734
 10
6369921.141558002
 20
6169972.71525489
 10
6369920.844007844
 20
6169969.231638325
 10
6369916.245805283
 20
6169969.211965655
 10
6369911.334765105
 20
6169969.1919688685
 10
6369900.2608
 20
6169969.145420417
 10
6369899.872701854
 20
6169969.143760632
 10
6369898.870610526
 20
6169969.14003462
 10
6369893.9882126795
 20
6169969.119476347
 10
6369889.608262176
 20
6169969.100954045
 10
6369884.776837351
 20
6169969.080890776
 10
6369875.294637507
 20
6169969.041430348
 10
6369876.131454395
 20
6169981.763546945
 10
6369876.433008086
 20
6169986.339361553
 10
6369876.660084193
 20
6169989.7905136105
 10
6369894.431023648
 20
6169989.76634404
 10
6369904.99369466
 20
6169989.751504828
 10
6369909.3519719215
 20
6169989.744680264
 10
6369909.4952044105
 20
6169989.744742662
 10
6369909.972162139
 20
6169989.744638363
 10
6369918.419209501
 20
6169989.731904072
 10
6369921.714127312
 20
6169989.72766945
 10
6369921.589669686
 20
6169987.700449186
  0
LWPOLYLINE
  5
E1
330
17
100
AcDbEntity
  8
tejido
100
AcDbPolyline
 90
7
 70
0
 10
6369913.528470587
 20
6169983.731566856
 10
6369883.995681712
 20
6169983.573501453
 10
6369884.041630886
 20
6169975.012094874
 10
6369897.423024301
 20
6169975.083741626
 10
6369900.076237906
 20
6169975.097980699
 10
6369913.574420637
 20
6169975.170100075
 10
6369913.528470587
 20
6169983.731566856
  0
LWPOLYLINE
  5
E2
330
17
100
AcDbEntity
  8
tejido
100
AcDbPolyline
 90
10
 70
0
 10
6369884.776986336
 20
6169969.080811369
 10
6369884.728103208
 20
6169966.933429092
 10
6369887.86987773
 20
6169966.947982323
 10
6369887.482104656
 20
6169958.715778308
 10
6369884.65028968
 20
6169958.710721696
 10
6369874.612409462
 20
6169958.692188916
 10
6369875.096911079
 20
6169966.0485208575
 10
6369875.229021662
 20
6169968.044062182
 10
6369875.29458416
 20
6169969.041325539
 10
6369884.776986336
 20
6169969.080811369
  0
LWPOLYLINE
  5
E3
330
17
100
AcDbEntity
  8
tejido
100
AcDbPolyline
 90
10
 70
0
 10
6369893.800346657
 20
6169966.974969254
 10
6369893.513739561
 20
6169963.699786843
 10
6369893.426913845
 20
6169962.720220827
 10
6369893.493140208
 20
6169962.49911161
 10
6369893.234758236
 20
6169958.726182274
 10
6369892.965672403
 20
6169958.726281158
 10
6369889.6307184305
 20
6169958.719929739
 10
6369887.482104656
 20
6169958.715778308
 10
6369887.86987773
 20
6169966.947982323
 10
6369893.800346657
 20
6169966.974969254
  0
LWPOLYLINE
  5
E4
330
17
100
AcDbEntity
  8
tejido
100
AcDbPolyline
 90
7
 70
0
 10
6369898.532277638
 20
6169958.735987617
 10
6369896.534708549
 20
6169958.732026058
 10
6369893.234758236
 20
6169958.726182274
 10
6369893.493140208
 20
6169962.49911161
 10
6369898.443363978
 20
6169962.383842649
 10
6369898.510879855
 20
6169962.211767511
 10
6369898.532277638
 20
6169958.735987617
  0
LWPOLYLINE
  5
E5
330
17
100
AcDbEntity
  8
tejido
100
AcDbPolyline
 90
35
 70
0
 10
6369911.334705764
 20
6169969.19187325
 10
6369911.24827098
 20
6169968.254326137
 10
6369911.1547056
 20
6169967.256656791
 10
6369910.852516813
 20
6169964.021261145
 10
6369911.738869457
 20
6169964.016109659
 10
6369915.815465409
 20
6169963.994204313
 10
6369916.066462348
 20
6169967.034796654
 10
6369916.149012084
 20
6169968.033306545
 10
6369916.2459529
 20
6169969.2120816
 10
6369920.8441096
 20
6169969.231750675
 10
6369920.766269641
 20
6169968.322337018
 10
6369920.106883797
 20
6169960.609358927
 10
6369919.949435789
 20
6169958.774500943
 10
6369915.546168693
 20
6169958.766660885
 10
6369915.675470734
 20
6169961.921524762
 10
6369910.654241228
 20
6169961.8977206675
 10
6369910.355675153
 20
6169958.757407348
 10
6369909.346396815
 20
6169958.754774228
 10
6369905.203199956
 20
6169958.747704854
 10
6369903.42168225
 20
6169958.744875915
 10
6369903.591482867
 20
6169963.245749188
 10
6369900.588621353
 20
6169963.2402126705
 10
6369900.418820733
 20
6169958.7393393535
 10
6369899.389525793
 20
6169958.73741626
 10
6369898.532277638
 20
6169958.735987617
 10
6369898.510879855
 20
6169962.211767511
 10
6369898.443363978
 20
6169962.383842649
 10
6369893.493140208
 20
6169962.49911161
 10
6369893.426913845
 20
6169962.720220827
 10
6369893.513739561
 20
6169963.699786843
 10
6369898.519998127
 20
6169963.58332987
 10
6369898.870546591
 20
6169969.140154824
 10
6369899.872809736
 20
6169969.143686487
 10
6369900.260907866
 20
6169969.145313548
 10
6369911.334705764
 20
6169969.19187325
  0
LWPOLYLINE
  5
E6
330
17
100
AcDbEntity
  8
tejido
100
AcDbPolyline
 90
7
 70
0
 10
6369903.42168225
 20
6169958.744875915
 10
6369902.33438132
 20
6169958.742111599
 10
6369900.813934092
 20
6169958.740067851
 10
6369900.418820733
 20
6169958.7393393535
 10
6369900.588621353
 20
6169963.2402126705
 10
6369903.591482867
 20
6169963.245749188
 10
6369903.42168225
 20
6169958.744875915
  0
LWPOLYLINE
  5
E7
330
17
100
AcDbEntity
  8
tejido
100
AcDbPolyline
 90
8
 70
0
 10
6369916.149012084
 20
6169968.033306545
 10
6369916.066462348
 20
6169967.034796654
 10
6369911.992517298
 20
6169967.218791302
 10
6369911.738869457
 20
6169964.016109659
 10
6369910.852516813
 20
6169964.021261145
 10
6369911.1547056
 20
6169967.256656791
 10
6369911.24827098
 20
6169968.254326137
 10
6369916.149012084
 20
6169968.033306545
  0
LWPOLYLINE
  5
E8
330
17
100
AcDbEntity
  8
tejido
100
AcDbPolyline
 90
6
 70
0
 10
6369875.561245847
 20
6169912.234370724
 10
6369875.087469754
 20
6169905.035243505
 10
6369871.078909293
 20
6169905.056134126
 10
6369871.505977321
 20
6169911.544361244
 10
6369871.55268539
 20
6169912.255261442
 10
6369875.561245847
 20
6169912.234370724
  0
LWPOLYLINE
  5
E9
330
17
100
AcDbEntity
  8
tejido
100
AcDbPolyline
 90
6
 70
0
 10
6369883.657575242
 20
6169923.484142956
 10
6369883.672652658
 20
6169923.134251794
 10
6369883.539728365
 20
6169919.884305217
 10
6369878.984369815
 20
6169920.15534708
 10
6369879.199053356
 20
6169923.699571353
 10
6369883.657575242
 20
6169923.484142956
  0
LWPOLYLINE
  5
EA
330
17
100
AcDbEntity
  8
tejido
100
AcDbPolyline
 90
29
 70
0
 10
6369905.203253287
 20
6169958.747810641
 10
6369904.750580676
 20
6169953.448570369
 10
6369902.240458523
 20
6169953.6630398445
 10
6369900.873002008
 20
6169937.662610678
 10
6369901.124001223
 20
6169937.641218504
 10
6369900.155357714
 20
6169926.309229143
 10
6369887.387200629
 20
6169927.218030846
 10
6369887.669417205
 20
6169931.182167086
 10
6369887.917182915
 20
6169934.650653264
 10
6369888.070900778
 20
6169936.811518622
 10
6369888.299482573
 20
6169940.0198794445
 10
6369888.489011096
 20
6169942.679467279
 10
6369888.705054595
 20
6169945.7125425115
 10
6369888.817249604
 20
6169947.288638068
 10
6369890.34652898
 20
6169947.179793697
 10
6369890.972577054
 20
6169955.978800303
 10
6369889.443483468
 20
6169956.087464253
 10
6369889.449683218
 20
6169956.173579682
 10
6369889.6307786275
 20
6169958.7200336745
 10
6369892.965716859
 20
6169958.726392678
 10
6369893.234846076
 20
6169958.7262660945
 10
6369896.534807508
 20
6169958.732117855
 10
6369898.532321648
 20
6169958.73629841
 10
6369899.389628814
 20
6169958.737497369
 10
6369900.418915462
 20
6169958.739419856
 10
6369900.813987382
 20
6169958.740142864
 10
6369902.33445354
 20
6169958.742228408
 10
6369903.421729574
 20
6169958.7449918715
 10
6369905.203253287
 20
6169958.747810641
  0
LWPOLYLINE
  5
EB
330
17
100
AcDbEntity
  8
tejido
100
AcDbPolyline
 90
5
 70
0
 10
6369892.965825745
 20
6169936.347182625
 10
6369890.758547149
 20
6169936.552245657
 10
6369890.426756582
 20
6169932.983694027
 10
6369892.634037837
 20
6169932.778447896
 10
6369892.965825745
 20
6169936.347182625
  0
LWPOLYLINE
  5
EC
330
17
100
AcDbEntity
  8
tejido
100
AcDbPolyline
 90
30
 70
0
 10
6369907.508682781
 20
6169934.627674026
 10
6369914.8350764215
 20
6169934.206720477
 10
6369914.409224958
 20
6169929.221993683
 10
6369917.4056330575
 20
6169929.050415621
 10
6369917.377486422
 20
6169928.717872026
 10
6369917.308977274
 20
6169927.9226230765
 10
6369917.000174206
 20
6169924.314048229
 10
6369916.250008233
 20
6169915.54840956
 10
6369916.232026912
 20
6169915.340075725
 10
6369915.304848723
 20
6169904.504265965
 10
6369915.298027024
 20
6169904.4231479755
 10
6369915.08673083
 20
6169901.955260442
 10
6369912.489756191
 20
6169902.104668155
 10
6369912.216948764
 20
6169898.914715109
 10
6369912.016712278
 20
6169898.925853663
 10
6369912.000499232
 20
6169898.734518569
 10
6369902.472962066
 20
6169898.634382038
 10
6369902.544829779
 20
6169899.471685106
 10
6369900.147053823
 20
6169899.609939203
 10
6369900.676443258
 20
6169905.803577767
 10
6369901.318193882
 20
6169913.309254356
 10
6369901.464968665
 20
6169915.0268868
 10
6369901.488940209
 20
6169915.306313668
 10
6369901.507753016
 20
6169915.524672477
 10
6369901.804509162
 20
6169918.995639571
 10
6369901.961841154
 20
6169920.839929631
 10
6369902.162065524
 20
6169923.174558306
 10
6369902.599878802
 20
6169928.298540491
 10
6369903.162705224
 20
6169934.876756488
 10
6369907.508682781
 20
6169934.627674026
  0
LWPOLYLINE
  5
ED
330
17
100
AcDbEntity
  8
tejido
100
AcDbPolyline
 90
5
 70
0
 10
6369906.783083914
 20
6169907.959804375
 10
6369909.780530692
 20
6169907.788180525
 10
6369911.072793727
 20
6169922.90265889
 10
6369908.076384676
 20
6169923.074297937
 10
6369906.783083914
 20
6169907.959804375
  0
LWPOLYLINE
  5
EE
330
17
100
AcDbEntity
  8
tejido
100
AcDbPolyline
 90
9
 70
0
 10
6369918.480796426
 20
6169941.611827302
 10
6369918.456796602
 20
6169941.335392678
 10
6369917.859758612
 20
6169934.358549196
 10
6369917.832440066
 20
6169934.0350517
 10
6369914.835012331
 20
6169934.206649214
 10
6369907.508612415
 20
6169934.627564085
 10
6369907.636129036
 20
6169936.526008159
 10
6369908.016809298
 20
6169942.212310436
 10
6369918.480796426
 20
6169941.611827302
  0
LWPOLYLINE
  5
EF
330
17
100
AcDbEntity
  8
tejido
100
AcDbPolyline
 90
5
 70
0
 10
6369915.086670229
 20
6169901.955184342
 10
6369914.81384707
 20
6169898.764228338
 10
6369912.216852233
 20
6169898.914624324
 10
6369912.4896899
 20
6169902.104580253
 10
6369915.086670229
 20
6169901.955184342
  0
LWPOLYLINE
  5
F0
330
17
100
AcDbEntity
  8
tejido
100
AcDbPolyline
 90
12
 70
0
 10
6369955.7566359
 20
6169901.387748446
 10
6369955.539353209
 20
6169899.197937778
 10
6369949.447373188
 20
6169899.1335830195
 10
6369945.952805373
 20
6169899.095907531
 10
6369939.720796053
 20
6169899.029521994
 10
6369936.15223083
 20
6169898.9918112755
 10
6369930.466327428
 20
6169898.9313308615
 10
6369931.007528086
 20
6169904.377896542
 10
6369931.022397748
 20
6169904.527145731
 10
6369955.821323812
 20
6169902.033908354
 10
6369955.806454152
 20
6169901.884659173
 10
6369955.7566359
 20
6169901.387748446
  0
LWPOLYLINE
  5
F1
330
17
100
AcDbEntity
  8
tejido
100
AcDbPolyline
 90
16
 70
0
 10
6369957.73508571
 20
6169921.27773684
 10
6369957.7218180075
 20
6169921.144323957
 10
6369957.581299256
 20
6169919.727841286
 10
6369957.249510209
 20
6169916.394960014
 10
6369957.208556328
 20
6169915.9772431515
 10
6369957.166625786
 20
6169915.559512123
 10
6369957.150938801
 20
6169915.399261322
 10
6369948.67190569
 20
6169916.253590482
 10
6369944.869951969
 20
6169916.635357308
 10
6369942.70229572
 20
6169916.853205632
 10
6369942.652215125
 20
6169916.858523717
 10
6369937.474031431
 20
6169917.379561438
 10
6369932.351983745
 20
6169917.894514154
 10
6369932.92290642
 20
6169923.636586223
 10
6369932.934272309
 20
6169923.749579396
 10
6369957.73508571
 20
6169921.27773684
  0
LWPOLYLINE
  5
F2
330
17
100
AcDbEntity
  8
tejido
100
AcDbPolyline
 90
5
 70
0
 10
6369942.652185112
 20
6169916.858517616
 10
6369942.035891816
 20
6169910.657638731
 10
6369936.8587282915
 20
6169911.177743581
 10
6369937.474007003
 20
6169917.3796081655
 10
6369942.652185112
 20
6169916.858517616
  0
LWPOLYLINE
  5
F3
330
17
100
AcDbEntity
  8
tejido
100
AcDbPolyline
 90
8
 70
0
 10
6369947.535716442
 20
6169907.852648703
 10
6369944.031945278
 20
6169908.201191424
 10
6369944.253841993
 20
6169910.4349060645
 10
6369944.869951969
 20
6169916.635357308
 10
6369948.67190569
 20
6169916.253590482
 10
6369948.0556329675
 20
6169910.051732708
 10
6369947.757254915
 20
6169910.081595887
 10
6369947.535716442
 20
6169907.852648703
  0
LWPOLYLINE
  5
F4
330
17
100
AcDbEntity
  8
tejido
100
AcDbPolyline
 90
19
 70
0
 10
6369958.025636876
 20
6169924.199857311
 10
6369957.845783807
 20
6169922.388698737
 10
6369954.95688136
 20
6169922.678937934
 10
6369952.0806295145
 20
6169922.968322681
 10
6369951.59276796
 20
6169923.0172342835
 10
6369948.72570063
 20
6169923.304798493
 10
6369945.104243172
 20
6169923.66836353
 10
6369942.217354971
 20
6169923.958631968
 10
6369939.122700848
 20
6169924.269820581
 10
6369936.246753177
 20
6169924.559270823
 10
6369933.046933286
 20
6169924.880961986
 10
6369933.439078621
 20
6169928.821903819
 10
6369933.878066579
 20
6169933.233398847
 10
6369943.981550096
 20
6169932.523698285
 10
6369950.066626685
 20
6169932.0957935825
 10
6369958.751231734
 20
6169931.485487619
 10
6369958.237990121
 20
6169926.329641134
 10
6369958.075394125
 20
6169924.6967671495
 10
6369958.025636876
 20
6169924.199857311
  0
LWPOLYLINE
  5
F5
330
17
100
AcDbEntity
  8
tejido
100
AcDbPolyline
 90
7
 70
0
 10
6369957.1507957615
 20
6169915.399334953
 10
6369957.12805514
 20
6169915.173959036
 10
6369956.649891612
 20
6169910.361074737
 10
6369956.534493857
 20
6169909.19949172
 10
6369948.05567305
 20
6169910.051808996
 10
6369948.67176265
 20
6169916.253664116
 10
6369957.1507957615
 20
6169915.399334953
  0
LWPOLYLINE
  5
F6
330
17
100
AcDbEntity
  8
tejido
100
AcDbPolyline
 90
19
 70
0
 10
6369954.302846649
 20
6169961.420378524
 10
6369953.8488131035
 20
6169955.48093434
 10
6369969.013101595
 20
6169954.271403997
 10
6369969.580556141
 20
6169961.356851392
 10
6369970.26985994
 20
6169961.281821249
 10
6369971.977081525
 20
6169961.096514092
 10
6369971.911529617
 20
6169960.512380671
 10
6369970.35890407
 20
6169960.659917291
 10
6369969.649858156
 20
6169953.267320887
 10
6369962.75408147
 20
6169953.930555159
 10
6369962.322224981
 20
6169949.427882961
 10
6369948.9159442345
 20
6169950.6058904715
 10
6369949.286966526
 20
6169955.302741775
 10
6369949.489296502
 20
6169957.836469344
 10
6369949.608656846
 20
6169959.331668493
 10
6369953.341117899
 20
6169959.035688116
 10
6369953.527390217
 20
6169961.366119125
 10
6369953.535708806
 20
6169961.482276137
 10
6369954.302846649
 20
6169961.420378524
  0
LWPOLYLINE
  5
F7
330
17
100
AcDbEntity
  8
tejido
100
AcDbPolyline
 90
10
 70
0
 10
6369971.911529617
 20
6169960.512380671
 10
6369976.095690242
 20
6169960.108915267
 10
6369980.97402457
 20
6169959.639493181
 10
6369979.750880419
 20
6169947.897080666
 10
6369975.177621691
 20
6169948.29890431
 10
6369962.322224981
 20
6169949.427882961
 10
6369962.75408147
 20
6169953.930555159
 10
6369969.649858156
 20
6169953.267320887
 10
6369970.35890407
 20
6169960.659917291
 10
6369971.911529617
 20
6169960.512380671
  0
LWPOLYLINE
  5
F8
330
17
100
AcDbEntity
  8
tejido
100
AcDbPolyline
 90
12
 70
0
 10
6369942.910690557
 20
6169989.45987426
 10
6369942.443417159
 20
6169981.260527066
 10
6369942.084898223
 20
6169981.290556063
 10
6369939.121341491
 20
6169981.537646773
 10
6369932.997063862
 20
6169982.045819876
 10
6369922.018405367
 20
6169982.959145499
 10
6369921.3002748955
 20
6169983.018760278
 10
6369921.589551144
 20
6169987.700203251
 10
6369921.714185698
 20
6169989.72785346
 10
6369921.902074341
 20
6169991.187028589
 10
6369925.394339214
 20
6169990.899372313
 10
6369942.910690557
 20
6169989.45987426
  0
LWPOLYLINE
  5
F9
330
17
100
AcDbEntity
  8
tejido
100
AcDbPolyline
 90
20
 70
0
 10
6369986.414588644
 20
6170027.222073883
 10
6369986.183952613
 20
6170023.96252756
 10
6369984.735812619
 20
6170024.066465345
 10
6369981.188213566
 20
6170024.321088235
 10
6369981.109189339
 20
6170023.220062807
 10
6369965.861823998
 20
6170024.314416509
 10
6369965.82071901
 20
6170023.741710689
 10
6369965.552941513
 20
6170020.010831359
 10
6369965.054036039
 20
6170020.046639446
 10
6369964.77987123
 20
6170020.065619887
 10
6369961.740275962
 20
6170020.28069276
 10
6369962.353257265
 20
6170028.943871006
 10
6369965.095137276
 20
6170028.747960426
 10
6369966.730347136
 20
6170028.630577931
 10
6369971.836899439
 20
6170028.265849167
 10
6369976.789394597
 20
6170027.911145477
 10
6369980.868213479
 20
6170027.619283112
 10
6369984.605263433
 20
6170027.351355765
 10
6369985.955290841
 20
6170027.254869801
 10
6369986.414588644
 20
6170027.222073883
  0
LWPOLYLINE
  5
FA
330
17
100
AcDbEntity
  8
tejido
100
AcDbPolyline
 90
5
 70
0
 10
6369962.948001905
 20
6169912.695421439
 10
6369962.732369513
 20
6169910.497979492
 10
6369958.51622607
 20
6169911.000345786
 10
6369958.7457170505
 20
6169913.158371734
 10
6369962.948001905
 20
6169912.695421439
  0
LWPOLYLINE
  5
FB
330
17
100
AcDbEntity
  8
tejido
100
AcDbPolyline
 90
11
 70
0
 10
6369991.19332967
 20
6170057.85542371
 10
6369986.665554516
 20
6170058.224898255
 10
6369986.15052434
 20
6170051.042181017
 10
6369990.448753775
 20
6170050.705388985
 10
6369989.695424319
 20
6170043.469200321
 10
6369981.233763004
 20
6170044.021700479
 10
6369981.485584186
 20
6170047.350394313
 10
6369982.013356478
 20
6170054.344237214
 10
6369982.656967336
 20
6170062.869239238
 10
6369987.364485539
 20
6170062.521377205
 10
6369991.19332967
 20
6170057.85542371
  0
LWPOLYLINE
  5
FC
330
17
100
AcDbEntity
  8
tejido
100
AcDbPolyline
 90
9
 70
0
 10
6369980.02926313
 20
6170046.182893983
 10
6369979.995973778
 20
6170045.762907208
 10
6369981.357880461
 20
6170045.659816403
 10
6369981.233763004
 20
6170044.021700479
 10
6369978.337169725
 20
6170044.210784433
 10
6369973.986840431
 20
6170044.494789395
 10
6369974.145708725
 20
6170046.64577691
 10
6369978.60999772
 20
6170046.296386959
 10
6369980.02926313
 20
6170046.182893983
  0
LWPOLYLINE
  5
FD
330
17
100
AcDbEntity
  8
tejido
100
AcDbPolyline
 90
7
 70
0
 10
6369979.207053249
 20
6170057.969332034
 10
6369974.999856775
 20
6170058.1844196
 10
6369975.385951214
 20
6170063.406888067
 10
6369976.184063169
 20
6170063.347440016
 10
6369978.478229171
 20
6170063.178646653
 10
6369979.469607584
 20
6170063.104996022
 10
6369979.207053249
 20
6170057.969332034
  0
LWPOLYLINE
  5
FE
330
17
100
AcDbEntity
  8
tejido
100
AcDbPolyline
 90
15
 70
0
 10
6369971.6789670745
 20
6170054.7586173555
 10
6369974.73111897
 20
6170054.553228707
 10
6369974.145563145
 20
6170046.645655134
 10
6369973.986694851
 20
6170044.494667614
 10
6369971.834991786
 20
6170044.635514511
 10
6369969.093557058
 20
6170044.814820895
 10
6369967.933105982
 20
6170044.890061853
 10
6369965.993646821
 20
6170045.016952579
 10
6369965.600208744
 20
6170045.0382939745
 10
6369965.619247594
 20
6170045.3126427885
 10
6369965.910562254
 20
6170049.50415388
 10
6369966.080941557
 20
6170051.96442626
 10
6369966.219045751
 20
6170053.960034808
 10
6369966.29947527
 20
6170055.120561126
 10
6369971.6789670745
 20
6170054.7586173555
  0
LWPOLYLINE
  5
FF
330
17
100
AcDbEntity
  8
tejido
100
AcDbPolyline
 90
9
 70
0
 10
6369966.452293838
 20
6170057.3266540365
 10
6369966.29947527
 20
6170055.120561126
 10
6369966.219043094
 20
6170053.960217932
 10
6369966.080938902
 20
6170051.964609382
 10
6369965.081791361
 20
6170052.023140659
 10
6369965.219895555
 20
6170054.018749213
 10
6369963.401814427
 20
6170054.124443809
 10
6369963.572249471
 20
6170057.544978908
 10
6369966.452293838
 20
6170057.3266540365
  0
LWPOLYLINE
  5
100
330
17
100
AcDbEntity
  8
tejido
100
AcDbPolyline
 90
12
 70
0
 10
6369956.162345477
 20
6170026.836131995
 10
6369954.059645052
 20
6170027.003881705
 10
6369954.0340761
 20
6170026.683036918
 10
6369953.30100472
 20
6170026.7414582465
 10
6369952.569335522
 20
6170026.800022018
 10
6369952.289273809
 20
6170023.293458865
 10
6369948.08771761
 20
6170023.62907506
 10
6369948.418918419
 20
6170027.650945478
 10
6369948.596125563
 20
6170029.804580256
 10
6369955.094092547
 20
6170029.285401895
 10
6369956.350517018
 20
6170029.185177354
 10
6369956.162345477
 20
6170026.836131995
  0
LWPOLYLINE
  5
101
330
17
100
AcDbEntity
  8
tejido
100
AcDbPolyline
 90
6
 70
0
 10
6369954.438112264
 20
6170005.2730575865
 10
6369954.279853749
 20
6170003.28714074
 10
6369950.454977801
 20
6170003.540768587
 10
6369950.579421359
 20
6170005.513190993
 10
6369952.461718454
 20
6170005.395442927
 10
6369954.438112264
 20
6170005.2730575865
  0
LWPOLYLINE
  5
102
330
17
100
AcDbEntity
  8
tejido
100
AcDbPolyline
 90
11
 70
0
 10
6369957.947260246
 20
6170049.137662954
 10
6369957.679748354
 20
6170045.788740907
 10
6369957.64917272
 20
6170045.413179925
 10
6369956.373631351
 20
6170045.547561918
 10
6369951.9116852945
 20
6170046.013233243
 10
6369952.109171298
 20
6170047.913664642
 10
6369952.165016611
 20
6170048.4496764485
 10
6369953.510665498
 20
6170048.30990044
 10
6369954.843611955
 20
6170049.462825934
 10
6369955.341467503
 20
6170049.411006347
 10
6369957.947260246
 20
6170049.137662954
  0
LWPOLYLINE
  5
103
330
17
100
AcDbEntity
  8
tejido
100
AcDbPolyline
 90
15
 70
0
 10
6369948.084656155
 20
6170023.591787539
 10
6369947.746185254
 20
6170019.477619695
 10
6369947.401652461
 20
6170015.297303183
 10
6369946.455953092
 20
6170003.805991604
 10
6369937.748904374
 20
6170004.38092902
 10
6369937.809876341
 20
6170005.279128248
 10
6369923.6122556785
 20
6170006.259577971
 10
6369923.734841515
 20
6170007.531773595
 10
6369923.955781316
 20
6170009.814684192
 10
6369924.384099524
 20
6170014.246294515
 10
6369925.196819709
 20
6170022.656099561
 10
6369925.258778766
 20
6170023.296786099
 10
6369937.919361173
 20
6170022.012951291
 10
6369938.128649528
 20
6170024.547785988
 10
6369948.084656155
 20
6170023.591787539
  0
LWPOLYLINE
  5
104
330
17
100
AcDbEntity
  8
tejido
100
AcDbPolyline
 90
9
 70
0
 10
6369933.351395935
 20
6170029.906100413
 10
6369933.28332413
 20
6170029.081855127
 10
6369938.46115403
 20
6170028.584765135
 10
6369938.128577667
 20
6170024.547677977
 10
6369937.919260905
 20
6170022.012848732
 10
6369925.258678697
 20
6170023.296703567
 10
6369925.817943308
 20
6170029.084626275
 10
6369925.946712331
 20
6170030.41390989
 10
6369933.351395935
 20
6170029.906100413
  0
LWPOLYLINE
  5
105
330
17
100
AcDbEntity
  8
tejido
100
AcDbPolyline
 90
26
 70
0
 10
6369945.660756928
 20
6170065.606865764
 10
6369944.460278891
 20
6170052.713410868
 10
6369941.7393632755
 20
6170052.92604529
 10
6369941.10391908
 20
6170044.804240496
 10
6369942.286590392
 20
6170044.712409732
 10
6369946.222372749
 20
6170044.402367141
 10
6369946.329073248
 20
6170045.734287602
 10
6369949.875769117
 20
6170045.347596316
 10
6369949.573907176
 20
6170041.677091495
 10
6369948.921112479
 20
6170033.745524663
 10
6369948.755347896
 20
6170031.737487159
 10
6369948.596125563
 20
6170029.804580256
 10
6369948.418918419
 20
6170027.650945478
 10
6369948.084656155
 20
6170023.591787539
 10
6369938.128649528
 20
6170024.547785988
 10
6369938.461217017
 20
6170028.584878878
 10
6369933.283381338
 20
6170029.081929223
 10
6369933.351470265
 20
6170029.9061728055
 10
6369938.602353604
 20
6170029.546210763
 10
6369938.891710657
 20
6170032.563375518
 10
6369940.84851756
 20
6170052.964106566
 10
6369928.209976122
 20
6170053.831139324
 10
6369928.416150951
 20
6170055.961810525
 10
6369929.073603812
 20
6170062.763879816
 10
6369929.464292102
 20
6170066.805417848
 10
6369945.660756928
 20
6170065.606865764
  0
LWPOLYLINE
  5
106
330
17
100
AcDbEntity
  8
tejido
100
AcDbPolyline
 90
11
 70
0
 10
6369951.507786339
 20
6170065.174378438
 10
6369950.230348497
 20
6170049.65699486
 10
6369946.661411307
 20
6170049.989358446
 10
6369946.328996129
 20
6170045.734205405
 10
6369946.222272829
 20
6170044.4022406535
 10
6369942.286544251
 20
6170044.712279624
 10
6369941.103841415
 20
6170044.804162199
 10
6369941.739295565
 20
6170052.925920733
 10
6369944.460230994
 20
6170052.713300763
 10
6369945.660685237
 20
6170065.606746031
 10
6369951.507786339
 20
6170065.174378438
  0
LWPOLYLINE
  5
107
330
17
100
AcDbEntity
  8
tejido
100
AcDbPolyline
 90
6
 70
0
 10
6369950.230395967
 20
6170049.657066863
 10
6369949.947397174
 20
6170046.218292434
 10
6369949.875769117
 20
6170045.347596316
 10
6369946.329073248
 20
6170045.734287602
 10
6369946.661470018
 20
6170049.989463824
 10
6369950.230395967
 20
6170049.657066863
  0
LWPOLYLINE
  5
108
330
17
100
AcDbEntity
  8
tejido
100
AcDbPolyline
 90
24
 70
0
 10
6369923.800348449
 20
6170026.426648172
 10
6369922.323876945
 20
6170026.565259548
 10
6369922.693118099
 20
6170030.498481639
 10
6369921.451047814
 20
6170030.615093755
 10
6369921.763049332
 20
6170033.9358437825
 10
6369923.112110369
 20
6170033.809182923
 10
6369923.283467735
 20
6170035.633650369
 10
6369922.07123172
 20
6170035.747520341
 10
6369922.140725405
 20
6170036.487529389
 10
6369917.66564207
 20
6170036.907585724
 10
6369918.090821746
 20
6170041.071488525
 10
6369918.1837830525
 20
6170041.974120239
 10
6369918.6250922335
 20
6170046.293029588
 10
6369920.884339084
 20
6170046.074554828
 10
6369920.913229281
 20
6170046.372674559
 10
6369922.906700426
 20
6170046.179895796
 10
6369922.96877011
 20
6170046.821377643
 10
6369924.195297824
 20
6170046.70295265
 10
6369924.059775785
 20
6170045.29973008
 10
6369923.828127113
 20
6170042.900599993
 10
6369922.541071858
 20
6170043.024802114
 10
6369922.112848793
 20
6170038.590812074
 10
6369924.9487036
 20
6170038.3168365825
 10
6369923.800348449
 20
6170026.426648172
  0
LWPOLYLINE
  5
109
330
17
100
AcDbEntity
  8
tejido
100
AcDbPolyline
 90
9
 70
0
 10
6369914.935099896
 20
6170048.565960554
 10
6369914.078815747
 20
6170041.531340702
 10
6369910.869480225
 20
6170041.898928609
 10
6369909.825414541
 20
6170042.01882986
 10
6369910.446158698
 20
6170048.3958288515
 10
6369910.51676804
 20
6170049.114077742
 10
6369911.766796996
 20
6170049.001164607
 10
6369914.051528739
 20
6170048.724200615
 10
6369914.935099896
 20
6170048.565960554
  0
LWPOLYLINE
  5
10A
330
17
100
AcDbEntity
  8
tejido
100
AcDbPolyline
 90
11
 70
0
 10
6369918.809200456
 20
6170048.0971066635
 10
6369918.6250922335
 20
6170046.293029588
 10
6369918.1837830525
 20
6170041.974120239
 10
6369918.090821746
 20
6170041.071488525
 10
6369917.060771466
 20
6170041.189587997
 10
6369916.923109567
 20
6170040.060223952
 10
6369910.765954069
 20
6170040.764150013
 10
6369910.869529126
 20
6170041.899003073
 10
6369914.0788675975
 20
6170041.531413741
 10
6369914.935159277
 20
6170048.566053241
 10
6369918.809200456
 20
6170048.0971066635
  0
LWPOLYLINE
  5
10B
330
17
100
AcDbEntity
  8
tejido
100
AcDbPolyline
 90
13
 70
0
 10
6369920.78729427
 20
6170067.446853662
 10
6369920.394475646
 20
6170063.602734229
 10
6369920.060180807
 20
6170060.333068645
 10
6369916.027665711
 20
6170060.766747866
 10
6369915.840747523
 20
6170058.411248636
 10
6369911.460474951
 20
6170058.814913448
 10
6369911.854930927
 20
6170062.8618791355
 10
6369911.9123335965
 20
6170063.458906845
 10
6369912.361618258
 20
6170068.069893579
 10
6369912.59191285
 20
6170068.053207492
 10
6369915.545038488
 20
6170067.834965429
 10
6369919.918107359
 20
6170067.511238215
 10
6369920.78729427
 20
6170067.446853662
  0
LWPOLYLINE
  5
10C
330
17
100
AcDbEntity
  8
tejido
100
AcDbPolyline
 90
12
 70
0
 10
6369902.108575694
 20
6170063.568713317
 10
6369901.831019653
 20
6170059.462401663
 10
6369901.479277691
 20
6170054.2636718955
 10
6369901.312036876
 20
6170051.79347263
 10
6369899.414433354
 20
6170051.9320056215
 10
6369899.472967669
 20
6170052.793124289
 10
6369899.581746691
 20
6170054.397204385
 10
6369899.68975767
 20
6170055.985268325
 10
6369899.7582192365
 20
6170056.989575816
 10
6369899.93457578
 20
6170059.589948071
 10
6369900.213972494
 20
6170063.707289894
 10
6369902.108575694
 20
6170063.568713317
  0
LWPOLYLINE
  5
10D
330
17
100
AcDbEntity
  8
tejido
100
AcDbPolyline
 90
10
 70
0
 10
6369903.247413431
 20
6170064.087386203
 10
6369903.235892082
 20
6170063.916165474
 10
6369903.206081345
 20
6170063.488599208
 10
6369902.108575694
 20
6170063.568713317
 10
6369900.213972494
 20
6170063.707289894
 10
6369900.227899514
 20
6170063.919558372
 10
6369900.25430448
 20
6170064.306062393
 10
6369902.372206303
 20
6170064.151718121
 10
6369903.030100928
 20
6170064.104241015
 10
6369903.247413431
 20
6170064.087386203
  0
LWPOLYLINE
  5
10E
330
17
100
AcDbEntity
  8
tejido
100
AcDbPolyline
 90
5
 70
0
 10
6369906.744168996
 20
6170063.835001029
 10
6369905.428379762
 20
6170063.929955243
 10
6369905.621555299
 20
6170065.922380619
 10
6369906.937344533
 20
6170065.827426402
 10
6369906.744168996
 20
6170063.835001029
  0
LWPOLYLINE
  5
10F
330
17
100
AcDbEntity
  8
tejido
100
AcDbPolyline
 90
5
 70
0
 10
6369910.51676804
 20
6170049.114077742
 10
6369910.446158698
 20
6170048.3958288515
 10
6369908.547961228
 20
6170048.506344422
 10
6369908.615874834
 20
6170049.203547636
 10
6369910.51676804
 20
6170049.114077742
  0
LWPOLYLINE
  5
110
330
17
100
AcDbEntity
  8
tejido
100
AcDbPolyline
 90
11
 70
0
 10
6369911.854880801
 20
6170062.86178805
 10
6369911.460428074
 20
6170058.814800427
 10
6369911.373412874
 20
6170057.917257473
 10
6369910.9529020665
 20
6170053.597806621
 10
6369910.864147736
 20
6170052.682232797
 10
6369910.51676804
 20
6170049.114077742
 10
6369908.615874834
 20
6170049.203547636
 10
6369909.056371227
 20
6170053.731353607
 10
6369909.562984158
 20
6170058.942332322
 10
6369909.958277455
 20
6170063.0003356105
 10
6369911.854880801
 20
6170062.86178805
  0
LWPOLYLINE
  5
111
330
17
100
AcDbEntity
  8
tejido
100
AcDbPolyline
 90
9
 70
0
 10
6369911.912243547
 20
6170063.458806874
 10
6369911.854880801
 20
6170062.86178805
 10
6369909.958277455
 20
6170063.0003356105
 10
6369908.860771828
 20
6170063.080449716
 10
6369908.8851633575
 20
6170063.329881551
 10
6369908.91913468
 20
6170063.677483053
 10
6369909.387777698
 20
6170063.643266446
 10
6369910.019640614
 20
6170063.597412455
 10
6369911.912243547
 20
6170063.458806874
  0
LWPOLYLINE
  5
112
330
17
100
AcDbEntity
  8
tejido
100
AcDbPolyline
 90
16
 70
0
 10
6369899.68975767
 20
6170055.985268325
 10
6369899.581746691
 20
6170054.397204385
 10
6369899.472967669
 20
6170052.793124289
 10
6369899.414433354
 20
6170051.9320056215
 10
6369899.405433701
 20
6170051.793831816
 10
6369894.44639568
 20
6170052.103035278
 10
6369889.416248709
 20
6170052.418209729
 10
6369889.483811688
 20
6170053.415502027
 10
6369889.696557778
 20
6170056.610588465
 10
6369891.0942685455
 20
6170056.522824186
 10
6369891.168976021
 20
6170057.648260249
 10
6369891.226379721
 20
6170058.518365365
 10
6369898.428173028
 20
6170058.067631641
 10
6369898.362233152
 20
6170057.096371064
 10
6369898.292046944
 20
6170056.073032596
 10
6369899.68975767
 20
6170055.985268325
  0
LWPOLYLINE
  5
113
330
17
100
AcDbEntity
  8
tejido
100
AcDbPolyline
 90
45
 70
0
 10
6369884.952325176
 20
6170039.243687827
 10
6369886.248367244
 20
6170039.089210985
 10
6369887.664462983
 20
6170038.920662107
 10
6369887.3805268165
 20
6170036.493787443
 10
6369887.084149816
 20
6170033.960681029
 10
6369888.676656638
 20
6170033.756714722
 10
6369888.5860739555
 20
6170032.690064489
 10
6369893.105251976
 20
6170032.1554381605
 10
6369893.205475213
 20
6170033.17619324
 10
6369894.82398217
 20
6170032.968635469
 10
6369895.077412558
 20
6170035.495074631
 10
6369895.322956931
 20
6170037.946424739
 10
6369898.438741409
 20
6170037.546463114
 10
6369903.709283676
 20
6170036.866617217
 10
6369903.755695502
 20
6170036.491195773
 10
6369903.42882019
 20
6170033.926631618
 10
6369908.052676603
 20
6170033.343519881
 10
6369908.276613647
 20
6170035.836561895
 10
6369908.657104917
 20
6170036.089105514
 10
6369909.239608628
 20
6170035.99754608
 10
6369917.392671788
 20
6170034.23817948
 10
6369917.253123582
 20
6170032.754734186
 10
6369917.077221309
 20
6170030.881601568
 10
6369911.399437891
 20
6170031.570499788
 10
6369911.136258777
 20
6170029.0258473065
 10
6369916.841624703
 20
6170028.367387856
 10
6369916.442000434
 20
6170024.950488669
 10
6369907.389747687
 20
6170025.946579615
 10
6369907.680953762
 20
6170028.764673419
 10
6369902.888019769
 20
6170029.416400317
 10
6369902.641672417
 20
6170026.468911346
 10
6369894.375895266
 20
6170027.37835472
 10
6369894.585291498
 20
6170030.116257959
 10
6369887.561648303
 20
6170030.90469434
 10
6369887.351493162
 20
6170028.15176067
 10
6369880.0415191045
 20
6170028.956070446
 10
6369879.245994765
 20
6170029.043563763
 10
6369879.264946852
 20
6170029.323894721
 10
6369879.46076484
 20
6170032.307650046
 10
6369879.527291616
 20
6170033.306974875
 10
6369879.691969648
 20
6170035.815153972
 10
6369879.757535705
 20
6170036.813365889
 10
6369879.944480264
 20
6170039.646982084
 10
6369879.956740753
 20
6170039.83722195
 10
6369884.952325176
 20
6170039.243687827
  0
LWPOLYLINE
  5
114
330
17
100
AcDbEntity
  8
tejido
100
AcDbPolyline
 90
5
 70
0
 10
6369893.20539961
 20
6170033.176107644
 10
6369893.105166868
 20
6170032.155334356
 10
6369888.5859982595
 20
6170032.689985244
 10
6369888.676562909
 20
6170033.75663277
 10
6369893.20539961
 20
6170033.176107644
  0
LWPOLYLINE
  5
115
330
17
100
AcDbEntity
  8
tejido
100
AcDbPolyline
 90
5
 70
0
 10
6369880.041452467
 20
6170028.955939067
 10
6369878.729822119
 20
6170009.036675091
 10
6369877.929347745
 20
6170009.052074959
 10
6369879.245934461
 20
6170029.043433453
 10
6369880.041452467
 20
6170028.955939067
  0
LWPOLYLINE
  5
116
330
17
100
AcDbEntity
  8
tejido
100
AcDbPolyline
 90
11
 70
0
 10
6369887.35140552
 20
6170028.151663179
 10
6369892.98315392
 20
6170027.532115414
 10
6369892.103062337
 20
6170013.65500369
 10
6369892.1035271
 20
6170013.553978742
 10
6369892.112805724
 20
6170010.224068833
 10
6369891.001820704
 20
6170010.2679759795
 10
6369890.954177458
 20
6170008.79382289
 10
6369886.011200871
 20
6170008.892192381
 10
6369878.729822119
 20
6170009.036675091
 10
6369880.041452467
 20
6170028.955939067
 10
6369887.35140552
 20
6170028.151663179
  0
LWPOLYLINE
  5
117
330
17
100
AcDbEntity
  8
tejido
100
AcDbPolyline
 90
13
 70
0
 10
6369916.441939515
 20
6170024.950400843
 10
6369916.459353182
 20
6170024.301449811
 10
6369916.064235752
 20
6170020.093402051
 10
6369915.684640119
 20
6170016.056633016
 10
6369915.152507762
 20
6170010.398144026
 10
6369914.931565009
 20
6170008.04420275
 10
6369911.456595512
 20
6170008.17386463
 10
6369909.95730939
 20
6170008.230146205
 10
6369906.495341177
 20
6170008.359996637
 10
6369907.09501499
 20
6170017.293492027
 10
6369907.018020238
 20
6170017.429418413
 10
6369907.389660115
 20
6170025.946477236
 10
6369916.441939515
 20
6170024.950400843
  0
LWPOLYLINE
  5
118
330
17
100
AcDbEntity
  8
tejido
100
AcDbPolyline
 90
12
 70
0
 10
6369878.729822119
 20
6170009.036675091
 10
6369886.011200871
 20
6170008.892192381
 10
6369885.97732271
 20
6170004.81342184
 10
6369885.97092379
 20
6170004.013078025
 10
6369885.980511002
 20
6170000.248036036
 10
6369878.040268414
 20
6170000.230915876
 10
6369877.3480662815
 20
6170000.22988025
 10
6369877.399803432
 20
6170001.007874374
 10
6369877.545623669
 20
6170003.230685717
 10
6369877.887537791
 20
6170008.417269676
 10
6369877.929347745
 20
6170009.052074959
 10
6369878.729822119
 20
6170009.036675091
  0
LWPOLYLINE
  5
119
330
17
100
AcDbEntity
  8
tejido
100
AcDbPolyline
 90
11
 70
0
 10
6369906.495341177
 20
6170008.359996637
 10
6369909.95730939
 20
6170008.230146205
 10
6369909.94266632
 20
6170007.101580004
 10
6369909.860991295
 20
6170000.938463209
 10
6369909.85201073
 20
6170000.316137856
 10
6369909.541935177
 20
6170000.314642023
 10
6369899.580368217
 20
6170000.276210734
 10
6369899.482472533
 20
6170003.508805304
 10
6369903.133430058
 20
6170003.521739598
 10
6369903.041388258
 20
6170008.4889630005
 10
6369906.495341177
 20
6170008.359996637
  0
LWPOLYLINE
  5
11A
330
17
100
AcDbEntity
  8
tejido
100
AcDbPolyline
 90
8
 70
0
 10
6369911.853522129
 20
6170000.32415757
 10
6369910.555184919
 20
6170000.319333227
 10
6369909.85201073
 20
6170000.316137856
 10
6369909.860991295
 20
6170000.938463209
 10
6369910.90396922
 20
6170000.893569852
 10
6369910.986158164
 20
6170004.813990794
 10
6369911.914268585
 20
6170004.8264501
 10
6369911.853522129
 20
6170000.32415757
  0
LWPOLYLINE
  5
11B
330
17
100
AcDbEntity
  8
tejido
100
AcDbPolyline
 90
7
 70
0
 10
6369911.015235184
 20
6170006.188843478
 10
6369910.986158164
 20
6170004.813990794
 10
6369910.90396922
 20
6170000.893569852
 10
6369909.860991295
 20
6170000.938463209
 10
6369909.94266632
 20
6170007.101580004
 10
6369911.034504271
 20
6170007.067398339
 10
6369911.015235184
 20
6170006.188843478
  0
LWPOLYLINE
  5
11C
330
17
100
AcDbEntity
  8
tejido
100
AcDbPolyline
 90
7
 70
0
 10
6369911.456595512
 20
6170008.17386463
 10
6369911.4305826565
 20
6170006.173860331
 10
6369911.015235184
 20
6170006.188843478
 10
6369911.034504271
 20
6170007.067398339
 10
6369909.94266632
 20
6170007.101580004
 10
6369909.95730939
 20
6170008.230146205
 10
6369911.456595512
 20
6170008.17386463
  0
LWPOLYLINE
  5
11D
330
17
100
AcDbEntity
  8
tejido
100
AcDbPolyline
 90
15
 70
0
 10
6369885.980511002
 20
6170000.248036036
 10
6369889.087397922
 20
6170000.254080466
 10
6369893.387611239
 20
6170000.26342635
 10
6369894.507930117
 20
6170000.265669034
 10
6369894.482555311
 20
6169996.704184125
 10
6369894.457280116
 20
6169993.342763409
 10
6369894.431122845
 20
6169989.766262442
 10
6369876.660195131
 20
6169989.790632929
 10
6369876.725714188
 20
6169990.790896589
 10
6369876.937372501
 20
6169993.99196932
 10
6369877.070888824
 20
6169996.02854387
 10
6369877.282547191
 20
6169999.2296165945
 10
6369877.3480662815
 20
6170000.22988025
 10
6369878.040268414
 20
6170000.230915876
 10
6369885.980511002
 20
6170000.248036036
  0
LWPOLYLINE
  5
11E
330
17
100
AcDbEntity
  8
tejido
100
AcDbPolyline
 90
5
 70
0
 10
6369885.954645379
 20
6169993.409515998
 10
6369891.196637738
 20
6169993.385505114
 10
6369891.202406603
 20
6169996.436545719
 10
6369885.960269203
 20
6169996.470557691
 10
6369885.954645379
 20
6169993.409515998
  0
LWPOLYLINE
  5
11F
330
17
100
AcDbEntity
  8
tejido
100
AcDbPolyline
 90
13
 70
0
 10
6369899.519347407
 20
6170000.276326113
 10
6369899.551341089
 20
6169996.6906653885
 10
6369897.320559363
 20
6169996.696326061
 10
6369897.319312542
 20
6169995.195837381
 10
6369897.318735509
 20
6169993.373257394
 10
6369901.509400804
 20
6169993.418026297
 10
6369904.98994913
 20
6169993.455497874
 10
6369904.993651231
 20
6169989.751389905
 10
6369894.431122845
 20
6169989.766262442
 10
6369894.457280116
 20
6169993.342763409
 10
6369894.482555311
 20
6169996.704184125
 10
6369894.507930117
 20
6170000.265669034
 10
6369899.519347407
 20
6170000.276326113
  0
LWPOLYLINE
  5
120
330
17
100
AcDbEntity
  8
tejido
100
AcDbPolyline
 90
5
 70
0
 10
6369899.551341089
 20
6169996.6906653885
 10
6369899.565095818
 20
6169995.190394275
 10
6369897.319312542
 20
6169995.195837381
 10
6369897.320559363
 20
6169996.696326061
 10
6369899.551341089
 20
6169996.6906653885
  0
LWPOLYLINE
  5
121
330
17
100
AcDbEntity
  8
tejido
100
AcDbPolyline
 90
15
 70
0
 10
6369899.580368217
 20
6170000.276210734
 10
6369909.541935177
 20
6170000.314642023
 10
6369909.528095538
 20
6169996.992399549
 10
6369910.540925326
 20
6169996.957072127
 10
6369910.532697355
 20
6169993.385832935
 10
6369909.511301749
 20
6169993.391026712
 10
6369909.495160669
 20
6169989.744649224
 10
6369909.352116881
 20
6169989.744575397
 10
6369904.993651231
 20
6169989.751389905
 10
6369904.98994913
 20
6169993.455497874
 10
6369901.509400804
 20
6169993.418026297
 10
6369901.502021328
 20
6169996.685944198
 10
6369899.551341089
 20
6169996.6906653885
 10
6369899.519347407
 20
6170000.276326113
 10
6369899.580368217
 20
6170000.276210734
  0
LWPOLYLINE
  5
122
330
17
100
AcDbEntity
  8
tejido
100
AcDbPolyline
 90
6
 70
0
 10
6369909.85201073
 20
6170000.316137856
 10
6369910.555184919
 20
6170000.319333227
 10
6369910.540925326
 20
6169996.957072127
 10
6369909.528095538
 20
6169996.992399549
 10
6369909.541935177
 20
6170000.314642023
 10
6369909.85201073
 20
6170000.316137856
  0
LWPOLYLINE
  5
123
330
17
100
AcDbEntity
  8
tejido
100
AcDbPolyline
 90
8
 70
0
 10
6369922.311271117
 20
6170000.291760122
 10
6369921.902140909
 20
6169991.186973873
 10
6369921.714236733
 20
6169989.727792167
 10
6369918.419142175
 20
6169989.732022273
 10
6369918.758835648
 20
6169995.209664625
 10
6369917.618050675
 20
6169995.239135153
 10
6369917.853243633
 20
6170000.404164475
 10
6369922.311271117
 20
6170000.291760122
  0
LWPOLYLINE
  5
124
330
17
100
AcDbEntity
  8
tejido
100
AcDbPolyline
 90
7
 70
0
 10
6369893.9883166775
 20
6169969.119366979
 10
6369893.800346657
 20
6169966.974969254
 10
6369887.86987773
 20
6169966.947982323
 10
6369884.728103208
 20
6169966.933429092
 10
6369884.776986336
 20
6169969.080811369
 10
6369889.608211123
 20
6169969.100859523
 10
6369893.9883166775
 20
6169969.119366979
  0
LWPOLYLINE
  5
125
330
17
100
AcDbEntity
  8
tejido
100
AcDbPolyline
 90
6
 70
0
 10
6369915.546168693
 20
6169958.766660885
 10
6369914.4428516505
 20
6169958.76466461
 10
6369910.355675153
 20
6169958.757407348
 10
6369910.654241228
 20
6169961.8977206675
 10
6369915.675470734
 20
6169961.921524762
 10
6369915.546168693
 20
6169958.766660885
  0
LWPOLYLINE
  5
126
330
17
100
AcDbEntity
  8
tejido
100
AcDbPolyline
 90
14
 70
0
 10
6369884.65028968
 20
6169958.710721696
 10
6369884.673742418
 20
6169955.576078443
 10
6369887.39905396
 20
6169955.544579553
 10
6369887.350925076
 20
6169954.862667898
 10
6369884.942979911
 20
6169954.875762119
 10
6369884.965917836
 20
6169951.017884541
 10
6369877.321531803
 20
6169951.01705747
 10
6369877.324049664
 20
6169948.429282185
 10
6369874.937599724
 20
6169948.408677415
 10
6369873.934408913
 20
6169948.400130664
 10
6369873.973711563
 20
6169949.000888931
 10
6369874.573092288
 20
6169958.092430753
 10
6369874.612409462
 20
6169958.692188916
 10
6369884.65028968
 20
6169958.710721696
  0
LWPOLYLINE
  5
127
330
17
100
AcDbEntity
  8
tejido
100
AcDbPolyline
 90
15
 70
0
 10
6369889.403015333
 20
6169955.521625364
 10
6369889.355712507
 20
6169954.851729457
 10
6369889.114662001
 20
6169951.47017409
 10
6369885.992875059
 20
6169951.4569108775
 10
6369885.9835610045
 20
6169950.857587852
 10
6369885.945681133
 20
6169948.503300201
 10
6369884.575423387
 20
6169948.491430737
 10
6369881.104774339
 20
6169948.461104403
 10
6369877.324049664
 20
6169948.429282185
 10
6369877.321531803
 20
6169951.01705747
 10
6369884.965917836
 20
6169951.017884541
 10
6369884.942979911
 20
6169954.875762119
 10
6369887.350925076
 20
6169954.862667898
 10
6369887.39905396
 20
6169955.544579553
 10
6369889.403015333
 20
6169955.521625364
  0
LWPOLYLINE
  5
128
330
17
100
AcDbEntity
  8
tejido
100
AcDbPolyline
 90
8
 70
0
 10
6369887.482104656
 20
6169958.715778308
 10
6369889.6307184305
 20
6169958.719929739
 10
6369889.449579127
 20
6169956.173504904
 10
6369889.403015333
 20
6169955.521625364
 10
6369887.39905396
 20
6169955.544579553
 10
6369884.673742418
 20
6169955.576078443
 10
6369884.65028968
 20
6169958.710721696
 10
6369887.482104656
 20
6169958.715778308
  0
LWPOLYLINE
  5
129
330
17
100
AcDbEntity
  8
tejido
100
AcDbPolyline
 90
7
 70
0
 10
6369889.114662001
 20
6169951.47017409
 10
6369889.072344534
 20
6169950.8703724425
 10
6369888.905248267
 20
6169948.528215267
 10
6369885.945681133
 20
6169948.503300201
 10
6369885.9835610045
 20
6169950.857587852
 10
6369885.992875059
 20
6169951.4569108775
 10
6369889.114662001
 20
6169951.47017409
  0
LWPOLYLINE
  5
12A
330
17
100
AcDbEntity
  8
tejido
100
AcDbPolyline
 90
16
 70
0
 10
6369933.878093019
 20
6169933.233428047
 10
6369933.438916321
 20
6169928.821677761
 10
6369933.046928411
 20
6169924.880759217
 10
6369932.9229276385
 20
6169923.636571388
 10
6369932.351996738
 20
6169917.894493826
 10
6369932.234155488
 20
6169916.708413511
 10
6369931.661500087
 20
6169910.947304951
 10
6369931.037221241
 20
6169904.6762880655
 10
6369931.022380581
 20
6169904.52702611
 10
6369931.007539921
 20
6169904.377764151
 10
6369930.46633421
 20
6169898.93121012
 10
6369922.542080615
 20
6169898.846297837
 10
6369924.423082965
 20
6169917.096290827
 10
6369925.229858643
 20
6169924.923441558
 10
6369926.141794914
 20
6169933.776438494
 10
6369933.878093019
 20
6169933.233428047
  0
LWPOLYLINE
  5
12B
330
17
100
AcDbEntity
  8
tejido
100
AcDbPolyline
 90
20
 70
0
 10
6369877.324049664
 20
6169948.429282185
 10
6369881.104774339
 20
6169948.461104403
 10
6369881.054247871
 20
6169945.392409262
 10
6369878.759576082
 20
6169945.320118841
 10
6369878.776538976
 20
6169944.84021422
 10
6369877.046505018
 20
6169944.805121483
 10
6369877.07681148
 20
6169943.405121677
 10
6369878.756985304
 20
6169943.429488193
 10
6369878.764382283
 20
6169942.919435432
 10
6369881.099899434
 20
6169942.934300028
 10
6369881.220130307
 20
6169939.817065269
 10
6369880.540204997
 20
6169939.797201589
 10
6369877.120561844
 20
6169939.698593212
 10
6369873.35394076
 20
6169939.590951568
 10
6369873.393243393
 20
6169940.19170984
 10
6369873.802385482
 20
6169946.398588702
 10
6369873.895106264
 20
6169947.799372393
 10
6369873.934408913
 20
6169948.400130664
 10
6369874.937599724
 20
6169948.408677415
 10
6369877.324049664
 20
6169948.429282185
  0
LWPOLYLINE
  5
12C
330
17
100
AcDbEntity
  8
tejido
100
AcDbPolyline
 90
18
 70
0
 10
6369884.575423387
 20
6169948.491430737
 10
6369884.64483416
 20
6169945.7055631755
 10
6369888.705008213
 20
6169945.71242901
 10
6369888.48891356
 20
6169942.679344736
 10
6369884.720074188
 20
6169942.655697318
 10
6369884.079862944
 20
6169942.656415866
 10
6369884.189828391
 20
6169939.902146171
 10
6369881.220130307
 20
6169939.817065269
 10
6369881.099899434
 20
6169942.934300028
 10
6369878.764382283
 20
6169942.919435432
 10
6369878.756985304
 20
6169943.429488193
 10
6369877.07681148
 20
6169943.405121677
 10
6369877.046505018
 20
6169944.805121483
 10
6369878.776538976
 20
6169944.84021422
 10
6369878.759576082
 20
6169945.320118841
 10
6369881.054247871
 20
6169945.392409262
 10
6369881.104774339
 20
6169948.461104403
 10
6369884.575423387
 20
6169948.491430737
  0
LWPOLYLINE
  5
12D
330
17
100
AcDbEntity
  8
tejido
100
AcDbPolyline
 90
7
 70
0
 10
6369877.153864068
 20
6169931.263429886
 10
6369872.808007693
 20
6169931.297434896
 10
6369872.847324811
 20
6169931.897193066
 10
6369873.314652633
 20
6169938.989193196
 10
6369873.35394076
 20
6169939.590951568
 10
6369877.120561844
 20
6169939.698593212
 10
6369877.153864068
 20
6169931.263429886
  0
LWPOLYLINE
  5
12E
330
17
100
AcDbEntity
  8
tejido
100
AcDbPolyline
 90
13
 70
0
 10
6369881.840184207
 20
6169936.377975914
 10
6369881.752084897
 20
6169935.210332386
 10
6369881.829069183
 20
6169934.661276261
 10
6369887.917134622
 20
6169934.6505368035
 10
6369887.669345355
 20
6169931.181856373
 10
6369883.905737886
 20
6169931.211301319
 10
6369881.805839063
 20
6169931.227862453
 10
6369878.264341514
 20
6169931.25452665
 10
6369877.153864068
 20
6169931.263429886
 10
6369877.120561844
 20
6169939.698593212
 10
6369880.540204997
 20
6169939.797201589
 10
6369880.53984666
 20
6169936.373122286
 10
6369881.840184207
 20
6169936.377975914
  0
LWPOLYLINE
  5
12F
330
17
100
AcDbEntity
  8
tejido
100
AcDbPolyline
 90
8
 70
0
 10
6369888.070854331
 20
6169936.811443217
 10
6369887.917134622
 20
6169934.6505368035
 10
6369881.829069183
 20
6169934.661276261
 10
6369881.752084897
 20
6169935.210332386
 10
6369881.840184207
 20
6169936.377975914
 10
6369885.081041517
 20
6169936.388964832
 10
6369885.084095848
 20
6169936.799137776
 10
6369888.070854331
 20
6169936.811443217
  0
LWPOLYLINE
  5
130
330
17
100
AcDbEntity
  8
tejido
100
AcDbPolyline
 90
5
 70
0
 10
6369888.070854331
 20
6169936.811443217
 10
6369885.084095848
 20
6169936.799137776
 10
6369885.109735008
 20
6169939.928491093
 10
6369888.299412295
 20
6169940.019763157
 10
6369888.070854331
 20
6169936.811443217
  0
LWPOLYLINE
  5
131
330
17
100
AcDbEntity
  8
tejido
100
AcDbPolyline
 90
25
 70
0
 10
6369877.03681908
 20
6169912.226761099
 10
6369882.8330719685
 20
6169912.196785378
 10
6369883.002132963
 20
6169912.196236241
 10
6369882.939614477
 20
6169911.196016097
 10
6369882.8306345
 20
6169909.467894025
 10
6369886.112004919
 20
6169909.306416488
 10
6369886.0337900445
 20
6169908.215940481
 10
6369883.908003903
 20
6169908.293145166
 10
6369883.938145327
 20
6169908.973795663
 10
6369881.435566066
 20
6169909.0975522315
 10
6369881.37368106
 20
6169908.536479023
 10
6369880.423292698
 20
6169908.542702298
 10
6369876.473319141
 20
6169908.455408415
 10
6369876.33727971
 20
6169906.592851827
 10
6369880.279252441
 20
6169906.6800297
 10
6369880.149443689
 20
6169905.008623429
 10
6369880.145341378
 20
6169903.567111758
 10
6369881.555893362
 20
6169903.559559517
 10
6369881.220488629
 20
6169898.407080542
 10
6369875.059503199
 20
6169898.341738211
 10
6369870.92482922
 20
6169902.713165229
 10
6369871.078909293
 20
6169905.056134126
 10
6369875.087469754
 20
6169905.035243505
 10
6369875.561245847
 20
6169912.234370724
 10
6369877.03681908
 20
6169912.226761099
  0
LWPOLYLINE
  5
132
330
17
100
AcDbEntity
  8
tejido
100
AcDbPolyline
 90
14
 70
0
 10
6369886.0337900445
 20
6169908.215940481
 10
6369885.701467858
 20
6169903.540655964
 10
6369885.339146685
 20
6169898.450806473
 10
6369881.220488629
 20
6169898.407080542
 10
6369881.555893362
 20
6169903.559559517
 10
6369880.145341378
 20
6169903.567111758
 10
6369880.149443689
 20
6169905.008623429
 10
6369880.279252441
 20
6169906.6800297
 10
6369880.423292698
 20
6169908.542702298
 10
6369881.37368106
 20
6169908.536479023
 10
6369881.435566066
 20
6169909.0975522315
 10
6369883.938145327
 20
6169908.973795663
 10
6369883.908003903
 20
6169908.293145166
 10
6369886.0337900445
 20
6169908.215940481
  0
LWPOLYLINE
  5
133
330
17
100
AcDbEntity
  8
tejido
100
AcDbPolyline
 90
5
 70
0
 10
6369886.316418427
 20
6169912.179281209
 10
6369886.244899009
 20
6169911.178930541
 10
6369882.939614477
 20
6169911.196016097
 10
6369883.002132963
 20
6169912.196236241
 10
6369886.316418427
 20
6169912.179281209
  0
LWPOLYLINE
  5
134
330
17
100
AcDbEntity
  8
tejido
100
AcDbPolyline
 90
22
 70
0
 10
6369886.847507412
 20
6169919.636302383
 10
6369886.5524465935
 20
6169915.492724399
 10
6369886.437783017
 20
6169913.880570973
 10
6369886.316417254
 20
6169912.179058954
 10
6369883.002143475
 20
6169912.196016597
 10
6369882.833072726
 20
6169912.196800528
 10
6369883.168731566
 20
6169916.504776047
 10
6369877.313602797
 20
6169916.868245078
 10
6369877.036816832
 20
6169912.226545664
 10
6369875.561268133
 20
6169912.234147348
 10
6369871.55268539
 20
6169912.255261442
 10
6369871.882286462
 20
6169917.2545893295
 10
6369872.4783980055
 20
6169926.299089159
 10
6369872.808013473
 20
6169931.297440354
 10
6369877.15386731
 20
6169931.26320623
 10
6369878.264326919
 20
6169931.2545225285
 10
6369877.9540496245
 20
6169927.128734791
 10
6369879.404337328
 20
6169927.073754876
 10
6369879.199164466
 20
6169923.699482546
 10
6369878.984486746
 20
6169920.155463498
 10
6369883.539832722
 20
6169919.884446367
 10
6369886.847507412
 20
6169919.636302383
  0
LWPOLYLINE
  5
135
330
17
100
AcDbEntity
  8
tejido
100
AcDbPolyline
 90
10
 70
0
 10
6369887.669240279
 20
6169931.181737137
 10
6369887.387200629
 20
6169927.218030846
 10
6369887.13056228
 20
6169923.6161954785
 10
6369887.105783717
 20
6169923.266117059
 10
6369883.657570609
 20
6169923.4841990005
 10
6369879.199069694
 20
6169923.699595952
 10
6369879.404185052
 20
6169927.073623232
 10
6369883.698522351
 20
6169926.865858365
 10
6369883.905608223
 20
6169931.21122715
 10
6369887.669240279
 20
6169931.181737137
  0
LWPOLYLINE
  5
136
330
17
100
AcDbEntity
  8
tejido
100
AcDbPolyline
 90
5
 70
0
 10
6369907.636129036
 20
6169936.526008159
 10
6369907.508612415
 20
6169934.627564085
 10
6369903.162638444
 20
6169934.876634878
 10
6369903.337912134
 20
6169936.930820197
 10
6369907.636129036
 20
6169936.526008159
  0
LWPOLYLINE
  5
137
330
17
100
AcDbEntity
  8
tejido
100
AcDbPolyline
 90
12
 70
0
 10
6369908.016809298
 20
6169942.212310436
 10
6369907.636129036
 20
6169936.526008159
 10
6369903.337912134
 20
6169936.930820197
 10
6369903.9339501085
 20
6169943.907649502
 10
6369903.976746852
 20
6169944.405426071
 10
6369904.005051009
 20
6169944.729938191
 10
6369904.189701469
 20
6169946.89629462
 10
6369905.185370644
 20
6169946.802700299
 10
6369905.000778203
 20
6169944.632343464
 10
6369904.930633894
 20
6169943.813069591
 10
6369908.1039652135
 20
6169943.513982213
 10
6369908.016809298
 20
6169942.212310436
  0
LWPOLYLINE
  5
138
330
17
100
AcDbEntity
  8
tejido
100
AcDbPolyline
 90
20
 70
0
 10
6369910.355729497
 20
6169958.757510708
 10
6369914.442904557
 20
6169958.7647659965
 10
6369915.546248614
 20
6169958.766785619
 10
6369919.949493687
 20
6169958.774595075
 10
6369919.883659419
 20
6169958.00539406
 10
6369919.472282478
 20
6169953.192928323
 10
6369919.387631891
 20
6169952.2013999345
 10
6369918.4808741445
 20
6169941.611935398
 10
6369908.016860443
 20
6169942.212432309
 10
6369908.1040346045
 20
6169943.51409214
 10
6369904.93073496
 20
6169943.813150671
 10
6369905.00084958
 20
6169944.632417277
 10
6369905.185444671
 20
6169946.802827392
 10
6369904.1897573555
 20
6169946.896392629
 10
6369904.232527598
 20
6169947.395154965
 10
6369904.575452794
 20
6169951.408404276
 10
6369904.750580676
 20
6169953.448570369
 10
6369905.203253287
 20
6169958.747810641
 10
6369909.346478648
 20
6169958.7549019195
 10
6369910.355729497
 20
6169958.757510708
  0
LWPOLYLINE
  5
139
330
17
100
AcDbEntity
  8
tejido
100
AcDbPolyline
 90
19
 70
0
 10
6369922.849408634
 20
6169934.007778465
 10
6369926.141794914
 20
6169933.776438494
 10
6369925.229858643
 20
6169924.923441558
 10
6369924.423082965
 20
6169917.096290827
 10
6369922.542080615
 20
6169898.846297837
 10
6369914.81384707
 20
6169898.764228338
 10
6369915.086670229
 20
6169901.955184342
 10
6369915.297957874
 20
6169904.423021445
 10
6369915.304783876
 20
6169904.504145848
 10
6369916.23197725
 20
6169915.339986109
 10
6369916.249962596
 20
6169915.548312187
 10
6369917.0001146095
 20
6169924.31393649
 10
6369917.30889424
 20
6169927.9225447
 10
6369917.3773863865
 20
6169928.717787057
 10
6369917.405574494
 20
6169929.05029999
 10
6369917.832440066
 20
6169934.0350517
 10
6369917.859758612
 20
6169934.358549196
 10
6369922.305685354
 20
6169934.045907595
 10
6369922.849408634
 20
6169934.007778465
  0
LWPOLYLINE
  5
13A
330
17
100
AcDbEntity
  8
tejido
100
AcDbPolyline
 90
9
 70
0
 10
6369961.619946576
 20
6169901.697348377
 10
6369962.039163144
 20
6169905.390547664
 10
6369962.265511997
 20
6169907.384627594
 10
6369964.34881961
 20
6169907.147972447
 10
6369964.2190751545
 20
6169906.007367232
 10
6369967.491544294
 20
6169905.635505353
 10
6369967.024403135
 20
6169901.523440103
 10
6369964.783214726
 20
6169901.595523229
 10
6369961.619946576
 20
6169901.697348377
  0
LWPOLYLINE
  5
13B
330
17
100
AcDbEntity
  8
tejido
100
AcDbPolyline
 90
9
 70
0
 10
6369962.367326895
 20
6169924.314665815
 10
6369961.96262202
 20
6169919.457276027
 10
6369957.581326121
 20
6169919.727841185
 10
6369957.721834149
 20
6169921.144322238
 10
6369957.845834903
 20
6169922.388509963
 10
6369958.025633032
 20
6169924.199684347
 10
6369958.075444964
 20
6169924.696562257
 10
6369961.064234614
 20
6169924.430810121
 10
6369962.367326895
 20
6169924.314665815
  0
LWPOLYLINE
  5
13C
330
17
100
AcDbEntity
  8
tejido
100
AcDbPolyline
 90
9
 70
0
 10
6369963.411000838
 20
6169924.2217677785
 10
6369967.198076491
 20
6169923.884566728
 10
6369968.089502675
 20
6169923.805465743
 10
6369967.755092211
 20
6169920.722651326
 10
6369967.579423043
 20
6169919.109598953
 10
6369965.487886886
 20
6169919.239316696
 10
6369961.96262202
 20
6169919.457276027
 10
6369962.367326895
 20
6169924.314665815
 10
6369963.411000838
 20
6169924.2217677785
  0
LWPOLYLINE
  5
13D
330
17
100
AcDbEntity
  8
tejido
100
AcDbPolyline
 90
13
 70
0
 10
6369966.590272162
 20
6169911.324522518
 10
6369966.955443634
 20
6169915.76138308
 10
6369971.577396203
 20
6169915.381068026
 10
6369971.988362013
 20
6169920.373392972
 10
6369975.750457282
 20
6169920.062481612
 10
6369976.846909641
 20
6169919.971354695
 10
6369975.929767823
 20
6169911.146271473
 10
6369973.717464766
 20
6169911.188429596
 10
6369971.277794599
 20
6169911.234861066
 10
6369969.993030835
 20
6169911.2600047225
 10
6369969.164547665
 20
6169911.275219872
 10
6369968.134151678
 20
6169911.295077516
 10
6369966.590272162
 20
6169911.324522518
  0
LWPOLYLINE
  5
13E
330
17
100
AcDbEntity
  8
tejido
100
AcDbPolyline
 90
6
 70
0
 10
6369967.9214462275
 20
6169930.841234315
 10
6369967.198076491
 20
6169923.884566728
 10
6369963.411000838
 20
6169924.2217677785
 10
6369964.127399543
 20
6169931.107312093
 10
6369967.3867384605
 20
6169930.878493865
 10
6369967.9214462275
 20
6169930.841234315
  0
LWPOLYLINE
  5
13F
330
17
100
AcDbEntity
  8
tejido
100
AcDbPolyline
 90
15
 70
0
 10
6369977.903813062
 20
6169930.1388506
 10
6369977.665945142
 20
6169927.848673603
 10
6369977.10591009
 20
6169922.458860368
 10
6369976.846909641
 20
6169919.971354695
 10
6369975.750274158
 20
6169920.062478955
 10
6369971.988362013
 20
6169920.373392972
 10
6369970.595457576
 20
6169920.487878203
 10
6369967.755163364
 20
6169920.722774467
 10
6369968.089602653
 20
6169923.805554623
 10
6369967.198161225
 20
6169923.884696416
 10
6369967.921506007
 20
6169930.841333355
 10
6369968.814728978
 20
6169930.778274658
 10
6369973.04333307
 20
6169930.480478321
 10
6369976.806342602
 20
6169930.215981357
 10
6369977.903813062
 20
6169930.1388506
  0
LWPOLYLINE
  5
140
330
17
100
AcDbEntity
  8
tejido
100
AcDbPolyline
 90
17
 70
0
 10
6369922.775305146
 20
6169968.156411485
 10
6369927.263091738
 20
6169967.785357954
 10
6369931.81797221
 20
6169967.409275566
 10
6369931.760951811
 20
6169965.891973193
 10
6369928.904304101
 20
6169963.322752678
 10
6369926.849598129
 20
6169963.395986991
 10
6369926.669075873
 20
6169961.4967743475
 10
6369949.608656846
 20
6169959.331668493
 10
6369949.489296502
 20
6169957.836469344
 10
6369949.286966526
 20
6169955.302741775
 10
6369948.9159442345
 20
6169950.6058904715
 10
6369919.472208008
 20
6169953.192831998
 10
6369919.883566773
 20
6169958.0053047985
 10
6369919.949435789
 20
6169958.774500943
 10
6369920.106883797
 20
6169960.609358927
 10
6369920.766269641
 20
6169968.322337018
 10
6369922.775305146
 20
6169968.156411485
  0
LWPOLYLINE
  5
141
330
17
100
AcDbEntity
  8
tejido
100
AcDbPolyline
 90
16
 70
0
 10
6369954.658481879
 20
6169965.522820338
 10
6369954.302846649
 20
6169961.420378524
 10
6369953.535708806
 20
6169961.482276137
 10
6369953.527390217
 20
6169961.366119125
 10
6369953.341117899
 20
6169959.035688116
 10
6369949.608656846
 20
6169959.331668493
 10
6369949.72236731
 20
6169960.526691636
 10
6369949.791493745
 20
6169961.692059115
 10
6369946.773121528
 20
6169961.928373522
 10
6369946.975537926
 20
6169964.525122113
 10
6369942.2769770585
 20
6169964.807091885
 10
6369942.381927911
 20
6169966.537155786
 10
6369947.103057355
 20
6169966.147479419
 10
6369948.127613344
 20
6169966.062306486
 10
6369949.573792945
 20
6169965.943235523
 10
6369954.658481879
 20
6169965.522820338
  0
LWPOLYLINE
  5
142
330
17
100
AcDbEntity
  8
tejido
100
AcDbPolyline
 90
9
 70
0
 10
6369968.386286601
 20
6169961.487578114
 10
6369969.580556141
 20
6169961.356851392
 10
6369969.013101595
 20
6169954.271403997
 10
6369953.8488131035
 20
6169955.48093434
 10
6369954.302846649
 20
6169961.420378524
 10
6369955.51861088
 20
6169961.324974495
 10
6369955.140269358
 20
6169956.581002414
 10
6369967.9120334545
 20
6169955.562845673
 10
6369968.386286601
 20
6169961.487578114
  0
LWPOLYLINE
  5
143
330
17
100
AcDbEntity
  8
tejido
100
AcDbPolyline
 90
11
 70
0
 10
6369981.356811525
 20
6169963.318195493
 10
6369980.97402457
 20
6169959.639493181
 10
6369976.095690242
 20
6169960.108915267
 10
6369971.911529617
 20
6169960.512380671
 10
6369971.977081525
 20
6169961.096514092
 10
6369970.26985994
 20
6169961.281821249
 10
6369969.580556141
 20
6169961.356851392
 10
6369968.386286601
 20
6169961.487578114
 10
6369968.615558091
 20
6169964.370805642
 10
6369970.521437616
 20
6169964.2133873
 10
6369981.356811525
 20
6169963.318195493
  0
LWPOLYLINE
  5
144
330
17
100
AcDbEntity
  8
tejido
100
AcDbPolyline
 90
6
 70
0
 10
6369923.111500801
 20
6169972.56466777
 10
6369922.775305146
 20
6169968.156411485
 10
6369920.766269641
 20
6169968.322337018
 10
6369920.8441096
 20
6169969.231750675
 10
6369921.14170139
 20
6169972.715157329
 10
6369923.111500801
 20
6169972.56466777
  0
LWPOLYLINE
  5
145
330
17
100
AcDbEntity
  8
tejido
100
AcDbPolyline
 90
8
 70
0
 10
6369923.554230326
 20
6169978.3869119
 10
6369923.1737023685
 20
6169973.379825144
 10
6369923.111500801
 20
6169972.56466777
 10
6369921.14170139
 20
6169972.715157329
 10
6369921.2367442
 20
6169973.817880999
 10
6369921.348801301
 20
6169975.126916027
 10
6369921.639523626
 20
6169978.53219858
 10
6369923.554230326
 20
6169978.3869119
  0
LWPOLYLINE
  5
146
330
17
100
AcDbEntity
  8
tejido
100
AcDbPolyline
 90
75
 70
0
 10
6369942.085020305
 20
6169981.290557834
 10
6369942.4435357
 20
6169981.260773004
 10
6369944.978385448
 20
6169981.050447304
 10
6369947.714176769
 20
6169980.822460417
 10
6369967.969295035
 20
6169979.139145255
 10
6369968.934822221
 20
6169979.058147105
 10
6369975.799250425
 20
6169978.487503902
 10
6369979.3338518655
 20
6169978.19380689
 10
6369980.749146102
 20
6169978.076288116
 10
6369982.872974759
 20
6169977.899870189
 10
6369982.486692858
 20
6169974.186075001
 10
6369981.730878735
 20
6169966.912828531
 10
6369981.356910279
 20
6169963.318267748
 10
6369970.5215055775
 20
6169964.213461065
 10
6369968.615610948
 20
6169964.3708767425
 10
6369967.499976507
 20
6169964.462763562
 10
6369958.774756919
 20
6169965.183478146
 10
6369957.512847519
 20
6169965.287225082
 10
6369954.658560565
 20
6169965.52289572
 10
6369949.573844988
 20
6169965.943329079
 10
6369948.127695452
 20
6169966.0624151295
 10
6369947.103129562
 20
6169966.147563499
 10
6369942.382010748
 20
6169966.537247839
 10
6369932.743432423
 20
6169967.332757048
 10
6369933.080527656
 20
6169971.748025015
 10
6369935.837790716
 20
6169971.51296202
 10
6369935.900943142
 20
6169972.610229888
 10
6369938.948650575
 20
6169972.349279229
 10
6369938.835493647
 20
6169971.256292643
 10
6369944.150735015
 20
6169970.803241347
 10
6369947.375737016
 20
6169970.525935058
 10
6369948.710812267
 20
6169970.412198344
 10
6369950.0428955965
 20
6169970.298479294
 10
6369952.533777774
 20
6169970.084524403
 10
6369957.37430349
 20
6169969.670623622
 10
6369957.902104689
 20
6169969.625221768
 10
6369961.064010846
 20
6169969.353960662
 10
6369965.850413823
 20
6169968.946235194
 10
6369967.8375131935
 20
6169968.776015707
 10
6369967.7801635945
 20
6169968.107982716
 10
6369971.860609958
 20
6169967.7540041795
 10
6369971.965870021
 20
6169968.978936556
 10
6369975.801837066
 20
6169968.651451213
 10
6369976.102880965
 20
6169971.826793654
 10
6369976.325298372
 20
6169974.146724214
 10
6369972.733998275
 20
6169974.434775633
 10
6369970.241394872
 20
6169974.632709357
 10
6369970.1086197095
 20
6169972.337035184
 10
6369968.140547622
 20
6169972.504538972
 10
6369968.260466138
 20
6169974.790013808
 10
6369965.356168678
 20
6169975.021967596
 10
6369962.184497867
 20
6169975.27611406
 10
6369959.680817547
 20
6169975.475840895
 10
6369954.352950857
 20
6169975.902761076
 10
6369951.335535395
 20
6169976.142049405
 10
6369946.461356513
 20
6169976.531528965
 10
6369944.692760958
 20
6169976.672924869
 10
6369943.914644452
 20
6169976.734661355
 10
6369942.011813285
 20
6169976.887115101
 10
6369939.304803498
 20
6169977.104956964
 10
6369938.719990429
 20
6169977.1494709775
 10
6369935.762621061
 20
6169977.386699531
 10
6369932.56789482
 20
6169977.6434422955
 10
6369930.788311722
 20
6169977.784678869
 10
6369927.022735787
 20
6169978.087176083
 10
6369926.82260928
 20
6169976.023630149
 10
6369925.204050023
 20
6169976.163233398
 10
6369925.38014386
 20
6169978.229422474
 10
6369923.554288477
 20
6169978.387022152
 10
6369921.639594857
 20
6169978.532282649
 10
6369921.684949854
 20
6169979.059106356
 10
6369922.018526564
 20
6169982.95920831
 10
6369932.997243446
 20
6169982.046066696
 10
6369939.1215237295
 20
6169981.537710471
 10
6369942.085020305
 20
6169981.290557834
  0
LWPOLYLINE
  5
147
330
17
100
AcDbEntity
  8
tejido
100
AcDbPolyline
 90
15
 70
0
 10
6369935.971210075
 20
6169973.828500656
 10
6369935.900852082
 20
6169972.610098644
 10
6369935.837740069
 20
6169971.512839666
 10
6369933.080467196
 20
6169971.74793915
 10
6369932.743372989
 20
6169967.332667779
 10
6369931.81797221
 20
6169967.409275566
 10
6369927.263091738
 20
6169967.785357954
 10
6369922.775305146
 20
6169968.156411485
 10
6369923.111500801
 20
6169972.56466777
 10
6369923.1737023685
 20
6169973.379825144
 10
6369924.955192267
 20
6169973.24661094
 10
6369926.601494161
 20
6169973.123439968
 10
6369930.650191178
 20
6169972.818041148
 10
6369930.773132064
 20
6169974.273279765
 10
6369935.971210075
 20
6169973.828500656
  0
LWPOLYLINE
  5
148
330
17
100
AcDbEntity
  8
tejido
100
AcDbPolyline
 90
5
 70
0
 10
6369926.601494161
 20
6169973.123439968
 10
6369924.955192267
 20
6169973.24661094
 10
6369925.084321668
 20
6169974.757956896
 10
6369926.715854074
 20
6169974.618566706
 10
6369926.601494161
 20
6169973.123439968
  0
LWPOLYLINE
  5
149
330
17
100
AcDbEntity
  8
tejido
100
AcDbPolyline
 90
6
 70
0
 10
6369935.762560438
 20
6169977.386591195
 10
6369935.620145521
 20
6169975.273864147
 10
6369930.605376488
 20
6169975.701295407
 10
6369930.788230655
 20
6169977.784599544
 10
6369932.56783633
 20
6169977.643355483
 10
6369935.762560438
 20
6169977.386591195
  0
LWPOLYLINE
  5
14A
330
17
100
AcDbEntity
  8
tejido
100
AcDbPolyline
 90
6
 70
0
 10
6369944.150635284
 20
6169970.803135376
 10
6369938.835400294
 20
6169971.256218511
 10
6369938.948589988
 20
6169972.349202152
 10
6369939.076026382
 20
6169973.563430348
 10
6369944.310151476
 20
6169973.11617309
 10
6369944.150635284
 20
6169970.803135376
  0
LWPOLYLINE
  5
14B
330
17
100
AcDbEntity
  8
tejido
100
AcDbPolyline
 90
6
 70
0
 10
6369943.914568897
 20
6169976.734572336
 10
6369943.698624973
 20
6169974.587768659
 10
6369939.17163155
 20
6169974.9722580705
 10
6369939.3047554605
 20
6169977.104856624
 10
6369942.01176204
 20
6169976.887033765
 10
6369943.914568897
 20
6169976.734572336
  0
LWPOLYLINE
  5
14C
330
17
100
AcDbEntity
  8
tejido
100
AcDbPolyline
 90
5
 70
0
 10
6369951.33548652
 20
6169976.141972988
 10
6369951.254339641
 20
6169973.943107292
 10
6369946.266617164
 20
6169974.367929803
 10
6369946.461312354
 20
6169976.5314306365
 10
6369951.33548652
 20
6169976.141972988
  0
LWPOLYLINE
  5
14D
330
17
100
AcDbEntity
  8
tejido
100
AcDbPolyline
 90
7
 70
0
 10
6369952.533682539
 20
6169970.084445359
 10
6369950.0427998705
 20
6169970.298400245
 10
6369948.71073357
 20
6169970.412123936
 10
6369947.375666953
 20
6169970.525804118
 10
6369947.489076865
 20
6169972.845175357
 10
6369952.670109322
 20
6169972.403150042
 10
6369952.533682539
 20
6169970.084445359
  0
LWPOLYLINE
  5
14E
330
17
100
AcDbEntity
  8
tejido
100
AcDbPolyline
 90
5
 70
0
 10
6369959.680761043
 20
6169975.475751671
 10
6369959.573235047
 20
6169973.233489999
 10
6369954.114782519
 20
6169973.698500558
 10
6369954.352902087
 20
6169975.902643632
 10
6369959.680761043
 20
6169975.475751671
  0
LWPOLYLINE
  5
14F
330
17
100
AcDbEntity
  8
tejido
100
AcDbPolyline
 90
6
 70
0
 10
6369961.183256774
 20
6169971.680344872
 10
6369961.063947784
 20
6169969.353885994
 10
6369957.902024287
 20
6169969.625130242
 10
6369957.374201199
 20
6169969.670492216
 10
6369957.4935392
 20
6169971.994950915
 10
6369961.183256774
 20
6169971.680344872
  0
LWPOLYLINE
  5
150
330
17
100
AcDbEntity
  8
tejido
100
AcDbPolyline
 90
5
 70
0
 10
6369965.356119831
 20
6169975.021889232
 10
6369965.191936048
 20
6169972.754798407
 10
6369961.926856933
 20
6169973.034549832
 10
6369962.184441916
 20
6169975.275986743
 10
6369965.356119831
 20
6169975.021889232
  0
LWPOLYLINE
  5
151
330
17
100
AcDbEntity
  8
tejido
100
AcDbPolyline
 90
9
 70
0
 10
6369971.9658021815
 20
6169968.978820786
 10
6369971.86052763
 20
6169967.753910671
 10
6369967.780117276
 20
6169968.10786482
 10
6369967.83745016
 20
6169968.775905383
 10
6369965.85035921
 20
6169968.946150392
 10
6369965.969682698
 20
6169971.271609131
 10
6369968.04088384
 20
6169971.095581705
 10
6369972.117192246
 20
6169970.748570222
 10
6369971.9658021815
 20
6169968.978820786
  0
LWPOLYLINE
  5
152
330
17
100
AcDbEntity
  8
tejido
100
AcDbPolyline
 90
5
 70
0
 10
6369972.733945472
 20
6169974.434666922
 10
6369972.600373954
 20
6169972.126006937
 10
6369970.10853486
 20
6169972.336947011
 10
6369970.241294831
 20
6169974.632591171
 10
6369972.733945472
 20
6169974.434666922
  0
LWPOLYLINE
  5
153
330
17
100
AcDbEntity
  8
tejido
100
AcDbPolyline
 90
19
 70
0
 10
6369923.6122556785
 20
6170006.259577971
 10
6369937.809876341
 20
6170005.279128248
 10
6369937.748904374
 20
6170004.38092902
 10
6369946.455953092
 20
6170003.805991604
 10
6369950.455068632
 20
6170003.54088817
 10
6369954.279951322
 20
6170003.287300472
 10
6369958.575405559
 20
6170003.0024392195
 10
6369959.572700722
 20
6170002.936921053
 10
6369959.850642139
 20
6170002.918544884
 10
6369958.638905923
 20
6169988.1661291
 10
6369956.460816519
 20
6169988.345606633
 10
6369954.969002666
 20
6169988.4686096255
 10
6369950.097655548
 20
6169988.869120222
 10
6369942.910809099
 20
6169989.460120196
 10
6369925.394457757
 20
6169990.89961825
 10
6369921.902195538
 20
6169991.187091402
 10
6369922.31134125
 20
6170000.29188618
 10
6369922.708045127
 20
6170006.322477558
 10
6369923.6122556785
 20
6170006.259577971
  0
LWPOLYLINE
  5
154
330
17
100
AcDbEntity
  8
tejido
100
AcDbPolyline
 90
7
 70
0
 10
6369958.306671379
 20
6170008.688313621
 10
6369958.489163657
 20
6170011.74892545
 10
6369965.7722048
 20
6170011.256579497
 10
6369965.391528931
 20
6170006.562577753
 10
6369960.1577158
 20
6170006.987443411
 10
6369960.275264279
 20
6170008.552260105
 10
6369958.306671379
 20
6170008.688313621
  0
LWPOLYLINE
  5
155
330
17
100
AcDbEntity
  8
tejido
100
AcDbPolyline
 90
9
 70
0
 10
6369959.813453732
 20
6170005.927189381
 10
6369959.572735257
 20
6170002.93680035
 10
6369958.5753180105
 20
6170003.002316746
 10
6369954.279802737
 20
6170003.287177116
 10
6369954.438256513
 20
6170005.273067976
 10
6369954.487110522
 20
6170005.878580296
 10
6369958.784491481
 20
6170005.599791325
 10
6369958.816021438
 20
6170005.99374349
 10
6369959.813453732
 20
6170005.927189381
  0
LWPOLYLINE
  5
156
330
17
100
AcDbEntity
  8
tejido
100
AcDbPolyline
 90
25
 70
0
 10
6369973.68107598
 20
6170010.722757412
 10
6369973.473633087
 20
6170006.128283307
 10
6369974.273664081
 20
6170006.0878672395
 10
6369977.751284401
 20
6170005.913254179
 10
6369977.959602899
 20
6170010.434719985
 10
6369984.214879924
 20
6170010.012273714
 10
6369983.129543272
 20
6170001.375790688
 10
6369983.027667667
 20
6170001.382555599
 10
6369979.772658139
 20
6170001.598800094
 10
6369979.668338219
 20
6170001.605712721
 10
6369979.853221883
 20
6170005.204491517
 10
6369977.723774504
 20
6170005.313668436
 10
6369973.446306313
 20
6170005.528700215
 10
6369969.08471401
 20
6170005.751548048
 10
6369968.911477081
 20
6170002.317967778
 10
6369967.054312449
 20
6170002.44110628
 10
6369965.953301605
 20
6170002.513973213
 10
6369959.850493551
 20
6170002.918421527
 10
6369959.572735257
 20
6170002.93680035
 10
6369959.813453732
 20
6170005.927189381
 10
6369959.901263642
 20
6170007.008207974
 10
6369960.157715408
 20
6170006.987299232
 10
6369965.391441385
 20
6170006.56245528
 10
6369965.771875745
 20
6170011.25627036
 10
6369973.68107598
 20
6170010.722757412
  0
LWPOLYLINE
  5
157
330
17
100
AcDbEntity
  8
tejido
100
AcDbPolyline
 90
9
 70
0
 10
6369973.446306313
 20
6170005.528700215
 10
6369977.723774504
 20
6170005.313668436
 10
6369979.853221883
 20
6170005.204491517
 10
6369979.668338219
 20
6170001.605712721
 10
6369976.326312679
 20
6170001.827106
 10
6369970.477680756
 20
6170002.214237716
 10
6369968.911477081
 20
6170002.317967778
 10
6369969.08471401
 20
6170005.751548048
 10
6369973.446306313
 20
6170005.528700215
  0
LWPOLYLINE
  5
158
330
17
100
AcDbEntity
  8
tejido
100
AcDbPolyline
 90
5
 70
0
 10
6369974.480174362
 20
6170010.6693384545
 10
6369974.273529454
 20
6170006.087906874
 10
6369973.473692845
 20
6170006.128323806
 10
6369973.68114931
 20
6170010.722771244
 10
6369974.480174362
 20
6170010.6693384545
  0
LWPOLYLINE
  5
159
330
17
100
AcDbEntity
  8
tejido
100
AcDbPolyline
 90
5
 70
0
 10
6369977.9596663285
 20
6170010.434709252
 10
6369977.751151103
 20
6170005.913269411
 10
6369974.273529454
 20
6170006.087906874
 10
6369974.480174362
 20
6170010.6693384545
 10
6369977.9596663285
 20
6170010.434709252
  0
LWPOLYLINE
  5
15A
330
17
100
AcDbEntity
  8
tejido
100
AcDbPolyline
 90
8
 70
0
 10
6369986.199319412
 20
6170009.87799011
 10
6369986.13695627
 20
6170009.280898905
 10
6369985.559383766
 20
6170003.720783263
 10
6369985.362729108
 20
6170001.830339882
 10
6369985.300380484
 20
6170001.232248567
 10
6369983.129618783
 20
6170001.375822624
 10
6369984.214750944
 20
6170010.012260675
 10
6369986.199319412
 20
6170009.87799011
  0
LWPOLYLINE
  5
15B
330
17
100
AcDbEntity
  8
tejido
100
AcDbPolyline
 90
27
 70
0
 10
6369965.0543339895
 20
6170020.046717519
 10
6369965.552994414
 20
6170020.010966936
 10
6369970.311387405
 20
6170019.673840608
 10
6369970.594784518
 20
6170019.653956135
 10
6369970.453451197
 20
6170015.80969897
 10
6369978.92856454
 20
6170015.50345565
 10
6369979.056140618
 20
6170019.054391558
 10
6369980.268772481
 20
6170018.967940796
 10
6369980.667316856
 20
6170018.939713297
 10
6369981.750922016
 20
6170018.862991689
 10
6369985.802799216
 20
6170018.5760631645
 10
6369986.495071734
 20
6170018.527063095
 10
6369987.093895026
 20
6170018.484766977
 10
6369986.664571662
 20
6170014.3582312735
 10
6369986.302985067
 20
6170010.873931061
 10
6369986.199408846
 20
6170009.878098867
 10
6369984.214846274
 20
6170010.01233337
 10
6369977.959752372
 20
6170010.434782302
 10
6369974.480223286
 20
6170010.669445153
 10
6369973.681224568
 20
6170010.7228807695
 10
6369965.7720243335
 20
6170011.256393717
 10
6369958.489163657
 20
6170011.74892545
 10
6369954.974064844
 20
6170011.986064158
 10
6369955.358546482
 20
6170016.788126295
 10
6369964.513102492
 20
6170016.256677278
 10
6369964.779985171
 20
6170020.065756348
 10
6369965.0543339895
 20
6170020.046717519
  0
LWPOLYLINE
  5
15C
330
17
100
AcDbEntity
  8
tejido
100
AcDbPolyline
 90
6
 70
0
 10
6369961.740332406
 20
6170020.280728281
 10
6369964.779985171
 20
6170020.065756348
 10
6369964.513102492
 20
6170016.256677278
 10
6369955.358546482
 20
6170016.788126295
 10
6369955.672745862
 20
6170020.71090317
 10
6369961.740332406
 20
6170020.280728281
  0
LWPOLYLINE
  5
15D
330
17
100
AcDbEntity
  8
tejido
100
AcDbPolyline
 90
8
 70
0
 10
6369971.499565541
 20
6170019.58959949
 10
6369975.726056072
 20
6170019.290183852
 10
6369976.957930171
 20
6170019.203035271
 10
6369979.056140618
 20
6170019.054391558
 10
6369978.92856454
 20
6170015.50345565
 10
6369970.453451197
 20
6170015.80969897
 10
6369970.594784518
 20
6170019.653956135
 10
6369971.499565541
 20
6170019.58959949
  0
LWPOLYLINE
  5
15E
330
17
100
AcDbEntity
  8
tejido
100
AcDbPolyline
 90
10
 70
0
 10
6369968.924913379
 20
6170033.72216865
 10
6369968.6702876305
 20
6170029.897271173
 10
6369966.823018728
 20
6170030.028490412
 10
6369966.730400036
 20
6170028.630713508
 10
6369965.095191061
 20
6170028.748034959
 10
6369965.558564374
 20
6170037.136410029
 10
6369967.290806159
 20
6170037.030508609
 10
6369967.077876411
 20
6170033.837395052
 10
6369967.776714851
 20
6170033.794534536
 10
6369968.924913379
 20
6170033.72216865
  0
LWPOLYLINE
  5
15F
330
17
100
AcDbEntity
  8
tejido
100
AcDbPolyline
 90
29
 70
0
 10
6369976.789394597
 20
6170027.911145477
 10
6369976.982042479
 20
6170030.452515546
 10
6369976.180971864
 20
6170030.509889696
 10
6369976.207836774
 20
6170031.0276533365
 10
6369974.659719034
 20
6170031.1388502335
 10
6369974.71965484
 20
6170031.97378207
 10
6369973.966437215
 20
6170032.027881663
 10
6369974.017878742
 20
6170032.745466083
 10
6369972.167537441
 20
6170032.87804503
 10
6369972.017501153
 20
6170030.783233413
 10
6369971.836899439
 20
6170028.265849167
 10
6369966.730400036
 20
6170028.630713508
 10
6369966.823018728
 20
6170030.028490412
 10
6369968.670288515
 20
6170029.8972101305
 10
6369969.113064096
 20
6170029.867059782
 10
6369969.581570544
 20
6170036.8910679
 10
6369977.4768235
 20
6170036.409919768
 10
6369977.268541452
 20
6170033.249965142
 10
6369977.249537255
 20
6170032.9605974825
 10
6369977.189884344
 20
6170032.05142774
 10
6369979.524077571
 20
6170031.89802491
 10
6369981.782745649
 20
6170031.748899584
 10
6369982.7799947355
 20
6170031.682342735
 10
6369983.069503543
 20
6170036.069933791
 10
6369986.6940288525
 20
6170035.848424227
 10
6369985.955221657
 20
6170027.255003605
 10
6369984.605561386
 20
6170027.35143384
 10
6369980.868328306
 20
6170027.619358531
 10
6369976.789394597
 20
6170027.911145477
  0
LWPOLYLINE
  5
160
330
17
100
AcDbEntity
  8
tejido
100
AcDbPolyline
 90
9
 70
0
 10
6369969.025346189
 20
6170035.225255404
 10
6369968.924914265
 20
6170033.722107607
 10
6369967.776715736
 20
6170033.794473495
 10
6369967.077876411
 20
6170033.837395052
 10
6369967.290807044
 20
6170037.030447567
 10
6369967.677067015
 20
6170037.007292566
 10
6369968.558303629
 20
6170036.954011578
 10
6369968.445026433
 20
6170035.26305766
 10
6369969.025346189
 20
6170035.225255404
  0
LWPOLYLINE
  5
161
330
17
100
AcDbEntity
  8
tejido
100
AcDbPolyline
 90
8
 70
0
 10
6369969.581570544
 20
6170036.8910679
 10
6369969.113247221
 20
6170029.867062439
 10
6369968.6702876305
 20
6170029.897271173
 10
6369968.924915927
 20
6170033.72216136
 10
6369969.025346189
 20
6170035.225255404
 10
6369968.444936256
 20
6170035.26307915
 10
6369968.558274496
 20
6170036.954033949
 10
6369969.581570544
 20
6170036.8910679
  0
LWPOLYLINE
  5
162
330
17
100
AcDbEntity
  8
tejido
100
AcDbPolyline
 90
5
 70
0
 10
6369979.583802823
 20
6170032.806035227
 10
6369979.524077571
 20
6170031.89802491
 10
6369977.189884344
 20
6170032.05142774
 10
6369977.249409651
 20
6170032.960595195
 10
6369979.583802823
 20
6170032.806035227
  0
LWPOLYLINE
  5
163
330
17
100
AcDbEntity
  8
tejido
100
AcDbPolyline
 90
7
 70
0
 10
6369981.78277346
 20
6170031.74887021
 10
6369981.842429962
 20
6170032.657035887
 10
6369981.861437077
 20
6170032.9463858865
 10
6369982.072342218
 20
6170036.130441219
 10
6369983.069532698
 20
6170036.069879038
 10
6369982.780050962
 20
6170031.682307428
 10
6369981.78277346
 20
6170031.74887021
  0
LWPOLYLINE
  5
164
330
17
100
AcDbEntity
  8
tejido
100
AcDbPolyline
 90
10
 70
0
 10
6369988.8876004275
 20
6170035.71520096
 10
6369988.783962198
 20
6170034.719428938
 10
6369988.36959509
 20
6170030.736160371
 10
6369988.302866829
 20
6170030.095954294
 10
6369987.992061008
 20
6170027.109555606
 10
6369987.682616878
 20
6170027.132054011
 10
6369986.414554062
 20
6170027.22228001
 10
6369985.95531675
 20
6170027.255061171
 10
6369986.693940823
 20
6170035.848479137
 10
6369988.8876004275
 20
6170035.71520096
  0
LWPOLYLINE
  5
165
330
17
100
AcDbEntity
  8
tejido
100
AcDbPolyline
 90
22
 70
0
 10
6369967.677067015
 20
6170037.007292566
 10
6369967.800991245
 20
6170039.252346464
 10
6369965.6819933085
 20
6170039.369306956
 10
6369965.950876355
 20
6170044.240332281
 10
6369965.993643279
 20
6170045.017196746
 10
6369967.933103325
 20
6170044.89024498
 10
6369969.09355352
 20
6170044.815065062
 10
6369971.834988246
 20
6170044.635758677
 10
6369973.98669131
 20
6170044.4949117815
 10
6369978.337204615
 20
6170044.210848435
 10
6369981.233858047
 20
6170044.02182641
 10
6369989.6955088405
 20
6170043.469277252
 10
6369989.250251115
 20
6170039.199521406
 10
6369988.991278931
 20
6170036.710001561
 10
6369988.887688459
 20
6170035.715146049
 10
6369986.6940288525
 20
6170035.848424227
 10
6369983.069686667
 20
6170036.069936447
 10
6369982.072524333
 20
6170036.130511246
 10
6369977.4770066235
 20
6170036.409922424
 10
6369969.581570544
 20
6170036.8910679
 10
6369968.558120506
 20
6170036.954008924
 10
6369967.677067015
 20
6170037.007292566
  0
LWPOLYLINE
  5
166
330
17
100
AcDbEntity
  8
tejido
100
AcDbPolyline
 90
7
 70
0
 10
6369922.849408634
 20
6169934.007778465
 10
6369922.305685354
 20
6169934.045907595
 10
6369917.859758612
 20
6169934.358549196
 10
6369918.456796602
 20
6169941.335392678
 10
6369923.446446608
 20
6169940.98462183
 10
6369923.0222041365
 20
6169936.025916421
 10
6369922.849408634
 20
6169934.007778465
  0
LWPOLYLINE
  5
167
330
17
100
AcDbEntity
  8
tejido
100
AcDbPolyline
 90
26
 70
0
 10
6369948.9159442345
 20
6169950.6058904715
 10
6369962.322224981
 20
6169949.427882961
 10
6369975.177621691
 20
6169948.29890431
 10
6369979.750880419
 20
6169947.897080666
 10
6369979.63670523
 20
6169946.8030825555
 10
6369978.0064995745
 20
6169931.124534939
 10
6369977.903759364
 20
6169930.138736501
 10
6369976.80629746
 20
6169930.215849801
 10
6369973.043283094
 20
6169930.480376978
 10
6369968.814640549
 20
6169930.778163969
 10
6369967.9214462275
 20
6169930.841234315
 10
6369967.3867384605
 20
6169930.878493865
 10
6369964.127399543
 20
6169931.107312093
 10
6369958.751231734
 20
6169931.485487619
 10
6369950.066661691
 20
6169932.095771135
 10
6369943.981550299
 20
6169932.523684125
 10
6369933.878093019
 20
6169933.233428047
 10
6369926.141794914
 20
6169933.776438494
 10
6369922.849408634
 20
6169934.007778465
 10
6369923.0222041365
 20
6169936.025916421
 10
6369923.446446608
 20
6169940.98462183
 10
6369918.456796602
 20
6169941.335392678
 10
6369918.480796426
 20
6169941.611827302
 10
6369919.3875565855
 20
6169952.201293829
 10
6369919.472208008
 20
6169953.192831998
 10
6369948.9159442345
 20
6169950.6058904715
  0
LWPOLYLINE
  5
168
330
17
100
AcDbEntity
  8
tejido
100
AcDbPolyline
 90
5
 70
0
 10
6369880.279252441
 20
6169906.6800297
 10
6369876.33727971
 20
6169906.592851827
 10
6369876.473319141
 20
6169908.455408415
 10
6369880.423292698
 20
6169908.542702298
 10
6369880.279252441
 20
6169906.6800297
  0
LWPOLYLINE
  5
169
330
17
100
AcDbEntity
  8
tejido
100
AcDbPolyline
 90
14
 70
0
 10
6369899.405526397
 20
6170051.793951362
 10
6369899.267110369
 20
6170049.74827332
 10
6369899.219229359
 20
6170049.050399847
 10
6369899.048696675
 20
6170046.529131447
 10
6369898.438741409
 20
6170037.546463114
 10
6369895.322956931
 20
6170037.946424739
 10
6369893.447904729
 20
6170038.1873220615
 10
6369888.508154446
 20
6170038.820862722
 10
6369888.690462615
 20
6170041.54897081
 10
6369888.759697023
 20
6170042.584723238
 10
6369889.308791522
 20
6170050.796248114
 10
6369889.416351921
 20
6170052.418311356
 10
6369894.446485715
 20
6170052.103136228
 10
6369899.405526397
 20
6170051.793951362
  0
LWPOLYLINE
  5
16A
330
17
100
AcDbEntity
  8
tejido
100
AcDbPolyline
 90
6
 70
0
 10
6369886.248367244
 20
6170039.089210985
 10
6369886.57133194
 20
6170041.801347886
 10
6369888.690462615
 20
6170041.54897081
 10
6369888.508157102
 20
6170038.820679598
 10
6369887.664465639
 20
6170038.920478984
 10
6369886.248367244
 20
6170039.089210985
  0
LWPOLYLINE
  5
16B
330
17
100
AcDbEntity
  8
tejido
100
AcDbPolyline
 90
7
 70
0
 10
6369889.642047076
 20
6170055.791745464
 10
6369889.483822137
 20
6170053.415354185
 10
6369889.416289419
 20
6170052.4180296
 10
6369889.308726361
 20
6170050.796149479
 10
6369887.046242544
 20
6170050.989422988
 10
6369887.467016683
 20
6170055.937077484
 10
6369889.642047076
 20
6170055.791745464
  0
LWPOLYLINE
  5
16C
330
17
100
AcDbEntity
  8
tejido
100
AcDbPolyline
 90
6
 70
0
 10
6369894.375821295
 20
6170027.378257423
 10
6369892.98315392
 20
6170027.532115414
 10
6369887.35140552
 20
6170028.151663179
 10
6369887.561561
 20
6170030.904573408
 10
6369894.585194216
 20
6170030.116151536
 10
6369894.375821295
 20
6170027.378257423
  0
LWPOLYLINE
  5
16D
330
17
100
AcDbEntity
  8
tejido
100
AcDbPolyline
 90
7
 70
0
 10
6369888.48891356
 20
6169942.679344736
 10
6369888.299412295
 20
6169940.019763157
 10
6369885.109735008
 20
6169939.928491093
 10
6369884.189828391
 20
6169939.902146171
 10
6369884.079862944
 20
6169942.656415866
 10
6369884.720074188
 20
6169942.655697318
 10
6369888.48891356
 20
6169942.679344736
  0
LWPOLYLINE
  5
16E
330
17
100
AcDbEntity
  8
tejido
100
AcDbPolyline
 90
7
 70
0
 10
6369885.945681133
 20
6169948.503300201
 10
6369888.905248267
 20
6169948.528215267
 10
6369888.817193086
 20
6169947.288549819
 10
6369888.705008213
 20
6169945.71242901
 10
6369884.64483416
 20
6169945.7055631755
 10
6369884.575423387
 20
6169948.491430737
 10
6369885.945681133
 20
6169948.503300201
  0
LWPOLYLINE
  5
16F
330
17
100
AcDbEntity
  8
tejido
100
AcDbPolyline
 90
9
 70
0
 10
6369885.084095848
 20
6169936.799137776
 10
6369885.081041517
 20
6169936.388964832
 10
6369881.840184207
 20
6169936.377975914
 10
6369880.53984666
 20
6169936.373122286
 10
6369880.540204997
 20
6169939.797201589
 10
6369881.220130307
 20
6169939.817065269
 10
6369884.189828391
 20
6169939.902146171
 10
6369885.109735008
 20
6169939.928491093
 10
6369885.084095848
 20
6169936.799137776
  0
LWPOLYLINE
  5
170
330
17
100
AcDbEntity
  8
tejido
100
AcDbPolyline
 90
5
 70
0
 10
6369886.244899009
 20
6169911.178930541
 10
6369886.112004919
 20
6169909.306416488
 10
6369882.8306345
 20
6169909.467894025
 10
6369882.939614477
 20
6169911.196016097
 10
6369886.244899009
 20
6169911.178930541
  0
LWPOLYLINE
  5
171
330
17
100
AcDbEntity
  8
tejido
100
AcDbPolyline
 90
7
 70
0
 10
6369883.905627625
 20
6169931.211163017
 10
6369883.698561237
 20
6169926.865797935
 10
6369879.404201361
 20
6169927.073603991
 10
6369877.953949146
 20
6169927.128595654
 10
6369878.264231254
 20
6169931.254388348
 10
6369881.805728803
 20
6169931.227724153
 10
6369883.905627625
 20
6169931.211163017
  0
LWPOLYLINE
  5
172
330
17
100
AcDbEntity
  8
tejido
100
AcDbPolyline
 90
6
 70
0
 10
6369887.105818548
 20
6169923.266066824
 10
6369886.847363202
 20
6169919.636181172
 10
6369883.539728365
 20
6169919.884305217
 10
6369883.672652658
 20
6169923.134251794
 10
6369883.657575242
 20
6169923.484142956
 10
6369887.105818548
 20
6169923.266066824
  0
LWPOLYLINE
  5
173
330
17
100
AcDbEntity
  8
tejido
100
AcDbPolyline
 90
5
 70
0
 10
6369982.013414971
 20
6170054.3441294925
 10
6369981.485642679
 20
6170047.35028659
 10
6369980.130646692
 20
6170047.458676513
 10
6369980.4929530015
 20
6170054.412107945
 10
6369982.013414971
 20
6170054.3441294925
  0
LWPOLYLINE
  5
174
330
17
100
AcDbEntity
  8
tejido
100
AcDbPolyline
 90
16
 70
0
 10
6369956.162231535
 20
6170026.8359955335
 10
6369955.672692074
 20
6170020.710828635
 10
6369955.3584325425
 20
6170016.787989835
 10
6369954.973950901
 20
6170011.985927698
 10
6369954.693786792
 20
6170008.473807133
 10
6369954.605799301
 20
6170007.367143143
 10
6369953.1320265895
 20
6170007.458598578
 10
6369953.603529626
 20
6170015.0632158425
 10
6369953.878224225
 20
6170019.491376771
 10
6369953.93896367
 20
6170020.472972737
 10
6369953.465858312
 20
6170020.514771975
 10
6369952.754704314
 20
6170020.577479665
 10
6369953.300890779
 20
6170026.741321786
 10
6369954.0339621585
 20
6170026.682900455
 10
6369954.059530226
 20
6170027.0038062865
 10
6369956.162231535
 20
6170026.8359955335
  0
LWPOLYLINE
  5
175
330
17
100
AcDbEntity
  8
tejido
100
AcDbPolyline
 90
11
 70
0
 10
6369955.304252707
 20
6170039.771443422
 10
6369955.662814709
 20
6170039.744294106
 10
6369955.7461378565
 20
6170040.844069221
 10
6369956.015601766
 20
6170040.82365361
 10
6369956.3734949585
 20
6170045.5474547
 10
6369957.649184671
 20
6170045.413191751
 10
6369957.585721749
 20
6170044.616021842
 10
6369956.61185033
 20
6170032.446088654
 10
6369954.037740976
 20
6170032.742863426
 10
6369954.573208586
 20
6170039.82684681
 10
6369955.304252707
 20
6170039.771443422
  0
LWPOLYLINE
  5
176
330
17
100
AcDbEntity
  8
tejido
100
AcDbPolyline
 90
8
 70
0
 10
6369957.947374186
 20
6170049.137799416
 10
6369955.341581445
 20
6170049.41114281
 10
6369954.843665741
 20
6170049.462900468
 10
6369955.1507167015
 20
6170055.192170175
 10
6369955.671594295
 20
6170055.556830505
 10
6369956.130458587
 20
6170055.878158785
 10
6369958.472339073
 20
6170055.69147054
 10
6369957.947374186
 20
6170049.137799416
  0
LWPOLYLINE
  5
177
330
17
100
AcDbEntity
  8
tejido
100
AcDbPolyline
 90
11
 70
0
 10
6369910.869529126
 20
6170041.899003073
 10
6369910.765954069
 20
6170040.764150013
 10
6369916.923109567
 20
6170040.060223952
 10
6369917.060771466
 20
6170041.189587997
 10
6369918.090821746
 20
6170041.071488525
 10
6369917.665639414
 20
6170036.9077688465
 10
6369917.424204343
 20
6170034.547754689
 10
6369917.392671788
 20
6170034.23817948
 10
6369909.239608628
 20
6170035.99754608
 10
6369909.825471113
 20
6170042.018914205
 10
6369910.869529126
 20
6170041.899003073
  0
LWPOLYLINE
  5
178
330
17
100
AcDbEntity
  8
tejido
100
AcDbPolyline
 90
14
 70
0
 10
6369910.446158698
 20
6170048.3958288515
 10
6369909.825414541
 20
6170042.01882986
 10
6369909.239525883
 20
6170035.997447681
 10
6369908.65701547
 20
6170036.089031439
 10
6369903.901617723
 20
6170036.841325875
 10
6369903.709191772
 20
6170036.866544083
 10
6369898.438683329
 20
6170037.5463479785
 10
6369899.048648481
 20
6170046.529008152
 10
6369900.845734043
 20
6170046.424028458
 10
6369900.947063976
 20
6170047.920966955
 10
6369904.932667086
 20
6170047.689675641
 10
6369908.448743045
 20
6170047.484585591
 10
6369908.547961228
 20
6170048.506344422
 10
6369910.446158698
 20
6170048.3958288515
  0
LWPOLYLINE
  5
179
330
17
100
AcDbEntity
  8
tejido
100
AcDbPolyline
 90
21
 70
0
 10
6369912.361537394
 20
6170068.069766392
 10
6369911.912243547
 20
6170063.458806874
 10
6369910.019640614
 20
6170063.597412455
 10
6369909.387777698
 20
6170063.643266446
 10
6369908.91913468
 20
6170063.677483053
 10
6369906.744168996
 20
6170063.835001029
 10
6369906.937344533
 20
6170065.827426402
 10
6369905.621555299
 20
6170065.922380619
 10
6369905.428379762
 20
6170063.929955243
 10
6369903.247413431
 20
6170064.087386203
 10
6369903.030100928
 20
6170064.104241015
 10
6369902.372206303
 20
6170064.151718121
 10
6369900.25430448
 20
6170064.306062393
 10
6369900.296477136
 20
6170064.915865035
 10
6369900.431588672
 20
6170066.911449656
 10
6369900.569192911
 20
6170068.9420814095
 10
6369902.822311733
 20
6170068.775693628
 10
6369905.877557596
 20
6170068.548915681
 10
6369907.193375837
 20
6170068.451961241
 10
6369910.4689199645
 20
6170068.2093720995
 10
6369912.361537394
 20
6170068.069766392
  0
LWPOLYLINE
  5
17A
330
17
100
AcDbEntity
  8
tejido
100
AcDbPolyline
 90
15
 70
0
 10
6369900.569192911
 20
6170068.9420814095
 10
6369900.431588672
 20
6170066.911449656
 10
6369899.43325279
 20
6170066.981998487
 10
6369899.298155754
 20
6170064.985413752
 10
6369897.8011592245
 20
6170065.090744187
 10
6369895.025478758
 20
6170065.284564746
 10
6369892.793521584
 20
6170065.440255943
 10
6369891.2965395255
 20
6170065.544586279
 10
6369891.429636359
 20
6170067.54114206
 10
6369890.432315053
 20
6170067.610705293
 10
6369890.570339266
 20
6170069.68135575
 10
6369891.567718586
 20
6170069.607792096
 10
6369895.31692094
 20
6170069.330058725
 10
6369899.571813621
 20
6170069.015645057
 10
6369900.569192911
 20
6170068.9420814095
  0
LWPOLYLINE
  5
17B
330
17
100
AcDbEntity
  8
tejido
100
AcDbPolyline
 90
5
 70
0
 10
6369907.389660115
 20
6170025.946477236
 10
6369902.641598567
 20
6170026.468805748
 10
6369902.887944356
 20
6170029.4163015345
 10
6369907.680895809
 20
6170028.764583195
 10
6369907.389660115
 20
6170025.946477236
  0
LWPOLYLINE
  5
17C
330
17
100
AcDbEntity
  8
tejido
100
AcDbPolyline
 90
8
 70
0
 10
6369908.65701547
 20
6170036.089031439
 10
6369908.276558158
 20
6170035.836436541
 10
6369908.052630681
 20
6170033.343408341
 10
6369903.428726367
 20
6170033.926556017
 10
6369903.755649354
 20
6170036.491099858
 10
6369903.709191772
 20
6170036.866544083
 10
6369903.901617723
 20
6170036.841325875
 10
6369908.65701547
 20
6170036.089031439
  0
LWPOLYLINE
  5
17D
330
17
100
AcDbEntity
  8
tejido
100
AcDbPolyline
 90
5
 70
0
 10
6369917.077152725
 20
6170030.881469671
 10
6369916.841528633
 20
6170028.367265329
 10
6369911.13619299
 20
6170029.025758435
 10
6369911.399384878
 20
6170031.570372025
 10
6369917.077152725
 20
6170030.881469671
  0
LWPOLYLINE
  5
17E
330
17
100
AcDbEntity
  8
tejido
100
AcDbPolyline
 90
5
 70
0
 10
6369903.041388258
 20
6170008.4889630005
 10
6369903.133430058
 20
6170003.521739598
 10
6369899.482472533
 20
6170003.508805304
 10
6369899.328205466
 20
6170008.628174365
 10
6369903.041388258
 20
6170008.4889630005
  0
LWPOLYLINE
  5
17F
330
17
100
AcDbEntity
  8
tejido
100
AcDbPolyline
 90
13
 70
0
 10
6369914.931620573
 20
6170008.044323221
 10
6369914.8787202295
 20
6170006.863193245
 10
6369921.756416823
 20
6170006.3881085245
 10
6369922.708045127
 20
6170006.322477558
 10
6369922.31134125
 20
6170000.29188618
 10
6369917.853296645
 20
6170000.40429224
 10
6369911.853613353
 20
6170000.324243879
 10
6369911.91433637
 20
6170004.826536071
 10
6369910.98624689
 20
6170004.81411468
 10
6369911.0153356865
 20
6170006.188929924
 10
6369911.430661125
 20
6170006.173950364
 10
6369911.456666317
 20
6170008.173977995
 10
6369914.931620573
 20
6170008.044323221
  0
LWPOLYLINE
  5
180
330
17
100
AcDbEntity
  8
tejido
100
AcDbPolyline
 90
7
 70
0
 10
6369901.509400804
 20
6169993.418026297
 10
6369897.318735509
 20
6169993.373257394
 10
6369897.319312542
 20
6169995.195837381
 10
6369899.565095818
 20
6169995.190394275
 10
6369899.551341089
 20
6169996.6906653885
 10
6369901.502021328
 20
6169996.685944198
 10
6369901.509400804
 20
6169993.418026297
  0
LWPOLYLINE
  5
181
330
17
100
AcDbEntity
  8
tejido
100
AcDbPolyline
 90
12
 70
0
 10
6369911.853522129
 20
6170000.32415757
 10
6369917.853243633
 20
6170000.404164475
 10
6369917.618050675
 20
6169995.239135153
 10
6369918.758835648
 20
6169995.209664625
 10
6369918.419142175
 20
6169989.732022273
 10
6369909.972311501
 20
6169989.744566777
 10
6369909.495160669
 20
6169989.744649224
 10
6369909.511301749
 20
6169993.391026712
 10
6369910.532697355
 20
6169993.385832935
 10
6369910.540925326
 20
6169996.957072127
 10
6369910.555184919
 20
6170000.319333227
 10
6369911.853522129
 20
6170000.32415757
  0
LWPOLYLINE
  5
182
330
17
100
AcDbEntity
  8
tejido
100
AcDbPolyline
 90
6
 70
0
 10
6369898.870546591
 20
6169969.140154824
 10
6369898.519998127
 20
6169963.58332987
 10
6369893.513739561
 20
6169963.699786843
 10
6369893.800346657
 20
6169966.974969254
 10
6369893.9883166775
 20
6169969.119366979
 10
6369898.870546591
 20
6169969.140154824
  0
LWPOLYLINE
  5
183
330
17
100
AcDbEntity
  8
tejido
100
AcDbPolyline
 90
5
 70
0
 10
6369916.2459529
 20
6169969.2120816
 10
6369916.149012084
 20
6169968.033306545
 10
6369911.24827098
 20
6169968.254326137
 10
6369911.334705764
 20
6169969.19187325
 10
6369916.2459529
 20
6169969.2120816
  0
LWPOLYLINE
  5
184
330
17
100
AcDbEntity
  8
tejido
100
AcDbPolyline
 90
5
 70
0
 10
6369916.066462348
 20
6169967.034796654
 10
6369915.815465409
 20
6169963.994204313
 10
6369911.738869457
 20
6169964.016109659
 10
6369911.992517298
 20
6169967.218791302
 10
6369916.066462348
 20
6169967.034796654
  0
LWPOLYLINE
  5
185
330
17
100
AcDbEntity
  8
tejido
100
AcDbPolyline
 90
5
 70
0
 10
6369902.472860983
 20
6169898.634268232
 10
6369900.061481181
 20
6169898.608299955
 10
6369900.146987496
 20
6169899.609853741
 10
6369902.5447443025
 20
6169899.471572991
 10
6369902.472860983
 20
6169898.634268232
  0
LWPOLYLINE
  5
186
330
17
100
AcDbEntity
  8
tejido
100
AcDbPolyline
 90
5
 70
0
 10
6369912.216852233
 20
6169898.914624324
 10
6369914.81384707
 20
6169898.764228338
 10
6369912.000396811
 20
6169898.734429655
 10
6369912.016628506
 20
6169898.925724967
 10
6369912.216852233
 20
6169898.914624324
  0
LWPOLYLINE
  5
187
330
17
100
AcDbEntity
  8
tejido
100
AcDbPolyline
 90
7
 70
0
 10
6369970.595387872
 20
6169920.487756058
 10
6369970.344711927
 20
6169916.5196274705
 10
6369968.8026345605
 20
6169916.631094551
 10
6369968.964364139
 20
6169919.022555479
 10
6369967.579423043
 20
6169919.109598953
 10
6369967.755092211
 20
6169920.722651326
 10
6369970.595387872
 20
6169920.487756058
  0
LWPOLYLINE
  5
188
330
17
100
AcDbEntity
  8
tejido
100
AcDbPolyline
 90
8
 70
0
 10
6369964.127399543
 20
6169931.107312093
 10
6369963.411000838
 20
6169924.2217677785
 10
6369962.367326895
 20
6169924.314665815
 10
6369961.064234614
 20
6169924.430810121
 10
6369958.075444964
 20
6169924.696562257
 10
6369958.237822746
 20
6169926.329428192
 10
6369958.751231734
 20
6169931.485487619
 10
6369964.127399543
 20
6169931.107312093
  0
LWPOLYLINE
  5
189
330
17
100
AcDbEntity
  8
tejido
100
AcDbPolyline
 90
14
 70
0
 10
6369932.743372989
 20
6169967.332667779
 10
6369942.381927911
 20
6169966.537155786
 10
6369942.2769770585
 20
6169964.807091885
 10
6369946.975537926
 20
6169964.525122113
 10
6369946.773121528
 20
6169961.928373522
 10
6369949.791493745
 20
6169961.692059115
 10
6369949.72236731
 20
6169960.526691636
 10
6369949.608656846
 20
6169959.331668493
 10
6369926.669075873
 20
6169961.4967743475
 10
6369926.849598129
 20
6169963.395986991
 10
6369928.904304101
 20
6169963.322752678
 10
6369931.760951811
 20
6169965.891973193
 10
6369931.81797221
 20
6169967.409275566
 10
6369932.743372989
 20
6169967.332667779
  0
LWPOLYLINE
  5
18A
330
17
100
AcDbEntity
  8
tejido
100
AcDbPolyline
 90
11
 70
0
 10
6369968.615558091
 20
6169964.370805642
 10
6369968.386286601
 20
6169961.487578114
 10
6369967.9120334545
 20
6169955.562845673
 10
6369955.140269358
 20
6169956.581002414
 10
6369955.51861088
 20
6169961.324974495
 10
6369954.302846649
 20
6169961.420378524
 10
6369954.658481879
 20
6169965.522820338
 10
6369957.512793579
 20
6169965.28712759
 10
6369958.7746930765
 20
6169965.183389789
 10
6369967.499876748
 20
6169964.462659544
 10
6369968.615558091
 20
6169964.370805642
  0
LWPOLYLINE
  5
18B
330
17
100
AcDbEntity
  8
tejido
100
AcDbPolyline
 90
7
 70
0
 10
6369925.203987342
 20
6169976.163132358
 10
6369925.084321668
 20
6169974.757956896
 10
6369924.955192267
 20
6169973.24661094
 10
6369923.1737023685
 20
6169973.379825144
 10
6369923.554230326
 20
6169978.3869119
 10
6369925.380087358
 20
6169978.229333249
 10
6369925.203987342
 20
6169976.163132358
  0
LWPOLYLINE
  5
18C
330
17
100
AcDbEntity
  8
tejido
100
AcDbPolyline
 90
54
 70
0
 10
6369930.788230655
 20
6169977.784599544
 10
6369930.605376488
 20
6169975.701295407
 10
6369935.620145521
 20
6169975.273864147
 10
6369935.762560438
 20
6169977.386591195
 10
6369938.719926453
 20
6169977.149391898
 10
6369939.3047554605
 20
6169977.104856624
 10
6369939.17163155
 20
6169974.9722580705
 10
6369943.698624973
 20
6169974.587768659
 10
6369943.914568897
 20
6169976.734572336
 10
6369944.692707895
 20
6169976.672834227
 10
6369946.461312354
 20
6169976.5314306365
 10
6369946.266617164
 20
6169974.367929803
 10
6369951.254339641
 20
6169973.943107292
 10
6369951.33548652
 20
6169976.141972988
 10
6369954.352902087
 20
6169975.902643632
 10
6369954.114782519
 20
6169973.698500558
 10
6369959.573235047
 20
6169973.233489999
 10
6369959.680761043
 20
6169975.475751671
 10
6369962.184441916
 20
6169975.275986743
 10
6369961.926856933
 20
6169973.034549832
 10
6369965.191936048
 20
6169972.754798407
 10
6369965.356119831
 20
6169975.021889232
 10
6369968.260393068
 20
6169974.789921898
 10
6369968.1404894
 20
6169972.504467305
 10
6369970.10853486
 20
6169972.336947011
 10
6369972.600373954
 20
6169972.126006937
 10
6369972.733945472
 20
6169974.434666922
 10
6369976.325246644
 20
6169974.146642383
 10
6369976.102810988
 20
6169971.8266905565
 10
6369975.8017521985
 20
6169968.651330806
 10
6369971.9658021815
 20
6169968.978820786
 10
6369972.117192246
 20
6169970.748570222
 10
6369968.04088384
 20
6169971.095581705
 10
6369965.969682698
 20
6169971.271609131
 10
6369961.183256774
 20
6169971.680344872
 10
6369957.4935392
 20
6169971.994950915
 10
6369957.374201199
 20
6169969.670492216
 10
6369952.533682539
 20
6169970.084445359
 10
6369952.670109322
 20
6169972.403150042
 10
6369947.489076865
 20
6169972.845175357
 10
6369947.375666953
 20
6169970.525804118
 10
6369944.150635284
 20
6169970.803135376
 10
6369944.310151476
 20
6169973.11617309
 10
6369939.076026382
 20
6169973.563430348
 10
6369935.971210075
 20
6169973.828500656
 10
6369930.773132064
 20
6169974.273279765
 10
6369930.650191178
 20
6169972.818041148
 10
6369926.601494161
 20
6169973.123439968
 10
6369926.715854074
 20
6169974.618566706
 10
6369925.084321668
 20
6169974.757956896
 10
6369925.203987342
 20
6169976.163132358
 10
6369926.822518403
 20
6169976.023553611
 10
6369927.022664408
 20
6169978.08710227
 10
6369930.788230655
 20
6169977.784599544
  0
LWPOLYLINE
  5
18D
330
17
100
AcDbEntity
  8
tejido
100
AcDbPolyline
 90
5
 70
0
 10
6369939.076026382
 20
6169973.563430348
 10
6369938.948589988
 20
6169972.349202152
 10
6369935.900852082
 20
6169972.610098644
 10
6369935.971210075
 20
6169973.828500656
 10
6369939.076026382
 20
6169973.563430348
  0
LWPOLYLINE
  5
18E
330
17
100
AcDbEntity
  8
tejido
100
AcDbPolyline
 90
5
 70
0
 10
6369965.969682698
 20
6169971.271609131
 10
6369965.85035921
 20
6169968.946150392
 10
6369961.063947784
 20
6169969.353885994
 10
6369961.183256774
 20
6169971.680344872
 10
6369965.969682698
 20
6169971.271609131
  0
LWPOLYLINE
  5
18F
330
17
100
AcDbEntity
  8
tejido
100
AcDbPolyline
 90
8
 70
0
 10
6369981.861416917
 20
6170032.946460305
 10
6369981.842429962
 20
6170032.657035887
 10
6369979.583802823
 20
6170032.806035227
 10
6369977.249409651
 20
6170032.960595195
 10
6369977.268541452
 20
6170033.249965142
 10
6369977.476822616
 20
6170036.409980809
 10
6369982.072280168
 20
6170036.130507704
 10
6369981.861416917
 20
6170032.946460305
  0
LWPOLYLINE
  5
190
330
17
100
AcDbEntity
  8
tejido
100
AcDbPolyline
 90
6
 70
0
 10
6369983.129618783
 20
6170001.375822624
 10
6369985.300380484
 20
6170001.232248567
 10
6369983.72621609
 20
6169986.103686385
 10
6369981.785898305
 20
6169986.263006176
 10
6369983.027689354
 20
6170001.382546996
 10
6369983.129618783
 20
6170001.375822624
  0
LWPOLYLINE
  5
191
330
17
100
AcDbEntity
  8
tejido
100
AcDbPolyline
 90
7
 70
0
 10
6369979.668201242
 20
6170001.605712268
 10
6369979.772635278
 20
6170001.598724128
 10
6369979.3048566785
 20
6169995.903457756
 10
6369975.86297974
 20
6169996.18614718
 10
6369975.971287158
 20
6169997.505430814
 10
6369976.326245356
 20
6170001.827031144
 10
6369979.668201242
 20
6170001.605712268
  0
LWPOLYLINE
  5
192
330
17
100
AcDbEntity
  8
tejido
100
AcDbPolyline
 90
5
 70
0
 10
6369975.871143355
 20
6169990.77416956
 10
6369966.622731655
 20
6169991.533827152
 10
6369966.91629194
 20
6169995.109003568
 10
6369976.16480363
 20
6169994.349347317
 10
6369975.871143355
 20
6169990.77416956
  0
LWPOLYLINE
  5
193
330
17
100
AcDbEntity
  8
tejido
100
AcDbPolyline
 90
5
 70
0
 10
6369976.326245356
 20
6170001.827031144
 10
6369975.971287158
 20
6169997.505430814
 10
6369970.1303011095
 20
6169997.985200567
 10
6369970.477698541
 20
6170002.214262367
 10
6369976.326245356
 20
6170001.827031144
  0
LWPOLYLINE
  5
194
330
17
100
AcDbEntity
  8
tejido
100
AcDbPolyline
 90
10
 70
0
 10
6369975.87114421
 20
6169990.774195851
 10
6369975.542764868
 20
6169986.776727323
 10
6369975.516906268
 20
6169986.778977654
 10
6369975.019210086
 20
6169986.819809672
 10
6369974.520416042
 20
6169986.860564714
 10
6369971.404148848
 20
6169987.117041121
 10
6369968.82984353
 20
6169987.328382066
 10
6369966.294470287
 20
6169987.536929632
 10
6369966.622795689
 20
6169991.53390906
 10
6369975.87114421
 20
6169990.774195851
  0
LWPOLYLINE
  5
195
330
17
100
AcDbEntity
  8
tejido
100
AcDbPolyline
 90
7
 70
0
 10
6369968.911503905
 20
6170002.31798875
 10
6369970.477698541
 20
6170002.214262367
 10
6369970.1303011095
 20
6169997.985200567
 10
6369970.0219936855
 20
6169996.665916909
 10
6369966.602950903
 20
6169996.946736808
 10
6369967.054236981
 20
6170002.441101348
 10
6369968.911503905
 20
6170002.31798875
  0
LWPOLYLINE
  5
196
330
17
100
AcDbEntity
  8
tejido
100
AcDbPolyline
 90
9
 70
0
 10
6369965.953235603
 20
6170002.513962264
 10
6369965.494975688
 20
6169996.934870045
 10
6369962.338126812
 20
6169997.194184405
 10
6369961.5767662665
 20
6169987.92524138
 10
6369959.787174172
 20
6169988.072242509
 10
6369959.189271349
 20
6169988.121589769
 10
6369958.638854633
 20
6169988.166023928
 10
6369959.850559269
 20
6170002.9184146365
 10
6369965.953235603
 20
6170002.513962264
  0
LWPOLYLINE
  5
197
330
17
100
AcDbEntity
  8
tejido
100
AcDbPolyline
 90
9
 70
0
 10
6369983.027755214
 20
6170001.382678069
 10
6369981.785992904
 20
6169986.263135909
 10
6369981.432067173
 20
6169986.292193595
 10
6369980.016488094
 20
6169986.408304027
 10
6369979.636947926
 20
6169986.439615583
 10
6369980.406874213
 20
6169995.813090002
 10
6369979.304814044
 20
6169995.903586378
 10
6369979.772626258
 20
6170001.598737671
 10
6369983.027755214
 20
6170001.382678069
  0
LWPOLYLINE
  5
198
330
17
100
AcDbEntity
  8
tejido
100
AcDbPolyline
 90
23
 70
0
 10
6369967.05421687
 20
6170002.441226095
 10
6369966.602909574
 20
6169996.946755161
 10
6369970.022052384
 20
6169996.666036548
 10
6369970.130402673
 20
6169997.985220503
 10
6369975.971340718
 20
6169997.505541096
 10
6369975.863054132
 20
6169996.186174928
 10
6369979.304814044
 20
6169995.903586378
 10
6369980.406874213
 20
6169995.813090002
 10
6369979.636947926
 20
6169986.439615583
 10
6369975.846810848
 20
6169986.751769559
 10
6369975.542764868
 20
6169986.776727323
 10
6369975.87114421
 20
6169990.774195851
 10
6369976.164802968
 20
6169994.349336757
 10
6369966.916270455
 20
6169995.109108465
 10
6369966.622795689
 20
6169991.53390906
 10
6369966.294470287
 20
6169987.536929632
 10
6369964.043030276
 20
6169987.722303601
 10
6369963.243420992
 20
6169987.788368542
 10
6369961.576729443
 20
6169987.925259015
 10
6369962.338219813
 20
6169997.194208809
 10
6369965.494946109
 20
6169996.934899996
 10
6369965.953206911
 20
6170002.514031989
 10
6369967.05421687
 20
6170002.441226095
  0
LWPOLYLINE
  5
199
330
17
100
AcDbEntity
  8
tejido
100
AcDbPolyline
 90
8
 70
0
 10
6369937.474007003
 20
6169917.3796081655
 10
6369936.8587282915
 20
6169911.177743581
 10
6369933.375553106
 20
6169911.528354646
 10
6369933.301349793
 20
6169910.782044865
 10
6369931.661439465
 20
6169910.947321364
 10
6369932.234094865
 20
6169916.708429922
 10
6369932.351936116
 20
6169917.894510238
 10
6369937.474007003
 20
6169917.3796081655
  0
LWPOLYLINE
  5
19A
330
17
100
AcDbEntity
  8
tejido
100
AcDbPolyline
 90
5
 70
0
 10
6369936.01329014
 20
6170047.491204342
 10
6369934.998355999
 20
6170036.911173435
 10
6369930.586592603
 20
6170037.21330852
 10
6369931.601526769
 20
6170047.793339579
 10
6369936.01329014
 20
6170047.491204342
  0
LWPOLYLINE
  5
19B
330
17
100
AcDbEntity
  8
tejido
100
AcDbPolyline
 90
5
 70
0
 10
6369911.07271784
 20
6169922.902559123
 10
6369909.78044108
 20
6169907.788083982
 10
6369906.783013252
 20
6169907.95968124
 10
6369908.076290133
 20
6169923.074171037
 10
6369911.07271784
 20
6169922.902559123
  0
LWPOLYLINE
  5
19C
330
17
100
AcDbEntity
  8
tejido
100
AcDbPolyline
 90
5
 70
0
 10
6369891.202406603
 20
6169996.436545719
 10
6369891.196637738
 20
6169993.385505114
 10
6369885.954645379
 20
6169993.409515998
 10
6369885.960269203
 20
6169996.470557691
 10
6369891.202406603
 20
6169996.436545719
  0
LWPOLYLINE
  5
19D
330
17
100
AcDbEntity
  8
tejido
100
AcDbPolyline
 90
6
 70
0
 10
6369981.357880461
 20
6170045.659816403
 10
6369979.995973778
 20
6170045.762907208
 10
6369980.02926313
 20
6170046.182893983
 10
6369980.130792427
 20
6170047.458813572
 10
6369981.485633387
 20
6170047.35036963
 10
6369981.357880461
 20
6170045.659816403
  0
LWPOLYLINE
  5
19E
330
17
100
AcDbEntity
  8
tejido
100
AcDbPolyline
 90
7
 70
0
 10
6369980.492928543
 20
6170054.412226418
 10
6369979.028508827
 20
6170054.477625422
 10
6369979.207128957
 20
6170057.969468343
 10
6369979.469549184
 20
6170063.105131099
 10
6369982.657012497
 20
6170062.869223774
 10
6369982.013372834
 20
6170054.344220844
 10
6369980.492928543
 20
6170054.412226418
  0
LWPOLYLINE
  5
19F
330
17
100
AcDbEntity
  8
tejido
100
AcDbPolyline
 90
6
 70
0
 10
6369980.492928543
 20
6170054.412226418
 10
6369980.130792427
 20
6170047.458813572
 10
6369980.02926313
 20
6170046.182893983
 10
6369978.60999772
 20
6170046.296386959
 10
6369979.028508827
 20
6170054.477625422
 10
6369980.492928543
 20
6170054.412226418
  0
LWPOLYLINE
  5
1A0
330
17
100
AcDbEntity
  8
tejido
100
AcDbPolyline
 90
8
 70
0
 10
6369968.872384446
 20
6170063.889761463
 10
6369968.774090997
 20
6170062.4289765
 10
6369969.282182391
 20
6170062.394787996
 10
6369969.076014804
 20
6170059.3308345815
 10
6369966.603474752
 20
6170059.497207074
 10
6369966.712135088
 20
6170061.071423653
 10
6369966.918207603
 20
6170064.034324124
 10
6369968.872384446
 20
6170063.889761463
  0
LWPOLYLINE
  5
1A1
330
17
100
AcDbEntity
  8
tejido
100
AcDbPolyline
 90
7
 70
0
 10
6369969.076097425
 20
6170059.33095786
 10
6369971.973387947
 20
6170059.135900547
 10
6369971.6789670745
 20
6170054.7586173555
 10
6369966.29947527
 20
6170055.120561126
 10
6369966.452296494
 20
6170057.3264709115
 10
6369966.603492055
 20
6170059.497128795
 10
6369969.076097425
 20
6170059.33095786
  0
LWPOLYLINE
  5
1A2
330
17
100
AcDbEntity
  8
tejido
100
AcDbPolyline
 90
7
 70
0
 10
6369971.973418106
 20
6170059.135873852
 10
6369972.276323751
 20
6170063.637496908
 10
6369975.385951214
 20
6170063.406888067
 10
6369974.999967705
 20
6170058.184668135
 10
6369974.731058093
 20
6170054.553213941
 10
6369971.678879019
 20
6170054.758589187
 10
6369971.973418106
 20
6170059.135873852
  0
LWPOLYLINE
  5
1A3
330
17
100
AcDbEntity
  8
tejido
100
AcDbPolyline
 90
8
 70
0
 10
6369972.276323751
 20
6170063.637496908
 10
6369971.973418106
 20
6170059.135873852
 10
6369969.076014804
 20
6170059.3308345815
 10
6369969.282182391
 20
6170062.394787996
 10
6369968.774090997
 20
6170062.4289765
 10
6369968.872384446
 20
6170063.889761463
 10
6369969.801231419
 20
6170063.821048855
 10
6369972.276323751
 20
6170063.637496908
  0
LWPOLYLINE
  5
1A4
330
17
100
AcDbEntity
  8
tejido
100
AcDbPolyline
 90
22
 70
0
 10
6369954.486964701
 20
6170005.878381413
 10
6369950.621842784
 20
6170006.18700605
 10
6369950.579412926
 20
6170005.513206075
 10
6369950.454954691
 20
6170003.54075171
 10
6369946.455900192
 20
6170003.80585603
 10
6369947.401599562
 20
6170015.297167607
 10
6369947.746071313
 20
6170019.477483234
 10
6369948.08454133
 20
6170023.591712121
 10
6369948.08760367
 20
6170023.628938598
 10
6369952.289158981
 20
6170023.2933834465
 10
6369952.569220695
 20
6170026.799946601
 10
6369953.300890779
 20
6170026.741321786
 10
6369952.754704314
 20
6170020.577479665
 10
6369953.465858312
 20
6170020.514771975
 10
6369953.93896367
 20
6170020.472972737
 10
6369953.878224225
 20
6170019.491376771
 10
6369950.01092493
 20
6170019.731222866
 10
6369949.736230322
 20
6170015.303061883
 10
6369953.603529626
 20
6170015.0632158425
 10
6369953.1320265895
 20
6170007.458598578
 10
6369954.605799301
 20
6170007.367143143
 10
6369954.486964701
 20
6170005.878381413
  0
LWPOLYLINE
  5
1A5
330
17
100
AcDbEntity
  8
tejido
100
AcDbPolyline
 90
5
 70
0
 10
6369948.755347896
 20
6170031.737487159
 10
6369948.920870967
 20
6170033.7453379985
 10
6369953.235783093
 20
6170033.390179722
 10
6369953.070443151
 20
6170031.382331569
 10
6369948.755347896
 20
6170031.737487159
  0
LWPOLYLINE
  5
1A6
330
17
100
AcDbEntity
  8
tejido
100
AcDbPolyline
 90
6
 70
0
 10
6369953.070443151
 20
6170031.382331569
 10
6369955.251953531
 20
6170031.202720171
 10
6369955.094092547
 20
6170029.285401895
 10
6369948.596125563
 20
6170029.804580256
 10
6369948.755347896
 20
6170031.737487159
 10
6369953.070443151
 20
6170031.382331569
  0
LWPOLYLINE
  5
1A7
330
17
100
AcDbEntity
  8
tejido
100
AcDbPolyline
 90
11
 70
0
 10
6369954.081382053
 20
6170033.320497931
 10
6369954.037721992
 20
6170032.74289887
 10
6369956.6118627675
 20
6170032.446079129
 10
6369956.436528777
 20
6170030.255900053
 10
6369956.365343223
 20
6170029.371534206
 10
6369956.35046323
 20
6170029.185102821
 10
6369955.094101733
 20
6170029.285447265
 10
6369955.251908625
 20
6170031.202650611
 10
6369953.070465104
 20
6170031.382207373
 10
6369953.235737048
 20
6170033.390103809
 10
6369954.081382053
 20
6170033.320497931
  0
LWPOLYLINE
  5
1A8
330
17
100
AcDbEntity
  8
tejido
100
AcDbPolyline
 90
14
 70
0
 10
6369951.9116852945
 20
6170046.013233243
 10
6369956.373631351
 20
6170045.547561918
 10
6369956.015612216
 20
6170040.823666771
 10
6369955.74624843
 20
6170040.844182161
 10
6369955.662922907
 20
6170039.744423875
 10
6369955.304264244
 20
6170039.771459252
 10
6369954.573190457
 20
6170039.826856866
 10
6369954.081363905
 20
6170033.320494842
 10
6369953.235727537
 20
6170033.390227272
 10
6369948.920998537
 20
6170033.7453882005
 10
6369949.573793236
 20
6170041.676955034
 10
6369949.875716219
 20
6170045.34746074
 10
6369949.947282348
 20
6170046.218217016
 10
6369951.9116852945
 20
6170046.013233243
  0
LWPOLYLINE
  5
1A9
330
17
100
AcDbEntity
  8
tejido
100
AcDbPolyline
 90
5
 70
0
 10
6369953.878094349
 20
6170019.4914108245
 10
6369953.603534643
 20
6170015.063135858
 10
6369949.73616545
 20
6170015.302959917
 10
6369950.010772371
 20
6170019.731232012
 10
6369953.878094349
 20
6170019.4914108245
  0
LWPOLYLINE
  5
1AA
330
17
100
AcDbEntity
  8
tejido
100
AcDbPolyline
 90
6
 70
0
 10
6369954.438108035
 20
6170005.273052219
 10
6369952.461715188
 20
6170005.39543855
 10
6369950.579412926
 20
6170005.513206075
 10
6369950.621842784
 20
6170006.18700605
 10
6369954.486964701
 20
6170005.878381413
 10
6369954.438108035
 20
6170005.273052219
  0
LWPOLYLINE
  5
1AB
330
17
100
AcDbEntity
  8
tejido
100
AcDbPolyline
 90
5
 70
0
 10
6369929.073603812
 20
6170062.763879816
 10
6369920.394475646
 20
6170063.602734229
 10
6369920.78729427
 20
6170067.446853662
 10
6369929.464292102
 20
6170066.805417848
 10
6369929.073603812
 20
6170062.763879816
  0
LWPOLYLINE
  5
1AC
330
17
100
AcDbEntity
  8
tejido
100
AcDbPolyline
 90
18
 70
0
 10
6369924.791087999
 20
6170052.1660618065
 10
6369924.605085909
 20
6170050.244183557
 10
6369923.311668184
 20
6170050.36927031
 10
6369923.124840812
 20
6170048.436939798
 10
6369922.96877011
 20
6170046.821377643
 10
6369922.906639384
 20
6170046.17989491
 10
6369920.913230166
 20
6170046.372613519
 10
6369920.884339084
 20
6170046.074554828
 10
6369918.6250922335
 20
6170046.293029588
 10
6369918.809200456
 20
6170048.0971066635
 10
6369918.921352676
 20
6170049.19203246
 10
6369919.178883621
 20
6170051.713585472
 10
6369919.728180596
 20
6170057.086209585
 10
6369919.77337286
 20
6170057.527432795
 10
6369924.14427341
 20
6170057.104827379
 10
6369923.707768717
 20
6170052.589331903
 10
6369924.821496114
 20
6170052.481604022
 10
6369924.791087999
 20
6170052.1660618065
  0
LWPOLYLINE
  5
1AD
330
17
100
AcDbEntity
  8
tejido
100
AcDbPolyline
 90
7
 70
0
 10
6369926.650831281
 20
6170051.987217795
 10
6369924.790971682
 20
6170052.166018245
 10
6369924.821496114
 20
6170052.481604022
 10
6369925.204880321
 20
6170056.450015262
 10
6369927.278443219
 20
6170056.249606104
 10
6369926.864391689
 20
6170051.966686841
 10
6369926.650831281
 20
6170051.987217795
  0
LWPOLYLINE
  5
1AE
330
17
100
AcDbEntity
  8
tejido
100
AcDbPolyline
 90
5
 70
0
 10
6369900.071319322
 20
6169978.641354756
 10
6369900.076111299
 20
6169975.097889017
 10
6369897.423046051
 20
6169975.083683161
 10
6369897.418239714
 20
6169978.637766903
 10
6369900.071319322
 20
6169978.641354756
  0
LWPOLYLINE
  5
1AF
330
17
100
AcDbEntity
  8
tejido
100
AcDbPolyline
 90
11
 70
0
 10
6369926.650831281
 20
6170051.987217795
 10
6369926.456019761
 20
6170049.969722883
 10
6369926.176549545
 20
6170049.996685583
 10
6369925.842897937
 20
6170046.543744367
 10
6369924.1953223925
 20
6170046.702895879
 10
6369922.96877011
 20
6170046.821377643
 10
6369923.124840812
 20
6170048.436939798
 10
6369923.311668184
 20
6170050.36927031
 10
6369924.605085909
 20
6170050.244183557
 10
6369924.790971682
 20
6170052.166018245
 10
6369926.650831281
 20
6170051.987217795
  0
LWPOLYLINE
  5
1B0
330
17
100
AcDbEntity
  8
tejido
100
AcDbPolyline
 90
5
 70
0
 10
6369889.470537748
 20
6169915.2851566505
 10
6369889.33173774
 20
6169913.661097925
 10
6369886.439792402
 20
6169913.908257718
 10
6369886.552536209
 20
6169915.492781555
 10
6369889.470537748
 20
6169915.2851566505
  0
LWPOLYLINE
  5
1B1
330
17
100
AcDbEntity
  8
tejido
100
AcDbPolyline
 90
36
 70
0
 10
6369925.196819709
 20
6170022.656099561
 10
6369923.697849502
 20
6170022.801039554
 10
6369924.017884584
 20
6170026.115129044
 10
6369923.772467571
 20
6170026.138922305
 10
6369923.800348449
 20
6170026.426648172
 10
6369924.9487036
 20
6170038.3168365825
 10
6369925.297623731
 20
6170041.9294120185
 10
6369925.867816156
 20
6170041.874245561
 10
6369926.179009261
 20
6170045.094976862
 10
6369924.059775785
 20
6170045.29973008
 10
6369924.195297824
 20
6170046.70295265
 10
6369925.842897937
 20
6170046.543744367
 10
6369926.176549545
 20
6170049.996685583
 10
6369926.456019761
 20
6170049.969722883
 10
6369926.650832169
 20
6170051.987156755
 10
6369926.864391689
 20
6170051.966686841
 10
6369927.278443219
 20
6170056.249606104
 10
6369925.204880321
 20
6170056.450015262
 10
6369924.821496114
 20
6170052.481604022
 10
6369923.707768717
 20
6170052.589331903
 10
6369924.14427341
 20
6170057.104827379
 10
6369919.77337286
 20
6170057.527432795
 10
6369920.060180807
 20
6170060.333068645
 10
6369920.394475646
 20
6170063.602734229
 10
6369929.073603812
 20
6170062.763879816
 10
6369928.415967825
 20
6170055.961807866
 10
6369928.209795653
 20
6170053.830953546
 10
6369927.481966295
 20
6170046.299241608
 10
6369927.289753689
 20
6170044.308831439
 10
6369926.768692753
 20
6170038.921597555
 10
6369926.576480193
 20
6170036.931187376
 10
6369926.011208488
 20
6170031.077162745
 10
6369925.946766385
 20
6170030.414033271
 10
6369925.817804364
 20
6170029.084720483
 10
6369925.258781421
 20
6170023.296602973
 10
6369925.196819709
 20
6170022.656099561
  0
LWPOLYLINE
  5
1B2
330
17
100
AcDbEntity
  8
tejido
100
AcDbPolyline
 90
16
 70
0
 10
6369922.104827078
 20
6170009.993716457
 10
6369921.884215906
 20
6170007.710668346
 10
6369921.756416823
 20
6170006.3881085245
 10
6369914.878537105
 20
6170006.863190589
 10
6369914.931620573
 20
6170008.044323221
 10
6369915.152568561
 20
6170010.398240152
 10
6369915.684714781
 20
6170016.056716156
 10
6369916.064298271
 20
6170020.093514322
 10
6369916.065362415
 20
6170020.104336364
 10
6369921.7256432315
 20
6170019.557196849
 10
6369921.439118473
 20
6170016.593129166
 10
6369920.333277794
 20
6170016.700116529
 10
6369920.115071286
 20
6170014.443437846
 10
6369921.537736068
 20
6170014.306061006
 10
6369921.130134561
 20
6170010.087830586
 10
6369922.104827078
 20
6170009.993716457
  0
LWPOLYLINE
  5
1B3
330
17
100
AcDbEntity
  8
tejido
100
AcDbPolyline
 90
19
 70
0
 10
6369916.459409516
 20
6170024.301550756
 10
6369916.442000434
 20
6170024.950488669
 10
6369916.841624703
 20
6170028.367387856
 10
6369917.077221309
 20
6170030.881601568
 10
6369917.253123582
 20
6170032.754734186
 10
6369917.392671788
 20
6170034.23817948
 10
6369917.424204343
 20
6170034.547754689
 10
6369917.665639414
 20
6170036.9077688465
 10
6369922.140725405
 20
6170036.487529389
 10
6369922.07123172
 20
6170035.747520341
 10
6369923.283467735
 20
6170035.633650369
 10
6369923.112049328
 20
6170033.809182037
 10
6369921.762988293
 20
6170033.935842894
 10
6369921.451047814
 20
6170030.615093755
 10
6369922.693118099
 20
6170030.498481639
 10
6369922.323876945
 20
6170026.565259548
 10
6369921.245655378
 20
6170026.666480996
 10
6369920.983831249
 20
6170023.876837338
 10
6369916.459409516
 20
6170024.301550756
  0
LWPOLYLINE
  5
1B4
330
17
100
AcDbEntity
  8
tejido
100
AcDbPolyline
 90
10
 70
0
 10
6369923.078343543
 20
6170016.4346543485
 10
6369923.4577999
 20
6170020.357411885
 10
6369921.818308177
 20
6170020.515882417
 10
6369921.955837507
 20
6170021.938722244
 10
6369923.599219586
 20
6170021.779880302
 10
6369923.697849502
 20
6170022.801039554
 10
6369925.196819709
 20
6170022.656099561
 10
6369924.384099524
 20
6170014.246294515
 10
6369922.880726356
 20
6170014.391720105
 10
6369923.078343543
 20
6170016.4346543485
  0
LWPOLYLINE
  5
1B5
330
17
100
AcDbEntity
  8
tejido
100
AcDbPolyline
 90
8
 70
0
 10
6369921.955837507
 20
6170021.938722244
 10
6369921.818308177
 20
6170020.515882417
 10
6369921.7256432315
 20
6170019.557196849
 10
6369916.065362415
 20
6170020.104336364
 10
6369916.459409516
 20
6170024.301550756
 10
6369920.983831249
 20
6170023.876837338
 10
6369920.807262455
 20
6170022.04966896
 10
6369921.955837507
 20
6170021.938722244
  0
LWPOLYLINE
  5
1B6
330
17
100
AcDbEntity
  8
tejido
100
AcDbPolyline
 90
11
 70
0
 10
6369921.439118473
 20
6170016.593129166
 10
6369923.078343543
 20
6170016.4346543485
 10
6369922.880726356
 20
6170014.391720105
 10
6369924.384099524
 20
6170014.246294515
 10
6369923.955781316
 20
6170009.814684192
 10
6369922.104827078
 20
6170009.993716457
 10
6369921.130134561
 20
6170010.087830586
 10
6369921.537736068
 20
6170014.306061006
 10
6369920.115071286
 20
6170014.443437846
 10
6369920.333277794
 20
6170016.700116529
 10
6369921.439118473
 20
6170016.593129166
  0
LWPOLYLINE
  5
1B7
330
17
100
AcDbEntity
  8
tejido
100
AcDbPolyline
 90
5
 70
0
 10
6369923.7352077635
 20
6170007.531778907
 10
6369921.884215906
 20
6170007.710668346
 10
6369922.104827078
 20
6170009.993716457
 10
6369923.955781316
 20
6170009.814684192
 10
6369923.7352077635
 20
6170007.531778907
  0
LWPOLYLINE
  5
1B8
330
17
100
AcDbEntity
  8
tejido
100
AcDbPolyline
 90
6
 70
0
 10
6369923.078343543
 20
6170016.4346543485
 10
6369921.439118473
 20
6170016.593129166
 10
6369921.7256432315
 20
6170019.557196849
 10
6369921.818308177
 20
6170020.515882417
 10
6369923.4577999
 20
6170020.357411885
 10
6369923.078343543
 20
6170016.4346543485
  0
LWPOLYLINE
  5
1B9
330
17
100
AcDbEntity
  8
tejido
100
AcDbPolyline
 90
9
 70
0
 10
6369924.9487036
 20
6170038.3168365825
 10
6369922.11277488
 20
6170038.590744369
 10
6369922.541039808
 20
6170043.02482308
 10
6369923.8280108655
 20
6170042.900521139
 10
6369924.059775785
 20
6170045.29973008
 10
6369926.179009261
 20
6170045.094976862
 10
6369925.867816156
 20
6170041.874245561
 10
6369925.297623731
 20
6170041.9294120185
 10
6369924.9487036
 20
6170038.3168365825
  0
LWPOLYLINE
  5
1BA
330
17
100
AcDbEntity
  8
tejido
100
AcDbPolyline
 90
11
 70
0
 10
6369922.323876945
 20
6170026.565259548
 10
6369923.800348449
 20
6170026.426648172
 10
6369923.772466687
 20
6170026.138983349
 10
6369924.017884584
 20
6170026.115129044
 10
6369923.697849502
 20
6170022.801039554
 10
6369923.599219586
 20
6170021.779880302
 10
6369921.955837507
 20
6170021.938722244
 10
6369920.807262455
 20
6170022.04966896
 10
6369920.983831249
 20
6170023.876837338
 10
6369921.245655378
 20
6170026.666480996
 10
6369922.323876945
 20
6170026.565259548
  0
LWPOLYLINE
  5
1BB
330
17
100
AcDbEntity
  8
tejido
100
AcDbPolyline
 90
6
 70
0
 10
6369923.7352077635
 20
6170007.531778907
 10
6369923.6122556785
 20
6170006.259577971
 10
6369922.708047783
 20
6170006.322294432
 10
6369921.756416823
 20
6170006.3881085245
 10
6369921.884253522
 20
6170007.710811161
 10
6369923.7352077635
 20
6170007.531778907
  0
LWPOLYLINE
  5
1BC
330
17
100
AcDbEntity
  8
tejido
100
AcDbPolyline
 90
8
 70
0
 10
6369889.642047076
 20
6170055.791745464
 10
6369887.467016683
 20
6170055.937077484
 10
6369887.8879801845
 20
6170060.888520083
 10
6369889.971944783
 20
6170060.728679662
 10
6369889.941438911
 20
6170060.268315179
 10
6369889.773231825
 20
6170057.755078551
 10
6369889.696782207
 20
6170056.6106058825
 10
6369889.642047076
 20
6170055.791745464
  0
LWPOLYLINE
  5
1BD
330
17
100
AcDbEntity
  8
tejido
100
AcDbPolyline
 90
5
 70
0
 10
6369886.57126324
 20
6170041.801493417
 10
6369886.248302085
 20
6170039.089112355
 10
6369884.95226002
 20
6170039.243589196
 10
6369885.275468883
 20
6170041.955729644
 10
6369886.57126324
 20
6170041.801493417
  0
LWPOLYLINE
  5
1BE
330
17
100
AcDbEntity
  8
tejido
100
AcDbPolyline
 90
13
 70
0
 10
6369900.076111299
 20
6169975.097889017
 10
6369900.071319322
 20
6169978.641354756
 10
6369903.014152069
 20
6169978.645334458
 10
6369903.010272632
 20
6169981.514036178
 10
6369894.638823742
 20
6169981.502715242
 10
6369894.642703178
 20
6169978.634013442
 10
6369897.418239714
 20
6169978.637766903
 10
6369897.423046051
 20
6169975.083683161
 10
6369884.041600673
 20
6169975.012032114
 10
6369883.995758604
 20
6169983.57345291
 10
6369913.5284797205
 20
6169983.731585243
 10
6369913.57432178
 20
6169975.170165281
 10
6369900.076111299
 20
6169975.097889017
  0
LWPOLYLINE
  5
1BF
330
17
100
AcDbEntity
  8
tejido
100
AcDbPolyline
 90
7
 70
0
 10
6369903.010272632
 20
6169981.514036178
 10
6369903.014152069
 20
6169978.645334458
 10
6369900.071319322
 20
6169978.641354756
 10
6369897.418239714
 20
6169978.637766903
 10
6369894.642703178
 20
6169978.634013442
 10
6369894.638823742
 20
6169981.502715242
 10
6369903.010272632
 20
6169981.514036178
  0
LWPOLYLINE
  5
1C0
330
17
100
AcDbEntity
  8
tejido
100
AcDbPolyline
 90
5
 70
0
 10
6369889.82430589
 20
6169919.424494835
 10
6369889.470537748
 20
6169915.2851566505
 10
6369886.552536209
 20
6169915.492781555
 10
6369886.847475275
 20
6169919.636362971
 10
6369889.82430589
 20
6169919.424494835
  0
LWPOLYLINE
  5
1C1
330
17
100
AcDbEntity
  8
tejido
100
AcDbPolyline
 90
6
 70
0
 10
6369897.656895781
 20
6169921.1233773865
 10
6369897.508825885
 20
6169919.390995479
 10
6369895.959060205
 20
6169919.523456819
 10
6369893.130329111
 20
6169919.765233703
 10
6369893.278399008
 20
6169921.497615638
 10
6369897.656895781
 20
6169921.1233773865
  0
LWPOLYLINE
  5
1C2
330
17
100
AcDbEntity
  8
tejido
100
AcDbPolyline
 90
7
 70
0
 10
6369897.656895781
 20
6169921.1233773865
 10
6369893.278399008
 20
6169921.497615638
 10
6369893.55575576
 20
6169924.74262208
 10
6369895.268288241
 20
6169924.596248729
 10
6369895.080381082
 20
6169922.39778076
 10
6369897.746345368
 20
6169922.169915831
 10
6369897.656895781
 20
6169921.1233773865
  0
LWPOLYLINE
  5
1C3
330
17
100
AcDbEntity
  8
tejido
100
AcDbPolyline
 90
5
 70
0
 10
6369892.965696948
 20
6169936.347052735
 10
6369892.633918921
 20
6169932.778345059
 10
6369890.426744482
 20
6169932.983543126
 10
6369890.758522512
 20
6169936.552250826
 10
6369892.965696948
 20
6169936.347052735
  0
LWPOLYLINE
  5
1C4
330
17
100
AcDbEntity
  8
tejido
100
AcDbPolyline
 90
10
 70
0
 10
6369888.817190156
 20
6169947.28858348
 10
6369888.905261097
 20
6169948.528408382
 10
6369889.072348944
 20
6169950.870371531
 10
6369889.114691816
 20
6169951.470172567
 10
6369889.355717488
 20
6169954.851924903
 10
6369889.403029716
 20
6169955.521644135
 10
6369889.443475806
 20
6169956.087511095
 10
6369890.972476893
 20
6169955.978732708
 10
6369890.346489574
 20
6169947.179783911
 10
6369888.817190156
 20
6169947.28858348
  0
LWPOLYLINE
  5
1C5
330
17
100
AcDbEntity
  8
tejido
100
AcDbPolyline
 90
20
 70
0
 10
6369904.750580676
 20
6169953.448570369
 10
6369904.575452794
 20
6169951.408404276
 10
6369904.232527598
 20
6169947.395154965
 10
6369904.1897573555
 20
6169946.896392629
 10
6369904.005103839
 20
6169944.730011245
 10
6369903.976840334
 20
6169944.405525115
 10
6369903.933994891
 20
6169943.907738559
 10
6369903.337996523
 20
6169936.9309064085
 10
6369903.162705224
 20
6169934.876756488
 10
6369902.599876146
 20
6169928.298723616
 10
6369902.162065524
 20
6169923.174558306
 10
6369901.961841154
 20
6169920.839929631
 10
6369901.804509162
 20
6169918.995639571
 10
6369899.546791899
 20
6169919.188614882
 10
6369899.786812491
 20
6169921.995526279
 10
6369900.155357714
 20
6169926.309229143
 10
6369901.124001223
 20
6169937.641218504
 10
6369900.873002008
 20
6169937.662610678
 10
6369902.240458523
 20
6169953.6630398445
 10
6369904.750580676
 20
6169953.448570369
  0
LWPOLYLINE
  5
1C6
330
17
100
AcDbEntity
  8
tejido
100
AcDbPolyline
 90
22
 70
0
 10
6369889.331732305
 20
6169913.661159594
 10
6369889.470644269
 20
6169915.285264983
 10
6369889.824377483
 20
6169919.424687366
 10
6369891.675867618
 20
6169919.2929194365
 10
6369891.830404459
 20
6169921.464664319
 10
6369890.605183506
 20
6169921.551909019
 10
6369890.733798956
 20
6169923.359760642
 10
6369887.13056228
 20
6169923.6161954785
 10
6369887.387200629
 20
6169927.218030846
 10
6369900.155598339
 20
6169926.309476849
 10
6369899.78680895
 20
6169921.995770446
 10
6369897.746411012
 20
6169922.170039999
 10
6369895.080468336
 20
6169922.3978182925
 10
6369895.268255733
 20
6169924.596481878
 10
6369893.555821506
 20
6169924.742660513
 10
6369893.278376088
 20
6169921.497813262
 10
6369893.130473467
 20
6169919.765328225
 10
6369895.959268763
 20
6169919.523488111
 10
6369895.470735897
 20
6169913.808985646
 10
6369892.24691875
 20
6169914.084537996
 10
6369892.18999035
 20
6169913.416938316
 10
6369889.331732305
 20
6169913.661159594
  0
LWPOLYLINE
  5
1C7
330
17
100
AcDbEntity
  8
tejido
100
AcDbPolyline
 90
9
 70
0
 10
6369886.847475275
 20
6169919.636362971
 10
6369887.105965781
 20
6169923.266249131
 10
6369887.130370597
 20
6169923.615985812
 10
6369890.733684676
 20
6169923.359529304
 10
6369890.605020924
 20
6169921.55175329
 10
6369891.830293977
 20
6169921.464547674
 10
6369891.675720184
 20
6169919.292725265
 10
6369889.82430589
 20
6169919.424494835
 10
6369886.847475275
 20
6169919.636362971
  0
LWPOLYLINE
  5
1C8
330
17
100
AcDbEntity
  8
tejido
100
AcDbPolyline
 90
13
 70
0
 10
6369895.959024596
 20
6169919.52348457
 10
6369897.508853919
 20
6169919.391127185
 10
6369897.657004244
 20
6169921.123371573
 10
6369897.746411012
 20
6169922.170039999
 10
6369899.786812491
 20
6169921.995526279
 10
6369899.546791899
 20
6169919.188614882
 10
6369901.804509162
 20
6169918.995639571
 10
6369901.507753016
 20
6169915.524672477
 10
6369901.488940209
 20
6169915.306313668
 10
6369901.464968665
 20
6169915.0268868
 10
6369901.318193882
 20
6169913.309254356
 10
6369895.470735897
 20
6169913.808985646
 10
6369895.959024596
 20
6169919.52348457
  0
LWPOLYLINE
  5
1C9
330
17
100
AcDbEntity
  8
tejido
100
AcDbPolyline
 90
22
 70
0
 10
6369901.31819636
 20
6169913.309139611
 10
6369900.676567822
 20
6169905.80346479
 10
6369900.1472385395
 20
6169899.609888153
 10
6369900.061512477
 20
6169898.608331182
 10
6369899.056346142
 20
6169898.597722258
 10
6369895.539802819
 20
6169898.559728063
 10
6369891.56614907
 20
6169898.5173025625
 10
6369889.854874432
 20
6169898.49932284
 10
6369886.34235974
 20
6169898.461387067
 10
6369885.339146685
 20
6169898.450806473
 10
6369885.701500248
 20
6169903.540847412
 10
6369886.033785718
 20
6169908.2161377445
 10
6369886.112058585
 20
6169909.306420688
 10
6369886.244925891
 20
6169911.178929465
 10
6369886.316443501
 20
6169912.179303551
 10
6369886.437812805
 20
6169913.880571409
 10
6369886.439792402
 20
6169913.908257718
 10
6369889.33173774
 20
6169913.661097925
 10
6369892.189931789
 20
6169913.416822685
 10
6369892.246859304
 20
6169914.084483405
 10
6369895.470630073
 20
6169913.808941812
 10
6369901.31819636
 20
6169913.309139611
  0
LWPOLYLINE
  5
1CA
330
17
100
AcDbEntity
  8
tejido
100
AcDbPolyline
 90
13
 70
0
 10
6369957.73508571
 20
6169921.27773684
 10
6369932.934272309
 20
6169923.749579396
 10
6369933.046935941
 20
6169924.88077886
 10
6369936.2465735935
 20
6169924.559024001
 10
6369939.122703503
 20
6169924.269637456
 10
6369942.217174502
 20
6169923.958446188
 10
6369945.104245827
 20
6169923.668180406
 10
6369948.725704172
 20
6169923.304554327
 10
6369951.5927706165
 20
6169923.017051157
 10
6369952.080633056
 20
6169922.9680785155
 10
6369954.956701776
 20
6169922.678691113
 10
6369957.845786464
 20
6169922.388515612
 10
6369957.73508571
 20
6169921.27773684
  0
LWPOLYLINE
  5
1CB
330
17
100
AcDbEntity
  8
tejido
100
AcDbPolyline
 90
7
 70
0
 10
6369944.869889761
 20
6169916.635389213
 10
6369944.253852037
 20
6169910.434770377
 10
6369942.085984002
 20
6169910.6523633115
 10
6369942.035891816
 20
6169910.657638731
 10
6369942.652185112
 20
6169916.858517616
 10
6369942.702277298
 20
6169916.853242195
 10
6369944.869889761
 20
6169916.635389213
  0
LWPOLYLINE
  5
1CC
330
17
100
AcDbEntity
  8
tejido
100
AcDbPolyline
 90
5
 70
0
 10
6369947.535716442
 20
6169907.852648703
 10
6369947.4089537
 20
6169906.578011435
 10
6369943.90542935
 20
6169906.926374557
 10
6369944.031945278
 20
6169908.201191424
 10
6369947.535716442
 20
6169907.852648703
  0
LWPOLYLINE
  5
1CD
330
17
100
AcDbEntity
  8
tejido
100
AcDbPolyline
 90
12
 70
0
 10
6369965.204462204
 20
6169914.639715273
 10
6369957.150948512
 20
6169915.39923167
 10
6369957.166635497
 20
6169915.55948247
 10
6369957.20856604
 20
6169915.977213498
 10
6369957.249519921
 20
6169916.39493036
 10
6369957.581308967
 20
6169919.727811633
 10
6369961.962581199
 20
6169919.457261756
 10
6369965.487842779
 20
6169919.239259399
 10
6369965.363395836
 20
6169915.889420432
 10
6369965.310387578
 20
6169915.473543554
 10
6369965.25745541
 20
6169915.056629857
 10
6369965.204462204
 20
6169914.639715273
  0
LWPOLYLINE
  5
1CE
330
17
100
AcDbEntity
  8
tejido
100
AcDbPolyline
 90
9
 70
0
 10
6369972.8325197585
 20
6169901.427301432
 10
6369973.717281643
 20
6169911.188426942
 10
6369975.929584698
 20
6169911.146268816
 10
6369975.441434063
 20
6169906.453700086
 10
6369975.360713875
 20
6169905.675308337
 10
6369975.153486029
 20
6169903.684680618
 10
6369974.034933997
 20
6169902.596894966
 10
6369973.415476091
 20
6169901.994952008
 10
6369972.8325197585
 20
6169901.427301432
  0
LWPOLYLINE
  5
1CF
330
17
100
AcDbEntity
  8
tejido
100
AcDbPolyline
 90
18
 70
0
 10
6369973.717278987
 20
6169911.188610064
 10
6369972.8325197585
 20
6169901.427301432
 10
6369970.7047982905
 20
6169899.358818227
 10
6369968.100197447
 20
6169899.331057843
 10
6369964.5996477865
 20
6169899.2932956
 10
6369964.7831256725
 20
6169901.595444276
 10
6369967.024494551
 20
6169901.5235469295
 10
6369967.49163571
 20
6169905.63561218
 10
6369969.413983855
 20
6169905.417198036
 10
6369969.237216333
 20
6169903.6332534235
 10
6369970.564302328
 20
6169903.502061729
 10
6369970.652629495
 20
6169904.391621565
 10
6369971.426013167
 20
6169904.315224662
 10
6369971.8368056845
 20
6169908.460663057
 10
6369969.7363298265
 20
6169908.6686789775
 10
6369969.993030835
 20
6169911.2600047225
 10
6369971.277614131
 20
6169911.234675285
 10
6369973.717278987
 20
6169911.188610064
  0
LWPOLYLINE
  5
1D0
330
17
100
AcDbEntity
  8
tejido
100
AcDbPolyline
 90
13
 70
0
 10
6369964.783214726
 20
6169901.595523229
 10
6369964.599739496
 20
6169899.293191427
 10
6369964.333706676
 20
6169899.290310148
 10
6369963.985680134
 20
6169899.287277677
 10
6369961.073171972
 20
6169899.256028728
 10
6369959.060885492
 20
6169899.234843607
 10
6369955.697312755
 20
6169899.199067874
 10
6369955.539323303
 20
6169899.1977534965
 10
6369955.756605108
 20
6169901.387625203
 10
6369955.806424246
 20
6169901.884474893
 10
6369959.109599169
 20
6169901.778156096
 10
6369961.619980559
 20
6169901.697338706
 10
6369964.783214726
 20
6169901.595523229
  0
LWPOLYLINE
  5
1D1
330
17
100
AcDbEntity
  8
tejido
100
AcDbPolyline
 90
11
 70
0
 10
6369962.039254562
 20
6169905.390654491
 10
6369961.620071973
 20
6169901.697445534
 10
6369959.109690586
 20
6169901.778262927
 10
6369959.519714237
 20
6169905.387328383
 10
6369959.81899431
 20
6169908.023291866
 10
6369956.455584708
 20
6169908.405679451
 10
6369956.5344974
 20
6169909.199247554
 10
6369956.649891612
 20
6169910.361074737
 10
6369962.527808861
 20
6169909.693336578
 10
6369962.265605183
 20
6169907.384612336
 10
6369962.039254562
 20
6169905.390654491
  0
LWPOLYLINE
  5
1D2
330
17
100
AcDbEntity
  8
tejido
100
AcDbPolyline
 90
10
 70
0
 10
6369965.156931374
 20
6169914.262931523
 10
6369964.82693055
 20
6169911.358250007
 10
6369964.34881961
 20
6169907.147972447
 10
6369962.265511997
 20
6169907.384627594
 10
6369962.527715675
 20
6169909.693351832
 10
6369956.649980665
 20
6169910.361153689
 10
6369957.128208776
 20
6169915.173794706
 10
6369957.150948512
 20
6169915.39923167
 10
6369965.204462204
 20
6169914.639715273
 10
6369965.156931374
 20
6169914.262931523
  0
LWPOLYLINE
  5
1D3
330
17
100
AcDbEntity
  8
tejido
100
AcDbPolyline
 90
5
 70
0
 10
6369962.948001905
 20
6169912.695421439
 10
6369958.7457170505
 20
6169913.158371734
 10
6369958.51622607
 20
6169911.000345786
 10
6369962.732369513
 20
6169910.497979492
 10
6369962.948001905
 20
6169912.695421439
  0
LWPOLYLINE
  5
1D4
330
17
100
AcDbEntity
  8
tejido
100
AcDbPolyline
 90
10
 70
0
 10
6369959.109690586
 20
6169901.778262927
 10
6369955.806518317
 20
6169901.8843986
 10
6369955.82138709
 20
6169902.033708816
 10
6369955.836193053
 20
6169902.183140233
 10
6369955.921766558
 20
6169903.043659392
 10
6369956.222819234
 20
6169906.06679389
 10
6369956.455584708
 20
6169908.405679451
 10
6369959.81899431
 20
6169908.023291866
 10
6369959.519527574
 20
6169905.387569892
 10
6369959.109690586
 20
6169901.778262927
  0
LWPOLYLINE
  5
1D5
330
17
100
AcDbEntity
  8
tejido
100
AcDbPolyline
 90
7
 70
0
 10
6369969.993033492
 20
6169911.259821598
 10
6369969.736146702
 20
6169908.668676321
 10
6369969.413800731
 20
6169905.417195379
 10
6369967.49163571
 20
6169905.63561218
 10
6369968.134151678
 20
6169911.295077516
 10
6369969.164364543
 20
6169911.275217216
 10
6369969.993033492
 20
6169911.259821598
  0
LWPOLYLINE
  5
1D6
330
17
100
AcDbEntity
  8
tejido
100
AcDbPolyline
 90
8
 70
0
 10
6369969.4138270635
 20
6169905.417069782
 10
6369969.736106506
 20
6169908.66873747
 10
6369971.836653427
 20
6169908.460547956
 10
6369971.425791288
 20
6169904.315117043
 10
6369970.65242816
 20
6169904.391766638
 10
6369970.564227948
 20
6169903.501862478
 10
6369969.237044146
 20
6169903.633402365
 10
6369969.4138270635
 20
6169905.417069782
  0
LWPOLYLINE
  5
1D7
330
17
100
AcDbEntity
  8
tejido
100
AcDbPolyline
 90
7
 70
0
 10
6369968.134240732
 20
6169911.295156468
 10
6369967.491544294
 20
6169905.635505353
 10
6369964.2190751545
 20
6169906.007367232
 10
6369964.34881961
 20
6169907.147972447
 10
6369964.82693055
 20
6169911.358250007
 10
6369966.590272162
 20
6169911.324522518
 10
6369968.134240732
 20
6169911.295156468
  0
LWPOLYLINE
  5
1D8
330
17
100
AcDbEntity
  8
tejido
100
AcDbPolyline
 90
17
 70
0
 10
6369971.988362013
 20
6169920.373392972
 10
6369971.577396203
 20
6169915.381068026
 10
6369966.955443634
 20
6169915.76138308
 10
6369966.590272162
 20
6169911.324522518
 10
6369964.827019309
 20
6169911.35853996
 10
6369965.157205914
 20
6169914.263041006
 10
6369965.204552732
 20
6169914.639883143
 10
6369965.257729949
 20
6169915.056739341
 10
6369965.310478994
 20
6169915.473650381
 10
6369965.363486366
 20
6169915.8895883
 10
6369965.48793331
 20
6169919.2394272685
 10
6369967.579703387
 20
6169919.109678727
 10
6369968.964396172
 20
6169919.022548841
 10
6369968.802606435
 20
6169916.631025987
 10
6369970.344744844
 20
6169916.519559796
 10
6369970.595457576
 20
6169920.487878203
 10
6369971.988362013
 20
6169920.373392972
  0
LWPOLYLINE
  5
1D9
330
17
100
AcDbEntity
  8
tejido
100
AcDbPolyline
 90
6
 70
0
 10
6369974.943819125
 20
6169986.82586437
 10
6369974.662582627
 20
6169983.442435267
 10
6369971.12308421
 20
6169983.736644493
 10
6369971.404056906
 20
6169987.116899873
 10
6369974.5202975
 20
6169986.860318778
 10
6369974.943819125
 20
6169986.82586437
  0
LWPOLYLINE
  5
1DA
330
17
100
AcDbEntity
  8
tejido
100
AcDbPolyline
 90
7
 70
0
 10
6369959.433143954
 20
6169983.767878942
 10
6369959.787232093
 20
6169988.072335172
 10
6369961.576729443
 20
6169987.925259015
 10
6369963.243423647
 20
6169987.788185415
 10
6369964.043030276
 20
6169987.722303601
 10
6369963.685024029
 20
6169983.414371569
 10
6369959.433143954
 20
6169983.767878942
  0
LWPOLYLINE
  5
1DB
330
17
100
AcDbEntity
  8
tejido
100
AcDbPolyline
 90
6
 70
0
 10
6369956.460816519
 20
6169988.345606633
 10
6369956.1468589585
 20
6169984.528274001
 10
6369949.783697972
 20
6169985.051787507
 10
6369950.097658204
 20
6169988.868937096
 10
6369954.968822196
 20
6169988.468423845
 10
6369956.460816519
 20
6169988.345606633
  0
LWPOLYLINE
  5
1DC
330
17
100
AcDbEntity
  8
tejido
100
AcDbPolyline
 90
8
 70
0
 10
6369980.7490977105
 20
6169978.076331634
 10
6369981.432011346
 20
6169986.292157685
 10
6369981.785810663
 20
6169986.263072211
 10
6369983.7261671
 20
6169986.103775059
 10
6369983.707794456
 20
6169985.922421596
 10
6369982.881526804
 20
6169977.987973441
 10
6369982.872792519
 20
6169977.899806491
 10
6369980.7490977105
 20
6169978.076331634
  0
LWPOLYLINE
  5
1DD
330
17
100
AcDbEntity
  8
tejido
100
AcDbPolyline
 90
7
 70
0
 10
6369981.432067173
 20
6169986.292193595
 10
6369980.749146102
 20
6169978.076288116
 10
6369980.003384313
 20
6169978.138310647
 10
6369979.333790823
 20
6169978.193806006
 10
6369979.644336032
 20
6169981.93068037
 10
6369980.016488094
 20
6169986.408304027
 10
6369981.432067173
 20
6169986.292193595
  0
LWPOLYLINE
  5
1DE
330
17
100
AcDbEntity
  8
tejido
100
AcDbPolyline
 90
6
 70
0
 10
6369975.474981647
 20
6169982.277142182
 10
6369975.846810848
 20
6169986.751769559
 10
6369979.636950584
 20
6169986.439432461
 10
6369980.016488094
 20
6169986.408304027
 10
6369979.644336032
 20
6169981.93068037
 10
6369975.474981647
 20
6169982.277142182
  0
LWPOLYLINE
  5
1DF
330
17
100
AcDbEntity
  8
tejido
100
AcDbPolyline
 90
12
 70
0
 10
6369971.404148848
 20
6169987.117041121
 10
6369971.123233602
 20
6169983.736726036
 10
6369974.662604292
 20
6169983.4425486345
 10
6369974.943842403
 20
6169986.825860023
 10
6369975.0189659195
 20
6169986.819806131
 10
6369975.516908925
 20
6169986.778794529
 10
6369975.542947993
 20
6169986.776729981
 10
6369975.846810848
 20
6169986.751769559
 10
6369975.474981647
 20
6169982.277142182
 10
6369968.458528236
 20
6169982.860416958
 10
6369968.82984353
 20
6169987.328382066
 10
6369971.404148848
 20
6169987.117041121
  0
LWPOLYLINE
  5
1E0
330
17
100
AcDbEntity
  8
tejido
100
AcDbPolyline
 90
15
 70
0
 10
6369968.82984353
 20
6169987.328382066
 10
6369968.458711361
 20
6169982.860419614
 10
6369975.475164771
 20
6169982.277144839
 10
6369979.644519156
 20
6169981.930683027
 10
6369979.333973948
 20
6169978.193808661
 10
6369975.79900626
 20
6169978.487500359
 10
6369968.934580711
 20
6169979.0579604395
 10
6369967.969295035
 20
6169979.139145255
 10
6369947.714176769
 20
6169980.822460417
 10
6369948.037420727
 20
6169984.715146726
 10
6369959.433143954
 20
6169983.767878942
 10
6369963.685203612
 20
6169983.414618389
 10
6369964.043030276
 20
6169987.722303601
 10
6369966.29422612
 20
6169987.536926093
 10
6369968.82984353
 20
6169987.328382066
  0
LWPOLYLINE
  5
1E1
330
17
100
AcDbEntity
  8
tejido
100
AcDbPolyline
 90
14
 70
0
 10
6369949.783881098
 20
6169985.051790163
 10
6369956.1468589585
 20
6169984.528274001
 10
6369956.460816519
 20
6169988.345606633
 10
6369958.63890858
 20
6169988.165945975
 10
6369959.189344645
 20
6169988.121666051
 10
6369959.787232093
 20
6169988.072335172
 10
6369959.433143954
 20
6169983.767878942
 10
6369948.037420727
 20
6169984.715146726
 10
6369947.714176769
 20
6169980.822460417
 10
6369944.978388104
 20
6169981.050264177
 10
6369942.443538357
 20
6169981.260589878
 10
6369942.910628632
 20
6169989.459934417
 10
6369950.097658204
 20
6169988.868937096
 10
6369949.783881098
 20
6169985.051790163
  0
LWPOLYLINE
  5
1E2
330
17
100
AcDbEntity
  8
tejido
100
AcDbPolyline
 90
5
 70
0
 10
6369958.489162062
 20
6170011.748783278
 10
6369958.306709385
 20
6170008.688213001
 10
6369954.730732741
 20
6170008.935330206
 10
6369954.974096724
 20
6170011.986126582
 10
6369958.489162062
 20
6170011.748783278
  0
LWPOLYLINE
  5
1E3
330
17
100
AcDbEntity
  8
tejido
100
AcDbPolyline
 90
12
 70
0
 10
6369960.157715408
 20
6170006.987299232
 10
6369959.901266296
 20
6170007.008024848
 10
6369959.813451075
 20
6170005.927372504
 10
6369958.816201021
 20
6170005.993990314
 10
6369958.784491481
 20
6170005.599791325
 10
6369954.487110522
 20
6170005.878580296
 10
6369954.605945123
 20
6170007.367342027
 10
6369954.693932616
 20
6170008.474006015
 10
6369954.730732741
 20
6170008.935330206
 10
6369958.306709385
 20
6170008.688213001
 10
6369960.275319529
 20
6170008.552172561
 10
6369960.157715408
 20
6170006.987299232
  0
LWPOLYLINE
  5
1E4
330
17
100
AcDbEntity
  8
tejido
100
AcDbPolyline
 90
10
 70
0
 10
6369985.802799216
 20
6170018.5760631645
 10
6369986.183993366
 20
6170023.962671921
 10
6369986.414642093
 20
6170027.222225097
 10
6369987.682521788
 20
6170027.131996442
 10
6369987.992149041
 20
6170027.109500691
 10
6369987.957083455
 20
6170026.769896658
 10
6369987.577752819
 20
6170023.128246473
 10
6369987.093711901
 20
6170018.484764323
 10
6369986.495071734
 20
6170018.527063095
 10
6369985.802799216
 20
6170018.5760631645
  0
LWPOLYLINE
  5
1E5
330
17
100
AcDbEntity
  8
tejido
100
AcDbPolyline
 90
5
 70
0
 10
6369970.575365447
 20
6170023.405285757
 10
6369970.311090339
 20
6170019.673701492
 10
6369965.552941513
 20
6170020.010831359
 10
6369965.82071901
 20
6170023.741710689
 10
6369970.575365447
 20
6170023.405285757
  0
LWPOLYLINE
  5
1E6
330
17
100
AcDbEntity
  8
tejido
100
AcDbPolyline
 90
8
 70
0
 10
6369976.957930171
 20
6170019.203035271
 10
6369977.229802102
 20
6170023.038561989
 10
6369982.022412641
 20
6170022.699550741
 10
6369981.750922016
 20
6170018.862991689
 10
6369980.667316856
 20
6170018.939713297
 10
6369980.268772481
 20
6170018.967940796
 10
6369979.056140618
 20
6170019.054391558
 10
6369976.957930171
 20
6170019.203035271
  0
LWPOLYLINE
  5
1E7
330
17
100
AcDbEntity
  8
tejido
100
AcDbPolyline
 90
16
 70
0
 10
6369986.183993366
 20
6170023.962671921
 10
6369985.802799216
 20
6170018.5760631645
 10
6369981.750922016
 20
6170018.862991689
 10
6369982.022412641
 20
6170022.699550741
 10
6369977.229802102
 20
6170023.038561989
 10
6369975.997560874
 20
6170023.125766317
 10
6369975.726056072
 20
6170019.290183852
 10
6369971.499565541
 20
6170019.58959949
 10
6369971.763603032
 20
6170023.321220367
 10
6369970.575364741
 20
6170023.405399577
 10
6369965.820828879
 20
6170023.741788191
 10
6369965.861917696
 20
6170024.31440172
 10
6369981.109184195
 20
6170023.220104636
 10
6369981.188217275
 20
6170024.321143778
 10
6369984.735805917
 20
6170024.0665261615
 10
6369986.183993366
 20
6170023.962671921
  0
LWPOLYLINE
  5
1E8
330
17
100
AcDbEntity
  8
tejido
100
AcDbPolyline
 90
7
 70
0
 10
6369962.353332356
 20
6170028.943941827
 10
6369961.740332406
 20
6170020.280728281
 10
6369955.672745862
 20
6170020.71090317
 10
6369956.162345477
 20
6170026.836131995
 10
6369956.350517018
 20
6170029.185177354
 10
6369956.365457162
 20
6170029.371670665
 10
6369962.353332356
 20
6170028.943941827
  0
LWPOLYLINE
  5
1E9
330
17
100
AcDbEntity
  8
tejido
100
AcDbPolyline
 90
5
 70
0
 10
6369977.229802102
 20
6170023.038561989
 10
6369976.957930171
 20
6170019.203035271
 10
6369975.726056072
 20
6170019.290183852
 10
6369975.997560874
 20
6170023.125766317
 10
6369977.229802102
 20
6170023.038561989
  0
LWPOLYLINE
  5
1EA
330
17
100
AcDbEntity
  8
tejido
100
AcDbPolyline
 90
6
 70
0
 10
6369970.31120428
 20
6170019.673837955
 10
6369970.575364741
 20
6170023.405399577
 10
6369971.763603032
 20
6170023.321220367
 10
6369971.499565541
 20
6170019.58959949
 10
6369970.594788059
 20
6170019.653711967
 10
6369970.31120428
 20
6170019.673837955
  0
LWPOLYLINE
  5
1EB
330
17
100
AcDbEntity
  8
tejido
100
AcDbPolyline
 90
9
 70
0
 10
6369976.180945939
 20
6170030.509956537
 10
6369972.017501153
 20
6170030.783233413
 10
6369972.167574283
 20
6170032.878067253
 10
6369974.017786068
 20
6170032.7454221975
 10
6369973.9663402755
 20
6170032.027825787
 10
6369974.719529871
 20
6170031.973828254
 10
6369974.659658008
 20
6170031.138700024
 10
6369976.2076992905
 20
6170031.027718129
 10
6369976.180945939
 20
6170030.509956537
  0
LWPOLYLINE
  5
1EC
330
17
100
AcDbEntity
  8
tejido
100
AcDbPolyline
 90
5
 70
0
 10
6369979.523979408
 20
6170031.897880554
 10
6369979.583802823
 20
6170032.806035227
 10
6369981.842429962
 20
6170032.657035887
 10
6369981.78277346
 20
6170031.74887021
 10
6369979.523979408
 20
6170031.897880554
  0
LWPOLYLINE
  5
1ED
330
17
100
AcDbEntity
  8
tejido
100
AcDbPolyline
 90
6
 70
0
 10
6369976.180971864
 20
6170030.509889696
 10
6369976.982042479
 20
6170030.452515546
 10
6369976.789394597
 20
6170027.911145477
 10
6369971.836899439
 20
6170028.265849167
 10
6369972.017501153
 20
6170030.783233413
 10
6369976.180971864
 20
6170030.509889696
  0
LWPOLYLINE
  5
1EE
330
17
100
AcDbEntity
  8
tejido
100
AcDbPolyline
 90
6
 70
0
 10
6369967.676979869
 20
6170037.007286434
 10
6369967.290535889
 20
6170037.030499824
 10
6369965.55866035
 20
6170037.136406554
 10
6369965.681906161
 20
6170039.369300828
 10
6369967.80090321
 20
6170039.252401379
 10
6369967.676979869
 20
6170037.007286434
  0
TEXT
  5
1F0
330
17
100
AcDbEntity
  8
tejido
 62
8
100
AcDbText
 10
6369880.05244619
 20
6169914.4554813355
 30
0.0
 40
0.375
  1
0.0
  7
ArialBold
 72
1
 11
6369880.05244619
 21
6169914.4554813355
 31
0.0
100
AcDbText
 73
2
  0
TEXT
  5
1F1
330
17
100
AcDbEntity
  8
tejido
 62
8
100
AcDbText
 10
6369903.913025489
 20
6170049.127181512
 30
0.0
 40
0.375
  1
2.8
  7
ArialBold
 72
1
 11
6369903.913025489
 21
6170049.127181512
 31
0.0
100
AcDbText
 73
2
  0
TEXT
  5
1F2
330
17
100
AcDbEntity
  8
tejido
 62
8
100
AcDbText
 10
6369917.892842304
 20
6170058.921820827
 30
0.0
 40
0.375
  1
2.8
  7
ArialBold
 72
1
 11
6369917.892842304
 21
6170058.921820827
 31
0.0
100
AcDbText
 73
2
  0
TEXT
  5
1F3
330
17
100
AcDbEntity
  8
tejido
 62
8
100
AcDbText
 10
6369988.616555998
 20
6170054.488264121
 30
0.0
 40
0.375
  1
5.6
  7
ArialBold
 72
1
 11
6369988.616555998
 21
6170054.488264121
 31
0.0
100
AcDbText
 73
2
  0
TEXT
  5
1F4
330
17
100
AcDbEntity
  8
tejido
 62
8
100
AcDbText
 10
6369976.740683133
 20
6170052.214920086
 30
0.0
 40
0.375
  1
10.6
  7
ArialBold
 72
1
 11
6369976.740683133
 21
6170052.214920086
 31
0.0
100
AcDbText
 73
2
  0
TEXT
  5
1F5
330
17
100
AcDbEntity
  8
tejido
 62
8
100
AcDbText
 10
6369961.256108207
 20
6170036.686558325
 30
0.0
 40
0.375
  1
11.2
  7
ArialBold
 72
1
 11
6369961.256108207
 21
6170036.686558325
 31
0.0
100
AcDbText
 73
2
  0
TEXT
  5
1F6
330
17
100
AcDbEntity
  8
tejido
 62
8
100
AcDbText
 10
6369961.681444798
 20
6170050.451980902
 30
0.0
 40
0.375
  1
16.8
  7
ArialBold
 72
1
 11
6369961.681444798
 21
6170050.451980902
 31
0.0
100
AcDbText
 73
2
  0
TEXT
  5
1F7
330
17
100
AcDbEntity
  8
tejido
 62
8
100
AcDbText
 10
6369962.6763942735
 20
6170059.515680244
 30
0.0
 40
0.375
  1
14.0
  7
ArialBold
 72
1
 11
6369962.6763942735
 21
6170059.515680244
 31
0.0
100
AcDbText
 73
2
  0
TEXT
  5
1F8
330
17
100
AcDbEntity
  8
tejido
 62
8
100
AcDbText
 10
6369962.966151751
 20
6170062.862809302
 30
0.0
 40
0.375
  1
11.2
  7
ArialBold
 72
1
 11
6369962.966151751
 21
6170062.862809302
 31
0.0
100
AcDbText
 73
2
  0
TEXT
  5
1F9
330
17
100
AcDbEntity
  8
tejido
 62
8
100
AcDbText
 10
6369954.083624463
 20
6170057.266513678
 30
0.0
 40
0.375
  1
10.3
  7
ArialBold
 72
1
 11
6369954.083624463
 21
6170057.266513678
 31
0.0
100
AcDbText
 73
2
  0
TEXT
  5
1FA
330
17
100
AcDbEntity
  8
tejido
 62
8
100
AcDbText
 10
6369933.233861682
 20
6170042.2797775855
 30
0.0
 40
0.375
  1
5.6
  7
ArialBold
 72
1
 11
6369933.233861682
 21
6170042.2797775855
 31
0.0
100
AcDbText
 73
2
  0
TEXT
  5
1FB
330
17
100
AcDbEntity
  8
tejido
 62
8
100
AcDbText
 10
6369936.094307834
 20
6170031.275010696
 30
0.0
 40
0.375
  1
8.4
  7
ArialBold
 72
1
 11
6369936.094307834
 21
6170031.275010696
 31
0.0
100
AcDbText
 73
2
  0
TEXT
  5
1FC
330
17
100
AcDbEntity
  8
tejido
 62
8
100
AcDbText
 10
6369914.676524059
 20
6170053.74065752
 30
0.0
 40
0.375
  1
16.8
  7
ArialBold
 72
1
 11
6369914.676524059
 21
6170053.74065752
 31
0.0
100
AcDbText
 73
2
  0
TEXT
  5
1FD
330
17
100
AcDbEntity
  8
tejido
 62
8
100
AcDbText
 10
6369913.623067475
 20
6170058.154252593
 30
0.0
 40
0.375
  1
14.0
  7
ArialBold
 72
1
 11
6369913.623067475
 21
6170058.154252593
 31
0.0
100
AcDbText
 73
2
  0
TEXT
  5
1FE
330
17
100
AcDbEntity
  8
tejido
 62
8
100
AcDbText
 10
6369917.074726575
 20
6170050.1279026
 30
0.0
 40
0.375
  1
2.8
  7
ArialBold
 72
1
 11
6369917.074726575
 21
6170050.1279026
 31
0.0
100
AcDbText
 73
2
  0
TEXT
  5
1FF
330
17
100
AcDbEntity
  8
tejido
 62
8
100
AcDbText
 10
6369902.9949487625
 20
6170048.037833888
 30
0.0
 40
0.375
  1
2.8
  7
ArialBold
 72
1
 11
6369902.9949487625
 21
6170048.037833888
 31
0.0
100
AcDbText
 73
2
  0
TEXT
  5
200
330
17
100
AcDbEntity
  8
tejido
 62
8
100
AcDbText
 10
6369905.292664087
 20
6170056.424259302
 30
0.0
 40
0.375
  1
5.6
  7
ArialBold
 72
1
 11
6369905.292664087
 21
6170056.424259302
 31
0.0
100
AcDbText
 73
2
  0
TEXT
  5
201
330
17
100
AcDbEntity
  8
tejido
 62
8
100
AcDbText
 10
6369894.996962485
 20
6170060.941278827
 30
0.0
 40
0.375
  1
5.6
  7
ArialBold
 72
1
 11
6369894.996962485
 21
6170060.941278827
 31
0.0
100
AcDbText
 73
2
  0
TEXT
  5
202
330
17
100
AcDbEntity
  8
tejido
 62
8
100
AcDbText
 10
6369895.292169693
 20
6170065.194147989
 30
0.0
 40
0.375
  1
2.8
  7
ArialBold
 72
1
 11
6369895.292169693
 21
6170065.194147989
 31
0.0
100
AcDbText
 73
2
  0
TEXT
  5
203
330
17
100
AcDbEntity
  8
tejido
 62
8
100
AcDbText
 10
6369884.902018981
 20
6170055.075353482
 30
0.0
 40
0.375
  1
5.7
  7
ArialBold
 72
1
 11
6369884.902018981
 21
6170055.075353482
 31
0.0
100
AcDbText
 73
2
  0
TEXT
  5
204
330
17
100
AcDbEntity
  8
tejido
 62
8
100
AcDbText
 10
6369888.007529413
 20
6170035.116403432
 30
0.0
 40
0.375
  1
8.4
  7
ArialBold
 72
1
 11
6369888.007529413
 21
6170035.116403432
 31
0.0
100
AcDbText
 73
2
  0
TEXT
  5
205
330
17
100
AcDbEntity
  8
tejido
 62
8
100
AcDbText
 10
6369891.365036265
 20
6170037.214281924
 30
0.0
 40
0.375
  1
2.8
  7
ArialBold
 72
1
 11
6369891.365036265
 21
6170037.214281924
 31
0.0
100
AcDbText
 73
2
  0
TEXT
  5
206
330
17
100
AcDbEntity
  8
tejido
 62
8
100
AcDbText
 10
6369891.056415387
 20
6170034.735580005
 30
0.0
 40
0.375
  1
11.2
  7
ArialBold
 72
1
 11
6369891.056415387
 21
6170034.735580005
 31
0.0
100
AcDbText
 73
2
  0
TEXT
  5
207
330
17
100
AcDbEntity
  8
tejido
 62
8
100
AcDbText
 10
6369894.140071051
 20
6170034.336972702
 30
0.0
 40
0.375
  1
8.4
  7
ArialBold
 72
1
 11
6369894.140071051
 21
6170034.336972702
 31
0.0
100
AcDbText
 73
2
  0
TEXT
  5
208
330
17
100
AcDbEntity
  8
tejido
 62
8
100
AcDbText
 10
6369898.368814548
 20
6170019.198890973
 30
0.0
 40
0.375
  1
11.2
  7
ArialBold
 72
1
 11
6369898.368814548
 21
6170019.198890973
 31
0.0
100
AcDbText
 73
2
  0
TEXT
  5
209
330
17
100
AcDbEntity
  8
tejido
 62
8
100
AcDbText
 10
6369902.959618569
 20
6170013.220365779
 30
0.0
 40
0.375
  1
14.0
  7
ArialBold
 72
1
 11
6369902.959618569
 21
6170013.220365779
 31
0.0
100
AcDbText
 73
2
  0
TEXT
  5
20A
330
17
100
AcDbEntity
  8
tejido
 62
8
100
AcDbText
 10
6369889.633361285
 20
6170002.1413812535
 30
0.0
 40
0.375
  1
16.8
  7
ArialBold
 72
1
 11
6369889.633361285
 21
6170002.1413812535
 31
0.0
100
AcDbText
 73
2
  0
TEXT
  5
20B
330
17
100
AcDbEntity
  8
tejido
 62
8
100
AcDbText
 10
6369887.474459698
 20
6170004.422504155
 30
0.0
 40
0.375
  1
14.0
  7
ArialBold
 72
1
 11
6369887.474459698
 21
6170004.422504155
 31
0.0
100
AcDbText
 73
2
  0
TEXT
  5
20C
330
17
100
AcDbEntity
  8
tejido
 62
8
100
AcDbText
 10
6369888.605429072
 20
6170006.642923481
 30
0.0
 40
0.375
  1
2.8
  7
ArialBold
 72
1
 11
6369888.605429072
 21
6170006.642923481
 31
0.0
100
AcDbText
 73
2
  0
TEXT
  5
20D
330
17
100
AcDbEntity
  8
tejido
 62
8
100
AcDbText
 10
6369916.120558796
 20
6169931.628615785
 30
0.0
 40
0.375
  1
11.2
  7
ArialBold
 72
1
 11
6369916.120558796
 21
6169931.628615785
 31
0.0
100
AcDbText
 73
2
  0
TEXT
  5
20E
330
17
100
AcDbEntity
  8
tejido
 62
8
100
AcDbText
 10
6369895.641561585
 20
6170004.790375833
 30
0.0
 40
0.375
  1
14.0
  7
ArialBold
 72
1
 11
6369895.641561585
 21
6170004.790375833
 31
0.0
100
AcDbText
 73
2
  0
TEXT
  5
20F
330
17
100
AcDbEntity
  8
tejido
 62
8
100
AcDbText
 10
6369943.708792769
 20
6169906.708210034
 30
0.0
 40
0.375
  1
36.8
  7
ArialBold
 72
1
 11
6369943.708792769
 21
6169906.708210034
 31
0.0
100
AcDbText
 73
2
  0
TEXT
  5
210
330
17
100
AcDbEntity
  8
tejido
 62
8
100
AcDbText
 10
6369898.627096679
 20
6169979.441072464
 30
0.0
 40
0.375
  1
0.0
  7
ArialBold
 72
1
 11
6369898.627096679
 21
6169979.441072464
 31
0.0
100
AcDbText
 73
2
  0
TEXT
  5
211
330
17
100
AcDbEntity
  8
tejido
 62
8
100
AcDbText
 10
6369881.071781418
 20
6169963.648265635
 30
0.0
 40
0.375
  1
14.0
  7
ArialBold
 72
1
 11
6369881.071781418
 21
6169963.648265635
 31
0.0
100
AcDbText
 73
2
  0
TEXT
  5
212
330
17
100
AcDbEntity
  8
tejido
 62
8
100
AcDbText
 10
6369890.587631815
 20
6169962.857673301
 30
0.0
 40
0.375
  1
19.6
  7
ArialBold
 72
1
 11
6369890.587631815
 21
6169962.857673301
 31
0.0
100
AcDbText
 73
2
  0
TEXT
  5
213
330
17
100
AcDbEntity
  8
tejido
 62
8
100
AcDbText
 10
6369895.926220172
 20
6169960.568875246
 30
0.0
 40
0.375
  1
19.6
  7
ArialBold
 72
1
 11
6369895.926220172
 21
6169960.568875246
 31
0.0
100
AcDbText
 73
2
  0
TEXT
  5
214
330
17
100
AcDbEntity
  8
tejido
 62
8
100
AcDbText
 10
6369908.721277782
 20
6169964.141771542
 30
0.0
 40
0.375
  1
14.0
  7
ArialBold
 72
1
 11
6369908.721277782
 21
6169964.141771542
 31
0.0
100
AcDbText
 73
2
  0
TEXT
  5
215
330
17
100
AcDbEntity
  8
tejido
 62
8
100
AcDbText
 10
6369902.005165344
 20
6169960.992379389
 30
0.0
 40
0.375
  1
14.0
  7
ArialBold
 72
1
 11
6369902.005165344
 21
6169960.992379389
 31
0.0
100
AcDbText
 73
2
  0
TEXT
  5
216
330
17
100
AcDbEntity
  8
tejido
 62
8
100
AcDbText
 10
6369912.851913763
 20
6169966.910949597
 30
0.0
 40
0.375
  1
8.4
  7
ArialBold
 72
1
 11
6369912.851913763
 21
6169966.910949597
 31
0.0
100
AcDbText
 73
2
  0
TEXT
  5
217
330
17
100
AcDbEntity
  8
tejido
 62
8
100
AcDbText
 10
6369873.3200960625
 20
6169908.645243173
 30
0.0
 40
0.375
  1
5.6
  7
ArialBold
 72
1
 11
6369873.3200960625
 21
6169908.645243173
 31
0.0
100
AcDbText
 73
2
  0
TEXT
  5
218
330
17
100
AcDbEntity
  8
tejido
 62
8
100
AcDbText
 10
6369881.3568676775
 20
6169921.800093492
 30
0.0
 40
0.375
  1
16.4
  7
ArialBold
 72
1
 11
6369881.3568676775
 21
6169921.800093492
 31
0.0
100
AcDbText
 73
2
  0
TEXT
  5
219
330
17
100
AcDbEntity
  8
tejido
 62
8
100
AcDbText
 10
6369895.495254961
 20
6169943.067435
 30
0.0
 40
0.375
  1
5.8
  7
ArialBold
 72
1
 11
6369895.495254961
 21
6169943.067435
 31
0.0
100
AcDbText
 73
2
  0
TEXT
  5
21A
330
17
100
AcDbEntity
  8
tejido
 62
8
100
AcDbText
 10
6369908.64577997
 20
6169916.581032178
 30
0.0
 40
0.375
  1
8.4
  7
ArialBold
 72
1
 11
6369908.64577997
 21
6169916.581032178
 31
0.0
100
AcDbText
 73
2
  0
TEXT
  5
21B
330
17
100
AcDbEntity
  8
tejido
 62
8
100
AcDbText
 10
6369912.960245002
 20
6169938.130113723
 30
0.0
 40
0.375
  1
2.8
  7
ArialBold
 72
1
 11
6369912.960245002
 21
6169938.130113723
 31
0.0
100
AcDbText
 73
2
  0
TEXT
  5
21C
330
17
100
AcDbEntity
  8
tejido
 62
8
100
AcDbText
 10
6369913.651831434
 20
6169900.434640229
 30
0.0
 40
0.375
  1
11.2
  7
ArialBold
 72
1
 11
6369913.651831434
 21
6169900.434640229
 31
0.0
100
AcDbText
 73
2
  0
TEXT
  5
21D
330
17
100
AcDbEntity
  8
tejido
 62
8
100
AcDbText
 10
6369941.851792844
 20
6169901.2333320845
 30
0.0
 40
0.375
  1
0.0
  7
ArialBold
 72
1
 11
6369941.851792844
 21
6169901.2333320845
 31
0.0
100
AcDbText
 73
2
  0
TEXT
  5
21E
330
17
100
AcDbEntity
  8
tejido
 62
8
100
AcDbText
 10
6369945.0511421785
 20
6169919.579702867
 30
0.0
 40
0.375
  1
34.0
  7
ArialBold
 72
1
 11
6369945.0511421785
 21
6169919.579702867
 31
0.0
100
AcDbText
 73
2
  0
TEXT
  5
21F
330
17
100
AcDbEntity
  8
tejido
 62
8
100
AcDbText
 10
6369939.755153094
 20
6169914.018493081
 30
0.0
 40
0.375
  1
8.7
  7
ArialBold
 72
1
 11
6369939.755153094
 21
6169914.018493081
 31
0.0
100
AcDbText
 73
2
  0
TEXT
  5
220
330
17
100
AcDbEntity
  8
tejido
 62
8
100
AcDbText
 10
6369946.321262368
 20
6169912.297704745
 30
0.0
 40
0.375
  1
40.7
  7
ArialBold
 72
1
 11
6369946.321262368
 21
6169912.297704745
 31
0.0
100
AcDbText
 73
2
  0
TEXT
  5
221
330
17
100
AcDbEntity
  8
tejido
 62
8
100
AcDbText
 10
6369946.056902217
 20
6169927.9819839625
 30
0.0
 40
0.375
  1
0.0
  7
ArialBold
 72
1
 11
6369946.056902217
 21
6169927.9819839625
 31
0.0
100
AcDbText
 73
2
  0
TEXT
  5
222
330
17
100
AcDbEntity
  8
tejido
 62
8
100
AcDbText
 10
6369952.602872777
 20
6169912.7261123
 30
0.0
 40
0.375
  1
0.0
  7
ArialBold
 72
1
 11
6369952.602872777
 21
6169912.7261123
 31
0.0
100
AcDbText
 73
2
  0
TEXT
  5
223
330
17
100
AcDbEntity
  8
tejido
 62
8
100
AcDbText
 10
6369956.719598678
 20
6169953.981073449
 30
0.0
 40
0.375
  1
2.8
  7
ArialBold
 72
1
 11
6369956.719598678
 21
6169953.981073449
 31
0.0
100
AcDbText
 73
2
  0
TEXT
  5
224
330
17
100
AcDbEntity
  8
tejido
 62
8
100
AcDbText
 10
6369973.267352788
 20
6169953.688711268
 30
0.0
 40
0.375
  1
5.6
  7
ArialBold
 72
1
 11
6369973.267352788
 21
6169953.688711268
 31
0.0
100
AcDbText
 73
2
  0
TEXT
  5
225
330
17
100
AcDbEntity
  8
tejido
 62
8
100
AcDbText
 10
6369932.123262169
 20
6169986.23003695
 30
0.0
 40
0.375
  1
0.0
  7
ArialBold
 72
1
 11
6369932.123262169
 21
6169986.23003695
 31
0.0
100
AcDbText
 73
2
  0
TEXT
  5
226
330
17
100
AcDbEntity
  8
tejido
 62
8
100
AcDbText
 10
6369972.304912616
 20
6170025.502419788
 30
0.0
 40
0.375
  1
32.2
  7
ArialBold
 72
1
 11
6369972.304912616
 21
6170025.502419788
 31
0.0
100
AcDbText
 73
2
  0
TEXT
  5
227
330
17
100
AcDbEntity
  8
tejido
 62
8
100
AcDbText
 10
6369960.741522939
 20
6169911.836576815
 30
0.0
 40
0.375
  1
38.0
  7
ArialBold
 72
1
 11
6369960.741522939
 21
6169911.836576815
 31
0.0
100
AcDbText
 73
2
  0
TEXT
  5
228
330
17
100
AcDbEntity
  8
tejido
 62
8
100
AcDbText
 10
6369985.436678089
 20
6170052.337549551
 30
0.0
 40
0.375
  1
5.6
  7
ArialBold
 72
1
 11
6369985.436678089
 21
6170052.337549551
 31
0.0
100
AcDbText
 73
2
  0
TEXT
  5
229
330
17
100
AcDbEntity
  8
tejido
 62
8
100
AcDbText
 10
6369977.543583673
 20
6170045.288391061
 30
0.0
 40
0.375
  1
10.1
  7
ArialBold
 72
1
 11
6369977.543583673
 21
6170045.288391061
 31
0.0
100
AcDbText
 73
2
  0
TEXT
  5
22A
330
17
100
AcDbEntity
  8
tejido
 62
8
100
AcDbText
 10
6369977.258610927
 20
6170060.654537572
 30
0.0
 40
0.375
  1
12.4
  7
ArialBold
 72
1
 11
6369977.258610927
 21
6170060.654537572
 31
0.0
100
AcDbText
 73
2
  0
TEXT
  5
22B
330
17
100
AcDbEntity
  8
tejido
 62
8
100
AcDbText
 10
6369970.153663518
 20
6170049.807553066
 30
0.0
 40
0.375
  1
0.0
  7
ArialBold
 72
1
 11
6369970.153663518
 21
6170049.807553066
 31
0.0
100
AcDbText
 73
2
  0
TEXT
  5
22C
330
17
100
AcDbEntity
  8
tejido
 62
8
100
AcDbText
 10
6369965.035182585
 20
6170055.27491356
 30
0.0
 40
0.375
  1
5.6
  7
ArialBold
 72
1
 11
6369965.035182585
 21
6170055.27491356
 31
0.0
100
AcDbText
 73
2
  0
TEXT
  5
22D
330
17
100
AcDbEntity
  8
tejido
 62
8
100
AcDbText
 10
6369951.450383133
 20
6170026.939410705
 30
0.0
 40
0.375
  1
12.2
  7
ArialBold
 72
1
 11
6369951.450383133
 21
6170026.939410705
 31
0.0
100
AcDbText
 73
2
  0
TEXT
  5
22E
330
17
100
AcDbEntity
  8
tejido
 62
8
100
AcDbText
 10
6369952.440706271
 20
6170004.404629003
 30
0.0
 40
0.375
  1
11.1
  7
ArialBold
 72
1
 11
6369952.440706271
 21
6170004.404629003
 31
0.0
100
AcDbText
 73
2
  0
TEXT
  5
22F
330
17
100
AcDbEntity
  8
tejido
 62
8
100
AcDbText
 10
6369955.178937308
 20
6170047.371327634
 30
0.0
 40
0.375
  1
11.9
  7
ArialBold
 72
1
 11
6369955.178937308
 21
6170047.371327634
 31
0.0
100
AcDbText
 73
2
  0
TEXT
  5
230
330
17
100
AcDbEntity
  8
tejido
 62
8
100
AcDbText
 10
6369936.301955351
 20
6170014.18450409
 30
0.0
 40
0.375
  1
2.8
  7
ArialBold
 72
1
 11
6369936.301955351
 21
6170014.18450409
 31
0.0
100
AcDbText
 73
2
  0
TEXT
  5
231
330
17
100
AcDbEntity
  8
tejido
 62
8
100
AcDbText
 10
6369931.763931198
 20
6170026.151954667
 30
0.0
 40
0.375
  1
5.6
  7
ArialBold
 72
1
 11
6369931.763931198
 21
6170026.151954667
 31
0.0
100
AcDbText
 73
2
  0
TEXT
  5
232
330
17
100
AcDbEntity
  8
tejido
 62
8
100
AcDbText
 10
6369940.4449678045
 20
6170047.059396699
 30
0.0
 40
0.375
  1
8.4
  7
ArialBold
 72
1
 11
6369940.4449678045
 21
6170047.059396699
 31
0.0
100
AcDbText
 73
2
  0
TEXT
  5
233
330
17
100
AcDbEntity
  8
tejido
 62
8
100
AcDbText
 10
6369946.736076793
 20
6170054.9964585975
 30
0.0
 40
0.375
  1
11.2
  7
ArialBold
 72
1
 11
6369946.736076793
 21
6170054.9964585975
 31
0.0
100
AcDbText
 73
2
  0
TEXT
  5
234
330
17
100
AcDbEntity
  8
tejido
 62
8
100
AcDbText
 10
6369948.278197565
 20
6170047.683491566
 30
0.0
 40
0.375
  1
5.6
  7
ArialBold
 72
1
 11
6369948.278197565
 21
6170047.683491566
 31
0.0
100
AcDbText
 73
2
  0
TEXT
  5
235
330
17
100
AcDbEntity
  8
tejido
 62
8
100
AcDbText
 10
6369921.565955222
 20
6170038.678957798
 30
0.0
 40
0.375
  1
4.7
  7
ArialBold
 72
1
 11
6369921.565955222
 21
6170038.678957798
 31
0.0
100
AcDbText
 73
2
  0
TEXT
  5
236
330
17
100
AcDbEntity
  8
tejido
 62
8
100
AcDbText
 10
6369912.3418483725
 20
6170045.347890923
 30
0.0
 40
0.375
  1
16.8
  7
ArialBold
 72
1
 11
6369912.3418483725
 21
6170045.347890923
 31
0.0
100
AcDbText
 73
2
  0
TEXT
  5
237
330
17
100
AcDbEntity
  8
tejido
 62
8
100
AcDbText
 10
6369915.957943018
 20
6170044.02833236
 30
0.0
 40
0.375
  1
14.0
  7
ArialBold
 72
1
 11
6369915.957943018
 21
6170044.02833236
 31
0.0
100
AcDbText
 73
2
  0
TEXT
  5
238
330
17
100
AcDbEntity
  8
tejido
 62
8
100
AcDbText
 10
6369915.876402642
 20
6170063.597548671
 30
0.0
 40
0.375
  1
14.0
  7
ArialBold
 72
1
 11
6369915.876402642
 21
6170063.597548671
 31
0.0
100
AcDbText
 73
2
  0
TEXT
  5
239
330
17
100
AcDbEntity
  8
tejido
 62
8
100
AcDbText
 10
6369900.762267188
 20
6170057.748783141
 30
0.0
 40
0.375
  1
5.6
  7
ArialBold
 72
1
 11
6369900.762267188
 21
6170057.748783141
 31
0.0
100
AcDbText
 73
2
  0
TEXT
  5
23A
330
17
100
AcDbEntity
  8
tejido
 62
8
100
AcDbText
 10
6369901.730791842
 20
6170063.897462333
 30
0.0
 40
0.375
  1
2.8
  7
ArialBold
 72
1
 11
6369901.730791842
 21
6170063.897462333
 31
0.0
100
AcDbText
 73
2
  0
TEXT
  5
23B
330
17
100
AcDbEntity
  8
tejido
 62
8
100
AcDbText
 10
6369906.182862146
 20
6170064.878690824
 30
0.0
 40
0.375
  1
2.8
  7
ArialBold
 72
1
 11
6369906.182862146
 21
6170064.878690824
 31
0.0
100
AcDbText
 73
2
  0
TEXT
  5
23C
330
17
100
AcDbEntity
  8
tejido
 62
8
100
AcDbText
 10
6369909.536407313
 20
6170048.804721129
 30
0.0
 40
0.375
  1
2.8
  7
ArialBold
 72
1
 11
6369909.536407313
 21
6170048.804721129
 31
0.0
100
AcDbText
 73
2
  0
TEXT
  5
23D
330
17
100
AcDbEntity
  8
tejido
 62
8
100
AcDbText
 10
6369910.235739125
 20
6170056.045244131
 30
0.0
 40
0.375
  1
5.6
  7
ArialBold
 72
1
 11
6369910.235739125
 21
6170056.045244131
 31
0.0
100
AcDbText
 73
2
  0
TEXT
  5
23E
330
17
100
AcDbEntity
  8
tejido
 62
8
100
AcDbText
 10
6369910.38673283
 20
6170063.269698638
 30
0.0
 40
0.375
  1
2.8
  7
ArialBold
 72
1
 11
6369910.38673283
 21
6170063.269698638
 31
0.0
100
AcDbText
 73
2
  0
TEXT
  5
23F
330
17
100
AcDbEntity
  8
tejido
 62
8
100
AcDbText
 10
6369894.605210308
 20
6170054.991976434
 30
0.0
 40
0.375
  1
5.6
  7
ArialBold
 72
1
 11
6369894.605210308
 21
6170054.991976434
 31
0.0
100
AcDbText
 73
2
  0
TEXT
  5
240
330
17
100
AcDbEntity
  8
tejido
 62
8
100
AcDbText
 10
6369897.873102022
 20
6170032.145296267
 30
0.0
 40
0.375
  1
8.4
  7
ArialBold
 72
1
 11
6369897.873102022
 21
6170032.145296267
 31
0.0
100
AcDbText
 73
2
  0
TEXT
  5
241
330
17
100
AcDbEntity
  8
tejido
 62
8
100
AcDbText
 10
6369890.877345914
 20
6170032.946745618
 30
0.0
 40
0.375
  1
11.2
  7
ArialBold
 72
1
 11
6369890.877345914
 21
6170032.946745618
 31
0.0
100
AcDbText
 73
2
  0
TEXT
  5
242
330
17
100
AcDbEntity
  8
tejido
 62
8
100
AcDbText
 10
6369878.986370377
 20
6170019.021612943
 30
0.0
 40
0.375
  1
2.8
  7
ArialBold
 72
1
 11
6369878.986370377
 21
6170019.021612943
 31
0.0
100
AcDbText
 73
2
  0
TEXT
  5
243
330
17
100
AcDbEntity
  8
tejido
 62
8
100
AcDbText
 10
6369885.802783415
 20
6170018.60827935
 30
0.0
 40
0.375
  1
8.4
  7
ArialBold
 72
1
 11
6369885.802783415
 21
6170018.60827935
 31
0.0
100
AcDbText
 73
2
  0
TEXT
  5
244
330
17
100
AcDbEntity
  8
tejido
 62
8
100
AcDbText
 10
6369911.341858181
 20
6170016.9502670765
 30
0.0
 40
0.375
  1
2.8
  7
ArialBold
 72
1
 11
6369911.341858181
 21
6170016.9502670765
 31
0.0
100
AcDbText
 73
2
  0
TEXT
  5
245
330
17
100
AcDbEntity
  8
tejido
 62
8
100
AcDbText
 10
6369881.795285227
 20
6170004.55853217
 30
0.0
 40
0.375
  1
14.0
  7
ArialBold
 72
1
 11
6369881.795285227
 21
6170004.55853217
 31
0.0
100
AcDbText
 73
2
  0
TEXT
  5
246
330
17
100
AcDbEntity
  8
tejido
 62
8
100
AcDbText
 10
6369905.582293102
 20
6170003.92311852
 30
0.0
 40
0.375
  1
14.0
  7
ArialBold
 72
1
 11
6369905.582293102
 21
6170003.92311852
 31
0.0
100
AcDbText
 73
2
  0
TEXT
  5
247
330
17
100
AcDbEntity
  8
tejido
 62
8
100
AcDbText
 10
6369911.278335186
 20
6170002.309999212
 30
0.0
 40
0.375
  1
2.8
  7
ArialBold
 72
1
 11
6369911.278335186
 21
6170002.309999212
 31
0.0
100
AcDbText
 73
2
  0
TEXT
  5
248
330
17
100
AcDbEntity
  8
tejido
 62
8
100
AcDbText
 10
6369910.43589762
 20
6170004.023451532
 30
0.0
 40
0.375
  1
11.2
  7
ArialBold
 72
1
 11
6369910.43589762
 21
6170004.023451532
 31
0.0
100
AcDbText
 73
2
  0
TEXT
  5
249
330
17
100
AcDbEntity
  8
tejido
 62
8
100
AcDbText
 10
6369910.79269223
 20
6170007.459674767
 30
0.0
 40
0.375
  1
2.8
  7
ArialBold
 72
1
 11
6369910.79269223
 21
6170007.459674767
 31
0.0
100
AcDbText
 73
2
  0
TEXT
  5
24A
330
17
100
AcDbEntity
  8
tejido
 62
8
100
AcDbText
 10
6369885.4722162075
 20
6169994.9878985025
 30
0.0
 40
0.375
  1
2.8
  7
ArialBold
 72
1
 11
6369885.4722162075
 21
6169994.9878985025
 31
0.0
100
AcDbText
 73
2
  0
TEXT
  5
24B
330
17
100
AcDbEntity
  8
tejido
 62
8
100
AcDbText
 10
6369898.445689184
 20
6169993.962104875
 30
0.0
 40
0.375
  1
11.2
  7
ArialBold
 72
1
 11
6369898.445689184
 21
6169993.962104875
 31
0.0
100
AcDbText
 73
2
  0
TEXT
  5
24C
330
17
100
AcDbEntity
  8
tejido
 62
8
100
AcDbText
 10
6369898.439049023
 20
6169995.942467801
 30
0.0
 40
0.375
  1
2.8
  7
ArialBold
 72
1
 11
6369898.439049023
 21
6169995.942467801
 31
0.0
100
AcDbText
 73
2
  0
TEXT
  5
24D
330
17
100
AcDbEntity
  8
tejido
 62
8
100
AcDbText
 10
6369905.638457034
 20
6169995.868823402
 30
0.0
 40
0.375
  1
8.4
  7
ArialBold
 72
1
 11
6369905.638457034
 21
6169995.868823402
 31
0.0
100
AcDbText
 73
2
  0
TEXT
  5
24E
330
17
100
AcDbEntity
  8
tejido
 62
8
100
AcDbText
 10
6369910.042545899
 20
6169998.645930707
 30
0.0
 40
0.375
  1
2.8
  7
ArialBold
 72
1
 11
6369910.042545899
 21
6169998.645930707
 31
0.0
100
AcDbText
 73
2
  0
TEXT
  5
24F
330
17
100
AcDbEntity
  8
tejido
 62
8
100
AcDbText
 10
6369920.0959833
 20
6169995.416269617
 30
0.0
 40
0.375
  1
2.8
  7
ArialBold
 72
1
 11
6369920.0959833
 21
6169995.416269617
 31
0.0
100
AcDbText
 73
2
  0
TEXT
  5
250
330
17
100
AcDbEntity
  8
tejido
 62
8
100
AcDbText
 10
6369889.322327156
 20
6169968.029861266
 30
0.0
 40
0.375
  1
2.8
  7
ArialBold
 72
1
 11
6369889.322327156
 21
6169968.029861266
 31
0.0
100
AcDbText
 73
2
  0
TEXT
  5
251
330
17
100
AcDbEntity
  8
tejido
 62
8
100
AcDbText
 10
6369913.059337651
 20
6169960.327079436
 30
0.0
 40
0.375
  1
11.2
  7
ArialBold
 72
1
 11
6369913.059337651
 21
6169960.327079436
 31
0.0
100
AcDbText
 73
2
  0
TEXT
  5
252
330
17
100
AcDbEntity
  8
tejido
 62
8
100
AcDbText
 10
6369879.347966503
 20
6169954.3269358855
 30
0.0
 40
0.375
  1
5.6
  7
ArialBold
 72
1
 11
6369879.347966503
 21
6169954.3269358855
 31
0.0
100
AcDbText
 73
2
  0
TEXT
  5
253
330
17
100
AcDbEntity
  8
tejido
 62
8
100
AcDbText
 10
6369883.979488393
 20
6169951.2557717115
 30
0.0
 40
0.375
  1
8.4
  7
ArialBold
 72
1
 11
6369883.979488393
 21
6169951.2557717115
 31
0.0
100
AcDbText
 73
2
  0
TEXT
  5
254
330
17
100
AcDbEntity
  8
tejido
 62
8
100
AcDbText
 10
6369887.098194929
 20
6169957.145507197
 30
0.0
 40
0.375
  1
2.8
  7
ArialBold
 72
1
 11
6369887.098194929
 21
6169957.145507197
 31
0.0
100
AcDbText
 73
2
  0
TEXT
  5
255
330
17
100
AcDbEntity
  8
tejido
 62
8
100
AcDbText
 10
6369887.489260525
 20
6169950.002799281
 30
0.0
 40
0.375
  1
11.2
  7
ArialBold
 72
1
 11
6369887.489260525
 21
6169950.002799281
 31
0.0
100
AcDbText
 73
2
  0
TEXT
  5
256
330
17
100
AcDbEntity
  8
tejido
 62
8
100
AcDbText
 10
6369928.240474032
 20
6169916.151385755
 30
0.0
 40
0.375
  1
2.8
  7
ArialBold
 72
1
 11
6369928.240474032
 21
6169916.151385755
 31
0.0
100
AcDbText
 73
2
  0
TEXT
  5
257
330
17
100
AcDbEntity
  8
tejido
 62
8
100
AcDbText
 10
6369877.088258745
 20
6169943.979286215
 30
0.0
 40
0.375
  1
8.4
  7
ArialBold
 72
1
 11
6369877.088258745
 21
6169943.979286215
 31
0.0
100
AcDbText
 73
2
  0
TEXT
  5
258
330
17
100
AcDbEntity
  8
tejido
 62
8
100
AcDbText
 10
6369883.165365675
 20
6169944.262385774
 30
0.0
 40
0.375
  1
11.2
  7
ArialBold
 72
1
 11
6369883.165365675
 21
6169944.262385774
 31
0.0
100
AcDbText
 73
2
  0
TEXT
  5
259
330
17
100
AcDbEntity
  8
tejido
 62
8
100
AcDbText
 10
6369875.111990052
 20
6169935.362268373
 30
0.0
 40
0.375
  1
5.6
  7
ArialBold
 72
1
 11
6369875.111990052
 21
6169935.362268373
 31
0.0
100
AcDbText
 73
2
  0
TEXT
  5
25A
330
17
100
AcDbEntity
  8
tejido
 62
8
100
AcDbText
 10
6369881.309834501
 20
6169934.363702351
 30
0.0
 40
0.375
  1
8.4
  7
ArialBold
 72
1
 11
6369881.309834501
 21
6169934.363702351
 31
0.0
100
AcDbText
 73
2
  0
TEXT
  5
25B
330
17
100
AcDbEntity
  8
tejido
 62
8
100
AcDbText
 10
6369885.067891642
 20
6169935.634342214
 30
0.0
 40
0.375
  1
5.6
  7
ArialBold
 72
1
 11
6369885.067891642
 21
6169935.634342214
 31
0.0
100
AcDbText
 73
2
  0
TEXT
  5
25C
330
17
100
AcDbEntity
  8
tejido
 62
8
100
AcDbText
 10
6369886.647850816
 20
6169938.406903798
 30
0.0
 40
0.375
  1
8.4
  7
ArialBold
 72
1
 11
6369886.647850816
 21
6169938.406903798
 31
0.0
100
AcDbText
 73
2
  0
TEXT
  5
25D
330
17
100
AcDbEntity
  8
tejido
 62
8
100
AcDbText
 10
6369877.582562531
 20
6169904.871150409
 30
0.0
 40
0.375
  1
5.6
  7
ArialBold
 72
1
 11
6369877.582562531
 21
6169904.871150409
 31
0.0
100
AcDbText
 73
2
  0
TEXT
  5
25E
330
17
100
AcDbEntity
  8
tejido
 62
8
100
AcDbText
 10
6369883.193233183
 20
6169903.945652388
 30
0.0
 40
0.375
  1
8.4
  7
ArialBold
 72
1
 11
6369883.193233183
 21
6169903.945652388
 31
0.0
100
AcDbText
 73
2
  0
TEXT
  5
25F
330
17
100
AcDbEntity
  8
tejido
 62
8
100
AcDbText
 10
6369884.625830123
 20
6169911.687842161
 30
0.0
 40
0.375
  1
2.8
  7
ArialBold
 72
1
 11
6369884.625830123
 21
6169911.687842161
 31
0.0
100
AcDbText
 73
2
  0
TEXT
  5
260
330
17
100
AcDbEntity
  8
tejido
 62
8
100
AcDbText
 10
6369877.4376987405
 20
6169920.497859793
 30
0.0
 40
0.375
  1
10.9
  7
ArialBold
 72
1
 11
6369877.4376987405
 21
6169920.497859793
 31
0.0
100
AcDbText
 73
2
  0
TEXT
  5
261
330
17
100
AcDbEntity
  8
tejido
 62
8
100
AcDbText
 10
6369884.18057252
 20
6169926.632074018
 30
0.0
 40
0.375
  1
14.3
  7
ArialBold
 72
1
 11
6369884.18057252
 21
6169926.632074018
 31
0.0
100
AcDbText
 73
2
  0
TEXT
  5
262
330
17
100
AcDbEntity
  8
tejido
 62
8
100
AcDbText
 10
6369905.382344825
 20
6169935.741083695
 30
0.0
 40
0.375
  1
2.8
  7
ArialBold
 72
1
 11
6369905.382344825
 21
6169935.741083695
 31
0.0
100
AcDbText
 73
2
  0
TEXT
  5
263
330
17
100
AcDbEntity
  8
tejido
 62
8
100
AcDbText
 10
6369905.64250638
 20
6169940.67370395
 30
0.0
 40
0.375
  1
5.6
  7
ArialBold
 72
1
 11
6369905.64250638
 21
6169940.67370395
 31
0.0
100
AcDbText
 73
2
  0
TEXT
  5
264
330
17
100
AcDbEntity
  8
tejido
 62
8
100
AcDbText
 10
6369912.164045046
 20
6169950.63885272
 30
0.0
 40
0.375
  1
2.8
  7
ArialBold
 72
1
 11
6369912.164045046
 21
6169950.63885272
 31
0.0
100
AcDbText
 73
2
  0
TEXT
  5
265
330
17
100
AcDbEntity
  8
tejido
 62
8
100
AcDbText
 10
6369920.3484560875
 20
6169916.662238885
 30
0.0
 40
0.375
  1
2.8
  7
ArialBold
 72
1
 11
6369920.3484560875
 21
6169916.662238885
 31
0.0
100
AcDbText
 73
2
  0
TEXT
  5
266
330
17
100
AcDbEntity
  8
tejido
 62
8
100
AcDbText
 10
6369964.403942356
 20
6169904.049588734
 30
0.0
 40
0.375
  1
33.7
  7
ArialBold
 72
1
 11
6369964.403942356
 21
6169904.049588734
 31
0.0
100
AcDbText
 73
2
  0
TEXT
  5
267
330
17
100
AcDbEntity
  8
tejido
 62
8
100
AcDbText
 10
6369959.987280208
 20
6169922.042372384
 30
0.0
 40
0.375
  1
0.0
  7
ArialBold
 72
1
 11
6369959.987280208
 21
6169922.042372384
 31
0.0
100
AcDbText
 73
2
  0
TEXT
  5
268
330
17
100
AcDbEntity
  8
tejido
 62
8
100
AcDbText
 10
6369964.985532896
 20
6169921.681309508
 30
0.0
 40
0.375
  1
6.3
  7
ArialBold
 72
1
 11
6369964.985532896
 21
6169921.681309508
 31
0.0
100
AcDbText
 73
2
  0
TEXT
  5
269
330
17
100
AcDbEntity
  8
tejido
 62
8
100
AcDbText
 10
6369972.430145391
 20
6169914.989103456
 30
0.0
 40
0.375
  1
4.9
  7
ArialBold
 72
1
 11
6369972.430145391
 21
6169914.989103456
 31
0.0
100
AcDbText
 73
2
  0
TEXT
  5
26A
330
17
100
AcDbEntity
  8
tejido
 62
8
100
AcDbText
 10
6369965.667704678
 20
6169927.513338705
 30
0.0
 40
0.375
  1
5.6
  7
ArialBold
 72
1
 11
6369965.667704678
 21
6169927.513338705
 31
0.0
100
AcDbText
 73
2
  0
TEXT
  5
26B
330
17
100
AcDbEntity
  8
tejido
 62
8
100
AcDbText
 10
6369972.534394244
 20
6169925.523127147
 30
0.0
 40
0.375
  1
8.4
  7
ArialBold
 72
1
 11
6369972.534394244
 21
6169925.523127147
 31
0.0
100
AcDbText
 73
2
  0
TEXT
  5
26C
330
17
100
AcDbEntity
  8
tejido
 62
8
100
AcDbText
 10
6369932.845587364
 20
6169957.9018321065
 30
0.0
 40
0.375
  1
2.8
  7
ArialBold
 72
1
 11
6369932.845587364
 21
6169957.9018321065
 31
0.0
100
AcDbText
 73
2
  0
TEXT
  5
26D
330
17
100
AcDbEntity
  8
tejido
 62
8
100
AcDbText
 10
6369949.870838422
 20
6169963.414363355
 30
0.0
 40
0.375
  1
2.8
  7
ArialBold
 72
1
 11
6369949.870838422
 21
6169963.414363355
 31
0.0
100
AcDbText
 73
2
  0
TEXT
  5
26E
330
17
100
AcDbEntity
  8
tejido
 62
8
100
AcDbText
 10
6369961.889107432
 20
6169956.812664493
 30
0.0
 40
0.375
  1
2.8
  7
ArialBold
 72
1
 11
6369961.889107432
 21
6169956.812664493
 31
0.0
100
AcDbText
 73
2
  0
TEXT
  5
26F
330
17
100
AcDbEntity
  8
tejido
 62
8
100
AcDbText
 10
6369975.109241539
 20
6169962.096557389
 30
0.0
 40
0.375
  1
2.8
  7
ArialBold
 72
1
 11
6369975.109241539
 21
6169962.096557389
 31
0.0
100
AcDbText
 73
2
  0
TEXT
  5
270
330
17
100
AcDbEntity
  8
tejido
 62
8
100
AcDbText
 10
6369921.948585813
 20
6169970.432201912
 30
0.0
 40
0.375
  1
2.8
  7
ArialBold
 72
1
 11
6369921.948585813
 21
6169970.432201912
 31
0.0
100
AcDbText
 73
2
  0
TEXT
  5
271
330
17
100
AcDbEntity
  8
tejido
 62
8
100
AcDbText
 10
6369922.360922716
 20
6169975.535988565
 30
0.0
 40
0.375
  1
5.6
  7
ArialBold
 72
1
 11
6369922.360922716
 21
6169975.535988565
 31
0.0
100
AcDbText
 73
2
  0
TEXT
  5
272
330
17
100
AcDbEntity
  8
tejido
 62
8
100
AcDbText
 10
6369955.870457227
 20
6169973.3286127215
 30
0.0
 40
0.375
  1
2.8
  7
ArialBold
 72
1
 11
6369955.870457227
 21
6169973.3286127215
 31
0.0
100
AcDbText
 73
2
  0
TEXT
  5
273
330
17
100
AcDbEntity
  8
tejido
 62
8
100
AcDbText
 10
6369928.867145949
 20
6169970.795666049
 30
0.0
 40
0.375
  1
5.6
  7
ArialBold
 72
1
 11
6369928.867145949
 21
6169970.795666049
 31
0.0
100
AcDbText
 73
2
  0
TEXT
  5
274
330
17
100
AcDbEntity
  8
tejido
 62
8
100
AcDbText
 10
6369925.8375618905
 20
6169973.935747592
 30
0.0
 40
0.375
  1
2.8
  7
ArialBold
 72
1
 11
6369925.8375618905
 21
6169973.935747592
 31
0.0
100
AcDbText
 73
2
  0
TEXT
  5
275
330
17
100
AcDbEntity
  8
tejido
 62
8
100
AcDbText
 10
6369933.199061122
 20
6169976.534966143
 30
0.0
 40
0.375
  1
5.6
  7
ArialBold
 72
1
 11
6369933.199061122
 21
6169976.534966143
 31
0.0
100
AcDbText
 73
2
  0
TEXT
  5
276
330
17
100
AcDbEntity
  8
tejido
 62
8
100
AcDbText
 10
6369941.592391551
 20
6169972.181815812
 30
0.0
 40
0.375
  1
5.6
  7
ArialBold
 72
1
 11
6369941.592391551
 21
6169972.181815812
 31
0.0
100
AcDbText
 73
2
  0
TEXT
  5
277
330
17
100
AcDbEntity
  8
tejido
 62
8
100
AcDbText
 10
6369941.526353639
 20
6169975.852628138
 30
0.0
 40
0.375
  1
5.6
  7
ArialBold
 72
1
 11
6369941.526353639
 21
6169975.852628138
 31
0.0
100
AcDbText
 73
2
  0
TEXT
  5
278
330
17
100
AcDbEntity
  8
tejido
 62
8
100
AcDbText
 10
6369948.834041142
 20
6169975.241462117
 30
0.0
 40
0.375
  1
5.6
  7
ArialBold
 72
1
 11
6369948.834041142
 21
6169975.241462117
 31
0.0
100
AcDbText
 73
2
  0
TEXT
  5
279
330
17
100
AcDbEntity
  8
tejido
 62
8
100
AcDbText
 10
6369950.017448031
 20
6169971.465701707
 30
0.0
 40
0.375
  1
5.6
  7
ArialBold
 72
1
 11
6369950.017448031
 21
6169971.465701707
 31
0.0
100
AcDbText
 73
2
  0
TEXT
  5
27A
330
17
100
AcDbEntity
  8
tejido
 62
8
100
AcDbText
 10
6369956.935553387
 20
6169974.572584038
 30
0.0
 40
0.375
  1
5.6
  7
ArialBold
 72
1
 11
6369956.935553387
 21
6169974.572584038
 31
0.0
100
AcDbText
 73
2
  0
TEXT
  5
27B
330
17
100
AcDbEntity
  8
tejido
 62
8
100
AcDbText
 10
6369959.278991285
 20
6169970.674872013
 30
0.0
 40
0.375
  1
5.6
  7
ArialBold
 72
1
 11
6369959.278991285
 21
6169970.674872013
 31
0.0
100
AcDbText
 73
2
  0
TEXT
  5
27C
330
17
100
AcDbEntity
  8
tejido
 62
8
100
AcDbText
 10
6369963.66643371
 20
6169974.0160818985
 30
0.0
 40
0.375
  1
5.6
  7
ArialBold
 72
1
 11
6369963.66643371
 21
6169974.0160818985
 31
0.0
100
AcDbText
 73
2
  0
TEXT
  5
27D
330
17
100
AcDbEntity
  8
tejido
 62
8
100
AcDbText
 10
6369969.108263864
 20
6169969.594284178
 30
0.0
 40
0.375
  1
5.6
  7
ArialBold
 72
1
 11
6369969.108263864
 21
6169969.594284178
 31
0.0
100
AcDbText
 73
2
  0
TEXT
  5
27E
330
17
100
AcDbEntity
  8
tejido
 62
8
100
AcDbText
 10
6369971.422212184
 20
6169973.382461152
 30
0.0
 40
0.375
  1
5.6
  7
ArialBold
 72
1
 11
6369971.422212184
 21
6169973.382461152
 31
0.0
100
AcDbText
 73
2
  0
TEXT
  5
27F
330
17
100
AcDbEntity
  8
tejido
 62
8
100
AcDbText
 10
6369940.598952754
 20
6169997.132692115
 30
0.0
 40
0.375
  1
0.0
  7
ArialBold
 72
1
 11
6369940.598952754
 21
6169997.132692115
 31
0.0
100
AcDbText
 73
2
  0
TEXT
  5
280
330
17
100
AcDbEntity
  8
tejido
 62
8
100
AcDbText
 10
6369962.252140992
 20
6170009.315685914
 30
0.0
 40
0.375
  1
5.6
  7
ArialBold
 72
1
 11
6369962.252140992
 21
6170009.315685914
 31
0.0
100
AcDbText
 73
2
  0
TEXT
  5
281
330
17
100
AcDbEntity
  8
tejido
 62
8
100
AcDbText
 10
6369957.094408895
 20
6170004.44685459
 30
0.0
 40
0.375
  1
0.0
  7
ArialBold
 72
1
 11
6369957.094408895
 21
6170004.44685459
 31
0.0
100
AcDbText
 73
2
  0
TEXT
  5
282
330
17
100
AcDbEntity
  8
tejido
 62
8
100
AcDbText
 10
6369972.227846861
 20
6170006.5260181315
 30
0.0
 40
0.375
  1
25.8
  7
ArialBold
 72
1
 11
6369972.227846861
 21
6170006.5260181315
 31
0.0
100
AcDbText
 73
2
  0
TEXT
  5
283
330
17
100
AcDbEntity
  8
tejido
 62
8
100
AcDbText
 10
6369974.421971776
 20
6170003.717443782
 30
0.0
 40
0.375
  1
30.8
  7
ArialBold
 72
1
 11
6369974.421971776
 21
6170003.717443782
 31
0.0
100
AcDbText
 73
2
  0
TEXT
  5
284
330
17
100
AcDbEntity
  8
tejido
 62
8
100
AcDbText
 10
6369973.97694248
 20
6170008.401989278
 30
0.0
 40
0.375
  1
23.0
  7
ArialBold
 72
1
 11
6369973.97694248
 21
6170008.401989278
 31
0.0
100
AcDbText
 73
2
  0
TEXT
  5
285
330
17
100
AcDbEntity
  8
tejido
 62
8
100
AcDbText
 10
6369976.112349512
 20
6170008.277030672
 30
0.0
 40
0.375
  1
0.0
  7
ArialBold
 72
1
 11
6369976.112349512
 21
6170008.277030672
 31
0.0
100
AcDbText
 73
2
  0
TEXT
  5
286
330
17
100
AcDbEntity
  8
tejido
 62
8
100
AcDbText
 10
6369984.703560432
 20
6170005.560008522
 30
0.0
 40
0.375
  1
23.0
  7
ArialBold
 72
1
 11
6369984.703560432
 21
6170005.560008522
 31
0.0
100
AcDbText
 73
2
  0
TEXT
  5
287
330
17
100
AcDbEntity
  8
tejido
 62
8
100
AcDbText
 10
6369972.256945903
 20
6170014.384486254
 30
0.0
 40
0.375
  1
5.6
  7
ArialBold
 72
1
 11
6369972.256945903
 21
6170014.384486254
 31
0.0
100
AcDbText
 73
2
  0
TEXT
  5
288
330
17
100
AcDbEntity
  8
tejido
 62
8
100
AcDbText
 10
6369960.058094347
 20
6170018.455391608
 30
0.0
 40
0.375
  1
2.8
  7
ArialBold
 72
1
 11
6369960.058094347
 21
6170018.455391608
 31
0.0
100
AcDbText
 73
2
  0
TEXT
  5
289
330
17
100
AcDbEntity
  8
tejido
 62
8
100
AcDbText
 10
6369974.702256265
 20
6170017.508187755
 30
0.0
 40
0.375
  1
2.8
  7
ArialBold
 72
1
 11
6369974.702256265
 21
6170017.508187755
 31
0.0
100
AcDbText
 73
2
  0
TEXT
  5
28A
330
17
100
AcDbEntity
  8
tejido
 62
8
100
AcDbText
 10
6369966.738511053
 20
6170032.575165032
 30
0.0
 40
0.375
  1
0.0
  7
ArialBold
 72
1
 11
6369966.738511053
 21
6170032.575165032
 31
0.0
100
AcDbText
 73
2
  0
TEXT
  5
28B
330
17
100
AcDbEntity
  8
tejido
 62
8
100
AcDbText
 10
6369977.650643376
 20
6170031.945208315
 30
0.0
 40
0.375
  1
25.8
  7
ArialBold
 72
1
 11
6369977.650643376
 21
6170031.945208315
 31
0.0
100
AcDbText
 73
2
  0
TEXT
  5
28C
330
17
100
AcDbEntity
  8
tejido
 62
8
100
AcDbText
 10
6369967.971759729
 20
6170035.235196499
 30
0.0
 40
0.375
  1
17.0
  7
ArialBold
 72
1
 11
6369967.971759729
 21
6170035.235196499
 31
0.0
100
AcDbText
 73
2
  0
TEXT
  5
28D
330
17
100
AcDbEntity
  8
tejido
 62
8
100
AcDbText
 10
6369969.045715642
 20
6170034.040039742
 30
0.0
 40
0.375
  1
22.8
  7
ArialBold
 72
1
 11
6369969.045715642
 21
6170034.040039742
 31
0.0
100
AcDbText
 73
2
  0
TEXT
  5
28E
330
17
100
AcDbEntity
  8
tejido
 62
8
100
AcDbText
 10
6369978.386550324
 20
6170032.429045766
 30
0.0
 40
0.375
  1
19.6
  7
ArialBold
 72
1
 11
6369978.386550324
 21
6170032.429045766
 31
0.0
100
AcDbText
 73
2
  0
TEXT
  5
28F
330
17
100
AcDbEntity
  8
tejido
 62
8
100
AcDbText
 10
6369982.426152261
 20
6170033.907619669
 30
0.0
 40
0.375
  1
25.3
  7
ArialBold
 72
1
 11
6369982.426152261
 21
6170033.907619669
 31
0.0
100
AcDbText
 73
2
  0
TEXT
  5
290
330
17
100
AcDbEntity
  8
tejido
 62
8
100
AcDbText
 10
6369987.387691949
 20
6170031.5345589565
 30
0.0
 40
0.375
  1
0.0
  7
ArialBold
 72
1
 11
6369987.387691949
 21
6170031.5345589565
 31
0.0
100
AcDbText
 73
2
  0
TEXT
  5
291
330
17
100
AcDbEntity
  8
tejido
 62
8
100
AcDbText
 10
6369977.795196824
 20
6170040.403570342
 30
0.0
 40
0.375
  1
13.1
  7
ArialBold
 72
1
 11
6369977.795196824
 21
6170040.403570342
 31
0.0
100
AcDbText
 73
2
  0
TEXT
  5
292
330
17
100
AcDbEntity
  8
tejido
 62
8
100
AcDbText
 10
6369920.653128162
 20
6169937.671555476
 30
0.0
 40
0.375
  1
5.6
  7
ArialBold
 72
1
 11
6369920.653128162
 21
6169937.671555476
 31
0.0
100
AcDbText
 73
2
  0
TEXT
  5
293
330
17
100
AcDbEntity
  8
tejido
 62
8
100
AcDbText
 10
6369949.366575085
 20
6169941.55066111
 30
0.0
 40
0.375
  1
2.8
  7
ArialBold
 72
1
 11
6369949.366575085
 21
6169941.55066111
 31
0.0
100
AcDbText
 73
2
  0
TEXT
  5
294
330
17
100
AcDbEntity
  8
tejido
 62
8
100
AcDbText
 10
6369878.3782989085
 20
6169907.568062721
 30
0.0
 40
0.375
  1
0.0
  7
ArialBold
 72
1
 11
6369878.3782989085
 21
6169907.568062721
 31
0.0
100
AcDbText
 73
2
  0
TEXT
  5
295
330
17
100
AcDbEntity
  8
tejido
 62
8
100
AcDbText
 10
6369893.981406285
 20
6170045.142707776
 30
0.0
 40
0.375
  1
0.0
  7
ArialBold
 72
1
 11
6369893.981406285
 21
6170045.142707776
 31
0.0
100
AcDbText
 73
2
  0
TEXT
  5
296
330
17
100
AcDbEntity
  8
tejido
 62
8
100
AcDbText
 10
6369887.503186825
 20
6170040.300383038
 30
0.0
 40
0.375
  1
3.1
  7
ArialBold
 72
1
 11
6369887.503186825
 21
6170040.300383038
 31
0.0
100
AcDbText
 73
2
  0
TEXT
  5
297
330
17
100
AcDbEntity
  8
tejido
 62
8
100
AcDbText
 10
6369888.366230068
 20
6170053.3616864225
 30
0.0
 40
0.375
  1
0.0
  7
ArialBold
 72
1
 11
6369888.366230068
 21
6170053.3616864225
 31
0.0
100
AcDbText
 73
2
  0
TEXT
  5
298
330
17
100
AcDbEntity
  8
tejido
 62
8
100
AcDbText
 10
6369890.965246456
 20
6170029.138164879
 30
0.0
 40
0.375
  1
0.0
  7
ArialBold
 72
1
 11
6369890.965246456
 21
6170029.138164879
 31
0.0
100
AcDbText
 73
2
  0
TEXT
  5
299
330
17
100
AcDbEntity
  8
tejido
 62
8
100
AcDbText
 10
6369886.252051341
 20
6169941.3291103495
 30
0.0
 40
0.375
  1
0.0
  7
ArialBold
 72
1
 11
6369886.252051341
 21
6169941.3291103495
 31
0.0
100
AcDbText
 73
2
  0
TEXT
  5
29A
330
17
100
AcDbEntity
  8
tejido
 62
8
100
AcDbText
 10
6369886.711553263
 20
6169947.124452716
 30
0.0
 40
0.375
  1
0.0
  7
ArialBold
 72
1
 11
6369886.711553263
 21
6169947.124452716
 31
0.0
100
AcDbText
 73
2
  0
TEXT
  5
29B
330
17
100
AcDbEntity
  8
tejido
 62
8
100
AcDbText
 10
6369882.830174679
 20
6169938.124096714
 30
0.0
 40
0.375
  1
0.0
  7
ArialBold
 72
1
 11
6369882.830174679
 21
6169938.124096714
 31
0.0
100
AcDbText
 73
2
  0
TEXT
  5
29C
330
17
100
AcDbEntity
  8
tejido
 62
8
100
AcDbText
 10
6369884.553901674
 20
6169910.287362335
 30
0.0
 40
0.375
  1
0.0
  7
ArialBold
 72
1
 11
6369884.553901674
 21
6169910.287362335
 31
0.0
100
AcDbText
 73
2
  0
TEXT
  5
29D
330
17
100
AcDbEntity
  8
tejido
 62
8
100
AcDbText
 10
6369880.980261586
 20
6169929.110050688
 30
0.0
 40
0.375
  1
0.0
  7
ArialBold
 72
1
 11
6369880.980261586
 21
6169929.110050688
 31
0.0
100
AcDbText
 73
2
  0
TEXT
  5
29E
330
17
100
AcDbEntity
  8
tejido
 62
8
100
AcDbText
 10
6369885.2978743585
 20
6169921.577517204
 30
0.0
 40
0.375
  1
0.0
  7
ArialBold
 72
1
 11
6369885.2978743585
 21
6169921.577517204
 31
0.0
100
AcDbText
 73
2
  0
TEXT
  5
29F
330
17
100
AcDbEntity
  8
tejido
 62
8
100
AcDbText
 10
6369981.035714937
 20
6170050.956830013
 30
0.0
 40
0.375
  1
0.0
  7
ArialBold
 72
1
 11
6369981.035714937
 21
6170050.956830013
 31
0.0
100
AcDbText
 73
2
  0
TEXT
  5
2A0
330
17
100
AcDbEntity
  8
tejido
 62
8
100
AcDbText
 10
6369954.407029835
 20
6170018.581636838
 30
0.0
 40
0.375
  1
0.0
  7
ArialBold
 72
1
 11
6369954.407029835
 21
6170018.581636838
 31
0.0
100
AcDbText
 73
2
  0
TEXT
  5
2A1
330
17
100
AcDbEntity
  8
tejido
 62
8
100
AcDbText
 10
6369955.939878991
 20
6170038.0174425645
 30
0.0
 40
0.375
  1
0.0
  7
ArialBold
 72
1
 11
6369955.939878991
 21
6170038.0174425645
 31
0.0
100
AcDbText
 73
2
  0
TEXT
  5
2A2
330
17
100
AcDbEntity
  8
tejido
 62
8
100
AcDbText
 10
6369956.638584694
 20
6170052.536607691
 30
0.0
 40
0.375
  1
0.0
  7
ArialBold
 72
1
 11
6369956.638584694
 21
6170052.536607691
 31
0.0
100
AcDbText
 73
2
  0
TEXT
  5
2A3
330
17
100
AcDbEntity
  8
tejido
 62
8
100
AcDbText
 10
6369913.697040745
 20
6170037.914961343
 30
0.0
 40
0.375
  1
0.0
  7
ArialBold
 72
1
 11
6369913.697040745
 21
6170037.914961343
 31
0.0
100
AcDbText
 73
2
  0
TEXT
  5
2A4
330
17
100
AcDbEntity
  8
tejido
 62
8
100
AcDbText
 10
6369904.556672401
 20
6170042.254322126
 30
0.0
 40
0.375
  1
0.0
  7
ArialBold
 72
1
 11
6369904.556672401
 21
6170042.254322126
 31
0.0
100
AcDbText
 73
2
  0
TEXT
  5
2A5
330
17
100
AcDbEntity
  8
tejido
 62
8
100
AcDbText
 10
6369906.275746451
 20
6170066.266102143
 30
0.0
 40
0.375
  1
0.0
  7
ArialBold
 72
1
 11
6369906.275746451
 21
6170066.266102143
 31
0.0
100
AcDbText
 73
2
  0
TEXT
  5
2A6
330
17
100
AcDbEntity
  8
tejido
 62
8
100
AcDbText
 10
6369895.431796048
 20
6170067.401276657
 30
0.0
 40
0.375
  1
0.0
  7
ArialBold
 72
1
 11
6369895.431796048
 21
6170067.401276657
 31
0.0
100
AcDbText
 73
2
  0
TEXT
  5
2A7
330
17
100
AcDbEntity
  8
tejido
 62
8
100
AcDbText
 10
6369905.133401562
 20
6170027.65395555
 30
0.0
 40
0.375
  1
0.0
  7
ArialBold
 72
1
 11
6369905.133401562
 21
6170027.65395555
 31
0.0
100
AcDbText
 73
2
  0
TEXT
  5
2A8
330
17
100
AcDbEntity
  8
tejido
 62
8
100
AcDbText
 10
6369905.8850234095
 20
6170035.071201706
 30
0.0
 40
0.375
  1
0.0
  7
ArialBold
 72
1
 11
6369905.8850234095
 21
6170035.071201706
 31
0.0
100
AcDbText
 73
2
  0
TEXT
  5
2A9
330
17
100
AcDbEntity
  8
tejido
 62
8
100
AcDbText
 10
6369914.107234968
 20
6170029.9610557
 30
0.0
 40
0.375
  1
0.0
  7
ArialBold
 72
1
 11
6369914.107234968
 21
6170029.9610557
 31
0.0
100
AcDbText
 73
2
  0
TEXT
  5
2AA
330
17
100
AcDbEntity
  8
tejido
 62
8
100
AcDbText
 10
6369901.237015301
 20
6170006.043759424
 30
0.0
 40
0.375
  1
0.0
  7
ArialBold
 72
1
 11
6369901.237015301
 21
6170006.043759424
 31
0.0
100
AcDbText
 73
2
  0
TEXT
  5
2AB
330
17
100
AcDbEntity
  8
tejido
 62
8
100
AcDbText
 10
6369916.767011187
 20
6170003.812354708
 30
0.0
 40
0.375
  1
0.0
  7
ArialBold
 72
1
 11
6369916.767011187
 21
6170003.812354708
 31
0.0
100
AcDbText
 73
2
  0
TEXT
  5
2AC
330
17
100
AcDbEntity
  8
tejido
 62
8
100
AcDbText
 10
6369899.718093154
 20
6169994.753238292
 30
0.0
 40
0.375
  1
0.0
  7
ArialBold
 72
1
 11
6369899.718093154
 21
6169994.753238292
 31
0.0
100
AcDbText
 73
2
  0
TEXT
  5
2AD
330
17
100
AcDbEntity
  8
tejido
 62
8
100
AcDbText
 10
6369914.183073469
 20
6169994.764809123
 30
0.0
 40
0.375
  1
0.0
  7
ArialBold
 72
1
 11
6369914.183073469
 21
6169994.764809123
 31
0.0
100
AcDbText
 73
2
  0
TEXT
  5
2AE
330
17
100
AcDbEntity
  8
tejido
 62
8
100
AcDbText
 10
6369896.232375675
 20
6169966.373147027
 30
0.0
 40
0.375
  1
0.0
  7
ArialBold
 72
1
 11
6369896.232375675
 21
6169966.373147027
 31
0.0
100
AcDbText
 73
2
  0
TEXT
  5
2AF
330
17
100
AcDbEntity
  8
tejido
 62
8
100
AcDbText
 10
6369913.837588435
 20
6169968.67080459
 30
0.0
 40
0.375
  1
0.0
  7
ArialBold
 72
1
 11
6369913.837588435
 21
6169968.67080459
 31
0.0
100
AcDbText
 73
2
  0
TEXT
  5
2B0
330
17
100
AcDbEntity
  8
tejido
 62
8
100
AcDbText
 10
6369913.885777255
 20
6169965.567085973
 30
0.0
 40
0.375
  1
0.0
  7
ArialBold
 72
1
 11
6369913.885777255
 21
6169965.567085973
 31
0.0
100
AcDbText
 73
2
  0
TEXT
  5
2B1
330
17
100
AcDbEntity
  8
tejido
 62
8
100
AcDbText
 10
6369901.270725404
 20
6169899.081848509
 30
0.0
 40
0.375
  1
0.0
  7
ArialBold
 72
1
 11
6369901.270725404
 21
6169899.081848509
 31
0.0
100
AcDbText
 73
2
  0
TEXT
  5
2B2
330
17
100
AcDbEntity
  8
tejido
 62
8
100
AcDbText
 10
6369912.943796078
 20
6169898.808270798
 30
0.0
 40
0.375
  1
0.0
  7
ArialBold
 72
1
 11
6369912.943796078
 21
6169898.808270798
 31
0.0
100
AcDbText
 73
2
  0
TEXT
  5
2B3
330
17
100
AcDbEntity
  8
tejido
 62
8
100
AcDbText
 10
6369969.345412659
 20
6169918.900745723
 30
0.0
 40
0.375
  1
0.0
  7
ArialBold
 72
1
 11
6369969.345412659
 21
6169918.900745723
 31
0.0
100
AcDbText
 73
2
  0
TEXT
  5
2B4
330
17
100
AcDbEntity
  8
tejido
 62
8
100
AcDbText
 10
6369961.098031253
 20
6169927.880554067
 30
0.0
 40
0.375
  1
0.0
  7
ArialBold
 72
1
 11
6369961.098031253
 21
6169927.880554067
 31
0.0
100
AcDbText
 73
2
  0
TEXT
  5
2B5
330
17
100
AcDbEntity
  8
tejido
 62
8
100
AcDbText
 10
6369938.309556062
 20
6169963.136368075
 30
0.0
 40
0.375
  1
0.0
  7
ArialBold
 72
1
 11
6369938.309556062
 21
6169963.136368075
 31
0.0
100
AcDbText
 73
2
  0
TEXT
  5
2B6
330
17
100
AcDbEntity
  8
tejido
 62
8
100
AcDbText
 10
6369961.589681635
 20
6169960.608033169
 30
0.0
 40
0.375
  1
0.0
  7
ArialBold
 72
1
 11
6369961.589681635
 21
6169960.608033169
 31
0.0
100
AcDbText
 73
2
  0
TEXT
  5
2B7
330
17
100
AcDbEntity
  8
tejido
 62
8
100
AcDbText
 10
6369924.2660879465
 20
6169975.821309045
 30
0.0
 40
0.375
  1
0.0
  7
ArialBold
 72
1
 11
6369924.2660879465
 21
6169975.821309045
 31
0.0
100
AcDbText
 73
2
  0
TEXT
  5
2B8
330
17
100
AcDbEntity
  8
tejido
 62
8
100
AcDbText
 10
6369951.364299276
 20
6169973.438103931
 30
0.0
 40
0.375
  1
0.0
  7
ArialBold
 72
1
 11
6369951.364299276
 21
6169973.438103931
 31
0.0
100
AcDbText
 73
2
  0
TEXT
  5
2B9
330
17
100
AcDbEntity
  8
tejido
 62
8
100
AcDbText
 10
6369937.474470099
 20
6169973.089674109
 30
0.0
 40
0.375
  1
0.0
  7
ArialBold
 72
1
 11
6369937.474470099
 21
6169973.089674109
 31
0.0
100
AcDbText
 73
2
  0
TEXT
  5
2BA
330
17
100
AcDbEntity
  8
tejido
 62
8
100
AcDbText
 10
6369963.5166412005
 20
6169970.313014795
 30
0.0
 40
0.375
  1
0.0
  7
ArialBold
 72
1
 11
6369963.5166412005
 21
6169970.313014795
 31
0.0
100
AcDbText
 73
2
  0
TEXT
  5
2BB
330
17
100
AcDbEntity
  8
tejido
 62
8
100
AcDbText
 10
6369979.662877906
 20
6170034.539357752
 30
0.0
 40
0.375
  1
0.0
  7
ArialBold
 72
1
 11
6369979.662877906
 21
6170034.539357752
 31
0.0
100
AcDbText
 73
2
  0
TEXT
  5
2BC
330
17
100
AcDbEntity
  8
tejido
 62
8
100
AcDbText
 10
6369983.478772647
 20
6169993.942359131
 30
0.0
 40
0.375
  1
23.0
  7
ArialBold
 72
1
 11
6369983.478772647
 21
6169993.942359131
 31
0.0
100
AcDbText
 73
2
  0
TEXT
  5
2BD
330
17
100
AcDbEntity
  8
tejido
 62
8
100
AcDbText
 10
6369977.819428105
 20
6169998.878657085
 30
0.0
 40
0.375
  1
29.7
  7
ArialBold
 72
1
 11
6369977.819428105
 21
6169998.878657085
 31
0.0
100
AcDbText
 73
2
  0
TEXT
  5
2BE
330
17
100
AcDbEntity
  8
tejido
 62
8
100
AcDbText
 10
6369971.393744952
 20
6169992.941589925
 30
0.0
 40
0.375
  1
31.3
  7
ArialBold
 72
1
 11
6369971.393744952
 21
6169992.941589925
 31
0.0
100
AcDbText
 73
2
  0
TEXT
  5
2BF
330
17
100
AcDbEntity
  8
tejido
 62
8
100
AcDbText
 10
6369973.236924884
 20
6169999.882196882
 30
0.0
 40
0.375
  1
0.0
  7
ArialBold
 72
1
 11
6369973.236924884
 21
6169999.882196882
 31
0.0
100
AcDbText
 73
2
  0
TEXT
  5
2C0
330
17
100
AcDbEntity
  8
tejido
 62
8
100
AcDbText
 10
6369971.082880344
 20
6169989.155416738
 30
0.0
 40
0.375
  1
0.0
  7
ArialBold
 72
1
 11
6369971.082880344
 21
6169989.155416738
 31
0.0
100
AcDbText
 73
2
  0
TEXT
  5
2C1
330
17
100
AcDbEntity
  8
tejido
 62
8
100
AcDbText
 10
6369968.541993823
 20
6169999.566787635
 30
0.0
 40
0.375
  1
29.7
  7
ArialBold
 72
1
 11
6369968.541993823
 21
6169999.566787635
 31
0.0
100
AcDbText
 73
2
  0
TEXT
  5
2C2
330
17
100
AcDbEntity
  8
tejido
 62
8
100
AcDbText
 10
6369961.702727985
 20
6169996.701647433
 30
0.0
 40
0.375
  1
26.0
  7
ArialBold
 72
1
 11
6369961.702727985
 21
6169996.701647433
 31
0.0
100
AcDbText
 73
2
  0
TEXT
  5
2C3
330
17
100
AcDbEntity
  8
tejido
 62
8
100
AcDbText
 10
6369981.13061474
 20
6169994.682632813
 30
0.0
 40
0.375
  1
26.0
  7
ArialBold
 72
1
 11
6369981.13061474
 21
6169994.682632813
 31
0.0
100
AcDbText
 73
2
  0
TEXT
  5
2C4
330
17
100
AcDbEntity
  8
tejido
 62
8
100
AcDbText
 10
6369970.7494172165
 20
6169993.207037566
 30
0.0
 40
0.375
  1
29.0
  7
ArialBold
 72
1
 11
6369970.7494172165
 21
6169993.207037566
 31
0.0
100
AcDbText
 73
2
  0
TEXT
  5
2C5
330
17
100
AcDbEntity
  8
tejido
 62
8
100
AcDbText
 10
6369934.52771548
 20
6169914.4138515955
 30
0.0
 40
0.375
  1
0.0
  7
ArialBold
 72
1
 11
6369934.52771548
 21
6169914.4138515955
 31
0.0
100
AcDbText
 73
2
  0
TEXT
  5
2C6
330
17
100
AcDbEntity
  8
tejido
 62
8
100
AcDbText
 10
6369933.299941371
 20
6170042.352256468
 30
0.0
 40
0.375
  1
5.6
  7
ArialBold
 72
1
 11
6369933.299941371
 21
6170042.352256468
 31
0.0
100
AcDbText
 73
2
  0
TEXT
  5
2C7
330
17
100
AcDbEntity
  8
tejido
 62
8
100
AcDbText
 10
6369908.928078663
 20
6169915.430706158
 30
0.0
 40
0.375
  1
8.4
  7
ArialBold
 72
1
 11
6369908.928078663
 21
6169915.430706158
 31
0.0
100
AcDbText
 73
2
  0
TEXT
  5
2C8
330
17
100
AcDbEntity
  8
tejido
 62
8
100
AcDbText
 10
6369888.577060293
 20
6169994.925546994
 30
0.0
 40
0.375
  1
2.8
  7
ArialBold
 72
1
 11
6369888.577060293
 21
6169994.925546994
 31
0.0
100
AcDbText
 73
2
  0
TEXT
  5
2C9
330
17
100
AcDbEntity
  8
tejido
 62
8
100
AcDbText
 10
6369980.742099666
 20
6170046.557317345
 30
0.0
 40
0.375
  1
11.3
  7
ArialBold
 72
1
 11
6369980.742099666
 21
6170046.557317345
 31
0.0
100
AcDbText
 73
2
  0
TEXT
  5
2CA
330
17
100
AcDbEntity
  8
tejido
 62
8
100
AcDbText
 10
6369980.792491288
 20
6170058.747464814
 30
0.0
 40
0.375
  1
9.7
  7
ArialBold
 72
1
 11
6369980.792491288
 21
6170058.747464814
 31
0.0
100
AcDbText
 73
2
  0
TEXT
  5
2CB
330
17
100
AcDbEntity
  8
tejido
 62
8
100
AcDbText
 10
6369979.548870415
 20
6170050.352075469
 30
0.0
 40
0.375
  1
9.0
  7
ArialBold
 72
1
 11
6369979.548870415
 21
6170050.352075469
 31
0.0
100
AcDbText
 73
2
  0
TEXT
  5
2CC
330
17
100
AcDbEntity
  8
tejido
 62
8
100
AcDbText
 10
6369967.91654371
 20
6170061.573249556
 30
0.0
 40
0.375
  1
7.6
  7
ArialBold
 72
1
 11
6369967.91654371
 21
6170061.573249556
 31
0.0
100
AcDbText
 73
2
  0
TEXT
  5
2CD
330
17
100
AcDbEntity
  8
tejido
 62
8
100
AcDbText
 10
6369969.138692205
 20
6170057.127446733
 30
0.0
 40
0.375
  1
9.8
  7
ArialBold
 72
1
 11
6369969.138692205
 21
6170057.127446733
 31
0.0
100
AcDbText
 73
2
  0
TEXT
  5
2CE
330
17
100
AcDbEntity
  8
tejido
 62
8
100
AcDbText
 10
6369973.518513918
 20
6170059.1032055635
 30
0.0
 40
0.375
  1
3.5
  7
ArialBold
 72
1
 11
6369973.518513918
 21
6170059.1032055635
 31
0.0
100
AcDbText
 73
2
  0
TEXT
  5
2CF
330
17
100
AcDbEntity
  8
tejido
 62
8
100
AcDbText
 10
6369970.589661604
 20
6170061.577867322
 30
0.0
 40
0.375
  1
5.2
  7
ArialBold
 72
1
 11
6369970.589661604
 21
6170061.577867322
 31
0.0
100
AcDbText
 73
2
  0
TEXT
  5
2D0
330
17
100
AcDbEntity
  8
tejido
 62
8
100
AcDbText
 10
6369950.083428775
 20
6170013.138457596
 30
0.0
 40
0.375
  1
10.3
  7
ArialBold
 72
1
 11
6369950.083428775
 21
6170013.138457596
 31
0.0
100
AcDbText
 73
2
  0
TEXT
  5
2D1
330
17
100
AcDbEntity
  8
tejido
 62
8
100
AcDbText
 10
6369950.995607538
 20
6170032.563827327
 30
0.0
 40
0.375
  1
11.1
  7
ArialBold
 72
1
 11
6369950.995607538
 21
6170032.563827327
 31
0.0
100
AcDbText
 73
2
  0
TEXT
  5
2D2
330
17
100
AcDbEntity
  8
tejido
 62
8
100
AcDbText
 10
6369951.919998265
 20
6170030.5079110125
 30
0.0
 40
0.375
  1
9.8
  7
ArialBold
 72
1
 11
6369951.919998265
 21
6170030.5079110125
 31
0.0
100
AcDbText
 73
2
  0
TEXT
  5
2D3
330
17
100
AcDbEntity
  8
tejido
 62
8
100
AcDbText
 10
6369955.05365488
 20
6170031.467288199
 30
0.0
 40
0.375
  1
8.1
  7
ArialBold
 72
1
 11
6369955.05365488
 21
6170031.467288199
 31
0.0
100
AcDbText
 73
2
  0
TEXT
  5
2D4
330
17
100
AcDbEntity
  8
tejido
 62
8
100
AcDbText
 10
6369952.358993244
 20
6170040.055753849
 30
0.0
 40
0.375
  1
11.6
  7
ArialBold
 72
1
 11
6369952.358993244
 21
6170040.055753849
 31
0.0
100
AcDbText
 73
2
  0
TEXT
  5
2D5
330
17
100
AcDbEntity
  8
tejido
 62
8
100
AcDbText
 10
6369951.8071414195
 20
6170017.397180147
 30
0.0
 40
0.375
  1
13.3
  7
ArialBold
 72
1
 11
6369951.8071414195
 21
6170017.397180147
 31
0.0
100
AcDbText
 73
2
  0
TEXT
  5
2D6
330
17
100
AcDbEntity
  8
tejido
 62
8
100
AcDbText
 10
6369952.497539332
 20
6170005.71533164
 30
0.0
 40
0.375
  1
8.4
  7
ArialBold
 72
1
 11
6369952.497539332
 21
6170005.71533164
 31
0.0
100
AcDbText
 73
2
  0
TEXT
  5
2D7
330
17
100
AcDbEntity
  8
tejido
 62
8
100
AcDbText
 10
6369924.965707459
 20
6170065.150845471
 30
0.0
 40
0.375
  1
7.4
  7
ArialBold
 72
1
 11
6369924.965707459
 21
6170065.150845471
 31
0.0
100
AcDbText
 73
2
  0
TEXT
  5
2D8
330
17
100
AcDbEntity
  8
tejido
 62
8
100
AcDbText
 10
6369921.500281003
 20
6170051.7933376795
 30
0.0
 40
0.375
  1
7.5
  7
ArialBold
 72
1
 11
6369921.500281003
 21
6170051.7933376795
 31
0.0
100
AcDbText
 73
2
  0
TEXT
  5
2D9
330
17
100
AcDbEntity
  8
tejido
 62
8
100
AcDbText
 10
6369926.034642008
 20
6170054.208131904
 30
0.0
 40
0.375
  1
5.2
  7
ArialBold
 72
1
 11
6369926.034642008
 21
6170054.208131904
 31
0.0
100
AcDbText
 73
2
  0
TEXT
  5
2DA
330
17
100
AcDbEntity
  8
tejido
 62
8
100
AcDbText
 10
6369898.746517593
 20
6169976.865171242
 30
0.0
 40
0.375
  1
26.1
  7
ArialBold
 72
1
 11
6369898.746517593
 21
6169976.865171242
 31
0.0
100
AcDbText
 73
2
  0
TEXT
  5
2DB
330
17
100
AcDbEntity
  8
tejido
 62
8
100
AcDbText
 10
6369924.852861744
 20
6170049.148434035
 30
0.0
 40
0.375
  1
6.0
  7
ArialBold
 72
1
 11
6369924.852861744
 21
6170049.148434035
 31
0.0
100
AcDbText
 73
2
  0
TEXT
  5
2DC
330
17
100
AcDbEntity
  8
tejido
 62
8
100
AcDbText
 10
6369887.9549685065
 20
6169914.587385452
 30
0.0
 40
0.375
  1
3.9
  7
ArialBold
 72
1
 11
6369887.9549685065
 21
6169914.587385452
 31
0.0
100
AcDbText
 73
2
  0
TEXT
  5
2DD
330
17
100
AcDbEntity
  8
tejido
 62
8
100
AcDbText
 10
6369925.169199842
 20
6170049.74101797
 30
0.0
 40
0.375
  1
4.7
  7
ArialBold
 72
1
 11
6369925.169199842
 21
6170049.74101797
 31
0.0
100
AcDbText
 73
2
  0
TEXT
  5
2DE
330
17
100
AcDbEntity
  8
tejido
 62
8
100
AcDbText
 10
6369918.415971543
 20
6170012.868939429
 30
0.0
 40
0.375
  1
8.2
  7
ArialBold
 72
1
 11
6369918.415971543
 21
6170012.868939429
 31
0.0
100
AcDbText
 73
2
  0
TEXT
  5
2DF
330
17
100
AcDbEntity
  8
tejido
 62
8
100
AcDbText
 10
6369919.577867153
 20
6170030.389935197
 30
0.0
 40
0.375
  1
8.9
  7
ArialBold
 72
1
 11
6369919.577867153
 21
6170030.389935197
 31
0.0
100
AcDbText
 73
2
  0
TEXT
  5
2E0
330
17
100
AcDbEntity
  8
tejido
 62
8
100
AcDbText
 10
6369923.831432237
 20
6170018.931585599
 30
0.0
 40
0.375
  1
3.8
  7
ArialBold
 72
1
 11
6369923.831432237
 21
6170018.931585599
 31
0.0
100
AcDbText
 73
2
  0
TEXT
  5
2E1
330
17
100
AcDbEntity
  8
tejido
 62
8
100
AcDbText
 10
6369918.868183146
 20
6170021.83927655
 30
0.0
 40
0.375
  1
4.7
  7
ArialBold
 72
1
 11
6369918.868183146
 21
6170021.83927655
 31
0.0
100
AcDbText
 73
2
  0
TEXT
  5
2E2
330
17
100
AcDbEntity
  8
tejido
 62
8
100
AcDbText
 10
6369922.375566947
 20
6170013.233160158
 30
0.0
 40
0.375
  1
6.0
  7
ArialBold
 72
1
 11
6369922.375566947
 21
6170013.233160158
 31
0.0
100
AcDbText
 73
2
  0
TEXT
  5
2E3
330
17
100
AcDbEntity
  8
tejido
 62
8
100
AcDbText
 10
6369922.919997978
 20
6170008.762710499
 30
0.0
 40
0.375
  1
9.4
  7
ArialBold
 72
1
 11
6369922.919997978
 21
6170008.762710499
 31
0.0
100
AcDbText
 73
2
  0
TEXT
  5
2E4
330
17
100
AcDbEntity
  8
tejido
 62
8
100
AcDbText
 10
6369922.44839998
 20
6170018.475321251
 30
0.0
 40
0.375
  1
0.0
  7
ArialBold
 72
1
 11
6369922.44839998
 21
6170018.475321251
 31
0.0
100
AcDbText
 73
2
  0
TEXT
  5
2E5
330
17
100
AcDbEntity
  8
tejido
 62
8
100
AcDbText
 10
6369924.146407334
 20
6170041.646389976
 30
0.0
 40
0.375
  1
6.0
  7
ArialBold
 72
1
 11
6369924.146407334
 21
6170041.646389976
 31
0.0
100
AcDbText
 73
2
  0
TEXT
  5
2E6
330
17
100
AcDbEntity
  8
tejido
 62
8
100
AcDbText
 10
6369922.417556767
 20
6170024.214655807
 30
0.0
 40
0.375
  1
6.0
  7
ArialBold
 72
1
 11
6369922.417556767
 21
6170024.214655807
 31
0.0
100
AcDbText
 73
2
  0
TEXT
  5
2E7
330
17
100
AcDbEntity
  8
tejido
 62
8
100
AcDbText
 10
6369922.741023369
 20
6170006.973090964
 30
0.0
 40
0.375
  1
10.6
  7
ArialBold
 72
1
 11
6369922.741023369
 21
6170006.973090964
 31
0.0
100
AcDbText
 73
2
  0
TEXT
  5
2E8
330
17
100
AcDbEntity
  8
tejido
 62
8
100
AcDbText
 10
6369888.740223125
 20
6170058.319290675
 30
0.0
 40
0.375
  1
3.6
  7
ArialBold
 72
1
 11
6369888.740223125
 21
6170058.319290675
 31
0.0
100
AcDbText
 73
2
  0
TEXT
  5
2E9
330
17
100
AcDbEntity
  8
tejido
 62
8
100
AcDbText
 10
6369885.761826185
 20
6170040.522432639
 30
0.0
 40
0.375
  1
0.0
  7
ArialBold
 72
1
 11
6369885.761826185
 21
6170040.522432639
 31
0.0
100
AcDbText
 73
2
  0
TEXT
  5
2EA
330
17
100
AcDbEntity
  8
tejido
 62
8
100
AcDbText
 10
6369898.782156493
 20
6169979.402510952
 30
0.0
 40
0.375
  1
22.9
  7
ArialBold
 72
1
 11
6369898.782156493
 21
6169979.402510952
 31
0.0
100
AcDbText
 73
2
  0
TEXT
  5
2EB
330
17
100
AcDbEntity
  8
tejido
 62
8
100
AcDbText
 10
6369898.826487886
 20
6169980.07402483
 30
0.0
 40
0.375
  1
28.2
  7
ArialBold
 72
1
 11
6369898.826487886
 21
6169980.07402483
 31
0.0
100
AcDbText
 73
2
  0
TEXT
  5
2EC
330
17
100
AcDbEntity
  8
tejido
 62
8
100
AcDbText
 10
6369888.1742499685
 20
6169917.466588229
 30
0.0
 40
0.375
  1
6.9
  7
ArialBold
 72
1
 11
6369888.1742499685
 21
6169917.466588229
 31
0.0
100
AcDbText
 73
2
  0
TEXT
  5
2ED
330
17
100
AcDbEntity
  8
tejido
 62
8
100
AcDbText
 10
6369895.393612441
 20
6169920.444305552
 30
0.0
 40
0.375
  1
3.3
  7
ArialBold
 72
1
 11
6369895.393612441
 21
6169920.444305552
 31
0.0
100
AcDbText
 73
2
  0
TEXT
  5
2EE
330
17
100
AcDbEntity
  8
tejido
 62
8
100
AcDbText
 10
6369894.973690432
 20
6169922.616972025
 30
0.0
 40
0.375
  1
0.0
  7
ArialBold
 72
1
 11
6369894.973690432
 21
6169922.616972025
 31
0.0
100
AcDbText
 73
2
  0
TEXT
  5
2EF
330
17
100
AcDbEntity
  8
tejido
 62
8
100
AcDbText
 10
6369891.696220714
 20
6169934.665297936
 30
0.0
 40
0.375
  1
0.0
  7
ArialBold
 72
1
 11
6369891.696220714
 21
6169934.665297936
 31
0.0
100
AcDbText
 73
2
  0
TEXT
  5
2F0
330
17
100
AcDbEntity
  8
tejido
 62
8
100
AcDbText
 10
6369889.894894818
 20
6169951.633456994
 30
0.0
 40
0.375
  1
0.0
  7
ArialBold
 72
1
 11
6369889.894894818
 21
6169951.633456994
 31
0.0
100
AcDbText
 73
2
  0
TEXT
  5
2F1
330
17
100
AcDbEntity
  8
tejido
 62
8
100
AcDbText
 10
6369902.125456494
 20
6169936.777716475
 30
0.0
 40
0.375
  1
0.0
  7
ArialBold
 72
1
 11
6369902.125456494
 21
6169936.777716475
 31
0.0
100
AcDbText
 73
2
  0
TEXT
  5
2F2
330
17
100
AcDbEntity
  8
tejido
 62
8
100
AcDbText
 10
6369893.233002449
 20
6169921.34625763
 30
0.0
 40
0.375
  1
7.5
  7
ArialBold
 72
1
 11
6369893.233002449
 21
6169921.34625763
 31
0.0
100
AcDbText
 73
2
  0
TEXT
  5
2F3
330
17
100
AcDbEntity
  8
tejido
 62
8
100
AcDbText
 10
6369889.158441763
 20
6169921.329549838
 30
0.0
 40
0.375
  1
0.0
  7
ArialBold
 72
1
 11
6369889.158441763
 21
6169921.329549838
 31
0.0
100
AcDbText
 73
2
  0
TEXT
  5
2F4
330
17
100
AcDbEntity
  8
tejido
 62
8
100
AcDbText
 10
6369898.636732689
 20
6169917.03346983
 30
0.0
 40
0.375
  1
3.9
  7
ArialBold
 72
1
 11
6369898.636732689
 21
6169917.03346983
 31
0.0
100
AcDbText
 73
2
  0
TEXT
  5
2F5
330
17
100
AcDbEntity
  8
tejido
 62
8
100
AcDbText
 10
6369893.256079844
 20
6169906.126186892
 30
0.0
 40
0.375
  1
8.9
  7
ArialBold
 72
1
 11
6369893.256079844
 21
6169906.126186892
 31
0.0
100
AcDbText
 73
2
  0
TEXT
  5
2F6
330
17
100
AcDbEntity
  8
tejido
 62
8
100
AcDbText
 10
6369945.3534301035
 20
6169923.0776864
 30
0.0
 40
0.375
  1
31.2
  7
ArialBold
 72
1
 11
6369945.3534301035
 21
6169923.0776864
 31
0.0
100
AcDbText
 73
2
  0
TEXT
  5
2F7
330
17
100
AcDbEntity
  8
tejido
 62
8
100
AcDbText
 10
6369943.452929054
 20
6169913.646408658
 30
0.0
 40
0.375
  1
43.6
  7
ArialBold
 72
1
 11
6369943.452929054
 21
6169913.646408658
 31
0.0
100
AcDbText
 73
2
  0
TEXT
  5
2F8
330
17
100
AcDbEntity
  8
tejido
 62
8
100
AcDbText
 10
6369945.7204768155
 20
6169907.389567973
 30
0.0
 40
0.375
  1
39.8
  7
ArialBold
 72
1
 11
6369945.7204768155
 21
6169907.389567973
 31
0.0
100
AcDbText
 73
2
  0
TEXT
  5
2F9
330
17
100
AcDbEntity
  8
tejido
 62
8
100
AcDbText
 10
6369961.414534374
 20
6169917.237329955
 30
0.0
 40
0.375
  1
0.0
  7
ArialBold
 72
1
 11
6369961.414534374
 21
6169917.237329955
 31
0.0
100
AcDbText
 73
2
  0
TEXT
  5
2FA
330
17
100
AcDbEntity
  8
tejido
 62
8
100
AcDbText
 10
6369974.360152191
 20
6169906.8740738295
 30
0.0
 40
0.375
  1
32.4
  7
ArialBold
 72
1
 11
6369974.360152191
 21
6169906.8740738295
 31
0.0
100
AcDbText
 73
2
  0
TEXT
  5
2FB
330
17
100
AcDbEntity
  8
tejido
 62
8
100
AcDbText
 10
6369970.086188863
 20
6169904.104311589
 30
0.0
 40
0.375
  1
31.0
  7
ArialBold
 72
1
 11
6369970.086188863
 21
6169904.104311589
 31
0.0
100
AcDbText
 73
2
  0
TEXT
  5
2FC
330
17
100
AcDbEntity
  8
tejido
 62
8
100
AcDbText
 10
6369960.0657870425
 20
6169900.492871943
 30
0.0
 40
0.375
  1
28.2
  7
ArialBold
 72
1
 11
6369960.0657870425
 21
6169900.492871943
 31
0.0
100
AcDbText
 73
2
  0
TEXT
  5
2FD
330
17
100
AcDbEntity
  8
tejido
 62
8
100
AcDbText
 10
6369960.183514878
 20
6169906.626696612
 30
0.0
 40
0.375
  1
37.6
  7
ArialBold
 72
1
 11
6369960.183514878
 21
6169906.626696612
 31
0.0
100
AcDbText
 73
2
  0
TEXT
  5
2FE
330
17
100
AcDbEntity
  8
tejido
 62
8
100
AcDbText
 10
6369961.30035042
 20
6169912.090866266
 30
0.0
 40
0.375
  1
35.2
  7
ArialBold
 72
1
 11
6369961.30035042
 21
6169912.090866266
 31
0.0
100
AcDbText
 73
2
  0
TEXT
  5
2FF
330
17
100
AcDbEntity
  8
tejido
 62
8
100
AcDbText
 10
6369957.7874241015
 20
6169905.037939372
 30
0.0
 40
0.375
  1
33.7
  7
ArialBold
 72
1
 11
6369957.7874241015
 21
6169905.037939372
 31
0.0
100
AcDbText
 73
2
  0
TEXT
  5
300
330
17
100
AcDbEntity
  8
tejido
 62
8
100
AcDbText
 10
6369968.760799851
 20
6169908.380695128
 30
0.0
 40
0.375
  1
28.2
  7
ArialBold
 72
1
 11
6369968.760799851
 21
6169908.380695128
 31
0.0
100
AcDbText
 73
2
  0
TEXT
  5
301
330
17
100
AcDbEntity
  8
tejido
 62
8
100
AcDbText
 10
6369970.5049625095
 20
6169906.195805721
 30
0.0
 40
0.375
  1
34.5
  7
ArialBold
 72
1
 11
6369970.5049625095
 21
6169906.195805721
 31
0.0
100
AcDbText
 73
2
  0
TEXT
  5
302
330
17
100
AcDbEntity
  8
tejido
 62
8
100
AcDbText
 10
6369966.183360598
 20
6169908.573009943
 30
0.0
 40
0.375
  1
0.0
  7
ArialBold
 72
1
 11
6369966.183360598
 21
6169908.573009943
 31
0.0
100
AcDbText
 73
2
  0
TEXT
  5
303
330
17
100
AcDbEntity
  8
tejido
 62
8
100
AcDbText
 10
6369967.91989427
 20
6169916.421028923
 30
0.0
 40
0.375
  1
3.5
  7
ArialBold
 72
1
 11
6369967.91989427
 21
6169916.421028923
 31
0.0
100
AcDbText
 73
2
  0
TEXT
  5
304
330
17
100
AcDbEntity
  8
tejido
 62
8
100
AcDbText
 10
6369973.033630777
 20
6169985.280348955
 30
0.0
 40
0.375
  1
0.0
  7
ArialBold
 72
1
 11
6369973.033630777
 21
6169985.280348955
 31
0.0
100
AcDbText
 73
2
  0
TEXT
  5
305
330
17
100
AcDbEntity
  8
tejido
 62
8
100
AcDbText
 10
6369961.737450809
 20
6169985.744538655
 30
0.0
 40
0.375
  1
0.0
  7
ArialBold
 72
1
 11
6369961.737450809
 21
6169985.744538655
 31
0.0
100
AcDbText
 73
2
  0
TEXT
  5
306
330
17
100
AcDbEntity
  8
tejido
 62
8
100
AcDbText
 10
6369953.122293364
 20
6169986.698674981
 30
0.0
 40
0.375
  1
0.0
  7
ArialBold
 72
1
 11
6369953.122293364
 21
6169986.698674981
 31
0.0
100
AcDbText
 73
2
  0
TEXT
  5
307
330
17
100
AcDbEntity
  8
tejido
 62
8
100
AcDbText
 10
6369982.200043906
 20
6169982.146015115
 30
0.0
 40
0.375
  1
23.4
  7
ArialBold
 72
1
 11
6369982.200043906
 21
6169982.146015115
 31
0.0
100
AcDbText
 73
2
  0
TEXT
  5
308
330
17
100
AcDbEntity
  8
tejido
 62
8
100
AcDbText
 10
6369980.382894269
 20
6169982.242722243
 30
0.0
 40
0.375
  1
26.3
  7
ArialBold
 72
1
 11
6369980.382894269
 21
6169982.242722243
 31
0.0
100
AcDbText
 73
2
  0
TEXT
  5
309
330
17
100
AcDbEntity
  8
tejido
 62
8
100
AcDbText
 10
6369977.74587647
 20
6169984.341928518
 30
0.0
 40
0.375
  1
29.1
  7
ArialBold
 72
1
 11
6369977.74587647
 21
6169984.341928518
 31
0.0
100
AcDbText
 73
2
  0
TEXT
  5
30A
330
17
100
AcDbEntity
  8
tejido
 62
8
100
AcDbText
 10
6369971.610329848
 20
6169984.510656828
 30
0.0
 40
0.375
  1
26.3
  7
ArialBold
 72
1
 11
6369971.610329848
 21
6169984.510656828
 31
0.0
100
AcDbText
 73
2
  0
TEXT
  5
30B
330
17
100
AcDbEntity
  8
tejido
 62
8
100
AcDbText
 10
6369963.932283006
 20
6169982.011008959
 30
0.0
 40
0.375
  1
32.0
  7
ArialBold
 72
1
 11
6369963.932283006
 21
6169982.011008959
 31
0.0
100
AcDbText
 73
2
  0
TEXT
  5
30C
330
17
100
AcDbEntity
  8
tejido
 62
8
100
AcDbText
 10
6369948.72054415
 20
6169985.496785973
 30
0.0
 40
0.375
  1
29.4
  7
ArialBold
 72
1
 11
6369948.72054415
 21
6169985.496785973
 31
0.0
100
AcDbText
 73
2
  0
TEXT
  5
30D
330
17
100
AcDbEntity
  8
tejido
 62
8
100
AcDbText
 10
6369956.625408576
 20
6170010.335173748
 30
0.0
 40
0.375
  1
0.0
  7
ArialBold
 72
1
 11
6369956.625408576
 21
6170010.335173748
 31
0.0
100
AcDbText
 73
2
  0
TEXT
  5
30E
330
17
100
AcDbEntity
  8
tejido
 62
8
100
AcDbText
 10
6369957.273255814
 20
6170007.278933413
 30
0.0
 40
0.375
  1
3.2
  7
ArialBold
 72
1
 11
6369957.273255814
 21
6170007.278933413
 31
0.0
100
AcDbText
 73
2
  0
TEXT
  5
30F
330
17
100
AcDbEntity
  8
tejido
 62
8
100
AcDbText
 10
6369986.838531769
 20
6170022.992183162
 30
0.0
 40
0.375
  1
22.7
  7
ArialBold
 72
1
 11
6369986.838531769
 21
6170022.992183162
 31
0.0
100
AcDbText
 73
2
  0
TEXT
  5
310
330
17
100
AcDbEntity
  8
tejido
 62
8
100
AcDbText
 10
6369968.065060899
 20
6170021.7076478265
 30
0.0
 40
0.375
  1
0.0
  7
ArialBold
 72
1
 11
6369968.065060899
 21
6170021.7076478265
 31
0.0
100
AcDbText
 73
2
  0
TEXT
  5
311
330
17
100
AcDbEntity
  8
tejido
 62
8
100
AcDbText
 10
6369979.490396137
 20
6170020.951003583
 30
0.0
 40
0.375
  1
0.0
  7
ArialBold
 72
1
 11
6369979.490396137
 21
6170020.951003583
 31
0.0
100
AcDbText
 73
2
  0
TEXT
  5
312
330
17
100
AcDbEntity
  8
tejido
 62
8
100
AcDbText
 10
6369978.611099876
 20
6170021.805181551
 30
0.0
 40
0.375
  1
28.6
  7
ArialBold
 72
1
 11
6369978.611099876
 21
6170021.805181551
 31
0.0
100
AcDbText
 73
2
  0
TEXT
  5
313
330
17
100
AcDbEntity
  8
tejido
 62
8
100
AcDbText
 10
6369959.031987061
 20
6170024.817328886
 30
0.0
 40
0.375
  1
0.0
  7
ArialBold
 72
1
 11
6369959.031987061
 21
6170024.817328886
 31
0.0
100
AcDbText
 73
2
  0
TEXT
  5
314
330
17
100
AcDbEntity
  8
tejido
 62
8
100
AcDbText
 10
6369976.477843299
 20
6170021.1644827025
 30
0.0
 40
0.375
  1
25.8
  7
ArialBold
 72
1
 11
6369976.477843299
 21
6170021.1644827025
 31
0.0
100
AcDbText
 73
2
  0
TEXT
  5
315
330
17
100
AcDbEntity
  8
tejido
 62
8
100
AcDbText
 10
6369971.037432642
 20
6170021.497475244
 30
0.0
 40
0.375
  1
25.8
  7
ArialBold
 72
1
 11
6369971.037432642
 21
6170021.497475244
 31
0.0
100
AcDbText
 73
2
  0
TEXT
  5
316
330
17
100
AcDbEntity
  8
tejido
 62
8
100
AcDbText
 10
6369973.587744813
 20
6170031.5521478765
 30
0.0
 40
0.375
  1
29.1
  7
ArialBold
 72
1
 11
6369973.587744813
 21
6170031.5521478765
 31
0.0
100
AcDbText
 73
2
  0
TEXT
  5
317
330
17
100
AcDbEntity
  8
tejido
 62
8
100
AcDbText
 10
6369980.683246043
 20
6170032.277449877
 30
0.0
 40
0.375
  1
22.4
  7
ArialBold
 72
1
 11
6369980.683246043
 21
6170032.277449877
 31
0.0
100
AcDbText
 73
2
  0
TEXT
  5
318
330
17
100
AcDbEntity
  8
tejido
 62
8
100
AcDbText
 10
6369974.4110379275
 20
6170029.354311043
 30
0.0
 40
0.375
  1
32.1
  7
ArialBold
 72
1
 11
6369974.4110379275
 21
6170029.354311043
 31
0.0
100
AcDbText
 73
2
  0
TEXT
  5
319
330
17
100
AcDbEntity
  8
tejido
 62
8
100
AcDbText
 10
6369966.6805883655
 20
6170038.191206877
 30
0.0
 40
0.375
  1
0.0
  7
ArialBold
 72
1
 11
6369966.6805883655
 21
6170038.191206877
 31
0.0
100
AcDbText
 73
2
  0
TEXT
  5
31B
330
17
100
AcDbEntity
  8
parcelas_etiquetas
 62
252
100
AcDbText
 10
6369944.532523976
 20
6169916.515799308
 30
0.0
 40
1.2
  1
029a
  7
ArialBold
 72
1
 11
6369944.532523976
 21
6169916.515799308
 31
0.0
100
AcDbText
 73
2
  0
TEXT
  5
31C
330
17
100
AcDbEntity
  8
parcelas_etiquetas
 62
252
100
AcDbText
 10
6369944.532523976
 20
6169914.915799309
 30
0.0
 40
1.2
  1
USAA
  7
ArialBold
 72
1
 11
6369944.532523976
 21
6169914.915799309
 31
0.0
100
AcDbText
 73
2
  0
TEXT
  5
31D
330
17
100
AcDbEntity
  8
parcelas_etiquetas
 62
252
100
AcDbText
 10
6369964.408562891
 20
6169908.548208607
 30
0.0
 40
1.2
  1
032a
  7
ArialBold
 72
1
 11
6369964.408562891
 21
6169908.548208607
 31
0.0
100
AcDbText
 73
2
  0
TEXT
  5
31E
330
17
100
AcDbEntity
  8
parcelas_etiquetas
 62
252
100
AcDbText
 10
6369964.408562891
 20
6169906.948208608
 30
0.0
 40
1.2
  1
USAA
  7
ArialBold
 72
1
 11
6369964.408562891
 21
6169906.948208608
 31
0.0
100
AcDbText
 73
2
  0
TEXT
  5
31F
330
17
100
AcDbEntity
  8
parcelas_etiquetas
 62
252
100
AcDbText
 10
6369952.458746662
 20
6169985.355926538
 30
0.0
 40
1.2
  1
040
  7
ArialBold
 72
1
 11
6369952.458746662
 21
6169985.355926538
 31
0.0
100
AcDbText
 73
2
  0
TEXT
  5
320
330
17
100
AcDbEntity
  8
parcelas_etiquetas
 62
252
100
AcDbText
 10
6369952.458746662
 20
6169983.755926538
 30
0.0
 40
1.2
  1
USAA
  7
ArialBold
 72
1
 11
6369952.458746662
 21
6169983.755926538
 31
0.0
100
AcDbText
 73
2
  0
TEXT
  5
321
330
17
100
AcDbEntity
  8
parcelas_etiquetas
 62
252
100
AcDbText
 10
6369953.376273794
 20
6169996.906924177
 30
0.0
 40
1.2
  1
041
  7
ArialBold
 72
1
 11
6369953.376273794
 21
6169996.906924177
 31
0.0
100
AcDbText
 73
2
  0
TEXT
  5
322
330
17
100
AcDbEntity
  8
parcelas_etiquetas
 62
252
100
AcDbText
 10
6369953.376273794
 20
6169995.306924177
 30
0.0
 40
1.2
  1
USAA
  7
ArialBold
 72
1
 11
6369953.376273794
 21
6169995.306924177
 31
0.0
100
AcDbText
 73
2
  0
TEXT
  5
323
330
17
100
AcDbEntity
  8
parcelas_etiquetas
 62
252
100
AcDbText
 10
6369970.177324578
 20
6170007.401461143
 30
0.0
 40
1.2
  1
042
  7
ArialBold
 72
1
 11
6369970.177324578
 21
6170007.401461143
 31
0.0
100
AcDbText
 73
2
  0
TEXT
  5
324
330
17
100
AcDbEntity
  8
parcelas_etiquetas
 62
252
100
AcDbText
 10
6369970.177324578
 20
6170005.801461143
 30
0.0
 40
1.2
  1
USAA
  7
ArialBold
 72
1
 11
6369970.177324578
 21
6170005.801461143
 31
0.0
100
AcDbText
 73
2
  0
TEXT
  5
325
330
17
100
AcDbEntity
  8
parcelas_etiquetas
 62
252
100
AcDbText
 10
6369971.774783313
 20
6170024.72448433
 30
0.0
 40
1.2
  1
044
  7
ArialBold
 72
1
 11
6369971.774783313
 21
6170024.72448433
 31
0.0
100
AcDbText
 73
2
  0
TEXT
  5
326
330
17
100
AcDbEntity
  8
parcelas_etiquetas
 62
252
100
AcDbText
 10
6369971.774783313
 20
6170023.12448433
 30
0.0
 40
1.2
  1
USAA
  7
ArialBold
 72
1
 11
6369971.774783313
 21
6170023.12448433
 31
0.0
100
AcDbText
 73
2
  0
TEXT
  5
327
330
17
100
AcDbEntity
  8
parcelas_etiquetas
 62
252
100
AcDbText
 10
6369976.93988691
 20
6170032.986018573
 30
0.0
 40
1.2
  1
045
  7
ArialBold
 72
1
 11
6369976.93988691
 21
6170032.986018573
 31
0.0
100
AcDbText
 73
2
  0
TEXT
  5
328
330
17
100
AcDbEntity
  8
parcelas_etiquetas
 62
252
100
AcDbText
 10
6369976.93988691
 20
6170031.386018573
 30
0.0
 40
1.2
  1
USAA
  7
ArialBold
 72
1
 11
6369976.93988691
 21
6170031.386018573
 31
0.0
100
AcDbText
 73
2
  0
TEXT
  5
329
330
17
100
AcDbEntity
  8
parcelas_etiquetas
 62
252
100
AcDbText
 10
6369978.314349652
 20
6170054.504363035
 30
0.0
 40
1.2
  1
002
  7
ArialBold
 72
1
 11
6369978.314349652
 21
6170054.504363035
 31
0.0
100
AcDbText
 73
2
  0
TEXT
  5
32A
330
17
100
AcDbEntity
  8
parcelas_etiquetas
 62
252
100
AcDbText
 10
6369978.314349652
 20
6170052.904363035
 30
0.0
 40
1.2
  1
USAA
  7
ArialBold
 72
1
 11
6369978.314349652
 21
6170052.904363035
 31
0.0
100
AcDbText
 73
2
  0
TEXT
  5
32B
330
17
100
AcDbEntity
  8
parcelas_etiquetas
 62
252
100
AcDbText
 10
6369920.348427698
 20
6169917.462231719
 30
0.0
 40
1.2
  1
027
  7
ArialBold
 72
1
 11
6369920.348427698
 21
6169917.462231719
 31
0.0
100
AcDbText
 73
2
  0
TEXT
  5
32C
330
17
100
AcDbEntity
  8
parcelas_etiquetas
 62
252
100
AcDbText
 10
6369920.348427698
 20
6169915.862231719
 30
0.0
 40
1.2
  1
USAA
  7
ArialBold
 72
1
 11
6369920.348427698
 21
6169915.862231719
 31
0.0
100
AcDbText
 73
2
  0
TEXT
  5
32D
330
17
100
AcDbEntity
  8
parcelas_etiquetas
 62
252
100
AcDbText
 10
6369968.812522703
 20
6169927.183939332
 30
0.0
 40
1.2
  1
035
  7
ArialBold
 72
1
 11
6369968.812522703
 21
6169927.183939332
 31
0.0
100
AcDbText
 73
2
  0
TEXT
  5
32E
330
17
100
AcDbEntity
  8
parcelas_etiquetas
 62
252
100
AcDbText
 10
6369968.812522703
 20
6169925.5839393325
 30
0.0
 40
1.2
  1
USAA
  7
ArialBold
 72
1
 11
6369968.812522703
 21
6169925.5839393325
 31
0.0
100
AcDbText
 73
2
  0
TEXT
  5
32F
330
17
100
AcDbEntity
  8
parcelas_etiquetas
 62
252
100
AcDbText
 10
6369881.079926929
 20
6169944.936195908
 30
0.0
 40
1.2
  1
023a
  7
ArialBold
 72
1
 11
6369881.079926929
 21
6169944.936195908
 31
0.0
100
AcDbText
 73
2
  0
TEXT
  5
330
330
17
100
AcDbEntity
  8
parcelas_etiquetas
 62
252
100
AcDbText
 10
6369881.079926929
 20
6169943.3361959085
 30
0.0
 40
1.2
  1
USAA
  7
ArialBold
 72
1
 11
6369881.079926929
 21
6169943.3361959085
 31
0.0
100
AcDbText
 73
2
  0
TEXT
  5
331
330
17
100
AcDbEntity
  8
parcelas_etiquetas
 62
252
100
AcDbText
 10
6369986.087479532
 20
6170053.577736981
 30
0.0
 40
1.2
  1
001
  7
ArialBold
 72
1
 11
6369986.087479532
 21
6170053.577736981
 31
0.0
100
AcDbText
 73
2
  0
TEXT
  5
332
330
17
100
AcDbEntity
  8
parcelas_etiquetas
 62
252
100
AcDbText
 10
6369986.087479532
 20
6170051.977736982
 30
0.0
 40
1.2
  1
USAA
  7
ArialBold
 72
1
 11
6369986.087479532
 21
6170051.977736982
 31
0.0
100
AcDbText
 73
2
  0
TEXT
  5
333
330
17
100
AcDbEntity
  8
parcelas_etiquetas
 62
252
100
AcDbText
 10
6369970.47117619
 20
6170055.061519908
 30
0.0
 40
1.2
  1
003
  7
ArialBold
 72
1
 11
6369970.47117619
 21
6170055.061519908
 31
0.0
100
AcDbText
 73
2
  0
TEXT
  5
334
330
17
100
AcDbEntity
  8
parcelas_etiquetas
 62
252
100
AcDbText
 10
6369970.47117619
 20
6170053.461519908
 30
0.0
 40
1.2
  1
USAA
  7
ArialBold
 72
1
 11
6369970.47117619
 21
6170053.461519908
 31
0.0
100
AcDbText
 73
2
  0
TEXT
  5
335
330
17
100
AcDbEntity
  8
parcelas_etiquetas
 62
252
100
AcDbText
 10
6369961.8260632055
 20
6170047.067952055
 30
0.0
 40
1.2
  1
004
  7
ArialBold
 72
1
 11
6369961.8260632055
 21
6170047.067952055
 31
0.0
100
AcDbText
 73
2
  0
TEXT
  5
336
330
17
100
AcDbEntity
  8
parcelas_etiquetas
 62
252
100
AcDbText
 10
6369961.8260632055
 20
6170045.467952055
 30
0.0
 40
1.2
  1
USAA
  7
ArialBold
 72
1
 11
6369961.8260632055
 21
6170045.467952055
 31
0.0
100
AcDbText
 73
2
  0
TEXT
  5
337
330
17
100
AcDbEntity
  8
parcelas_etiquetas
 62
252
100
AcDbText
 10
6369952.848702455
 20
6170034.925867638
 30
0.0
 40
1.2
  1
005
  7
ArialBold
 72
1
 11
6369952.848702455
 21
6170034.925867638
 31
0.0
100
AcDbText
 73
2
  0
TEXT
  5
338
330
17
100
AcDbEntity
  8
parcelas_etiquetas
 62
252
100
AcDbText
 10
6369952.848702455
 20
6170033.325867638
 30
0.0
 40
1.2
  1
USAA
  7
ArialBold
 72
1
 11
6369952.848702455
 21
6170033.325867638
 31
0.0
100
AcDbText
 73
2
  0
TEXT
  5
339
330
17
100
AcDbEntity
  8
parcelas_etiquetas
 62
252
100
AcDbText
 10
6369937.781634613
 20
6170036.16145894
 30
0.0
 40
1.2
  1
006b
  7
ArialBold
 72
1
 11
6369937.781634613
 21
6170036.16145894
 31
0.0
100
AcDbText
 73
2
  0
TEXT
  5
33A
330
17
100
AcDbEntity
  8
parcelas_etiquetas
 62
252
100
AcDbText
 10
6369937.781634613
 20
6170034.561458941
 30
0.0
 40
1.2
  1
USAA
  7
ArialBold
 72
1
 11
6369937.781634613
 21
6170034.561458941
 31
0.0
100
AcDbText
 73
2
  0
TEXT
  5
33B
330
17
100
AcDbEntity
  8
parcelas_etiquetas
 62
252
100
AcDbText
 10
6369922.131710221
 20
6170037.575839714
 30
0.0
 40
1.2
  1
008
  7
ArialBold
 72
1
 11
6369922.131710221
 21
6170037.575839714
 31
0.0
100
AcDbText
 73
2
  0
TEXT
  5
33C
330
17
100
AcDbEntity
  8
parcelas_etiquetas
 62
252
100
AcDbText
 10
6369922.131710221
 20
6170035.9758397145
 30
0.0
 40
1.2
  1
USAA
  7
ArialBold
 72
1
 11
6369922.131710221
 21
6170035.9758397145
 31
0.0
100
AcDbText
 73
2
  0
TEXT
  5
33D
330
17
100
AcDbEntity
  8
parcelas_etiquetas
 62
252
100
AcDbText
 10
6369914.974863037
 20
6170052.286103839
 30
0.0
 40
1.2
  1
009
  7
ArialBold
 72
1
 11
6369914.974863037
 21
6170052.286103839
 31
0.0
100
AcDbText
 73
2
  0
TEXT
  5
33E
330
17
100
AcDbEntity
  8
parcelas_etiquetas
 62
252
100
AcDbText
 10
6369914.974863037
 20
6170050.686103839
 30
0.0
 40
1.2
  1
USAA
  7
ArialBold
 72
1
 11
6369914.974863037
 21
6170050.686103839
 31
0.0
100
AcDbText
 73
2
  0
TEXT
  5
33F
330
17
100
AcDbEntity
  8
parcelas_etiquetas
 62
252
100
AcDbText
 10
6369905.194773326
 20
6170053.672305337
 30
0.0
 40
1.2
  1
010
  7
ArialBold
 72
1
 11
6369905.194773326
 21
6170053.672305337
 31
0.0
100
AcDbText
 73
2
  0
TEXT
  5
340
330
17
100
AcDbEntity
  8
parcelas_etiquetas
 62
252
100
AcDbText
 10
6369905.194773326
 20
6170052.0723053375
 30
0.0
 40
1.2
  1
USAA
  7
ArialBold
 72
1
 11
6369905.194773326
 21
6170052.0723053375
 31
0.0
100
AcDbText
 73
2
  0
TEXT
  5
341
330
17
100
AcDbEntity
  8
parcelas_etiquetas
 62
252
100
AcDbText
 10
6369894.536521498
 20
6170054.554492857
 30
0.0
 40
1.2
  1
011
  7
ArialBold
 72
1
 11
6369894.536521498
 21
6170054.554492857
 31
0.0
100
AcDbText
 73
2
  0
TEXT
  5
342
330
17
100
AcDbEntity
  8
parcelas_etiquetas
 62
252
100
AcDbText
 10
6369894.536521498
 20
6170052.954492858
 30
0.0
 40
1.2
  1
USAA
  7
ArialBold
 72
1
 11
6369894.536521498
 21
6170052.954492858
 31
0.0
100
AcDbText
 73
2
  0
TEXT
  5
343
330
17
100
AcDbEntity
  8
parcelas_etiquetas
 62
252
100
AcDbText
 10
6369885.2730126055
 20
6170055.39899235
 30
0.0
 40
1.2
  1
012
  7
ArialBold
 72
1
 11
6369885.2730126055
 21
6170055.39899235
 31
0.0
100
AcDbText
 73
2
  0
TEXT
  5
344
330
17
100
AcDbEntity
  8
parcelas_etiquetas
 62
252
100
AcDbText
 10
6369885.2730126055
 20
6170053.798992351
 30
0.0
 40
1.2
  1
USAA
  7
ArialBold
 72
1
 11
6369885.2730126055
 21
6170053.798992351
 31
0.0
100
AcDbText
 73
2
  0
TEXT
  5
345
330
17
100
AcDbEntity
  8
parcelas_etiquetas
 62
252
100
AcDbText
 10
6369897.920389026
 20
6170033.041403627
 30
0.0
 40
1.2
  1
013
  7
ArialBold
 72
1
 11
6369897.920389026
 21
6170033.041403627
 31
0.0
100
AcDbText
 73
2
  0
TEXT
  5
346
330
17
100
AcDbEntity
  8
parcelas_etiquetas
 62
252
100
AcDbText
 10
6369897.920389026
 20
6170031.441403627
 30
0.0
 40
1.2
  1
USAA
  7
ArialBold
 72
1
 11
6369897.920389026
 21
6170031.441403627
 31
0.0
100
AcDbText
 73
2
  0
TEXT
  5
347
330
17
100
AcDbEntity
  8
parcelas_etiquetas
 62
252
100
AcDbText
 10
6369896.641188055
 20
6170018.666350711
 30
0.0
 40
1.2
  1
014
  7
ArialBold
 72
1
 11
6369896.641188055
 21
6170018.666350711
 31
0.0
100
AcDbText
 73
2
  0
TEXT
  5
348
330
17
100
AcDbEntity
  8
parcelas_etiquetas
 62
252
100
AcDbText
 10
6369896.641188055
 20
6170017.0663507115
 30
0.0
 40
1.2
  1
USAA
  7
ArialBold
 72
1
 11
6369896.641188055
 21
6170017.0663507115
 31
0.0
100
AcDbText
 73
2
  0
TEXT
  5
349
330
17
100
AcDbEntity
  8
parcelas_etiquetas
 62
252
100
AcDbText
 10
6369898.878539035
 20
6170005.122356042
 30
0.0
 40
1.2
  1
015
  7
ArialBold
 72
1
 11
6369898.878539035
 21
6170005.122356042
 31
0.0
100
AcDbText
 73
2
  0
TEXT
  5
34A
330
17
100
AcDbEntity
  8
parcelas_etiquetas
 62
252
100
AcDbText
 10
6369898.878539035
 20
6170003.522356043
 30
0.0
 40
1.2
  1
USAA
  7
ArialBold
 72
1
 11
6369898.878539035
 21
6170003.522356043
 31
0.0
100
AcDbText
 73
2
  0
TEXT
  5
34B
330
17
100
AcDbEntity
  8
parcelas_etiquetas
 62
252
100
AcDbText
 10
6369899.60985794
 20
6169995.821353087
 30
0.0
 40
1.2
  1
016a
  7
ArialBold
 72
1
 11
6369899.60985794
 21
6169995.821353087
 31
0.0
100
AcDbText
 73
2
  0
TEXT
  5
34C
330
17
100
AcDbEntity
  8
parcelas_etiquetas
 62
252
100
AcDbText
 10
6369899.60985794
 20
6169994.221353088
 30
0.0
 40
1.2
  1
USAA
  7
ArialBold
 72
1
 11
6369899.60985794
 21
6169994.221353088
 31
0.0
100
AcDbText
 73
2
  0
TEXT
  5
34D
330
17
100
AcDbEntity
  8
parcelas_etiquetas
 62
252
100
AcDbText
 10
6369898.669639257
 20
6169980.222361136
 30
0.0
 40
1.2
  1
018b
  7
ArialBold
 72
1
 11
6369898.669639257
 21
6169980.222361136
 31
0.0
100
AcDbText
 73
2
  0
TEXT
  5
34E
330
17
100
AcDbEntity
  8
parcelas_etiquetas
 62
252
100
AcDbText
 10
6369898.669639257
 20
6169978.622361137
 30
0.0
 40
1.2
  1
USAA
  7
ArialBold
 72
1
 11
6369898.669639257
 21
6169978.622361137
 31
0.0
100
AcDbText
 73
2
  0
TEXT
  5
34F
330
17
100
AcDbEntity
  8
parcelas_etiquetas
 62
252
100
AcDbText
 10
6369897.714569502
 20
6169964.738943311
 30
0.0
 40
1.2
  1
021
  7
ArialBold
 72
1
 11
6369897.714569502
 21
6169964.738943311
 31
0.0
100
AcDbText
 73
2
  0
TEXT
  5
350
330
17
100
AcDbEntity
  8
parcelas_etiquetas
 62
252
100
AcDbText
 10
6369897.714569502
 20
6169963.138943312
 30
0.0
 40
1.2
  1
USAA
  7
ArialBold
 72
1
 11
6369897.714569502
 21
6169963.138943312
 31
0.0
100
AcDbText
 73
2
  0
TEXT
  5
351
330
17
100
AcDbEntity
  8
parcelas_etiquetas
 62
252
100
AcDbText
 10
6369881.7586042695
 20
6169954.388115919
 30
0.0
 40
1.2
  1
022
  7
ArialBold
 72
1
 11
6369881.7586042695
 21
6169954.388115919
 31
0.0
100
AcDbText
 73
2
  0
TEXT
  5
352
330
17
100
AcDbEntity
  8
parcelas_etiquetas
 62
252
100
AcDbText
 10
6369881.7586042695
 20
6169952.78811592
 30
0.0
 40
1.2
  1
USAA
  7
ArialBold
 72
1
 11
6369881.7586042695
 21
6169952.78811592
 31
0.0
100
AcDbText
 73
2
  0
TEXT
  5
353
330
17
100
AcDbEntity
  8
parcelas_etiquetas
 62
252
100
AcDbText
 10
6369880.611836536
 20
6169936.325559477
 30
0.0
 40
1.2
  1
023b
  7
ArialBold
 72
1
 11
6369880.611836536
 21
6169936.325559477
 31
0.0
100
AcDbText
 73
2
  0
TEXT
  5
354
330
17
100
AcDbEntity
  8
parcelas_etiquetas
 62
252
100
AcDbText
 10
6369880.611836536
 20
6169934.725559478
 30
0.0
 40
1.2
  1
USAA
  7
ArialBold
 72
1
 11
6369880.611836536
 21
6169934.725559478
 31
0.0
100
AcDbText
 73
2
  0
TEXT
  5
355
330
17
100
AcDbEntity
  8
parcelas_etiquetas
 62
252
100
AcDbText
 10
6369878.753955375
 20
6169906.378282988
 30
0.0
 40
1.2
  1
024c
  7
ArialBold
 72
1
 11
6369878.753955375
 21
6169906.378282988
 31
0.0
100
AcDbText
 73
2
  0
TEXT
  5
356
330
17
100
AcDbEntity
  8
parcelas_etiquetas
 62
252
100
AcDbText
 10
6369878.753955375
 20
6169904.778282989
 30
0.0
 40
1.2
  1
USAA
  7
ArialBold
 72
1
 11
6369878.753955375
 21
6169904.778282989
 31
0.0
100
AcDbText
 73
2
  0
TEXT
  5
357
330
17
100
AcDbEntity
  8
parcelas_etiquetas
 62
252
100
AcDbText
 10
6369879.584815637
 20
6169922.539079529
 30
0.0
 40
1.2
  1
024d
  7
ArialBold
 72
1
 11
6369879.584815637
 21
6169922.539079529
 31
0.0
100
AcDbText
 73
2
  0
TEXT
  5
358
330
17
100
AcDbEntity
  8
parcelas_etiquetas
 62
252
100
AcDbText
 10
6369879.584815637
 20
6169920.93907953
 30
0.0
 40
1.2
  1
USAA
  7
ArialBold
 72
1
 11
6369879.584815637
 21
6169920.93907953
 31
0.0
100
AcDbText
 73
2
  0
TEXT
  5
359
330
17
100
AcDbEntity
  8
parcelas_etiquetas
 62
252
100
AcDbText
 10
6369895.078036232
 20
6169929.716563632
 30
0.0
 40
1.2
  1
025
  7
ArialBold
 72
1
 11
6369895.078036232
 21
6169929.716563632
 31
0.0
100
AcDbText
 73
2
  0
TEXT
  5
35A
330
17
100
AcDbEntity
  8
parcelas_etiquetas
 62
252
100
AcDbText
 10
6369895.078036232
 20
6169928.116563632
 30
0.0
 40
1.2
  1
USAA
  7
ArialBold
 72
1
 11
6369895.078036232
 21
6169928.116563632
 31
0.0
100
AcDbText
 73
2
  0
TEXT
  5
35B
330
17
100
AcDbEntity
  8
parcelas_etiquetas
 62
252
100
AcDbText
 10
6369910.004433781
 20
6169929.5255828835
 30
0.0
 40
1.2
  1
026
  7
ArialBold
 72
1
 11
6369910.004433781
 21
6169929.5255828835
 31
0.0
100
AcDbText
 73
2
  0
TEXT
  5
35C
330
17
100
AcDbEntity
  8
parcelas_etiquetas
 62
252
100
AcDbText
 10
6369910.004433781
 20
6169927.925582884
 30
0.0
 40
1.2
  1
USAA
  7
ArialBold
 72
1
 11
6369910.004433781
 21
6169927.925582884
 31
0.0
100
AcDbText
 73
2
  0
TEXT
  5
35D
330
17
100
AcDbEntity
  8
parcelas_etiquetas
 62
252
100
AcDbText
 10
6369928.240448313
 20
6169916.951385383
 30
0.0
 40
1.2
  1
028
  7
ArialBold
 72
1
 11
6369928.240448313
 21
6169916.951385383
 31
0.0
100
AcDbText
 73
2
  0
TEXT
  5
35E
330
17
100
AcDbEntity
  8
parcelas_etiquetas
 62
252
100
AcDbText
 10
6369928.240448313
 20
6169915.351385383
 30
0.0
 40
1.2
  1
USAA
  7
ArialBold
 72
1
 11
6369928.240448313
 21
6169915.351385383
 31
0.0
100
AcDbText
 73
2
  0
TEXT
  5
35F
330
17
100
AcDbEntity
  8
parcelas_etiquetas
 62
252
100
AcDbText
 10
6369968.23172167
 20
6169918.537308228
 30
0.0
 40
1.2
  1
034
  7
ArialBold
 72
1
 11
6369968.23172167
 21
6169918.537308228
 31
0.0
100
AcDbText
 73
2
  0
TEXT
  5
360
330
17
100
AcDbEntity
  8
parcelas_etiquetas
 62
252
100
AcDbText
 10
6369968.23172167
 20
6169916.937308229
 30
0.0
 40
1.2
  1
USAA
  7
ArialBold
 72
1
 11
6369968.23172167
 21
6169916.937308229
 31
0.0
100
AcDbText
 73
2
  0
TEXT
  5
361
330
17
100
AcDbEntity
  8
parcelas_etiquetas
 62
252
100
AcDbText
 10
6369948.629791865
 20
6169946.762985863
 30
0.0
 40
1.2
  1
037
  7
ArialBold
 72
1
 11
6369948.629791865
 21
6169946.762985863
 31
0.0
100
AcDbText
 73
2
  0
TEXT
  5
362
330
17
100
AcDbEntity
  8
parcelas_etiquetas
 62
252
100
AcDbText
 10
6369948.629791865
 20
6169945.162985863
 30
0.0
 40
1.2
  1
USAA
  7
ArialBold
 72
1
 11
6369948.629791865
 21
6169945.162985863
 31
0.0
100
AcDbText
 73
2
  0
TEXT
  5
363
330
17
100
AcDbEntity
  8
parcelas_etiquetas
 62
252
100
AcDbText
 10
6369950.44142094
 20
6169958.979559284
 30
0.0
 40
1.2
  1
038
  7
ArialBold
 72
1
 11
6369950.44142094
 21
6169958.979559284
 31
0.0
100
AcDbText
 73
2
  0
TEXT
  5
364
330
17
100
AcDbEntity
  8
parcelas_etiquetas
 62
252
100
AcDbText
 10
6369950.44142094
 20
6169957.379559284
 30
0.0
 40
1.2
  1
USAA
  7
ArialBold
 72
1
 11
6369950.44142094
 21
6169957.379559284
 31
0.0
100
AcDbText
 73
2
  0
TEXT
  5
365
330
17
100
AcDbEntity
  8
parcelas_etiquetas
 62
252
100
AcDbText
 10
6369951.74671739
 20
6169973.93175206
 30
0.0
 40
1.2
  1
039
  7
ArialBold
 72
1
 11
6369951.74671739
 21
6169973.93175206
 31
0.0
100
AcDbText
 73
2
  0
TEXT
  5
366
330
17
100
AcDbEntity
  8
parcelas_etiquetas
 62
252
100
AcDbText
 10
6369951.74671739
 20
6169972.33175206
 30
0.0
 40
1.2
  1
USAA
  7
ArialBold
 72
1
 11
6369951.74671739
 21
6169972.33175206
 31
0.0
100
AcDbText
 73
2
  0
TEXT
  5
367
330
17
100
AcDbEntity
  8
parcelas_etiquetas
 62
252
100
AcDbText
 10
6369970.953726879
 20
6170016.071718756
 30
0.0
 40
1.2
  1
043
  7
ArialBold
 72
1
 11
6369970.953726879
 21
6170016.071718756
 31
0.0
100
AcDbText
 73
2
  0
TEXT
  5
368
330
17
100
AcDbEntity
  8
parcelas_etiquetas
 62
252
100
AcDbText
 10
6369970.953726879
 20
6170014.4717187565
 30
0.0
 40
1.2
  1
USAA
  7
ArialBold
 72
1
 11
6369970.953726879
 21
6170014.4717187565
 31
0.0
100
AcDbText
 73
2
  0
TEXT
  5
369
330
17
100
AcDbEntity
  8
parcelas_etiquetas
 62
252
100
AcDbText
 10
6369948.285155515
 20
6169937.573485375
 30
0.0
 40
1.2
  1
036
  7
ArialBold
 72
1
 11
6369948.285155515
 21
6169937.573485375
 31
0.0
100
AcDbText
 73
2
  0
TEXT
  5
36A
330
17
100
AcDbEntity
  8
parcelas_etiquetas
 62
252
100
AcDbText
 10
6369948.285155515
 20
6169935.973485376
 30
0.0
 40
1.2
  1
USAA
  7
ArialBold
 72
1
 11
6369948.285155515
 21
6169935.973485376
 31
0.0
100
AcDbText
 73
2
  0
TEXT
  5
36B
330
17
100
AcDbEntity
  8
parcelas_etiquetas
 62
252
100
AcDbText
 10
6369977.50879621
 20
6170041.146468667
 30
0.0
 40
1.2
  1
046
  7
ArialBold
 72
1
 11
6369977.50879621
 21
6170041.146468667
 31
0.0
100
AcDbText
 73
2
  0
TEXT
  5
36C
330
17
100
AcDbEntity
  8
parcelas_etiquetas
 62
252
100
AcDbText
 10
6369977.50879621
 20
6170039.546468668
 30
0.0
 40
1.2
  1
USAA
  7
ArialBold
 72
1
 11
6369977.50879621
 21
6170039.546468668
 31
0.0
100
AcDbText
 73
2
  0
ENDSEC
  0
SECTION
  2
OBJECTS
  0
DICTIONARY
  5
A
330
0
100
AcDbDictionary
281
1
  3
ACAD_COLOR
350
B
  3
ACAD_GROUP
350
C
  3
ACAD_LAYOUT
350
D
  3
ACAD_MATERIAL
350
E
  3
ACAD_MLEADERSTYLE
350
F
  3
ACAD_MLINESTYLE
350
10
  3
ACAD_PLOTSETTINGS
350
11
  3
ACAD_PLOTSTYLENAME
350
12
  3
ACAD_SCALELIST
350
14
  3
ACAD_TABLESTYLE
350
15
  3
ACAD_VISUALSTYLE
350
16
  3
EZDXF_META
350
2D
  0
DICTIONARY
  5
B
330
A
100
AcDbDictionary
281
1
  0
DICTIONARY
  5
C
330
A
100
AcDbDictionary
281
1
  0
DICTIONARY
  5
D
330
A
100
AcDbDictionary
281
1
  3
Model
350
1A
  3
Layout1
350
1E
  0
DICTIONARY
  5
E
330
A
100
AcDbDictionary
281
1
  3
ByBlock
350
1F
  3
ByLayer
350
20
  3
Global
350
21
  0
DICTIONARY
  5
F
330
A
100
AcDbDictionary
281
1
  3
Standard
350
2C
  0
DICTIONARY
  5
10
330
A
100
AcDbDictionary
281
1
  3
Standard
350
22
  0
DICTIONARY
  5
11
330
A
100
AcDbDictionary
281
1
  0
ACDBDICTIONARYWDFLT
  5
12
330
A
100
AcDbDictionary
281
1
  3
Normal
350
13
100
AcDbDictionaryWithDefault
340
13
  0
ACDBPLACEHOLDER
  5
13
330
12
  0
DICTIONARY
  5
14
330
A
100
AcDbDictionary
281
1
  0
DICTIONARY
  5
15
330
A
100
AcDbDictionary
281
1
  0
DICTIONARY
  5
16
330
A
100
AcDbDictionary
281
1
  0
LAYOUT
  5
1A
330
D
100
AcDbPlotSettings
  1

  4
A3
  6

 40
7.5
 41
20.0
 42
7.5
 43
20.0
 44
420.0
 45
297.0
 46
0.0
 47
0.0
 48
0.0
 49
0.0
140
0.0
141
0.0
142
1.0
143
1.0
 70
1024
 72
1
 73
0
 74
5
  7

 75
16
 76
0
 77
2
 78
300
147
1.0
148
0.0
149
0.0
100
AcDbLayout
  1
Model
 70
1
 71
0
 10
0.0
 20
0.0
 11
420.0
 21
297.0
 12
0.0
 22
0.0
 32
0.0
 14
1e+20
 24
1e+20
 34
1e+20
 15
-1e+20
 25
-1e+20
 35
-1e+20
146
0.0
 13
0.0
 23
0.0
 33
0.0
 16
1.0
 26
0.0
 36
0.0
 17
0.0
 27
1.0
 37
0.0
 76
1
330
17
  0
LAYOUT
  5
1E
330
D
100
AcDbPlotSettings
  1

  4
A3
  6

 40
7.5
 41
20.0
 42
7.5
 43
20.0
 44
420.0
 45
297.0
 46
0.0
 47
0.0
 48
0.0
 49
0.0
140
0.0
141
0.0
142
1.0
143
1.0
 70
0
 72
1
 73
0
 74
5
  7

 75
16
 76
0
 77
2
 78
300
147
1.0
148
0.0
149
0.0
100
AcDbLayout
  1
Layout1
 70
1
 71
1
 10
0.0
 20
0.0
 11
420.0
 21
297.0
 12
0.0
 22
0.0
 32
0.0
 14
1e+20
 24
1e+20
 34
1e+20
 15
-1e+20
 25
-1e+20
 35
-1e+20
146
0.0
 13
0.0
 23
0.0
 33
0.0
 16
1.0
 26
0.0
 36
0.0
 17
0.0
 27
1.0
 37
0.0
 76
1
330
1B
  0
MATERIAL
  5
1F
102
{ACAD_REACTORS
330
E
102
}
330
E
100
AcDbMaterial
  1
ByBlock
  2

 70
0
 40
1.0
 71
1
 41
1.0
 91
-1023410177
 42
1.0
 72
1
  3

 73
1
 74
1
 75
1
 44
0.5
 73
0
 45
1.0
 46
1.0
 77
1
  4

 78
1
 79
1
170
1
 48
1.0
171
1
  6

172
1
173
1
174
1
140
1.0
141
1.0
175
1
  7

176
1
177
1
178
1
143
1.0
179
1
  8

270
1
271
1
272
1
145
1.0
146
1.0
273
1
  9

274
1
275
1
276
1
 42
1.0
 72
1
  3

 73
1
 74
1
 75
1
 94
63
  0
MATERIAL
  5
20
102
{ACAD_REACTORS
330
E
102
}
330
E
100
AcDbMaterial
  1
ByLayer
  2

 70
0
 40
1.0
 71
1
 41
1.0
 91
-1023410177
 42
1.0
 72
1
  3

 73
1
 74
1
 75
1
 44
0.5
 73
0
 45
1.0
 46
1.0
 77
1
  4

 78
1
 79
1
170
1
 48
1.0
171
1
  6

172
1
173
1
174
1
140
1.0
141
1.0
175
1
  7

176
1
177
1
178
1
143
1.0
179
1
  8

270
1
271
1
272
1
145
1.0
146
1.0
273
1
  9

274
1
275
1
276
1
 42
1.0
 72
1
  3

 73
1
 74
1
 75
1
 94
63
  0
MATERIAL
  5
21
102
{ACAD_REACTORS
330
E
102
}
330
E
100
AcDbMaterial
  1
Global
  2

 70
0
 40
1.0
 71
1
 41
1.0
 91
-1023410177
 42
1.0
 72
1
  3

 73
1
 74
1
 75
1
 44
0.5
 73
0
 45
1.0
 46
1.0
 77
1
  4

 78
1
 79
1
170
1
 48
1.0
171
1
  6

172
1
173
1
174
1
140
1.0
141
1.0
175
1
  7

176
1
177
1
178
1
143
1.0
179
1
  8

270
1
271
1
272
1
145
1.0
146
1.0
273
1
  9

274
1
275
1
276
1
 42
1.0
 72
1
  3

 73
1
 74
1
 75
1
 94
63
  0
MLINESTYLE
  5
22
102
{ACAD_REACTORS
330
10
102
}
330
10
100
AcDbMlineStyle
  2
Standard
 70
0
  3

 62
256
 51
90.0
 52
90.0
 71
2
 49
0.5
 62
256
  6
BYLAYER
 49
-0.5
 62
256
  6
BYLAYER
  0
MLEADERSTYLE
  5
2C
102
{ACAD_REACTORS
330
F
102
}
330
F
100
AcDbMLeaderStyle
179
2
170
2
171
1
172
0
 90
2
 40
0.0
 41
0.0
173
1
 91
-1056964608
 92
-2
290
1
 42
2.0
291
1
 43
8.0
  3
Standard
 44
4.0
300

342
29
174
1
175
1
176
0
178
1
 93
-1056964608
 45
4.0
292
0
297
0
 46
4.0
 94
-1056964608
 47
1.0
 49
1.0
140
1.0
294
1
141
0.0
177
0
142
1.0
295
0
296
0
143
3.75
271
0
272
9
273
9
  0
DICTIONARY
  5
2D
330
A
100
AcDbDictionary
280
1
281
1
  3
CREATED_BY_EZDXF
350
2E
  3
WRITTEN_BY_EZDXF
350
36F
  0
DICTIONARYVAR
  5
2E
330
2D
100
DictionaryVariables
280
0
  1
1.4.4 @ 2026-07-21T15:57:37.853228+00:00
  0
DICTIONARYVAR
  5
36F
330
2D
100
DictionaryVariables
280
0
  1
1.4.4 @ 2026-07-21T15:57:38.608245+00:00
  0
ENDSEC
  0
EOF
