  0
SECTION
  2
HEADER
  9
$ACADVER
  1
AC1018
  9
$ACADMAINTVER
 70
0
  9
$DWGCODEPAGE
  3
ANSI_1252
  9
$EXTMIN
 10
30.0
 20
49.75
 30
0.0
  9
$EXTMAX
 10
130.5
 20
163.1318914119703
 30
0.0
  9
$LIMMIN
 10
0.0
 20
0.0
  9
$LIMMAX
 10
12.0
 20
9.0
  9
$ORTHOMODE
 70
0
  9
$REGENMODE
 70
1
  9
$FILLMODE
 70
1
  9
$QTEXTMODE
 70
0
  9
$MIRRTEXT
 70
1
  9
$LTSCALE
 40
1.0
  9
$ATTMODE
 70
1
  9
$TEXTSIZE
 40
0.2
  9
$TRACEWID
 40
0.05
  9
$TEXTSTYLE
  7
Standard
  9
$CLAYER
  8
0
  9
$CELTYPE
  6
ByLayer
  9
$CECOLOR
 62
256
  9
$CELTSCALE
 40
1.0
  9
$DISPSILH
 70
0
  9
$LUNITS
 70
2
  9
$LUPREC
 70
4
  9
$SKETCHINC
 40
0.1
  9
$FILLETRAD
 40
0.5
  9
$AUNITS
 70
0
  9
$AUPREC
 70
0
  9
$MENU
  1
.
  9
$ELEVATION
 40
0.0
  9
$PELEVATION
 40
0.0
  9
$THICKNESS
 40
0.0
  9
$LIMCHECK
 70
0
  9
$CHAMFERA
 40
0.5
  9
$CHAMFERB
 40
0.5
  9
$CHAMFERC
 40
1.0
  9
$CHAMFERD
 40
0.0
  9
$SKPOLY
 70
0
  9
$TDCREATE
 40
2461239.7050925926
  9
$TDUPDATE
 40
2461239.7050925926
  9
$ANGBASE
 50
0.0
  9
$ANGDIR
 70
0
  9
$PDMODE
 70
0
  9
$PDSIZE
 40
0.0
  9
$PLINEWID
 40
0.0
  9
$SPLFRAME
 70
0
  9
$SPLINETYPE
 70
6
  9
$SPLINESEGS
 70
8
  9
$HANDSEED
  5
20269
  9
$SURFTAB1
 70
6
  9
$SURFTAB2
 70
6
  9
$SURFTYPE
 70
6
  9
$SURFU
 70
6
  9
$SURFV
 70
6
  9
$UCSBASE
  2

  9
$UCSNAME
  2

  9
$UCSORG
 10
0.0
 20
0.0
 30
0.0
  9
$UCSXDIR
 10
1.0
 20
0.0
 30
0.0
  9
$UCSYDIR
 10
0.0
 20
1.0
 30
0.0
  9
$UCSORTHOREF
  2

  9
$UCSORTHOVIEW
 70
0
  9
$UCSORGTOP
 10
0.0
 20
0.0
 30
0.0
  9
$UCSORGBOTTOM
 10
0.0
 20
0.0
 30
0.0
  9
$UCSORGLEFT
 10
0.0
 20
0.0
 30
0.0
  9
$UCSORGRIGHT
 10
0.0
 20
0.0
 30
0.0
  9
$UCSORGFRONT
 10
0.0
 20
0.0
 30
0.0
  9
$UCSORGBACK
 10
0.0
 20
0.0
 30
0.0
  9
$PUCSBASE
  2

  9
$PUCSNAME
  2

  9
$PUCSORG
 10
0.0
 20
0.0
 30
0.0
  9
$PUCSXDIR
 10
1.0
 20
0.0
 30
0.0
  9
$PUCSYDIR
 10
0.0
 20
1.0
 30
0.0
  9
$PUCSORTHOREF
  2

  9
$PUCSORTHOVIEW
 70
0
  9
$PUCSORGTOP
 10
0.0
 20
0.0
 30
0.0
  9
$PUCSORGBOTTOM
 10
0.0
 20
0.0
 30
0.0
  9
$PUCSORGLEFT
 10
0.0
 20
0.0
 30
0.0
  9
$PUCSORGRIGHT
 10
0.0
 20
0.0
 30
0.0
  9
$PUCSORGFRONT
 10
0.0
 20
0.0
 30
0.0
  9
$PUCSORGBACK
 10
0.0
 20
0.0
 30
0.0
  9
$WORLDVIEW
 70
1
  9
$SHADEDGE
 70
3
  9
$SHADEDIF
 70
70
  9
$TILEMODE
 70
1
  9
$MAXACTVP
 70
64
  9
$PINSBASE
 10
0.0
 20
0.0
 30
0.0
  9
$PLIMCHECK
 70
0
  9
$PEXTMIN
 10
1e+20
 20
1e+20
 30
1e+20
  9
$PEXTMAX
 10
-1e+20
 20
-1e+20
 30
-1e+20
  9
$PLIMMIN
 10
0.0
 20
0.0
  9
$PLIMMAX
 10
12.0
 20
9.0
  9
$UNITMODE
 70
0
  9
$VISRETAIN
 70
1
  9
$PLINEGEN
 70
0
  9
$PSLTSCALE
 70
1
  9
$TREEDEPTH
 70
3020
  9
$CMLSTYLE
  2
Standard
  9
$CMLJUST
 70
0
  9
$CMLSCALE
 40
1.0
  9
$PROXYGRAPHICS
 70
1
  9
$MEASUREMENT
 70
0
  9
$CELWEIGHT
370
-1
  9
$ENDCAPS
280
0
  9
$JOINSTYLE
280
0
  9
$LWDISPLAY
290
0
  9
$INSUNITS
 70
6
  9
$HYPERLINKBASE
  1

  9
$STYLESHEET
  1

  9
$XEDIT
290
1
  9
$CEPSNTYPE
380
0
  9
$PSTYLEMODE
290
1
  9
$FINGERPRINTGUID
  2
{59A1BE1C-E95E-47F6-B305-240E3A527502}
  9
$VERSIONGUID
  2
{426D3A65-EFFC-4CE1-9D33-860F8470D2DB}
  9
$EXTNAMES
290
1
  9
$PSVPSCALE
 40
0.0
  9
$OLESTARTUP
290
0
  9
$SORTENTS
280
127
  9
$INDEXCTL
280
0
  9
$HIDETEXT
280
1
  9
$XCLIPFRAME
290
0
  9
$HALOGAP
280
0
  9
$OBSCOLOR
 70
257
  9
$OBSLTYPE
280
0
  9
$INTERSECTIONDISPLAY
280
0
  9
$INTERSECTIONCOLOR
 70
257
  9
$DIMASSOC
280
2
  9
$PROJECTNAME
  1

  0
ENDSEC
  0
SECTION
  2
CLASSES
  0
CLASS
  1
ACDBDICTIONARYWDFLT
  2
AcDbDictionaryWithDefault
  3
ObjectDBX Classes
 90
0
 91
4
280
0
281
0
  0
CLASS
  1
SUN
  2
AcDbSun
  3
SCENEOE
 90
1153
 91
0
280
0
281
0
  0
CLASS
  1
VISUALSTYLE
  2
AcDbVisualStyle
  3
ObjectDBX Classes
 90
4095
 91
0
280
0
281
0
  0
CLASS
  1
MATERIAL
  2
AcDbMaterial
  3
ObjectDBX Classes
 90
1153
 91
0
280
0
281
0
  0
CLASS
  1
SCALE
  2
AcDbScale
  3
ObjectDBX Classes
 90
1153
 91
0
280
0
281
0
  0
CLASS
  1
TABLESTYLE
  2
AcDbTableStyle
  3
ObjectDBX Classes
 90
4095
 91
0
280
0
281
0
  0
CLASS
  1
MLEADERSTYLE
  2
AcDbMLeaderStyle
  3
ACDB_MLEADERSTYLE_CLASS
 90
4095
 91
0
280
0
281
0
  0
CLASS
  1
DICTIONARYVAR
  2
AcDbDictionaryVar
  3
ObjectDBX Classes
 90
0
 91
0
280
0
281
0
  0
CLASS
  1
CELLSTYLEMAP
  2
AcDbCellStyleMap
  3
ObjectDBX Classes
 90
1152
 91
0
280
0
281
0
  0
CLASS
  1
MENTALRAYRENDERSETTINGS
  2
AcDbMentalRayRenderSettings
  3
SCENEOE
 90
1024
 91
0
280
0
281
0
  0
CLASS
  1
ACDBDETAILVIEWSTYLE
  2
AcDbDetailViewStyle
  3
ObjectDBX Classes
 90
1025
 91
0
280
0
281
0
  0
CLASS
  1
ACDBSECTIONVIEWSTYLE
  2
AcDbSectionViewStyle
  3
ObjectDBX Classes
 90
1025
 91
0
280
0
281
0
  0
CLASS
  1
RASTERVARIABLES
  2
AcDbRasterVariables
  3
ISM
 90
0
 91
0
280
0
281
0
  0
CLASS
  1
ACDBPLACEHOLDER
  2
AcDbPlaceHolder
  3
ObjectDBX Classes
 90
0
 91
0
280
0
281
0
  0
CLASS
  1
LAYOUT
  2
AcDbLayout
  3
ObjectDBX Classes
 90
0
 91
0
280
0
281
0
  0
ENDSEC
  0
SECTION
  2
TABLES
  0
TABLE
  2
VPORT
  5
8
330
0
100
AcDbSymbolTable
 70
1
  0
VPORT
  5
29
330
8
100
AcDbSymbolTableRecord
100
AcDbViewportTableRecord
  2
*Active
 70
0
 10
0.0
 20
0.0
 11
1.0
 21
1.0
 12
80.25
 22
106.4409457059851
 13
0.0
 23
0.0
 14
0.5
 24
0.5
 15
0.5
 25
0.5
 16
0.0
 26
0.0
 36
1.0
 17
0.0
 27
0.0
 37
0.0
 40
113.3818914119703
 41
0.8863849310366128
 42
50.0
 43
0.0
 44
0.0
 50
0.0
 51
0.0
 71
0
 72
1000
 73
1
 74
3
 75
0
 76
0
 77
0
 78
0
281
0
 65
1
110
0.0
120
0.0
130
0.0
111
1.0
121
0.0
131
0.0
112
0.0
122
1.0
132
0.0
 79
0
146
0.0
  0
ENDTAB
  0
TABLE
  2
LTYPE
  5
5
330
0
100
AcDbSymbolTable
 70
3
  0
LTYPE
  5
14
330
5
100
AcDbSymbolTableRecord
100
AcDbLinetypeTableRecord
  2
ByBlock
 70
0
  3

 72
65
 73
0
 40
0.0
  0
LTYPE
  5
15
330
5
100
AcDbSymbolTableRecord
100
AcDbLinetypeTableRecord
  2
ByLayer
 70
0
  3

 72
65
 73
0
 40
0.0
  0
LTYPE
  5
16
330
5
100
AcDbSymbolTableRecord
100
AcDbLinetypeTableRecord
  2
Continuous
 70
0
  3
Solid line
 72
65
 73
0
 40
0.0
  0
ENDTAB
  0
TABLE
  2
LAYER
  5
2
330
0
100
AcDbSymbolTable
 70
12
  0
LAYER
  5
10
330
2
100
AcDbSymbolTableRecord
100
AcDbLayerTableRecord
  2
0
 70
0
 62
7
  6
Continuous
370
-3
390
F
  0
LAYER
  5
20154
330
2
100
AcDbSymbolTableRecord
100
AcDbLayerTableRecord
  2
manzanas
 70
0
 62
250
420
4210752
  6
Continuous
370
-3
390
F
  0
LAYER
  5
20155
330
2
100
AcDbSymbolTableRecord
100
AcDbLayerTableRecord
  2
parcelas
 70
0
 62
252
420
6316128
  6
Continuous
370
-3
390
F
  0
LAYER
  5
20156
330
2
100
AcDbSymbolTableRecord
100
AcDbLayerTableRecord
  2
lfi
 70
0
 62
141
420
3504561
  6
Continuous
370
-3
390
F
  0
LAYER
  5
20157
330
2
100
AcDbSymbolTableRecord
100
AcDbLayerTableRecord
  2
lib
 70
0
 62
2
420
16765702
  6
Continuous
370
-3
390
F
  0
LAYER
  5
20158
330
2
100
AcDbSymbolTableRecord
100
AcDbLayerTableRecord
  2
Irregular
 70
0
 62
1
420
14948892
  6
Continuous
370
-3
390
F
  0
LAYER
  5
20159
330
2
100
AcDbSymbolTableRecord
100
AcDbLayerTableRecord
  2
banda_minima
 70
0
 62
1
420
14948892
  6
Continuous
370
-3
390
F
  0
LAYER
  5
2015A
330
2
100
AcDbSymbolTableRecord
100
AcDbLayerTableRecord
  2
ldf
 70
0
 62
7
  6
Continuous
370
-3
390
F
  0
LAYER
  5
2015B
330
2
100
AcDbSymbolTableRecord
100
AcDbLayerTableRecord
  2
mdr_tejidoconsolidado
 70
0
 62
9
420
12632256
  6
Continuous
370
-3
390
F
1001
AcCmTransparency
1071
33554559
  0
LAYER
  5
2015C
330
2
100
AcDbSymbolTableRecord
100
AcDbLayerTableRecord
  2
mdr_tejidoparairregular
 70
0
 62
8
420
8421504
  6
Continuous
370
-3
390
F
1001
AcCmTransparency
1071
33554559
  0
LAYER
  5
2015D
330
2
100
AcDbSymbolTableRecord
100
AcDbLayerTableRecord
  2
tejido
 70
0
 62
8
420
8421504
  6
Continuous
370
-3
390
F
  0
LAYER
  5
20167
330
2
100
AcDbSymbolTableRecord
100
AcDbLayerTableRecord
  2
Defpoints
 70
0
 62
7
  6
Continuous
290
0
370
-3
390
F
  0
ENDTAB
  0
TABLE
  2
STYLE
  5
3
330
0
100
AcDbSymbolTable
 70
2
  0
STYLE
  5
11
330
3
100
AcDbSymbolTableRecord
100
AcDbTextStyleTableRecord
  2
Standard
 70
0
 40
0.0
 41
1.0
 50
0.0
 71
0
 42
0.2
  3
txt
  4

  0
STYLE
  5
20179
330
3
100
AcDbSymbolTableRecord
100
AcDbTextStyleTableRecord
  2
ArialBold
 70
0
 40
0.0
 41
1.0
 50
0.0
 71
0
 42
2.5
  3
Arial.ttf
  4

1001
ACAD
1000
Arial
1071
33554466
  0
ENDTAB
  0
TABLE
  2
VIEW
  5
6
330
0
100
AcDbSymbolTable
 70
0
  0
ENDTAB
  0
TABLE
  2
UCS
  5
7
330
0
100
AcDbSymbolTable
 70
0
  0
ENDTAB
  0
TABLE
  2
APPID
  5
9
330
0
100
AcDbSymbolTable
 70
4
  0
APPID
  5
12
330
9
100
AcDbSymbolTableRecord
100
AcDbRegAppTableRecord
  2
ACAD
 70
0
  0
APPID
  5
20169
330
9
100
AcDbSymbolTableRecord
100
AcDbRegAppTableRecord
  2
AcCmTransparency
 70
0
  0
APPID
  5
20265
330
9
100
AcDbSymbolTableRecord
100
AcDbRegAppTableRecord
  2
HATCHBACKGROUNDCOLOR
 70
0
  0
APPID
  5
20266
330
9
100
AcDbSymbolTableRecord
100
AcDbRegAppTableRecord
  2
EZDXF
 70
0
  0
ENDTAB
  0
TABLE
  2
DIMSTYLE
  5
A
330
0
100
AcDbSymbolTable
 70
1
100
AcDbDimStyleTable
  0
DIMSTYLE
105
27
330
A
100
AcDbSymbolTableRecord
100
AcDbDimStyleTableRecord
  2
Standard
 70
0
  3

  4

 40
1.0
 41
2.5
 42
0.625
 43
3.75
 44
1.25
 45
0.0
 46
0.0
 47
0.0
 48
0.0
140
2.5
141
2.5
142
0.0
143
0.03937007874
144
1.0
145
0.0
146
1.0
147
0.625
148
0.0
 71
0
 72
0
 73
0
 74
0
 75
0
 76
0
 77
1
 78
8
 79
3
170
0
171
3
172
1
173
0
174
0
175
0
176
0
177
0
178
0
179
2
271
2
272
2
273
2
274
3
275
0
276
0
277
2
278
44
279
0
280
0
281
0
282
0
283
0
284
8
285
0
286
0
288
0
289
3
340
11
371
-2
372
-2
  0
ENDTAB
  0
TABLE
  2
BLOCK_RECORD
  5
1
330
0
100
AcDbSymbolTable
 70
2
  0
BLOCK_RECORD
  5
1F
330
1
100
AcDbSymbolTableRecord
100
AcDbBlockTableRecord
  2
*Model_Space
340
22
  0
BLOCK_RECORD
  5
1B
330
1
100
AcDbSymbolTableRecord
100
AcDbBlockTableRecord
  2
*Paper_Space
340
1E
  0
ENDTAB
  0
ENDSEC
  0
SECTION
  2
BLOCKS
  0
BLOCK
  5
20
330
1F
100
AcDbEntity
  8
0
100
AcDbBlockBegin
  2
*Model_Space
 70
0
 10
0.0
 20
0.0
 30
0.0
  3
*Model_Space
  1

  0
ENDBLK
  5
21
330
1F
100
AcDbEntity
  8
0
100
AcDbBlockEnd
  0
BLOCK
  5
1C
330
1B
100
AcDbEntity
 67
1
  8
0
100
AcDbBlockBegin
  2
*Paper_Space
 70
0
 10
0.0
 20
0.0
 30
0.0
  3
*Paper_Space
  1

  0
ENDBLK
  5
1D
330
1B
100
AcDbEntity
 67
1
  8
0
100
AcDbBlockEnd
  0
ENDSEC
  0
SECTION
  2
ENTITIES
  0
LWPOLYLINE
  5
20000
330
1F
100
AcDbEntity
  8
manzanas
100
AcDbPolyline
 90
5
 70
1
 10
6367605.08825824
 20
6173856.00948044
 10
6367692.52742166
 20
6173788.63234536
 10
6367638.32883529
 20
6173720.25918521
 10
6367552.31198607
 20
6173785.42619785
 10
6367605.08825824
 20
6173856.00948044
  0
LWPOLYLINE
  5
20001
330
1F
100
AcDbEntity
  8
parcelas
100
AcDbPolyline
 90
23
 70
1
 10
6367646.3896599
 20
6173824.22278265
 10
6367660.20850677
 20
6173813.56252695
 10
6367659.16099194
 20
6173812.16650588
 10
6367656.3939226
 20
6173808.47864181
 10
6367656.23278086
 20
6173808.2639388
 10
6367654.79330352
 20
6173806.34577259
 10
6367652.90711534
 20
6173803.83164456
 10
6367651.19559945
 20
6173801.55112158
 10
6367650.41796789
 20
6173800.51432493
 10
6367648.02391692
 20
6173797.32362335
 10
6367647.54294705
 20
6173796.68265084
 10
6367644.45750492
 20
6173792.57163907
 10
6367636.06484326
 20
6173781.38548156
 10
6367633.69874487
 20
6173778.23319689
 10
6367620.02053508
 20
6173789.12856454
 10
6367631.68148696
 20
6173804.64745402
 10
6367634.05400521
 20
6173807.80543332
 10
6367635.7797852
 20
6173810.10256834
 10
6367636.45007837
 20
6173810.99466379
 10
6367642.27113458
 20
6173818.74146732
 10
6367643.49454367
 20
6173820.36961075
 10
6367645.20109105
 20
6173822.64095877
 10
6367646.3896599
 20
6173824.22278265
  0
LWPOLYLINE
  5
20002
330
1F
100
AcDbEntity
  8
parcelas
100
AcDbPolyline
 90
30
 70
1
 10
6367624.05913534
 20
6173823.48809163
 10
6367621.43283231
 20
6173819.92990786
 10
6367620.17804986
 20
6173818.23018689
 10
6367616.15471612
 20
6173812.77915958
 10
6367611.96550748
 20
6173816.01451773
 10
6367611.06009029
 20
6173816.71362725
 10
6367603.37060285
 20
6173822.6521521
 10
6367602.51778557
 20
6173823.31101064
 10
6367604.53783039
 20
6173826.04514849
 10
6367607.02978478
 20
6173829.41732667
 10
6367611.52512993
 20
6173835.4993935
 10
6367613.12527124
 20
6173837.66526654
 10
6367613.53439095
 20
6173838.21837012
 10
6367614.24666161
 20
6173839.18199656
 10
6367616.58752615
 20
6173842.34992045
 10
6367617.67556485
 20
6173843.82115273
 10
6367618.87738482
 20
6173845.44808309
 10
6367621.91125029
 20
6173843.10827709
 10
6367622.73068704
 20
6173842.47494322
 10
6367624.40088278
 20
6173841.18672226
 10
6367627.22939261
 20
6173839.00499255
 10
6367628.01239062
 20
6173838.40114034
 10
6367628.90160305
 20
6173837.71580049
 10
6367629.34368001
 20
6173837.37509457
 10
6367632.50705224
 20
6173834.93413216
 10
6367630.18977033
 20
6173831.79555938
 10
6367627.59979028
 20
6173828.28491715
 10
6367626.06148233
 20
6173826.2009661
 10
6367625.96044168
 20
6173826.06345841
 10
6367624.05913534
 20
6173823.48809163
  0
LWPOLYLINE
  5
20003
330
1F
100
AcDbEntity
  8
parcelas
100
AcDbPolyline
 90
20
 70
1
 10
6367616.58752615
 20
6173842.34992045
 10
6367614.24666161
 20
6173839.18199656
 10
6367613.53439095
 20
6173838.21837012
 10
6367613.12527124
 20
6173837.66526654
 10
6367611.52512993
 20
6173835.4993935
 10
6367609.69523557
 20
6173836.90133778
 10
6367608.02821396
 20
6173838.17760091
 10
6367607.48399544
 20
6173838.59485194
 10
6367606.28025602
 20
6173839.51671189
 10
6367604.45442005
 20
6173840.91471374
 10
6367606.46143436
 20
6173843.58164113
 10
6367609.53033941
 20
6173847.66040298
 10
6367609.99946603
 20
6173848.28339817
 10
6367610.63050991
 20
6173849.12280817
 10
6367611.91029535
 20
6173850.82289134
 10
6367612.50817184
 20
6173850.36140332
 10
6367618.47476141
 20
6173845.75835075
 10
6367618.87738482
 20
6173845.44808309
 10
6367617.67556485
 20
6173843.82115273
 10
6367616.58752615
 20
6173842.34992045
  0
LWPOLYLINE
  5
20004
330
1F
100
AcDbEntity
  8
parcelas
100
AcDbPolyline
 90
15
 70
1
 10
6367597.6537974
 20
6173846.12287989
 10
6367598.90098497
 20
6173847.79448182
 10
6367599.97842829
 20
6173849.23755166
 10
6367602.50518399
 20
6173852.62423844
 10
6367604.92193191
 20
6173852.97135597
 10
6367608.4646895
 20
6173853.48083564
 10
6367611.91029535
 20
6173850.82289134
 10
6367610.63050991
 20
6173849.12280817
 10
6367609.99946603
 20
6173848.28339817
 10
6367609.53033941
 20
6173847.66040298
 10
6367606.46143436
 20
6173843.58164113
 10
6367604.45442005
 20
6173840.91471374
 10
6367603.53189957
 20
6173841.62057778
 10
6367601.67266867
 20
6173843.04510445
 10
6367597.6537974
 20
6173846.12287989
  0
LWPOLYLINE
  5
20005
330
1F
100
AcDbEntity
  8
parcelas
100
AcDbPolyline
 90
27
 70
1
 10
6367583.36261043
 20
6173826.97172542
 10
6367583.54413864
 20
6173827.21543308
 10
6367588.33959105
 20
6173833.64195802
 10
6367588.63300175
 20
6173834.03433402
 10
6367589.6193408
 20
6173833.27337667
 10
6367590.85051804
 20
6173832.32190462
 10
6367592.49242106
 20
6173831.05328005
 10
6367594.28606521
 20
6173829.66781594
 10
6367596.17479214
 20
6173828.20970578
 10
6367598.01091915
 20
6173826.79184666
 10
6367602.51778557
 20
6173823.31101064
 10
6367603.37060285
 20
6173822.6521521
 10
6367611.06009029
 20
6173816.71362725
 10
6367611.96550748
 20
6173816.01451773
 10
6367616.15471612
 20
6173812.77915958
 10
6367615.10202946
 20
6173811.35345386
 10
6367610.98748235
 20
6173805.7770649
 10
6367606.78341682
 20
6173809.00220453
 10
6367606.64382193
 20
6173809.10921686
 10
6367605.73441876
 20
6173809.8072683
 10
6367598.75057282
 20
6173815.16482772
 10
6367597.05821498
 20
6173816.46373106
 10
6367592.31598942
 20
6173820.1022085
 10
6367587.12259885
 20
6173824.08726226
 10
6367585.47779687
 20
6173825.34884256
 10
6367584.24367722
 20
6173826.29627068
 10
6367583.36261043
 20
6173826.97172542
  0
LWPOLYLINE
  5
20006
330
1F
100
AcDbEntity
  8
parcelas
100
AcDbPolyline
 90
40
 70
1
 10
6367572.91799854
 20
6173812.97494175
 10
6367573.16428785
 20
6173813.30561542
 10
6367577.91166211
 20
6173819.66742361
 10
6367578.09221919
 20
6173819.90911657
 10
6367579.76793773
 20
6173818.65398617
 10
6367580.80047035
 20
6173817.880694
 10
6367581.15342179
 20
6173817.61572139
 10
6367581.978642
 20
6173816.99747611
 10
6367582.66631102
 20
6173816.48327183
 10
6367584.87398596
 20
6173814.82871856
 10
6367587.35469061
 20
6173812.97105491
 10
6367592.2584849
 20
6173809.29690638
 10
6367594.78571632
 20
6173807.40390542
 10
6367595.60083396
 20
6173806.79251607
 10
6367597.04193274
 20
6173805.71304374
 10
6367598.07749465
 20
6173804.93779492
 10
6367598.56392437
 20
6173804.57372395
 10
6367599.92513039
 20
6173803.55411362
 10
6367605.02613445
 20
6173799.7317744
 10
6367605.99393536
 20
6173799.00756049
 10
6367605.75348735
 20
6173798.68797501
 10
6367605.22349874
 20
6173797.98507249
 10
6367601.36343071
 20
6173792.86451563
 10
6367600.97673398
 20
6173792.35174972
 10
6367600.56844055
 20
6173791.81066188
 10
6367599.61556882
 20
6173792.54009371
 10
6367594.48099597
 20
6173796.46998117
 10
6367593.13058824
 20
6173797.50375244
 10
6367591.62138064
 20
6173798.65826228
 10
6367590.19206577
 20
6173799.75291015
 10
6367586.35225686
 20
6173802.69223439
 10
6367584.82685908
 20
6173803.85951387
 10
6367582.30206273
 20
6173805.79156268
 10
6367577.88264001
 20
6173809.1746339
 10
6367577.43047489
 20
6173809.5211956
 10
6367576.74870508
 20
6173810.0424876
 10
6367575.92935509
 20
6173810.66982081
 10
6367575.59857998
 20
6173810.92311089
 10
6367574.57388881
 20
6173811.7075202
 10
6367572.91799854
 20
6173812.97494175
  0
LWPOLYLINE
  5
20007
330
1F
100
AcDbEntity
  8
parcelas
100
AcDbPolyline
 90
25
 70
1
 10
6367559.29323568
 20
6173780.14004244
 10
6367560.32834062
 20
6173781.53648446
 10
6367561.45963058
 20
6173783.06036065
 10
6367562.6438542
 20
6173784.65902758
 10
6367562.92742315
 20
6173785.04025752
 10
6367564.08026633
 20
6173786.59545594
 10
6367565.70997614
 20
6173788.79176765
 10
6367566.90108461
 20
6173790.39853687
 10
6367567.63058428
 20
6173789.82792042
 10
6367568.53020964
 20
6173790.97832094
 10
6367570.49742175
 20
6173793.49262344
 10
6367576.5433404
 20
6173788.79969153
 10
6367574.15544189
 20
6173785.63308594
 10
6367573.81780876
 20
6173785.18605177
 10
6367572.99240925
 20
6173784.09074411
 10
6367570.97843794
 20
6173781.42071425
 10
6367570.08432037
 20
6173780.23538228
 10
6367569.55334612
 20
6173779.53146505
 10
6367568.32946589
 20
6173777.9082158
 10
6367567.18605872
 20
6173776.39216663
 10
6367566.11626874
 20
6173774.97321498
 10
6367566.01309808
 20
6173775.05174576
 10
6367562.9454596
 20
6173777.37505702
 10
6367559.56935271
 20
6173779.93097486
 10
6367559.29323568
 20
6173780.14004244
  0
LWPOLYLINE
  5
20008
330
1F
100
AcDbEntity
  8
parcelas
100
AcDbPolyline
 90
33
 70
1
 10
6367583.41278337
 20
6173783.46748332
 10
6367584.5956298
 20
6173785.02311638
 10
6367586.63641568
 20
6173787.7065388
 10
6367588.08724952
 20
6173789.61416663
 10
6367588.69291351
 20
6173790.41019526
 10
6367591.14638341
 20
6173788.56814236
 10
6367593.84763389
 20
6173786.53961871
 10
6367595.60834723
 20
6173785.21769826
 10
6367592.15276065
 20
6173780.62516954
 10
6367589.64425424
 20
6173777.29076315
 10
6367588.17996959
 20
6173775.34492816
 10
6367586.99638395
 20
6173773.77127859
 10
6367584.80388499
 20
6173770.85758457
 10
6367582.85774775
 20
6173768.26956364
 10
6367582.36899579
 20
6173767.62027555
 10
6367581.76739026
 20
6173766.82030438
 10
6367581.19619403
 20
6173766.061787
 10
6367580.92532225
 20
6173765.70174779
 10
6367580.75847694
 20
6173765.4802599
 10
6367579.99296847
 20
6173764.46284475
 10
6367577.41789093
 20
6173766.4131708
 10
6367575.70453043
 20
6173767.71176965
 10
6367572.99291626
 20
6173769.76515111
 10
6367573.93134321
 20
6173770.99914055
 10
6367574.20422972
 20
6173771.35820863
 10
6367576.0673429
 20
6173773.80798262
 10
6367576.65532368
 20
6173774.58174802
 10
6367577.26197327
 20
6173775.37879131
 10
6367579.25956573
 20
6173778.00557001
 10
6367580.1371306
 20
6173779.15965215
 10
6367582.28588542
 20
6173781.98568438
 10
6367582.70994877
 20
6173782.5430059
 10
6367583.41278337
 20
6173783.46748332
  0
LWPOLYLINE
  5
20009
330
1F
100
AcDbEntity
  8
parcelas
100
AcDbPolyline
 90
48
 70
1
 10
6367581.76739026
 20
6173766.82030438
 10
6367582.36899579
 20
6173767.62027555
 10
6367582.85774775
 20
6173768.26956364
 10
6367584.80388499
 20
6173770.85758457
 10
6367586.99638395
 20
6173773.77127859
 10
6367588.17996959
 20
6173775.34492816
 10
6367589.64425424
 20
6173777.29076315
 10
6367592.15276065
 20
6173780.62516954
 10
6367595.60834723
 20
6173785.21769826
 10
6367596.48376695
 20
6173786.38175245
 10
6367598.10802658
 20
6173788.53997276
 10
6367598.82937057
 20
6173789.49872923
 10
6367600.0198266
 20
6173791.08148112
 10
6367600.56844055
 20
6173791.81066188
 10
6367600.97673398
 20
6173792.35174972
 10
6367601.36343071
 20
6173792.86451563
 10
6367605.22349874
 20
6173797.98507249
 10
6367605.75348735
 20
6173798.68797501
 10
6367605.99393536
 20
6173799.00756049
 10
6367606.37845798
 20
6173799.53229873
 10
6367612.94708508
 20
6173794.52583807
 10
6367620.02053508
 20
6173789.12856454
 10
6367619.39244825
 20
6173788.29219825
 10
6367614.66997685
 20
6173782.00677565
 10
6367613.76120554
 20
6173780.79722382
 10
6367612.99668272
 20
6173779.78082342
 10
6367612.52561398
 20
6173779.1537987
 10
6367611.80428454
 20
6173778.19404213
 10
6367610.18203977
 20
6173776.03485074
 10
6367609.88567231
 20
6173775.63943091
 10
6367608.91211094
 20
6173774.34491327
 10
6367605.8992278
 20
6173770.33498423
 10
6367605.6097307
 20
6173769.94866683
 10
6367603.74311
 20
6173767.46483133
 10
6367601.93046653
 20
6173765.0528007
 10
6367599.61240257
 20
6173761.96823308
 10
6367597.79977361
 20
6173759.55520228
 10
6367596.56419659
 20
6173757.91077688
 10
6367595.47288257
 20
6173756.45850282
 10
6367594.46498394
 20
6173755.11747275
 10
6367593.69164855
 20
6173754.08794035
 10
6367593.39126802
 20
6173754.31466209
 10
6367580.51182208
 20
6173764.07023432
 10
6367579.99296847
 20
6173764.46284475
 10
6367580.75847694
 20
6173765.4802599
 10
6367580.92532225
 20
6173765.70174779
 10
6367581.19619403
 20
6173766.061787
 10
6367581.76739026
 20
6173766.82030438
  0
LWPOLYLINE
  5
2000A
330
1F
100
AcDbEntity
  8
parcelas
100
AcDbPolyline
 90
30
 70
1
 10
6367614.55828256
 20
6173738.28312287
 10
6367607.64522568
 20
6173743.51866672
 10
6367608.8464363
 20
6173745.11858003
 10
6367610.82782363
 20
6173747.75912835
 10
6367611.82390922
 20
6173749.08698304
 10
6367613.54623777
 20
6173751.38066747
 10
6367613.85338905
 20
6173751.79124839
 10
6367616.08110908
 20
6173754.75946996
 10
6367617.3117579
 20
6173756.39882226
 10
6367617.76417226
 20
6173757.001569
 10
6367619.6297637
 20
6173759.48739019
 10
6367622.59351048
 20
6173763.43658792
 10
6367623.86145346
 20
6173765.12549626
 10
6367627.03619557
 20
6173769.3558404
 10
6367633.69874487
 20
6173778.23319689
 10
6367640.57833233
 20
6173772.75308943
 10
6367638.92551905
 20
6173770.56344565
 10
6367638.13052907
 20
6173769.50959197
 10
6367635.21845505
 20
6173765.65317275
 10
6367633.30849628
 20
6173763.12269474
 10
6367631.06287573
 20
6173760.14721177
 10
6367630.96277726
 20
6173760.01371899
 10
6367628.10568062
 20
6173756.229119
 10
6367624.26022399
 20
6173751.13578237
 10
6367623.02451671
 20
6173749.50035807
 10
6367622.03028646
 20
6173748.18253353
 10
6367620.82501746
 20
6173746.58656278
 10
6367617.75201201
 20
6173742.51474287
 10
6367615.76353705
 20
6173739.8800938
 10
6367614.55828256
 20
6173738.28312287
  0
LWPOLYLINE
  5
2000B
330
1F
100
AcDbEntity
  8
parcelas
100
AcDbPolyline
 90
19
 70
1
 10
6367614.55828256
 20
6173738.28312287
 10
6367615.76353705
 20
6173739.8800938
 10
6367617.75201201
 20
6173742.51474287
 10
6367620.82501746
 20
6173746.58656278
 10
6367622.03028646
 20
6173748.18253353
 10
6367623.99828303
 20
6173746.63854468
 10
6367626.15448846
 20
6173744.94623448
 10
6367626.64726667
 20
6173744.55824792
 10
6367629.48645939
 20
6173742.32965882
 10
6367631.40385624
 20
6173740.82595003
 10
6367634.75807594
 20
6173738.19269138
 10
6367632.91571939
 20
6173735.76022387
 10
6367631.69469508
 20
6173734.14701937
 10
6367630.67879579
 20
6173732.80587346
 10
6367629.78560624
 20
6173731.62555662
 10
6367628.69904666
 20
6173730.19035697
 10
6367627.43874249
 20
6173728.52656722
 10
6367621.75051469
 20
6173732.83455479
 10
6367614.55828256
 20
6173738.28312287
  0
LWPOLYLINE
  5
2000C
330
1F
100
AcDbEntity
  8
parcelas
100
AcDbPolyline
 90
21
 70
1
 10
6367637.93482011
 20
6173723.29992777
 10
6367634.9050478
 20
6173722.87190347
 10
6367633.2999166
 20
6173724.08804308
 10
6367630.09372709
 20
6173726.51537974
 10
6367627.43874249
 20
6173728.52656722
 10
6367628.69904666
 20
6173730.19035697
 10
6367629.78560624
 20
6173731.62555662
 10
6367630.67879579
 20
6173732.80587346
 10
6367631.69469508
 20
6173734.14701937
 10
6367632.91571939
 20
6173735.76022387
 10
6367634.75807594
 20
6173738.19269138
 10
6367637.72474626
 20
6173735.86491711
 10
6367638.89138032
 20
6173734.94952225
 10
6367640.95147381
 20
6173733.33184397
 10
6367644.03754839
 20
6173730.90976912
 10
6367645.70300478
 20
6173729.60347441
 10
6367644.52415951
 20
6173728.11692158
 10
6367641.66546953
 20
6173724.51135582
 10
6367641.05442849
 20
6173723.74125762
 10
6367638.40998899
 20
6173723.36783249
 10
6367637.93482011
 20
6173723.29992777
  0
LWPOLYLINE
  5
2000D
330
1F
100
AcDbEntity
  8
parcelas
100
AcDbPolyline
 90
33
 70
1
 10
6367676.24491227
 20
6173768.11823527
 10
6367675.63682804
 20
6173767.35118106
 10
6367672.22701672
 20
6173763.0514103
 10
6367670.12180429
 20
6173760.39606424
 10
6367668.83980222
 20
6173758.77997585
 10
6367668.17866844
 20
6173757.94613175
 10
6367665.98209773
 20
6173755.17542527
 10
6367665.47814139
 20
6173754.53992152
 10
6367662.95122946
 20
6173756.54896345
 10
6367662.6000754
 20
6173756.82796646
 10
6367658.80212695
 20
6173759.84692135
 10
6367655.66196002
 20
6173762.34323666
 10
6367650.01410059
 20
6173766.83386779
 10
6367646.57742318
 20
6173769.56596393
 10
6367641.31918569
 20
6173773.7461394
 10
6367646.30203443
 20
6173780.42545955
 10
6367650.1692041
 20
6173785.60813863
 10
6367652.20729373
 20
6173788.3395368
 10
6367654.16393922
 20
6173790.96172018
 10
6367655.73073231
 20
6173789.69901004
 10
6367657.53033324
 20
6173788.24761159
 10
6367659.3612999
 20
6173786.77165962
 10
6367660.46857938
 20
6173785.87941231
 10
6367663.11837395
 20
6173783.74310925
 10
6367666.80967273
 20
6173780.7666229
 10
6367670.38861149
 20
6173777.88153841
 10
6367671.84608835
 20
6173776.70727333
 10
6367672.56471698
 20
6173776.12749671
 10
6367675.17908738
 20
6173774.01968984
 10
6367675.36835428
 20
6173773.86738252
 10
6367678.68413404
 20
6173771.1945544
 10
6367678.37175038
 20
6173770.79990291
 10
6367676.24491227
 20
6173768.11823527
  0
LWPOLYLINE
  5
2000E
330
1F
100
AcDbEntity
  8
parcelas
100
AcDbPolyline
 90
15
 70
1
 10
6367675.17908738
 20
6173774.01968984
 10
6367672.56471698
 20
6173776.12749671
 10
6367671.84608835
 20
6173776.70727333
 10
6367674.82899572
 20
6173780.43867789
 10
6367677.05930952
 20
6173783.2278788
 10
6367677.51518791
 20
6173783.79866531
 10
6367679.83194643
 20
6173786.69715338
 10
6367685.45289562
 20
6173793.72882837
 10
6367685.62877087
 20
6173793.94844636
 10
6367689.11184419
 20
6173791.25903605
 10
6367689.86843134
 20
6173785.2980833
 10
6367685.59315834
 20
6173779.90642648
 10
6367678.68413404
 20
6173771.1945544
 10
6367675.36835428
 20
6173773.86738252
 10
6367675.17908738
 20
6173774.01968984
  0
LWPOLYLINE
  5
2000F
330
1F
100
AcDbEntity
  8
parcelas
100
AcDbPolyline
 90
16
 70
1
 10
6367659.3612999
 20
6173786.77165962
 10
6367662.43747141
 20
6173790.77520695
 10
6367663.75620666
 20
6173790.79431497
 10
6367672.99138268
 20
6173803.69913193
 10
6367685.62877087
 20
6173793.94844636
 10
6367685.45289562
 20
6173793.72882837
 10
6367679.83194643
 20
6173786.69715338
 10
6367677.51518791
 20
6173783.79866531
 10
6367677.05930952
 20
6173783.2278788
 10
6367674.82899572
 20
6173780.43867789
 10
6367671.84608835
 20
6173776.70727333
 10
6367670.38861149
 20
6173777.88153841
 10
6367666.80967273
 20
6173780.7666229
 10
6367663.11837395
 20
6173783.74310925
 10
6367660.46857938
 20
6173785.87941231
 10
6367659.3612999
 20
6173786.77165962
  0
LWPOLYLINE
  5
20010
330
1F
100
AcDbEntity
  8
parcelas
100
AcDbPolyline
 90
17
 70
1
 10
6367672.99138268
 20
6173803.69913193
 10
6367663.75620666
 20
6173790.79431497
 10
6367662.43747141
 20
6173790.77520695
 10
6367659.3612999
 20
6173786.77165962
 10
6367657.53033324
 20
6173788.24761159
 10
6367655.73073231
 20
6173789.69901004
 10
6367654.16393922
 20
6173790.96172018
 10
6367655.29730155
 20
6173792.48062429
 10
6367656.79666253
 20
6173794.49098755
 10
6367660.38514806
 20
6173799.3005098
 10
6367662.20147309
 20
6173801.73460016
 10
6367662.64107442
 20
6173802.32415692
 10
6367663.35640315
 20
6173803.28382632
 10
6367663.6831654
 20
6173803.72169994
 10
6367664.41716294
 20
6173804.70464722
 10
6367667.07343976
 20
6173808.26526557
 10
6367672.99138268
 20
6173803.69913193
  0
LWPOLYLINE
  5
20011
330
1F
100
AcDbEntity
  8
parcelas
100
AcDbPolyline
 90
31
 70
1
 10
6367633.69874487
 20
6173778.23319689
 10
6367636.06484326
 20
6173781.38548156
 10
6367644.45750492
 20
6173792.57163907
 10
6367647.54294705
 20
6173796.68265084
 10
6367648.02391692
 20
6173797.32362335
 10
6367650.41796789
 20
6173800.51432493
 10
6367651.19559945
 20
6173801.55112158
 10
6367652.90711534
 20
6173803.83164456
 10
6367654.79330352
 20
6173806.34577259
 10
6367656.23278086
 20
6173808.2639388
 10
6367656.3939226
 20
6173808.47864181
 10
6367659.16099194
 20
6173812.16650588
 10
6367660.20850677
 20
6173813.56252695
 10
6367660.60405691
 20
6173813.25715849
 10
6367666.69509438
 20
6173808.55687881
 10
6367667.07343976
 20
6173808.26526557
 10
6367664.41716294
 20
6173804.70464722
 10
6367663.6831654
 20
6173803.72169994
 10
6367663.35640315
 20
6173803.28382632
 10
6367662.64107442
 20
6173802.32415692
 10
6367662.20147309
 20
6173801.73460016
 10
6367660.38514806
 20
6173799.3005098
 10
6367656.79666253
 20
6173794.49098755
 10
6367655.29730155
 20
6173792.48062429
 10
6367654.16393922
 20
6173790.96172018
 10
6367652.20729373
 20
6173788.3395368
 10
6367650.1692041
 20
6173785.60813863
 10
6367646.30203443
 20
6173780.42545955
 10
6367641.31918569
 20
6173773.7461394
 10
6367640.57833233
 20
6173772.75308943
 10
6367633.69874487
 20
6173778.23319689
  0
LWPOLYLINE
  5
20012
330
1F
100
AcDbEntity
  8
parcelas
100
AcDbPolyline
 90
24
 70
1
 10
6367621.90324732
 20
6173806.38037286
 10
6367624.13418554
 20
6173809.33363576
 10
6367624.61216815
 20
6173809.96676251
 10
6367626.98151363
 20
6173813.10208861
 10
6367630.67782363
 20
6173817.99519976
 10
6367633.18850427
 20
6173821.31763301
 10
6367635.29283375
 20
6173824.10300789
 10
6367637.15080152
 20
6173826.5627097
 10
6367639.43573154
 20
6173829.58677709
 10
6367643.98502221
 20
6173826.07754691
 10
6367646.3896599
 20
6173824.22278265
 10
6367645.20109105
 20
6173822.64095877
 10
6367643.49454367
 20
6173820.36961075
 10
6367642.27113458
 20
6173818.74146732
 10
6367636.45007837
 20
6173810.99466379
 10
6367635.7797852
 20
6173810.10256834
 10
6367634.05400521
 20
6173807.80543332
 10
6367631.68148696
 20
6173804.64745402
 10
6367620.02053508
 20
6173789.12856454
 10
6367612.94708508
 20
6173794.52583807
 10
6367618.83411111
 20
6173802.31761254
 10
6367619.29246826
 20
6173802.9244466
 10
6367620.69012204
 20
6173804.7742853
 10
6367621.90324732
 20
6173806.38037286
  0
LWPOLYLINE
  5
20013
330
1F
100
AcDbEntity
  8
parcelas
100
AcDbPolyline
 90
28
 70
1
 10
6367621.43283231
 20
6173819.92990786
 10
6367624.05913534
 20
6173823.48809163
 10
6367625.96044168
 20
6173826.06345841
 10
6367626.06148233
 20
6173826.2009661
 10
6367627.59979028
 20
6173828.28491715
 10
6367630.18977033
 20
6173831.79555938
 10
6367632.50705224
 20
6173834.93413216
 10
6367632.86314885
 20
6173834.65920193
 10
6367639.07963494
 20
6173829.8617073
 10
6367639.43573154
 20
6173829.58677709
 10
6367637.15080152
 20
6173826.5627097
 10
6367635.29283375
 20
6173824.10300789
 10
6367633.18850427
 20
6173821.31763301
 10
6367630.67782363
 20
6173817.99519976
 10
6367626.98151363
 20
6173813.10208861
 10
6367624.61216815
 20
6173809.96676251
 10
6367624.13418554
 20
6173809.33363576
 10
6367621.90324732
 20
6173806.38037286
 10
6367620.69012204
 20
6173804.7742853
 10
6367619.29246826
 20
6173802.9244466
 10
6367618.83411111
 20
6173802.31761254
 10
6367612.94708508
 20
6173794.52583807
 10
6367606.37845798
 20
6173799.53229873
 10
6367610.98748235
 20
6173805.7770649
 10
6367615.10202946
 20
6173811.35345386
 10
6367616.15471612
 20
6173812.77915958
 10
6367620.17804986
 20
6173818.23018689
 10
6367621.43283231
 20
6173819.92990786
  0
LWPOLYLINE
  5
20014
330
1F
100
AcDbEntity
  8
parcelas
100
AcDbPolyline
 90
22
 70
1
 10
6367588.63300175
 20
6173834.03433402
 10
6367591.05083175
 20
6173837.27539653
 10
6367595.22318328
 20
6173842.86662747
 10
6367597.6537974
 20
6173846.12287989
 10
6367601.67266867
 20
6173843.04510445
 10
6367603.53189957
 20
6173841.62057778
 10
6367604.45442005
 20
6173840.91471374
 10
6367606.28025602
 20
6173839.51671189
 10
6367607.48399544
 20
6173838.59485194
 10
6367608.02821396
 20
6173838.17760091
 10
6367609.69523557
 20
6173836.90133778
 10
6367611.52512993
 20
6173835.4993935
 10
6367607.02978478
 20
6173829.41732667
 10
6367604.53783039
 20
6173826.04514849
 10
6367602.51778557
 20
6173823.31101064
 10
6367598.01091915
 20
6173826.79184666
 10
6367596.17479214
 20
6173828.20970578
 10
6367594.28606521
 20
6173829.66781594
 10
6367592.49242106
 20
6173831.05328005
 10
6367590.85051804
 20
6173832.32190462
 10
6367589.6193408
 20
6173833.27337667
 10
6367588.63300175
 20
6173834.03433402
  0
LWPOLYLINE
  5
20015
330
1F
100
AcDbEntity
  8
parcelas
100
AcDbPolyline
 90
32
 70
1
 10
6367578.09221919
 20
6173819.90911657
 10
6367580.09695794
 20
6173822.59501747
 10
6367583.0034675
 20
6173826.49036872
 10
6367583.36261043
 20
6173826.97172542
 10
6367584.24367722
 20
6173826.29627068
 10
6367585.47779687
 20
6173825.34884256
 10
6367587.12259885
 20
6173824.08726226
 10
6367592.31598942
 20
6173820.1022085
 10
6367597.05821498
 20
6173816.46373106
 10
6367598.75057282
 20
6173815.16482772
 10
6367605.73441876
 20
6173809.8072683
 10
6367606.64382193
 20
6173809.10921686
 10
6367606.78341682
 20
6173809.00220453
 10
6367610.98748235
 20
6173805.7770649
 10
6367606.37845798
 20
6173799.53229873
 10
6367605.99393536
 20
6173799.00756049
 10
6367605.02613445
 20
6173799.7317744
 10
6367599.92513039
 20
6173803.55411362
 10
6367598.56392437
 20
6173804.57372395
 10
6367598.07749465
 20
6173804.93779492
 10
6367597.04193274
 20
6173805.71304374
 10
6367595.60083396
 20
6173806.79251607
 10
6367594.78571632
 20
6173807.40390542
 10
6367592.2584849
 20
6173809.29690638
 10
6367587.35469061
 20
6173812.97105491
 10
6367584.87398596
 20
6173814.82871856
 10
6367582.66631102
 20
6173816.48327183
 10
6367581.978642
 20
6173816.99747611
 10
6367581.15342179
 20
6173817.61572139
 10
6367580.80047035
 20
6173817.880694
 10
6367579.76793773
 20
6173818.65398617
 10
6367578.09221919
 20
6173819.90911657
  0
LWPOLYLINE
  5
20016
330
1F
100
AcDbEntity
  8
parcelas
100
AcDbPolyline
 90
35
 70
1
 10
6367567.79085586
 20
6173806.10546939
 10
6367567.9910384
 20
6173806.37345509
 10
6367571.22529586
 20
6173810.70769499
 10
6367572.91799854
 20
6173812.97494175
 10
6367574.57388881
 20
6173811.7075202
 10
6367575.59857998
 20
6173810.92311089
 10
6367575.92935509
 20
6173810.66982081
 10
6367576.74870508
 20
6173810.0424876
 10
6367577.43047489
 20
6173809.5211956
 10
6367577.88264001
 20
6173809.1746339
 10
6367582.30206273
 20
6173805.79156268
 10
6367584.82685908
 20
6173803.85951387
 10
6367586.35225686
 20
6173802.69223439
 10
6367590.19206577
 20
6173799.75291015
 10
6367591.62138064
 20
6173798.65826228
 10
6367593.13058824
 20
6173797.50375244
 10
6367594.48099597
 20
6173796.46998117
 10
6367599.61556882
 20
6173792.54009371
 10
6367600.56844055
 20
6173791.81066188
 10
6367600.0198266
 20
6173791.08148112
 10
6367598.82937057
 20
6173789.49872923
 10
6367598.10802658
 20
6173788.53997276
 10
6367596.48376695
 20
6173786.38175245
 10
6367595.60834723
 20
6173785.21769826
 10
6367593.84763389
 20
6173786.53961871
 10
6367591.14638341
 20
6173788.56814236
 10
6367588.69291351
 20
6173790.41019526
 10
6367587.49247852
 20
6173791.31109622
 10
6367587.09300027
 20
6173791.6114062
 10
6367583.00117813
 20
6173794.6841228
 10
6367581.99592379
 20
6173795.43880403
 10
6367581.16157212
 20
6173796.06591983
 10
6367579.62537593
 20
6173797.21903833
 10
6367572.6310639
 20
6173802.47041223
 10
6367567.79085586
 20
6173806.10546939
  0
LWPOLYLINE
  5
20017
330
1F
100
AcDbEntity
  8
parcelas
100
AcDbPolyline
 90
21
 70
1
 10
6367586.63641568
 20
6173787.7065388
 10
6367584.5956298
 20
6173785.02311638
 10
6367583.41278337
 20
6173783.46748332
 10
6367580.35339258
 20
6173785.84293074
 10
6367576.77603238
 20
6173788.61900406
 10
6367576.5433404
 20
6173788.79969153
 10
6367570.49742175
 20
6173793.49262344
 10
6367568.80586089
 20
6173794.80554282
 10
6367565.67059222
 20
6173797.2399103
 10
6367562.82367375
 20
6173799.44938235
 10
6367567.79085586
 20
6173806.10546939
 10
6367572.6310639
 20
6173802.47041223
 10
6367579.62537593
 20
6173797.21903833
 10
6367581.16157212
 20
6173796.06591983
 10
6367581.99592379
 20
6173795.43880403
 10
6367583.00117813
 20
6173794.6841228
 10
6367587.09300027
 20
6173791.6114062
 10
6367587.49247852
 20
6173791.31109622
 10
6367588.69291351
 20
6173790.41019526
 10
6367588.08724952
 20
6173789.61416663
 10
6367586.63641568
 20
6173787.7065388
  0
LWPOLYLINE
  5
20018
330
1F
100
AcDbEntity
  8
parcelas
100
AcDbPolyline
 90
21
 70
1
 10
6367555.95480844
 20
6173790.24393041
 10
6367557.44044368
 20
6173792.23508936
 10
6367561.62750669
 20
6173797.84654113
 10
6367562.82367375
 20
6173799.44938235
 10
6367565.67059222
 20
6173797.2399103
 10
6367568.80586089
 20
6173794.80554282
 10
6367570.49742175
 20
6173793.49262344
 10
6367568.53020964
 20
6173790.97832094
 10
6367567.63058428
 20
6173789.82792042
 10
6367566.90108461
 20
6173790.39853687
 10
6367565.70997614
 20
6173788.79176765
 10
6367564.08026633
 20
6173786.59545594
 10
6367562.92742315
 20
6173785.04025752
 10
6367562.6438542
 20
6173784.65902758
 10
6367561.45963058
 20
6173783.06036065
 10
6367560.32834062
 20
6173781.53648446
 10
6367559.29323568
 20
6173780.14004244
 10
6367556.18314326
 20
6173782.49374862
 10
6367555.72091899
 20
6173782.84416584
 10
6367554.83518646
 20
6173788.74323068
 10
6367555.95480844
 20
6173790.24393041
  0
LWPOLYLINE
  5
20019
330
1F
100
AcDbEntity
  8
parcelas
100
AcDbPolyline
 90
25
 70
1
 10
6367566.11626874
 20
6173774.97321498
 10
6367567.18605872
 20
6173776.39216663
 10
6367568.32946589
 20
6173777.9082158
 10
6367569.55334612
 20
6173779.53146505
 10
6367570.08432037
 20
6173780.23538228
 10
6367570.97843794
 20
6173781.42071425
 10
6367572.99240925
 20
6173784.09074411
 10
6367573.81780876
 20
6173785.18605177
 10
6367574.15544189
 20
6173785.63308594
 10
6367576.5433404
 20
6173788.79969153
 10
6367576.77603238
 20
6173788.61900406
 10
6367580.35339258
 20
6173785.84293074
 10
6367583.41278337
 20
6173783.46748332
 10
6367582.70994877
 20
6173782.5430059
 10
6367582.28588542
 20
6173781.98568438
 10
6367580.1371306
 20
6173779.15965215
 10
6367579.25956573
 20
6173778.00557001
 10
6367577.26197327
 20
6173775.37879131
 10
6367576.65532368
 20
6173774.58174802
 10
6367576.0673429
 20
6173773.80798262
 10
6367574.20422972
 20
6173771.35820863
 10
6367573.93134321
 20
6173770.99914055
 10
6367572.99291626
 20
6173769.76515111
 10
6367567.68901975
 20
6173773.782614
 10
6367566.11626874
 20
6173774.97321498
  0
LWPOLYLINE
  5
2001A
330
1F
100
AcDbEntity
  8
parcelas
100
AcDbPolyline
 90
35
 70
1
 10
6367613.54623777
 20
6173751.38066747
 10
6367611.82390922
 20
6173749.08698304
 10
6367610.82782363
 20
6173747.75912835
 10
6367608.8464363
 20
6173745.11858003
 10
6367607.64522568
 20
6173743.51866672
 10
6367593.69164855
 20
6173754.08794035
 10
6367594.46498394
 20
6173755.11747275
 10
6367595.47288257
 20
6173756.45850282
 10
6367596.56419659
 20
6173757.91077688
 10
6367597.79977361
 20
6173759.55520228
 10
6367599.61240257
 20
6173761.96823308
 10
6367601.93046653
 20
6173765.0528007
 10
6367603.74311
 20
6173767.46483133
 10
6367605.6097307
 20
6173769.94866683
 10
6367605.8992278
 20
6173770.33498423
 10
6367608.91211094
 20
6173774.34491327
 10
6367609.88567231
 20
6173775.63943091
 10
6367610.18203977
 20
6173776.03485074
 10
6367611.80428454
 20
6173778.19404213
 10
6367612.52561398
 20
6173779.1537987
 10
6367612.99668272
 20
6173779.78082342
 10
6367613.76120554
 20
6173780.79722382
 10
6367614.66997685
 20
6173782.00677565
 10
6367619.39244825
 20
6173788.29219825
 10
6367620.02053508
 20
6173789.12856454
 10
6367633.69874487
 20
6173778.23319689
 10
6367627.03619557
 20
6173769.3558404
 10
6367623.86145346
 20
6173765.12549626
 10
6367622.59351048
 20
6173763.43658792
 10
6367619.6297637
 20
6173759.48739019
 10
6367617.76417226
 20
6173757.001569
 10
6367617.3117579
 20
6173756.39882226
 10
6367616.08110908
 20
6173754.75946996
 10
6367613.85338905
 20
6173751.79124839
 10
6367613.54623777
 20
6173751.38066747
  0
LWPOLYLINE
  5
2001B
330
1F
100
AcDbEntity
  8
parcelas
100
AcDbPolyline
 90
26
 70
1
 10
6367631.40385624
 20
6173740.82595003
 10
6367629.48645939
 20
6173742.32965882
 10
6367626.64726667
 20
6173744.55824792
 10
6367626.15448846
 20
6173744.94623448
 10
6367623.99828303
 20
6173746.63854468
 10
6367622.03028646
 20
6173748.18253353
 10
6367623.02451671
 20
6173749.50035807
 10
6367624.26022399
 20
6173751.13578237
 10
6367628.10568062
 20
6173756.229119
 10
6367632.58300779
 20
6173752.71584608
 10
6367633.20629291
 20
6173752.22671747
 10
6367634.88391001
 20
6173750.90959528
 10
6367636.5099128
 20
6173749.6337387
 10
6367637.62799082
 20
6173748.75565242
 10
6367640.41049609
 20
6173746.57325706
 10
6367640.93969852
 20
6173746.15678899
 10
6367647.8909466
 20
6173740.70172843
 10
6367648.20561847
 20
6173740.4552074
 10
6367651.96759244
 20
6173737.50275288
 10
6367645.70300478
 20
6173729.60347441
 10
6367644.03754839
 20
6173730.90976912
 10
6367640.95147381
 20
6173733.33184397
 10
6367638.89138032
 20
6173734.94952225
 10
6367637.72474626
 20
6173735.86491711
 10
6367634.75807594
 20
6173738.19269138
 10
6367631.40385624
 20
6173740.82595003
  0
LWPOLYLINE
  5
2001C
330
1F
100
AcDbEntity
  8
parcelas
100
AcDbPolyline
 90
26
 70
1
 10
6367628.10568062
 20
6173756.229119
 10
6367630.96277726
 20
6173760.01371899
 10
6367631.06287573
 20
6173760.14721177
 10
6367633.30849628
 20
6173763.12269474
 10
6367635.21845505
 20
6173765.65317275
 10
6367637.09038303
 20
6173764.18081529
 10
6367637.4586984
 20
6173763.89105738
 10
6367638.77005823
 20
6173762.85972158
 10
6367640.34247541
 20
6173761.62310135
 10
6367642.76586907
 20
6173759.71659265
 10
6367643.59558238
 20
6173759.06440185
 10
6367647.49222301
 20
6173755.99986175
 10
6367655.16307062
 20
6173749.96703921
 10
6367655.47775697
 20
6173749.71951807
 10
6367659.28131496
 20
6173746.72765321
 10
6367651.96759244
 20
6173737.50275288
 10
6367648.20561847
 20
6173740.4552074
 10
6367647.8909466
 20
6173740.70172843
 10
6367640.93969852
 20
6173746.15678899
 10
6367640.41049609
 20
6173746.57325706
 10
6367637.62799082
 20
6173748.75565242
 10
6367636.5099128
 20
6173749.6337387
 10
6367634.88391001
 20
6173750.90959528
 10
6367633.20629291
 20
6173752.22671747
 10
6367632.58300779
 20
6173752.71584608
 10
6367628.10568062
 20
6173756.229119
  0
LWPOLYLINE
  5
2001D
330
1F
100
AcDbEntity
  8
parcelas
100
AcDbPolyline
 90
23
 70
1
 10
6367635.21845505
 20
6173765.65317275
 10
6367638.13052907
 20
6173769.50959197
 10
6367638.92551905
 20
6173770.56344565
 10
6367640.57833233
 20
6173772.75308943
 10
6367641.31918569
 20
6173773.7461394
 10
6367646.57742318
 20
6173769.56596393
 10
6367650.01410059
 20
6173766.83386779
 10
6367655.66196002
 20
6173762.34323666
 10
6367658.80212695
 20
6173759.84692135
 10
6367662.6000754
 20
6173756.82796646
 10
6367662.95122946
 20
6173756.54896345
 10
6367665.47814139
 20
6173754.53992152
 10
6367659.28131496
 20
6173746.72765321
 10
6367655.47775697
 20
6173749.71951807
 10
6367655.16307062
 20
6173749.96703921
 10
6367647.49222301
 20
6173755.99986175
 10
6367643.59558238
 20
6173759.06440185
 10
6367642.76586907
 20
6173759.71659265
 10
6367640.34247541
 20
6173761.62310135
 10
6367638.77005823
 20
6173762.85972158
 10
6367637.4586984
 20
6173763.89105738
 10
6367637.09038303
 20
6173764.18081529
 10
6367635.21845505
 20
6173765.65317275
  0
LWPOLYLINE
  5
2001E
330
1F
100
AcDbEntity
  8
lfi
100
AcDbPolyline
 90
5
 70
1
 10
6367613.57619178
 20
6173821.79564133
 10
6367657.29577349
 20
6173788.10707379
 10
6367630.1964803
 20
6173753.92049371
 10
6367587.1880557
 20
6173786.50400003
 10
6367613.57619178
 20
6173821.79564133
  0
LWPOLYLINE
  5
2001F
330
1F
100
AcDbEntity
  8
lib
100
AcDbPolyline
 90
5
 70
1
 10
6367616.40550296
 20
6173810.39102829
 10
6367645.55189076
 20
6173787.93198326
 10
6367627.48569531
 20
6173765.14092988
 10
6367598.81341224
 20
6173786.86326743
 10
6367616.40550296
 20
6173810.39102829
  0
LWPOLYLINE
  5
20020
330
1F
100
AcDbEntity
  8
Irregular
100
AcDbPolyline
 90
7
 70
1
 10
6367608.1867323
 20
6173814.58774798
 10
6367600.97883895
 20
6173819.97720745
 10
6367609.99214274
 20
6173832.03165052
 10
6367624.31892771
 20
6173820.99200091
 10
6367620.70522513
 20
6173816.3022923
 10
6367613.57619178
 20
6173821.79564133
 10
6367608.1867323
 20
6173814.58774798
  0
LWPOLYLINE
  5
20021
330
1F
100
AcDbEntity
  8
Irregular
100
AcDbPolyline
 90
7
 70
1
 10
6367650.16674014
 20
6173793.60042281
 10
6367653.78044272
 20
6173798.29013142
 10
6367668.10360497
 20
6173787.25327334
 10
6367658.7579251
 20
6173775.4634148
 10
6367651.7050198
 20
6173781.05416848
 10
6367657.29577349
 20
6173788.10707379
 10
6367650.16674014
 20
6173793.60042281
  0
LWPOLYLINE
  5
20022
330
1F
100
AcDbEntity
  8
Irregular
100
AcDbPolyline
 90
7
 70
1
 10
6367635.78723399
 20
6173760.97339901
 10
6367642.84013929
 20
6173755.38264533
 10
6367633.69366645
 20
6173743.8440925
 10
6367619.44792547
 20
6173754.63677313
 10
6367623.02276068
 20
6173759.35535772
 10
6367630.1964803
 20
6173753.92049371
 10
6367635.78723399
 20
6173760.97339901
  0
LWPOLYLINE
  5
20023
330
1F
100
AcDbEntity
  8
Irregular
100
AcDbPolyline
 90
7
 70
1
 10
6367594.36177532
 20
6173781.06913603
 10
6367590.78694011
 20
6173776.35055145
 10
6367576.46915246
 20
6173787.19781518
 10
6367585.36962182
 20
6173799.10135286
 10
6367592.57751517
 20
6173793.71189338
 10
6367587.1880557
 20
6173786.50400003
 10
6367594.36177532
 20
6173781.06913603
  0
LWPOLYLINE
  5
20024
330
1F
100
AcDbEntity
  8
banda_minima
100
AcDbPolyline
 90
5
 70
1
 10
6367583.36261043
 20
6173826.97172542
 10
6367588.63300175
 20
6173834.03433402
 10
6367601.29768263
 20
6173824.2533457
 10
6367596.05800484
 20
6173817.23114332
 10
6367583.36261043
 20
6173826.97172542
  0
LWPOLYLINE
  5
20025
330
1F
100
AcDbEntity
  8
banda_minima
100
AcDbPolyline
 90
5
 70
1
 10
6367588.63300175
 20
6173834.03433402
 10
6367597.6537974
 20
6173846.12287989
 10
6367610.35757221
 20
6173836.39389917
 10
6367601.2979159
 20
6173824.25316554
 10
6367588.63300175
 20
6173834.03433402
  0
LWPOLYLINE
  5
20026
330
1F
100
AcDbEntity
  8
banda_minima
100
AcDbPolyline
 90
5
 70
1
 10
6367618.87738482
 20
6173845.44808309
 10
6367611.52512993
 20
6173835.4993935
 10
6367604.45442005
 20
6173840.91471374
 10
6367611.91029535
 20
6173850.82289134
 10
6367618.87738482
 20
6173845.44808309
  0
LWPOLYLINE
  5
20027
330
1F
100
AcDbEntity
  8
banda_minima
100
AcDbPolyline
 90
5
 70
1
 10
6367660.20850677
 20
6173813.56252695
 10
6367650.60484816
 20
6173800.7634877
 10
6367636.77745103
 20
6173811.43033931
 10
6367646.3896599
 20
6173824.22278265
 10
6367660.20850677
 20
6173813.56252695
  0
LWPOLYLINE
  5
20028
330
1F
100
AcDbEntity
  8
banda_minima
100
AcDbPolyline
 90
5
 70
1
 10
6367607.64522568
 20
6173743.51866672
 10
6367617.24938577
 20
6173756.31573609
 10
6367624.19791952
 20
6173751.05332414
 10
6367614.55828256
 20
6173738.28312287
 10
6367607.64522568
 20
6173743.51866672
  0
LWPOLYLINE
  5
20029
330
1F
100
AcDbEntity
  8
banda_minima
100
AcDbPolyline
 90
5
 70
1
 10
6367652.9536129
 20
6173764.49665214
 10
6367665.47814139
 20
6173754.53992152
 10
6367659.28131496
 20
6173746.72765321
 10
6367646.70494213
 20
6173756.61902427
 10
6367652.9536129
 20
6173764.49665214
  0
LWPOLYLINE
  5
2002A
330
1F
100
AcDbEntity
  8
banda_minima
100
AcDbPolyline
 90
8
 70
1
 10
6367554.83518646
 20
6173788.74323068
 10
6367562.82367375
 20
6173799.44938235
 10
6367570.49742175
 20
6173793.49262344
 10
6367567.63058428
 20
6173789.82792042
 10
6367566.90108461
 20
6173790.39853687
 10
6367559.29323568
 20
6173780.14004244
 10
6367555.72091899
 20
6173782.84416584
 10
6367554.83518646
 20
6173788.74323068
  0
LWPOLYLINE
  5
2002B
330
1F
100
AcDbEntity
  8
banda_minima
100
AcDbPolyline
 90
5
 70
1
 10
6367623.00346399
 20
6173822.05784058
 10
6367609.36588586
 20
6173832.57800119
 10
6367618.87738482
 20
6173845.44808309
 10
6367632.50705224
 20
6173834.93413216
 10
6367623.00346399
 20
6173822.05784058
  0
LWPOLYLINE
  5
2002C
330
1F
100
AcDbEntity
  8
banda_minima
100
AcDbPolyline
 90
5
 70
1
 10
6367614.55828256
 20
6173738.28312287
 10
6367622.03028646
 20
6173748.18253353
 10
6367634.75807594
 20
6173738.19269138
 10
6367627.43874249
 20
6173728.52656722
 10
6367614.55828256
 20
6173738.28312287
  0
LWPOLYLINE
  5
2002D
330
1F
100
AcDbEntity
  8
banda_minima
100
AcDbPolyline
 90
7
 70
1
 10
6367559.29323568
 20
6173780.14004244
 10
6367566.90108461
 20
6173790.39853687
 10
6367567.63058428
 20
6173789.82792042
 10
6367569.62924947
 20
6173792.38300861
 10
6367575.75019638
 20
6173787.7478988
 10
6367566.11626874
 20
6173774.97321498
 10
6367559.29323568
 20
6173780.14004244
  0
LWPOLYLINE
  5
2002E
330
1F
100
AcDbEntity
  8
banda_minima
100
AcDbPolyline
 90
5
 70
1
 10
6367578.09221919
 20
6173819.90911657
 10
6367583.36261043
 20
6173826.97172542
 10
6367596.05786413
 20
6173817.23125128
 10
6367590.89773876
 20
6173810.31644006
 10
6367578.09221919
 20
6173819.90911657
  0
LWPOLYLINE
  5
2002F
330
1F
100
AcDbEntity
  8
banda_minima
100
AcDbPolyline
 90
6
 70
1
 10
6367678.68413404
 20
6173771.1945544
 10
6367671.84608835
 20
6173776.70727333
 10
6367685.62877087
 20
6173793.94844636
 10
6367689.11184419
 20
6173791.25903605
 10
6367689.86843134
 20
6173785.2980833
 10
6367678.68413404
 20
6173771.1945544
  0
LWPOLYLINE
  5
20030
330
1F
100
AcDbEntity
  8
banda_minima
100
AcDbPolyline
 90
6
 70
1
 10
6367597.6537974
 20
6173846.12287989
 10
6367602.50518399
 20
6173852.62423844
 10
6367608.4646895
 20
6173853.48083564
 10
6367611.91029535
 20
6173850.82289134
 10
6367604.45442005
 20
6173840.91471374
 10
6367597.6537974
 20
6173846.12287989
  0
LWPOLYLINE
  5
20031
330
1F
100
AcDbEntity
  8
banda_minima
100
AcDbPolyline
 90
5
 70
1
 10
6367623.0034086
 20
6173822.05776553
 10
6367632.50705224
 20
6173834.93413216
 10
6367639.43573154
 20
6173829.58677709
 10
6367629.7900941
 20
6173816.82003878
 10
6367623.0034086
 20
6173822.05776553
  0
LWPOLYLINE
  5
20032
330
1F
100
AcDbEntity
  8
banda_minima
100
AcDbPolyline
 90
5
 70
1
 10
6367566.11626874
 20
6173774.97321498
 10
6367575.7501164
 20
6173787.74779275
 10
6367582.67795816
 20
6173782.50096253
 10
6367572.99291626
 20
6173769.76515111
 10
6367566.11626874
 20
6173774.97321498
  0
LWPOLYLINE
  5
20033
330
1F
100
AcDbEntity
  8
banda_minima
100
AcDbPolyline
 90
5
 70
1
 10
6367678.68413404
 20
6173771.1945544
 10
6367665.47814139
 20
6173754.53992152
 10
6367652.95361101
 20
6173764.49665364
 10
6367666.22699605
 20
6173781.23646544
 10
6367678.68413404
 20
6173771.1945544
  0
LWPOLYLINE
  5
20034
330
1F
100
AcDbEntity
  8
banda_minima
100
AcDbPolyline
 90
5
 70
1
 10
6367579.99296847
 20
6173764.46284475
 10
6367589.61234753
 20
6173777.24836348
 10
6367603.30313227
 20
6173766.87936609
 10
6367593.69164855
 20
6173754.08794035
 10
6367579.99296847
 20
6173764.46284475
  0
LWPOLYLINE
  5
20035
330
1F
100
AcDbEntity
  8
banda_minima
100
AcDbPolyline
 90
6
 70
1
 10
6367663.75620666
 20
6173790.79431497
 10
6367672.99138268
 20
6173803.69913193
 10
6367685.62877087
 20
6173793.94844636
 10
6367675.636843
 20
6173781.448961
 10
6367663.52905117
 20
6173790.79102356
 10
6367663.75620666
 20
6173790.79431497
  0
LWPOLYLINE
  5
20036
330
1F
100
AcDbEntity
  8
banda_minima
100
AcDbPolyline
 90
5
 70
1
 10
6367617.24938895
 20
6173756.31574033
 10
6367607.64522568
 20
6173743.51866672
 10
6367593.69164855
 20
6173754.08794035
 10
6367603.30318156
 20
6173766.87943168
 10
6367617.24938895
 20
6173756.31574033
  0
LWPOLYLINE
  5
20037
330
1F
100
AcDbEntity
  8
banda_minima
100
AcDbPolyline
 90
5
 70
1
 10
6367575.4650164
 20
6173789.63670264
 10
6367562.82367375
 20
6173799.44938235
 10
6367567.79085586
 20
6173806.10546939
 10
6367580.58555862
 20
6173796.49829417
 10
6367575.4650164
 20
6173789.63670264
  0
LWPOLYLINE
  5
20038
330
1F
100
AcDbEntity
  8
banda_minima
100
AcDbPolyline
 90
5
 70
1
 10
6367629.79013656
 20
6173816.82009499
 10
6367639.43573154
 20
6173829.58677709
 10
6367646.3896599
 20
6173824.22278265
 10
6367636.77745872
 20
6173811.43034954
 10
6367629.79013656
 20
6173816.82009499
  0
LWPOLYLINE
  5
20039
330
1F
100
AcDbEntity
  8
banda_minima
100
AcDbPolyline
 90
6
 70
1
 10
6367663.75620666
 20
6173790.79431497
 10
6367663.52905116
 20
6173790.79102356
 10
6367657.50437496
 20
6173795.43950988
 10
6367667.07343976
 20
6173808.26526557
 10
6367672.99138268
 20
6173803.69913193
 10
6367663.75620666
 20
6173790.79431497
  0
LWPOLYLINE
  5
2003A
330
1F
100
AcDbEntity
  8
banda_minima
100
AcDbPolyline
 90
6
 70
1
 10
6367634.9050478
 20
6173722.87190347
 10
6367627.43874249
 20
6173728.52656722
 10
6367634.75807594
 20
6173738.19269138
 10
6367645.70300478
 20
6173729.60347441
 10
6367641.05442849
 20
6173723.74125762
 10
6367634.9050478
 20
6173722.87190347
  0
LWPOLYLINE
  5
2003B
330
1F
100
AcDbEntity
  8
banda_minima
100
AcDbPolyline
 90
5
 70
1
 10
6367572.91799854
 20
6173812.97494175
 10
6367578.09221919
 20
6173819.90911657
 10
6367590.89773049
 20
6173810.31644625
 10
6367585.62444091
 20
6173803.24918068
 10
6367572.91799854
 20
6173812.97494175
  0
LWPOLYLINE
  5
2003C
330
1F
100
AcDbEntity
  8
banda_minima
100
AcDbPolyline
 90
5
 70
1
 10
6367650.60480094
 20
6173800.76342475
 10
6367660.20850677
 20
6173813.56252695
 10
6367667.07343976
 20
6173808.26526557
 10
6367657.50445284
 20
6173795.43961427
 10
6367650.60480094
 20
6173800.76342475
  0
LWPOLYLINE
  5
2003D
330
1F
100
AcDbEntity
  8
banda_minima
100
AcDbPolyline
 90
5
 70
1
 10
6367567.79085586
 20
6173806.10546939
 10
6367572.91799854
 20
6173812.97494175
 10
6367585.62425854
 20
6173803.24932023
 10
6367580.58554235
 20
6173796.49830639
 10
6367567.79085586
 20
6173806.10546939
  0
LWPOLYLINE
  5
2003E
330
1F
100
AcDbEntity
  8
banda_minima
100
AcDbPolyline
 90
5
 70
1
 10
6367646.70495432
 20
6173756.61901469
 10
6367659.28131496
 20
6173746.72765321
 10
6367651.96759244
 20
6173737.50275288
 10
6367639.38076061
 20
6173747.3809069
 10
6367646.70495432
 20
6173756.61901469
  0
LWPOLYLINE
  5
2003F
330
1F
100
AcDbEntity
  8
banda_minima
100
AcDbPolyline
 90
5
 70
1
 10
6367589.61236022
 20
6173777.24838034
 10
6367579.99296847
 20
6173764.46284475
 10
6367572.99291626
 20
6173769.76515111
 10
6367582.6779606
 20
6173782.50096573
 10
6367589.61236022
 20
6173777.24838034
  0
LWPOLYLINE
  5
20040
330
1F
100
AcDbEntity
  8
banda_minima
100
AcDbPolyline
 90
5
 70
1
 10
6367639.38075152
 20
6173747.38091402
 10
6367651.96759244
 20
6173737.50275288
 10
6367645.70300478
 20
6173729.60347441
 10
6367633.11618969
 20
6173739.48166812
 10
6367639.38075152
 20
6173747.38091402
  0
LWPOLYLINE
  5
20041
330
1F
100
AcDbEntity
  8
ldf
100
AcDbPolyline
 90
2
 70
0
 10
6367633.69874487
 20
6173778.23319689
 10
6367620.02053508
 20
6173789.12856454
  0
LWPOLYLINE
  5
20042
330
1F
100
AcDbEntity
  8
ldf
100
AcDbPolyline
 90
5
 70
0
 10
6367616.15471612
 20
6173812.77915958
 10
6367611.96550748
 20
6173816.01451773
 10
6367611.06009029
 20
6173816.71362725
 10
6367603.37060285
 20
6173822.6521521
 10
6367602.51778557
 20
6173823.31101064
  0
LWPOLYLINE
  5
20043
330
1F
100
AcDbEntity
  8
ldf
100
AcDbPolyline
 90
6
 70
0
 10
6367611.52512993
 20
6173835.4993935
 10
6367609.69523557
 20
6173836.90133778
 10
6367608.02821396
 20
6173838.17760091
 10
6367607.48399544
 20
6173838.59485194
 10
6367606.28025602
 20
6173839.51671189
 10
6367604.45442005
 20
6173840.91471374
  0
LWPOLYLINE
  5
20044
330
1F
100
AcDbEntity
  8
ldf
100
AcDbPolyline
 90
3
 70
0
 10
6367616.15471612
 20
6173812.77915958
 10
6367615.10202946
 20
6173811.35345386
 10
6367610.98748235
 20
6173805.7770649
  0
LWPOLYLINE
  5
20045
330
1F
100
AcDbEntity
  8
ldf
100
AcDbPolyline
 90
6
 70
0
 10
6367605.99393536
 20
6173799.00756049
 10
6367605.75348735
 20
6173798.68797501
 10
6367605.22349874
 20
6173797.98507249
 10
6367601.36343071
 20
6173792.86451563
 10
6367600.97673398
 20
6173792.35174972
 10
6367600.56844055
 20
6173791.81066188
  0
LWPOLYLINE
  5
20046
330
1F
100
AcDbEntity
  8
ldf
100
AcDbPolyline
 90
4
 70
0
 10
6367588.69291351
 20
6173790.41019526
 10
6367591.14638341
 20
6173788.56814236
 10
6367593.84763389
 20
6173786.53961871
 10
6367595.60834723
 20
6173785.21769826
  0
LWPOLYLINE
  5
20047
330
1F
100
AcDbEntity
  8
ldf
100
AcDbPolyline
 90
3
 70
0
 10
6367606.37845798
 20
6173799.53229873
 10
6367612.94708508
 20
6173794.52583807
 10
6367620.02053508
 20
6173789.12856454
  0
LWPOLYLINE
  5
20048
330
1F
100
AcDbEntity
  8
ldf
100
AcDbPolyline
 90
2
 70
0
 10
6367633.69874487
 20
6173778.23319689
 10
6367640.57833233
 20
6173772.75308943
  0
LWPOLYLINE
  5
20049
330
1F
100
AcDbEntity
  8
ldf
100
AcDbPolyline
 90
7
 70
0
 10
6367622.03028646
 20
6173748.18253353
 10
6367623.99828303
 20
6173746.63854468
 10
6367626.15448846
 20
6173744.94623448
 10
6367626.64726667
 20
6173744.55824792
 10
6367629.48645939
 20
6173742.32965882
 10
6367631.40385624
 20
6173740.82595003
 10
6367634.75807594
 20
6173738.19269138
  0
LWPOLYLINE
  5
2004A
330
1F
100
AcDbEntity
  8
ldf
100
AcDbPolyline
 90
5
 70
0
 10
6367641.31918569
 20
6173773.7461394
 10
6367646.30203443
 20
6173780.42545955
 10
6367650.1692041
 20
6173785.60813863
 10
6367652.20729373
 20
6173788.3395368
 10
6367654.16393922
 20
6173790.96172018
  0
LWPOLYLINE
  5
2004B
330
1F
100
AcDbEntity
  8
ldf
100
AcDbPolyline
 90
2
 70
0
 10
6367640.57833233
 20
6173772.75308943
 10
6367633.69874487
 20
6173778.23319689
  0
LWPOLYLINE
  5
2004C
330
1F
100
AcDbEntity
  8
ldf
100
AcDbPolyline
 90
2
 70
0
 10
6367620.02053508
 20
6173789.12856454
 10
6367612.94708508
 20
6173794.52583807
  0
LWPOLYLINE
  5
2004D
330
1F
100
AcDbEntity
  8
ldf
100
AcDbPolyline
 90
2
 70
0
 10
6367612.94708508
 20
6173794.52583807
 10
6367606.37845798
 20
6173799.53229873
  0
LWPOLYLINE
  5
2004E
330
1F
100
AcDbEntity
  8
ldf
100
AcDbPolyline
 90
4
 70
0
 10
6367611.52512993
 20
6173835.4993935
 10
6367607.02978478
 20
6173829.41732667
 10
6367604.53783039
 20
6173826.04514849
 10
6367602.51778557
 20
6173823.31101064
  0
LWPOLYLINE
  5
2004F
330
1F
100
AcDbEntity
  8
ldf
100
AcDbPolyline
 90
3
 70
0
 10
6367610.98748235
 20
6173805.7770649
 10
6367606.37845798
 20
6173799.53229873
 10
6367605.99393536
 20
6173799.00756049
  0
LWPOLYLINE
  5
20050
330
1F
100
AcDbEntity
  8
ldf
100
AcDbPolyline
 90
6
 70
0
 10
6367600.56844055
 20
6173791.81066188
 10
6367600.0198266
 20
6173791.08148112
 10
6367598.82937057
 20
6173789.49872923
 10
6367598.10802658
 20
6173788.53997276
 10
6367596.48376695
 20
6173786.38175245
 10
6367595.60834723
 20
6173785.21769826
  0
LWPOLYLINE
  5
20051
330
1F
100
AcDbEntity
  8
ldf
100
AcDbPolyline
 90
5
 70
0
 10
6367588.69291351
 20
6173790.41019526
 10
6367588.08724952
 20
6173789.61416663
 10
6367586.63641568
 20
6173787.7065388
 10
6367584.5956298
 20
6173785.02311638
 10
6367583.41278337
 20
6173783.46748332
  0
LWPOLYLINE
  5
20052
330
1F
100
AcDbEntity
  8
ldf
100
AcDbPolyline
 90
4
 70
0
 10
6367576.5433404
 20
6173788.79969153
 10
6367576.77603238
 20
6173788.61900406
 10
6367580.35339258
 20
6173785.84293074
 10
6367583.41278337
 20
6173783.46748332
  0
LWPOLYLINE
  5
20053
330
1F
100
AcDbEntity
  8
ldf
100
AcDbPolyline
 90
2
 70
0
 10
6367620.02053508
 20
6173789.12856454
 10
6367633.69874487
 20
6173778.23319689
  0
LWPOLYLINE
  5
20054
330
1F
100
AcDbEntity
  8
ldf
100
AcDbPolyline
 90
4
 70
0
 10
6367622.03028646
 20
6173748.18253353
 10
6367623.02451671
 20
6173749.50035807
 10
6367624.26022399
 20
6173751.13578237
 10
6367628.10568062
 20
6173756.229119
  0
LWPOLYLINE
  5
20055
330
1F
100
AcDbEntity
  8
ldf
100
AcDbPolyline
 90
5
 70
0
 10
6367628.10568062
 20
6173756.229119
 10
6367630.96277726
 20
6173760.01371899
 10
6367631.06287573
 20
6173760.14721177
 10
6367633.30849628
 20
6173763.12269474
 10
6367635.21845505
 20
6173765.65317275
  0
LWPOLYLINE
  5
20056
330
1F
100
AcDbEntity
  8
ldf
100
AcDbPolyline
 90
5
 70
0
 10
6367635.21845505
 20
6173765.65317275
 10
6367638.13052907
 20
6173769.50959197
 10
6367638.92551905
 20
6173770.56344565
 10
6367640.57833233
 20
6173772.75308943
 10
6367641.31918569
 20
6173773.7461394
  0
LWPOLYLINE
  5
20066
330
1F
100
AcDbEntity
  8
tejido
100
AcDbPolyline
 90
11
 70
1
 10
6367685.63570759
 20
6173779.95995988
 10
6367681.61203469
 20
6173783.14848816
 10
6367682.75214033
 20
6173784.58746127
 10
6367681.87218955
 20
6173785.28477771
 10
6367679.93188212
 20
6173786.82192368
 10
6367682.71552223
 20
6173790.30440185
 10
6367685.45299236
 20
6173793.72875846
 10
6367685.62888137
 20
6173793.94853979
 10
6367689.11194805
 20
6173791.25911571
 10
6367689.86852034
 20
6173785.29800888
 10
6367685.63570759
 20
6173779.95995988
  0
LWPOLYLINE
  5
20067
330
1F
100
AcDbEntity
  8
tejido
100
AcDbPolyline
 90
10
 70
1
 10
6367622.66214329
 20
6173815.24321006
 10
6367620.35093462
 20
6173812.09972343
 10
6367624.13421554
 20
6173809.33363619
 10
6367621.90327733
 20
6173806.3803733
 10
6367615.10205946
 20
6173811.35345429
 10
6367616.15474612
 20
6173812.77916001
 10
6367620.17807986
 20
6173818.23018733
 10
6367620.88899769
 20
6173817.69931452
 10
6367620.34632642
 20
6173816.97422124
 10
6367622.66214329
 20
6173815.24321006
  0
LWPOLYLINE
  5
20068
330
1F
100
AcDbEntity
  8
tejido
100
AcDbPolyline
 90
17
 70
1
 10
6367627.76006427
 20
6173824.95919135
 10
6367627.3450065
 20
6173824.39507587
 10
6367626.68393985
 20
6173824.88150612
 10
6367624.79829408
 20
6173822.31748114
 10
6367625.46473243
 20
6173821.82691595
 10
6367624.41999959
 20
6173820.40440516
 10
6367625.74241337
 20
6173819.43325827
 10
6367623.1968475
 20
6173815.97028672
 10
6367622.66228682
 20
6173815.24313301
 10
6367620.3464896
 20
6173816.97430468
 10
6367620.88901759
 20
6173817.69937586
 10
6367620.17815764
 20
6173818.23026514
 10
6367621.87658341
 20
6173820.53062943
 10
6367625.31934577
 20
6173825.1947264
 10
6367626.03872721
 20
6173826.16993709
 10
6367626.06159858
 20
6173826.20110113
 10
6367627.76006427
 20
6173824.95919135
  0
LWPOLYLINE
  5
20069
330
1F
100
AcDbEntity
  8
tejido
100
AcDbPolyline
 90
11
 70
1
 10
6367628.67364849
 20
6173823.41891016
 10
6367626.78818455
 20
6173820.85477646
 10
6367625.74244071
 20
6173819.4331727
 10
6367624.41994915
 20
6173820.40432823
 10
6367625.4646784
 20
6173821.82691761
 10
6367624.79835961
 20
6173822.31742348
 10
6367626.68382356
 20
6173824.88155719
 10
6367627.34508382
 20
6173824.3949793
 10
6367627.76004475
 20
6173824.95917104
 10
6367629.09056616
 20
6173823.98613121
 10
6367628.67364849
 20
6173823.41891016
  0
LWPOLYLINE
  5
2006A
330
1F
100
AcDbEntity
  8
tejido
100
AcDbPolyline
 90
13
 70
1
 10
6367598.36633573
 20
6173831.05336295
 10
6367598.53815265
 20
6173831.27692347
 10
6367600.80232681
 20
6173834.21466284
 10
6367598.9126288
 20
6173835.6707583
 10
6367596.64845462
 20
6173832.73301892
 10
6367594.89681782
 20
6173830.45991692
 10
6367594.48710664
 20
6173830.77608381
 10
6367596.01297848
 20
6173832.82084233
 10
6367595.47478958
 20
6173833.23618008
 10
6367598.55497138
 20
6173837.36512164
 10
6367601.53123665
 20
6173835.06549414
 10
6367598.47457938
 20
6173830.96990405
 10
6367598.36633573
 20
6173831.05336295
  0
LWPOLYLINE
  5
2006B
330
1F
100
AcDbEntity
  8
tejido
100
AcDbPolyline
 90
5
 70
1
 10
6367598.53815265
 20
6173831.27692347
 10
6367596.64845462
 20
6173832.73301892
 10
6367598.9126288
 20
6173835.6707583
 10
6367600.80232681
 20
6173834.21466284
 10
6367598.53815265
 20
6173831.27692347
  0
LWPOLYLINE
  5
2006C
330
1F
100
AcDbEntity
  8
tejido
100
AcDbPolyline
 90
7
 70
1
 10
6367579.76796773
 20
6173818.6539866
 10
6367574.57391881
 20
6173811.70752064
 10
6367572.91802854
 20
6173812.97494218
 10
6367573.16431785
 20
6173813.30561585
 10
6367577.91169211
 20
6173819.66742405
 10
6367578.09224919
 20
6173819.90911701
 10
6367579.76796773
 20
6173818.6539866
  0
LWPOLYLINE
  5
2006D
330
1F
100
AcDbEntity
  8
tejido
100
AcDbPolyline
 90
5
 70
1
 10
6367580.80050035
 20
6173817.88069444
 10
6367575.59860998
 20
6173810.92311133
 10
6367574.57391881
 20
6173811.70752064
 10
6367579.76796773
 20
6173818.6539866
 10
6367580.80050035
 20
6173817.88069444
  0
LWPOLYLINE
  5
2006E
330
1F
100
AcDbEntity
  8
tejido
100
AcDbPolyline
 90
9
 70
1
 10
6367582.66634102
 20
6173816.48327227
 10
6367577.43050489
 20
6173809.52119603
 10
6367576.74873508
 20
6173810.04248803
 10
6367575.92938509
 20
6173810.66982125
 10
6367575.59860998
 20
6173810.92311133
 10
6367580.80050035
 20
6173817.88069444
 10
6367581.15345179
 20
6173817.61572183
 10
6367581.978672
 20
6173816.99747655
 10
6367582.66634102
 20
6173816.48327227
  0
LWPOLYLINE
  5
2006F
330
1F
100
AcDbEntity
  8
tejido
100
AcDbPolyline
 90
19
 70
1
 10
6367590.69648296
 20
6173806.59156848
 10
6367592.58403379
 20
6173809.05307969
 10
6367594.78574632
 20
6173807.40390586
 10
6367595.60086397
 20
6173806.7925165
 10
6367597.04196274
 20
6173805.71304418
 10
6367597.10263601
 20
6173805.66790854
 10
6367598.07752465
 20
6173804.93779535
 10
6367598.56395437
 20
6173804.57372439
 10
6367599.9251604
 20
6173803.55411406
 10
6367599.14562131
 20
6173802.53849642
 10
6367597.92326309
 20
6173800.94828007
 10
6367594.09036813
 20
6173803.89370637
 10
6367593.81840925
 20
6173803.53965338
 10
6367589.49471949
 20
6173806.78732149
 10
6367585.41832155
 20
6173809.84900431
 10
6367585.68045322
 20
6173810.19091105
 10
6367589.82084544
 20
6173807.01086335
 10
6367589.94258411
 20
6173807.16967771
 10
6367590.69648296
 20
6173806.59156848
  0
LWPOLYLINE
  5
20070
330
1F
100
AcDbEntity
  8
tejido
100
AcDbPolyline
 90
9
 70
1
 10
6367569.93127794
 20
6173785.1967856
 10
6367568.49262222
 20
6173783.28531815
 10
6367567.2181755
 20
6173784.2411027
 10
6367570.88761834
 20
6173789.13383857
 10
6367571.36708307
 20
6173788.75870514
 10
6367570.7858553
 20
6173788.01616088
 10
6367571.14601252
 20
6173787.73417783
 10
6367569.45268105
 20
6173785.57101578
 10
6367569.93127794
 20
6173785.1967856
  0
LWPOLYLINE
  5
20071
330
1F
100
AcDbEntity
  8
tejido
100
AcDbPolyline
 90
9
 70
1
 10
6367602.76354192
 20
6173774.68803675
 10
6367600.74072992
 20
6173776.20121418
 10
6367597.71849404
 20
6173772.16206061
 10
6367593.50928235
 20
6173775.31212325
 10
6367595.2875758
 20
6173777.68776572
 10
6367596.04696587
 20
6173777.11954256
 10
6367601.33445627
 20
6173784.18826956
 10
6367606.8076063
 20
6173780.09130631
 10
6367602.76354192
 20
6173774.68803675
  0
LWPOLYLINE
  5
20072
330
1F
100
AcDbEntity
  8
tejido
100
AcDbPolyline
 90
22
 70
1
 10
6367606.08423387
 20
6173770.5807659
 10
6367603.3529407
 20
6173772.63341463
 10
6367598.91279938
 20
6173766.72552743
 10
6367601.64477648
 20
6173764.67203387
 10
6367599.61266981
 20
6173761.96832976
 10
6367597.79987532
 20
6173759.55512707
 10
6367597.15475587
 20
6173758.69656882
 10
6367583.41986454
 20
6173769.01667826
 10
6367584.69064613
 20
6173770.70719825
 10
6367587.0102086
 20
6173773.78945538
 10
6367587.44742991
 20
6173774.37037694
 10
6367587.94148946
 20
6173775.02740257
 10
6367590.62721018
 20
6173773.00602503
 10
6367595.14587231
 20
6173779.01053968
 10
6367592.45941563
 20
6173781.0321508
 10
6367595.60872199
 20
6173785.21772323
 10
6367599.69619376
 20
6173790.6506838
 10
6367613.41584085
 20
6173780.33755753
 10
6367612.9971985
 20
6173779.78065554
 10
6367609.88571465
 20
6173775.63940759
 10
6367608.91239259
 20
6173774.34492517
 10
6367606.08423387
 20
6173770.5807659
  0
LWPOLYLINE
  5
20073
330
1F
100
AcDbEntity
  8
tejido
100
AcDbPolyline
 90
9
 70
1
 10
6367597.71849404
 20
6173772.16206061
 10
6367600.74091305
 20
6173776.20121683
 10
6367602.76354192
 20
6173774.68803675
 10
6367606.8076063
 20
6173780.09130631
 10
6367601.33445627
 20
6173784.18826956
 10
6367596.047149
 20
6173777.11954522
 10
6367595.2875758
 20
6173777.68776572
 10
6367593.50977069
 20
6173775.31213032
 10
6367597.71849404
 20
6173772.16206061
  0
LWPOLYLINE
  5
20074
330
1F
100
AcDbEntity
  8
tejido
100
AcDbPolyline
 90
8
 70
1
 10
6367619.39280861
 20
6173788.2921048
 10
6367613.41584085
 20
6173780.33755753
 10
6367599.69619376
 20
6173790.6506838
 10
6367600.56864768
 20
6173791.8107274
 10
6367601.36345326
 20
6173792.86450961
 10
6367605.22368621
 20
6173797.98517925
 10
6367605.68213076
 20
6173798.59302812
 10
6367619.39280861
 20
6173788.2921048
  0
LWPOLYLINE
  5
20075
330
1F
100
AcDbEntity
  8
tejido
100
AcDbPolyline
 90
5
 70
1
 10
6367603.20238864
 20
6173759.28937438
 10
6367601.39584734
 20
6173756.87042988
 10
6367599.79299166
 20
6173758.06759667
 10
6367601.59854736
 20
6173760.48552658
 10
6367603.20238864
 20
6173759.28937438
  0
LWPOLYLINE
  5
20076
330
1F
100
AcDbEntity
  8
tejido
100
AcDbPolyline
 90
9
 70
1
 10
6367607.13664439
 20
6173756.80456482
 10
6367609.96918463
 20
6173754.68991567
 10
6367609.66204783
 20
6173754.27833464
 10
6367607.94777809
 20
6173751.98076569
 10
6367601.39584734
 20
6173756.87042988
 10
6367603.20238864
 20
6173759.28937438
 10
6367603.31621334
 20
6173759.44207216
 10
6367607.03458916
 20
6173756.66804272
 10
6367607.13664439
 20
6173756.80456482
  0
LWPOLYLINE
  5
20077
330
1F
100
AcDbEntity
  8
tejido
100
AcDbPolyline
 90
7
 70
1
 10
6367607.13664439
 20
6173756.80456482
 10
6367607.03458916
 20
6173756.66804272
 10
6367603.31621334
 20
6173759.44207216
 10
6367603.20238864
 20
6173759.28937438
 10
6367601.59854736
 20
6173760.48552658
 10
6367601.8154129
 20
6173760.77576107
 10
6367607.13664439
 20
6173756.80456482
  0
LWPOLYLINE
  5
20078
330
1F
100
AcDbEntity
  8
tejido
100
AcDbPolyline
 90
5
 70
1
 10
6367613.54626777
 20
6173751.3806679
 10
6367611.82393922
 20
6173749.08698347
 10
6367607.94777809
 20
6173751.98076569
 10
6367609.66204783
 20
6173754.27833464
 10
6367613.54626777
 20
6173751.3806679
  0
LWPOLYLINE
  5
20079
330
1F
100
AcDbEntity
  8
tejido
100
AcDbPolyline
 90
5
 70
1
 10
6367613.85341905
 20
6173751.79124882
 10
6367613.54626777
 20
6173751.3806679
 10
6367609.66204783
 20
6173754.27833464
 10
6367609.96918463
 20
6173754.68991567
 10
6367613.85341905
 20
6173751.79124882
  0
LWPOLYLINE
  5
2007A
330
1F
100
AcDbEntity
  8
tejido
100
AcDbPolyline
 90
5
 70
1
 10
6367648.00277552
 20
6173773.7800152
 10
6367655.96631093
 20
6173783.92358545
 10
6367660.6193994
 20
6173780.29670669
 10
6367652.6268985
 20
6173770.15070198
 10
6367648.00277552
 20
6173773.7800152
  0
LWPOLYLINE
  5
2007B
330
1F
100
AcDbEntity
  8
tejido
100
AcDbPolyline
 90
11
 70
1
 10
6367663.04865335
 20
6173778.40334322
 10
6367661.47450859
 20
6173776.38294521
 10
6367667.29188854
 20
6173771.85168185
 10
6367666.72124872
 20
6173771.12424962
 10
6367659.58485859
 20
6173776.72464069
 10
6367658.10276014
 20
6173774.83653879
 10
6367659.36044289
 20
6173773.84943481
 10
6367654.98754247
 20
6173768.29841113
 10
6367652.62682493
 20
6173770.15067454
 10
6367660.61956734
 20
6173780.29686591
 10
6367663.04865335
 20
6173778.40334322
  0
LWPOLYLINE
  5
2007C
330
1F
100
AcDbEntity
  8
tejido
100
AcDbPolyline
 90
23
 70
1
 10
6367659.36051557
 20
6173773.8495233
 10
6367660.87306633
 20
6173772.66261682
 10
6367659.05197424
 20
6173770.34173134
 10
6367662.10134918
 20
6173767.94867158
 10
6367663.90782208
 20
6173770.25035719
 10
6367665.21540337
 20
6173769.22416857
 10
6367666.72132141
 20
6173771.1243381
 10
6367667.29196123
 20
6173771.85177033
 10
6367661.47452377
 20
6173776.38278864
 10
6367663.04872604
 20
6173778.40343171
 10
6367669.69486929
 20
6173773.22283189
 10
6367676.24485045
 20
6173768.11813424
 10
6367675.63686791
 20
6173767.35120801
 10
6367672.2271716
 20
6173763.05135442
 10
6367672.14802735
 20
6173762.95142107
 10
6367670.12277878
 20
6173764.55693859
 10
6367668.09664628
 20
6173762.00137939
 10
6367670.12189222
 20
6173760.396045
 10
6367668.83989725
 20
6173758.77997185
 10
6367668.1787302
 20
6173757.94603056
 10
6367665.29096026
 20
6173760.21315577
 10
6367654.98761515
 20
6173768.29849961
 10
6367659.36051557
 20
6173773.8495233
  0
LWPOLYLINE
  5
2007D
330
1F
100
AcDbEntity
  8
tejido
100
AcDbPolyline
 90
11
 70
1
 10
6367631.68151696
 20
6173804.64745446
 10
6367620.02056509
 20
6173789.12856498
 10
6367612.94711508
 20
6173794.5258385
 10
6367618.83414111
 20
6173802.31761297
 10
6367621.04171443
 20
6173800.67006078
 10
6367621.49604215
 20
6173801.2788371
 10
6367622.77832647
 20
6173800.32110355
 10
6367623.39216131
 20
6173799.86284784
 10
6367624.78066915
 20
6173801.72255722
 10
6367628.65866678
 20
6173806.91739713
 10
6367631.68151696
 20
6173804.64745446
  0
LWPOLYLINE
  5
2007E
330
1F
100
AcDbEntity
  8
tejido
100
AcDbPolyline
 90
13
 70
1
 10
6367648.02392072
 20
6173797.32373848
 10
6367647.64625981
 20
6173796.82067012
 10
6367647.54306048
 20
6173796.68277849
 10
6367644.4575754
 20
6173792.57176367
 10
6367644.4369688
 20
6173792.54441783
 10
6367640.90233183
 20
6173787.83313743
 10
6367637.4365142
 20
6173783.21382567
 10
6367636.0649123
 20
6173781.38557096
 10
6367633.69886427
 20
6173778.23328263
 10
6367620.02066288
 20
6173789.12867727
 10
6367631.68157319
 20
6173804.64753684
 10
6367634.05401058
 20
6173807.8055346
 10
6367648.02392072
 20
6173797.32373848
  0
LWPOLYLINE
  5
2007F
330
1F
100
AcDbEntity
  8
tejido
100
AcDbPolyline
 90
5
 70
1
 10
6367615.76356705
 20
6173739.88009423
 10
6367614.55831257
 20
6173738.2831233
 10
6367607.64525568
 20
6173743.51866715
 10
6367608.8464663
 20
6173745.11858047
 10
6367615.76356705
 20
6173739.88009423
  0
LWPOLYLINE
  5
20080
330
1F
100
AcDbEntity
  8
tejido
100
AcDbPolyline
 90
11
 70
1
 10
6367617.75208619
 20
6173742.51481476
 10
6367615.83154725
 20
6173739.96982112
 10
6367615.76360997
 20
6173739.88018521
 10
6367608.84651944
 20
6173745.11870774
 10
6367610.82795029
 20
6173747.7592186
 10
6367611.82516541
 20
6173747.00443918
 10
6367611.22456081
 20
6173746.20446692
 10
6367614.57340951
 20
6173743.66817699
 10
6367616.28771626
 20
6173742.36959411
 10
6367616.88832084
 20
6173743.16956637
 10
6367617.75208619
 20
6173742.51481476
  0
LWPOLYLINE
  5
20081
330
1F
100
AcDbEntity
  8
tejido
100
AcDbPolyline
 90
18
 70
1
 10
6367616.08132506
 20
6173754.75949751
 10
6367623.02459865
 20
6173749.50053461
 10
6367622.03049057
 20
6173748.18267227
 10
6367620.82519515
 20
6173746.58663715
 10
6367618.92011226
 20
6173744.06207664
 10
6367617.79060999
 20
6173742.56549892
 10
6367617.75214723
 20
6173742.51481565
 10
6367616.88838277
 20
6173743.16950621
 10
6367616.28795955
 20
6173742.36965869
 10
6367614.57347144
 20
6173743.66811683
 10
6367611.22468201
 20
6173746.20452973
 10
6367611.82528837
 20
6173747.00437991
 10
6367610.82800956
 20
6173747.75934157
 10
6367610.83190387
 20
6173747.76446554
 10
6367611.8241719
 20
6173749.08712459
 10
6367613.54644421
 20
6173751.38081357
 10
6367613.8536465
 20
6173751.79127898
 10
6367616.08132506
 20
6173754.75949751
  0
LWPOLYLINE
  5
20082
330
1F
100
AcDbEntity
  8
tejido
100
AcDbPolyline
 90
5
 70
1
 10
6367615.25147332
 20
6173749.44157079
 10
6367617.16085371
 20
6173747.99525345
 10
6367619.16372353
 20
6173750.63937181
 10
6367617.254099
 20
6173752.08568563
 10
6367615.25147332
 20
6173749.44157079
  0
LWPOLYLINE
  5
20083
330
1F
100
AcDbEntity
  8
tejido
100
AcDbPolyline
 90
5
 70
1
 10
6367617.52868322
 20
6173746.68235003
 10
6367614.22821489
 20
6173749.12000491
 10
6367612.35774799
 20
6173746.58715405
 10
6367615.65803324
 20
6173744.14949653
 10
6367617.52868322
 20
6173746.68235003
  0
LWPOLYLINE
  5
20084
330
1F
100
AcDbEntity
  8
tejido
100
AcDbPolyline
 90
6
 70
1
 10
6367624.26033996
 20
6173751.13590274
 10
6367624.02694653
 20
6173750.82700294
 10
6367623.02459953
 20
6173749.50047357
 10
6367616.08120209
 20
6173754.75955678
 10
6367617.31187876
 20
6173756.39894221
 10
6367624.26033996
 20
6173751.13590274
  0
LWPOLYLINE
  5
20085
330
1F
100
AcDbEntity
  8
tejido
100
AcDbPolyline
 90
19
 70
1
 10
6367640.57842541
 20
6173772.75317186
 10
6367638.92559081
 20
6173770.56354974
 10
6367638.13060316
 20
6173769.50970392
 10
6367635.21854899
 20
6173765.65329671
 10
6367633.30860653
 20
6173763.12280477
 10
6367631.0631471
 20
6173760.14712437
 10
6367630.96287338
 20
6173760.01379316
 10
6367629.8981846
 20
6173758.60332607
 10
6367628.10576518
 20
6173756.22924966
 10
6367625.14190131
 20
6173752.30364911
 10
6367624.26033996
 20
6173751.13590274
 10
6367617.31187876
 20
6173756.39894221
 10
6367617.76429154
 20
6173757.00169723
 10
6367619.62988472
 20
6173759.4874652
 10
6367622.59358957
 20
6173763.43669164
 10
6367623.86152499
 20
6173765.12558278
 10
6367627.03631284
 20
6173769.35597203
 10
6367633.69886427
 20
6173778.23328263
 10
6367640.57842541
 20
6173772.75317186
  0
LWPOLYLINE
  5
20086
330
1F
100
AcDbEntity
  8
tejido
100
AcDbPolyline
 90
7
 70
1
 10
6367648.36654005
 20
6173820.26584786
 10
6367647.3942947
 20
6173818.97024925
 10
6367645.43871286
 20
6173816.36438664
 10
6367642.27116458
 20
6173818.74146776
 10
6367643.49457367
 20
6173820.36961119
 10
6367645.20112105
 20
6173822.64095921
 10
6367648.36654005
 20
6173820.26584786
  0
LWPOLYLINE
  5
20087
330
1F
100
AcDbEntity
  8
tejido
100
AcDbPolyline
 90
6
 70
1
 10
6367650.41799789
 20
6173800.51432537
 10
6367648.02394692
 20
6173797.32362378
 10
6367634.05403522
 20
6173807.80543375
 10
6367635.7798152
 20
6173810.10256877
 10
6367636.45010837
 20
6173810.99466421
 10
6367650.41799789
 20
6173800.51432537
  0
LWPOLYLINE
  5
20088
330
1F
100
AcDbEntity
  8
tejido
100
AcDbPolyline
 90
7
 70
1
 10
6367660.20853677
 20
6173813.56252739
 10
6367659.16102194
 20
6173812.16650631
 10
6367656.26522066
 20
6173814.33925795
 10
6367648.36654005
 20
6173820.26584786
 10
6367645.20112105
 20
6173822.64095921
 10
6367646.3896899
 20
6173824.22278309
 10
6367660.20853677
 20
6173813.56252739
  0
LWPOLYLINE
  5
20089
330
1F
100
AcDbEntity
  8
tejido
100
AcDbPolyline
 90
8
 70
1
 10
6367659.16106814
 20
6173812.16657985
 10
6367656.39401793
 20
6173808.47877068
 10
6367656.36023683
 20
6173808.43365018
 10
6367656.2328931
 20
6173808.26396553
 10
6367653.33689663
 20
6173810.43731413
 10
6367655.29233352
 20
6173813.0430737
 10
6367656.26526281
 20
6173814.33938175
 10
6367659.16106814
 20
6173812.16657985
  0
LWPOLYLINE
  5
2008A
330
1F
100
AcDbEntity
  8
tejido
100
AcDbPolyline
 90
5
 70
1
 10
6367656.26522066
 20
6173814.33925795
 10
6367655.29238399
 20
6173813.04305059
 10
6367647.3942947
 20
6173818.97024925
 10
6367648.36654005
 20
6173820.26584786
 10
6367656.26522066
 20
6173814.33925795
  0
LWPOLYLINE
  5
2008B
330
1F
100
AcDbEntity
  8
tejido
100
AcDbPolyline
 90
7
 70
1
 10
6367655.29238399
 20
6173813.04305059
 10
6367653.33690227
 20
6173810.43718946
 10
6367651.78837328
 20
6173811.59923197
 10
6367646.67100463
 20
6173815.43953952
 10
6367645.43871286
 20
6173816.36438664
 10
6367647.3942947
 20
6173818.97024925
 10
6367655.29238399
 20
6173813.04305059
  0
LWPOLYLINE
  5
2008C
330
1F
100
AcDbEntity
  8
tejido
100
AcDbPolyline
 90
20
 70
1
 10
6367645.43869494
 20
6173816.36436186
 10
6367646.67105336
 20
6173815.4395329
 10
6367645.58545785
 20
6173813.99292401
 10
6367642.9699372
 20
6173810.50793619
 10
6367648.08738942
 20
6173806.66743872
 10
6367650.7027233
 20
6173810.15266803
 10
6367651.78831966
 20
6173811.59921586
 10
6367653.33689663
 20
6173810.43731413
 10
6367656.2328931
 20
6173808.26396553
 10
6367654.82420226
 20
6173806.38712356
 10
6367654.79341754
 20
6173806.34589293
 10
6367652.96413543
 20
6173803.90760277
 10
6367652.90723262
 20
6173803.83174199
 10
6367651.27422591
 20
6173801.65577844
 10
6367651.19569824
 20
6173801.55121385
 10
6367651.16329723
 20
6173801.50776184
 10
6367650.41804736
 20
6173800.51440941
 10
6367636.45017482
 20
6173810.99464769
 10
6367642.27122703
 20
6173818.74148537
 10
6367645.43869494
 20
6173816.36436186
  0
LWPOLYLINE
  5
2008D
330
1F
100
AcDbEntity
  8
tejido
100
AcDbPolyline
 90
5
 70
1
 10
6367651.78837328
 20
6173811.59923197
 10
6367650.70268012
 20
6173810.15254158
 10
6367645.58530999
 20
6173813.99294912
 10
6367646.67100463
 20
6173815.43953952
 10
6367651.78837328
 20
6173811.59923197
  0
LWPOLYLINE
  5
2008E
330
1F
100
AcDbEntity
  8
tejido
100
AcDbPolyline
 90
5
 70
1
 10
6367650.70268012
 20
6173810.15254158
 10
6367648.0873224
 20
6173806.66744
 10
6367642.96995218
 20
6173810.50784751
 10
6367645.58530999
 20
6173813.99294912
 10
6367650.70268012
 20
6173810.15254158
  0
LWPOLYLINE
  5
2008F
330
1F
100
AcDbEntity
  8
tejido
100
AcDbPolyline
 90
5
 70
1
 10
6367619.16340972
 20
6173750.63929498
 10
6367617.16066642
 20
6173747.99523627
 10
6367615.25120501
 20
6173749.44144167
 10
6367617.25394688
 20
6173752.08560039
 10
6367619.16340972
 20
6173750.63929498
  0
LWPOLYLINE
  5
20090
330
1F
100
AcDbEntity
  8
tejido
100
AcDbPolyline
 90
5
 70
1
 10
6367618.87712275
 20
6173845.44800016
 10
6367617.67532821
 20
6173843.82100033
 10
6367610.63020737
 20
6173849.12275446
 10
6367611.90994745
 20
6173850.82286725
 10
6367618.87712275
 20
6173845.44800016
  0
LWPOLYLINE
  5
20091
330
1F
100
AcDbEntity
  8
tejido
100
AcDbPolyline
 90
7
 70
1
 10
6367562.64388663
 20
6173784.659115
 10
6367567.22907203
 20
6173781.2563601
 10
6367567.82954767
 20
6173782.06524453
 10
6367570.16009553
 20
6173780.33581292
 10
6367568.32949677
 20
6173777.90830954
 10
6367561.45951135
 20
6173783.0603301
 10
6367562.64388663
 20
6173784.659115
  0
LWPOLYLINE
  5
20092
330
1F
100
AcDbEntity
  8
tejido
100
AcDbPolyline
 90
16
 70
1
 10
6367587.55914923
 20
6173799.20759734
 10
6367587.23534441
 20
6173798.97983391
 10
6367586.92097597
 20
6173798.92926405
 10
6367586.61279702
 20
6173799.00382403
 10
6367586.4138043
 20
6173799.13698438
 10
6367586.26306349
 20
6173799.32286059
 10
6367586.17382238
 20
6173799.54463914
 10
6367586.1543572
 20
6173799.78343386
 10
6367586.1810853
 20
6173799.94087157
 10
6367584.94093591
 20
6173800.89021286
 10
6367585.61860817
 20
6173801.75630701
 10
6367587.51435056
 20
6173800.29729831
 10
6367587.65817754
 20
6173800.10532
 10
6367587.74862142
 20
6173799.80053222
 10
6367587.71418183
 20
6173799.48493203
 10
6367587.55914923
 20
6173799.20759734
  0
LWPOLYLINE
  5
20093
330
1F
100
AcDbEntity
  8
tejido
100
AcDbPolyline
 90
34
 70
1
 10
6367601.67294299
 20
6173843.04531943
 10
6367602.44734916
 20
6173842.45203702
 10
6367603.53200507
 20
6173841.62067944
 10
6367601.58015515
 20
6173839.08756569
 10
6367605.52335806
 20
6173836.05075095
 10
6367607.48408292
 20
6173838.59498313
 10
6367608.02844914
 20
6173838.1776854
 10
6367609.69548083
 20
6173836.90143462
 10
6367611.52521275
 20
6173835.49950948
 10
6367610.05837653
 20
6173833.51455167
 10
6367607.02995952
 20
6173829.41736828
 10
6367604.34523538
 20
6173831.41214077
 10
6367601.84402754
 20
6173828.04804891
 10
6367604.53784341
 20
6173826.04522683
 10
6367602.51808251
 20
6173823.31111361
 10
6367598.0109542
 20
6173826.79198979
 10
6367596.17482342
 20
6173828.20994069
 10
6367598.36645498
 20
6173831.05351218
 10
6367598.47463076
 20
6173830.97015243
 10
6367601.53127844
 20
6173835.06573016
 10
6367598.55518086
 20
6173837.36527902
 10
6367595.47477797
 20
6173833.23632645
 10
6367596.01319396
 20
6173832.8209573
 10
6367594.4871468
 20
6173830.77616254
 10
6367594.89682478
 20
6173830.46009579
 10
6367594.28621438
 20
6173829.6680379
 10
6367592.4925616
 20
6173831.05339052
 10
6367590.85073301
 20
6173832.32206941
 10
6367589.61951306
 20
6173833.27365709
 10
6367588.63314057
 20
6173834.03439415
 10
6367591.05095958
 20
6173837.2754736
 10
6367595.22326435
 20
6173842.86669555
 10
6367597.65386599
 20
6173846.12310166
 10
6367601.67294299
 20
6173843.04531943
  0
LWPOLYLINE
  5
20094
330
1F
100
AcDbEntity
  8
tejido
100
AcDbPolyline
 90
7
 70
1
 10
6367589.61933443
 20
6173833.27333995
 10
6367584.24367086
 20
6173826.29623396
 10
6367583.36260406
 20
6173826.97168869
 10
6367583.54413228
 20
6173827.21539636
 10
6367588.33958468
 20
6173833.6419213
 10
6367588.63299538
 20
6173834.03429729
 10
6367589.61933443
 20
6173833.27333995
  0
LWPOLYLINE
  5
20095
330
1F
100
AcDbEntity
  8
tejido
100
AcDbPolyline
 90
5
 70
1
 10
6367590.85051168
 20
6173832.32186789
 10
6367585.47779051
 20
6173825.34880583
 10
6367584.24367086
 20
6173826.29623396
 10
6367589.61933443
 20
6173833.27333995
 10
6367590.85051168
 20
6173832.32186789
  0
LWPOLYLINE
  5
20096
330
1F
100
AcDbEntity
  8
tejido
100
AcDbPolyline
 90
5
 70
1
 10
6367592.4924147
 20
6173831.05324333
 10
6367587.12259248
 20
6173824.08722553
 10
6367585.47779051
 20
6173825.34880583
 10
6367590.85051168
 20
6173832.32186789
 10
6367592.4924147
 20
6173831.05324333
  0
LWPOLYLINE
  5
20097
330
1F
100
AcDbEntity
  8
tejido
100
AcDbPolyline
 90
11
 70
1
 10
6367568.49286639
 20
6173783.28532169
 10
6367567.66694691
 20
6173782.18773963
 10
6367567.82960386
 20
6173782.06505632
 10
6367567.22912821
 20
6173781.25617189
 10
6367562.64394193
 20
6173784.65898783
 10
6367562.81642153
 20
6173784.89074764
 10
6367562.9275723
 20
6173785.04029387
 10
6367564.08040379
 20
6173786.59545598
 10
6367566.6938034
 20
6173784.63530611
 10
6367567.21841967
 20
6173784.24110623
 10
6367568.49286639
 20
6173783.28532169
  0
LWPOLYLINE
  5
20098
330
1F
100
AcDbEntity
  8
tejido
100
AcDbPolyline
 90
28
 70
1
 10
6367594.28605884
 20
6173829.66777921
 10
6367596.17478578
 20
6173828.20966906
 10
6367598.01091279
 20
6173826.79180994
 10
6367596.16794667
 20
6173824.40134734
 10
6367596.046208
 20
6173824.24253298
 10
6367596.74321126
 20
6173823.70545657
 10
6367600.45080251
 20
6173820.84724304
 10
6367600.57254118
 20
6173821.00605739
 10
6367601.53155842
 20
6173820.26671131
 10
6367603.37059648
 20
6173822.65211537
 10
6367611.06008393
 20
6173816.71359053
 10
6367610.8646991
 20
6173816.45967889
 10
6367605.92979723
 20
6173810.06114322
 10
6367605.7344124
 20
6173809.80723157
 10
6367598.75056646
 20
6173815.16479099
 10
6367597.05820862
 20
6173816.46369433
 10
6367597.41266976
 20
6173816.92297612
 10
6367597.90431739
 20
6173816.54397592
 10
6367598.08104791
 20
6173816.77360957
 10
6367602.33895987
 20
6173813.49123132
 10
6367604.16032917
 20
6173815.85337202
 10
6367599.41076963
 20
6173819.51475049
 10
6367599.64936235
 20
6173819.82430586
 10
6367594.91599296
 20
6173823.47291485
 10
6367592.31598306
 20
6173820.10217177
 10
6367587.12259248
 20
6173824.08722553
 10
6367592.4924147
 20
6173831.05324333
 10
6367594.28605884
 20
6173829.66777921
  0
LWPOLYLINE
  5
20099
330
1F
100
AcDbEntity
  8
tejido
100
AcDbPolyline
 90
7
 70
1
 10
6367599.41076963
 20
6173819.51475049
 10
6367597.41266976
 20
6173816.92297612
 10
6367597.05820862
 20
6173816.46369433
 10
6367592.31598306
 20
6173820.10217178
 10
6367594.91599296
 20
6173823.47291485
 10
6367599.64936236
 20
6173819.82430586
 10
6367599.41076963
 20
6173819.51475049
  0
LWPOLYLINE
  5
2009A
330
1F
100
AcDbEntity
  8
tejido
100
AcDbPolyline
 90
23
 70
1
 10
6367584.24370722
 20
6173826.29627112
 10
6367585.47782688
 20
6173825.34884299
 10
6367587.12262885
 20
6173824.08726269
 10
6367592.31601942
 20
6173820.10220893
 10
6367597.05824499
 20
6173816.46373149
 10
6367598.75060283
 20
6173815.16482815
 10
6367594.93233666
 20
6173810.19692592
 10
6367589.84607361
 20
6173814.10650697
 10
6367590.69928791
 20
6173815.21522169
 10
6367588.17539036
 20
6173817.15428582
 10
6367587.22348978
 20
6173817.88573248
 10
6367586.37127557
 20
6173816.77703225
 10
6367584.87401597
 20
6173814.828719
 10
6367582.66634102
 20
6173816.48327227
 10
6367581.978672
 20
6173816.99747655
 10
6367581.15345179
 20
6173817.61572183
 10
6367580.80050035
 20
6173817.88069444
 10
6367579.76796773
 20
6173818.6539866
 10
6367578.09224919
 20
6173819.90911701
 10
6367580.09698794
 20
6173822.5950179
 10
6367583.00349751
 20
6173826.49036915
 10
6367583.36264043
 20
6173826.97172585
 10
6367584.24370722
 20
6173826.29627112
  0
LWPOLYLINE
  5
2009B
330
1F
100
AcDbEntity
  8
tejido
100
AcDbPolyline
 90
5
 70
1
 10
6367588.17539036
 20
6173817.15428582
 10
6367587.32317616
 20
6173816.04558559
 10
6367586.37127557
 20
6173816.77703225
 10
6367587.22348978
 20
6173817.88573248
 10
6367588.17539036
 20
6173817.15428582
  0
LWPOLYLINE
  5
2009C
330
1F
100
AcDbEntity
  8
tejido
100
AcDbPolyline
 90
5
 70
1
 10
6367589.84607361
 20
6173814.10650697
 10
6367587.32317616
 20
6173816.04558559
 10
6367588.17539036
 20
6173817.15428582
 10
6367590.69928791
 20
6173815.21522169
 10
6367589.84607361
 20
6173814.10650697
  0
LWPOLYLINE
  5
2009D
330
1F
100
AcDbEntity
  8
tejido
100
AcDbPolyline
 90
9
 70
1
 10
6367592.58403379
 20
6173809.05307969
 10
6367590.69648296
 20
6173806.59156848
 10
6367589.94258411
 20
6173807.16967771
 10
6367589.82084544
 20
6173807.01086335
 10
6367585.68045322
 20
6173810.19091105
 10
6367585.80220638
 20
6173810.34872531
 10
6367585.51187047
 20
6173810.5725917
 10
6367587.35472061
 20
6173812.97105535
 10
6367592.58403379
 20
6173809.05307969
  0
LWPOLYLINE
  5
2009E
330
1F
100
AcDbEntity
  8
tejido
100
AcDbPolyline
 90
16
 70
1
 10
6367586.39975784
 20
6173802.65589641
 10
6367587.07787958
 20
6173803.56111253
 10
6367591.66958862
 20
6173800.12133991
 10
6367593.4849941
 20
6173802.54470173
 10
6367588.89328511
 20
6173805.98447437
 10
6367589.49471949
 20
6173806.78732149
 10
6367593.81840925
 20
6173803.53965338
 10
6367594.09036813
 20
6173803.89370637
 10
6367597.92326309
 20
6173800.94828007
 10
6367595.28513309
 20
6173797.5159649
 10
6367594.78637998
 20
6173796.86653197
 10
6367594.48102597
 20
6173796.46998161
 10
6367593.13061825
 20
6173797.50375288
 10
6367591.62141064
 20
6173798.65826271
 10
6367590.19209578
 20
6173799.75291058
 10
6367586.39975784
 20
6173802.65589641
  0
LWPOLYLINE
  5
2009F
330
1F
100
AcDbEntity
  8
tejido
100
AcDbPolyline
 90
12
 70
1
 10
6367574.57391881
 20
6173811.70752064
 10
6367575.59860998
 20
6173810.92311133
 10
6367575.92938509
 20
6173810.66982125
 10
6367576.74873508
 20
6173810.04248803
 10
6367577.43050489
 20
6173809.52119603
 10
6367577.88267002
 20
6173809.17463433
 10
6367572.6310939
 20
6173802.47041267
 10
6367567.79088587
 20
6173806.10546982
 10
6367567.9910684
 20
6173806.37345552
 10
6367571.22532586
 20
6173810.70769543
 10
6367572.91802854
 20
6173812.97494218
 10
6367574.57391881
 20
6173811.70752064
  0
LWPOLYLINE
  5
200A0
330
1F
100
AcDbEntity
  8
tejido
100
AcDbPolyline
 90
6
 70
1
 10
6367584.82688908
 20
6173803.8595143
 10
6367579.62540593
 20
6173797.21903876
 10
6367572.6310939
 20
6173802.47041267
 10
6367577.88267002
 20
6173809.17463433
 10
6367582.30209273
 20
6173805.79156311
 10
6367584.82688908
 20
6173803.8595143
  0
LWPOLYLINE
  5
200A1
330
1F
100
AcDbEntity
  8
tejido
100
AcDbPolyline
 90
7
 70
1
 10
6367586.35228687
 20
6173802.69223483
 10
6367585.61860817
 20
6173801.75630701
 10
6367584.94093591
 20
6173800.89021286
 10
6367581.16160212
 20
6173796.06592026
 10
6367579.62540593
 20
6173797.21903876
 10
6367584.82688908
 20
6173803.8595143
 10
6367586.35228687
 20
6173802.69223483
  0
LWPOLYLINE
  5
200A2
330
1F
100
AcDbEntity
  8
tejido
100
AcDbPolyline
 90
22
 70
1
 10
6367587.55914923
 20
6173799.20759734
 10
6367586.17139522
 20
6173797.43392627
 10
6367586.06407857
 20
6173797.31533371
 10
6367585.93539731
 20
6173797.22143962
 10
6367585.79132311
 20
6173797.15433116
 10
6367585.63579846
 20
6173797.11806674
 10
6367585.39765606
 20
6173797.12261872
 10
6367585.17150072
 20
6173797.19736686
 10
6367585.0372107
 20
6173797.28344931
 10
6367583.00120813
 20
6173794.68412324
 10
6367581.99595379
 20
6173795.43880447
 10
6367581.16160212
 20
6173796.06592026
 10
6367584.94093591
 20
6173800.89021286
 10
6367586.1810853
 20
6173799.94087157
 10
6367586.1543572
 20
6173799.78343386
 10
6367586.17382238
 20
6173799.54463914
 10
6367586.26306349
 20
6173799.32286059
 10
6367586.4138043
 20
6173799.13698438
 10
6367586.61279702
 20
6173799.00382403
 10
6367586.92097597
 20
6173798.92926405
 10
6367587.23534441
 20
6173798.97983391
 10
6367587.55914923
 20
6173799.20759734
  0
LWPOLYLINE
  5
200A3
330
1F
100
AcDbEntity
  8
tejido
100
AcDbPolyline
 90
16
 70
1
 10
6367585.44673113
 20
6173788.62069152
 10
6367586.63650122
 20
6173787.70660158
 10
6367583.41293395
 20
6173783.467507
 10
6367580.35337136
 20
6173785.84308038
 10
6367576.7761867
 20
6173788.6189384
 10
6367576.5433901
 20
6173788.79976747
 10
6367575.80758519
 20
6173789.37095779
 10
6367570.49757958
 20
6173793.49275369
 10
6367568.80602201
 20
6173794.80564822
 10
6367570.3590796
 20
6173796.82769495
 10
6367571.39499482
 20
6173798.17614101
 10
6367572.97639049
 20
6173796.94883646
 10
6367579.36622628
 20
6173791.99164458
 10
6367579.60964219
 20
6173792.30832146
 10
6367585.04357401
 20
6173788.09063374
 10
6367585.44673113
 20
6173788.62069152
  0
LWPOLYLINE
  5
200A4
330
1F
100
AcDbEntity
  8
tejido
100
AcDbPolyline
 90
6
 70
1
 10
6367588.69303118
 20
6173790.41023213
 10
6367586.63650122
 20
6173787.70660158
 10
6367585.44673113
 20
6173788.62069152
 10
6367586.88691458
 20
6173790.51520776
 10
6367587.49246107
 20
6173791.31122199
 10
6367588.69303118
 20
6173790.41023213
  0
LWPOLYLINE
  5
200A5
330
1F
100
AcDbEntity
  8
tejido
100
AcDbPolyline
 90
12
 70
1
 10
6367565.24438725
 20
6173791.67523283
 10
6367561.05949206
 20
6173786.24507281
 10
6367560.53040649
 20
6173786.6527621
 10
6367555.92410187
 20
6173790.20259735
 10
6367555.95488395
 20
6173790.24401112
 10
6367557.44055737
 20
6173792.23516476
 10
6367561.62758798
 20
6173797.8466273
 10
6367562.82375152
 20
6173799.44930728
 10
6367565.67069587
 20
6173797.23983561
 10
6367565.87465333
 20
6173797.08154524
 10
6367563.02585399
 20
6173793.38504055
 10
6367565.24438725
 20
6173791.67523283
  0
LWPOLYLINE
  5
200A6
330
1F
100
AcDbEntity
  8
tejido
100
AcDbPolyline
 90
9
 70
1
 10
6367567.18591966
 20
6173776.39202376
 10
6367566.11612967
 20
6173774.9730721
 10
6367566.01295901
 20
6173775.05160289
 10
6367562.94532053
 20
6173777.37491415
 10
6367559.56921364
 20
6173779.93083199
 10
6367559.29309661
 20
6173780.13989957
 10
6367560.32820156
 20
6173781.53634159
 10
6367564.00028276
 20
6173778.7816471
 10
6367567.18591966
 20
6173776.39202376
  0
LWPOLYLINE
  5
200A7
330
1F
100
AcDbEntity
  8
tejido
100
AcDbPolyline
 90
6
 70
1
 10
6367568.32932683
 20
6173777.90807293
 10
6367567.18591966
 20
6173776.39202376
 10
6367564.00028276
 20
6173778.7816471
 10
6367560.32820156
 20
6173781.53634159
 10
6367561.45949151
 20
6173783.06021777
 10
6367568.32932683
 20
6173777.90807293
  0
LWPOLYLINE
  5
200A8
330
1F
100
AcDbEntity
  8
tejido
100
AcDbPolyline
 90
8
 70
1
 10
6367568.05001632
 20
6173790.36433844
 10
6367569.93222272
 20
6173788.89226078
 10
6367566.69363291
 20
6173784.63518328
 10
6367564.08022067
 20
6173786.59545332
 10
6367565.70994303
 20
6173788.79164018
 10
6367566.90097899
 20
6173790.39845866
 10
6367567.63042582
 20
6173789.82784779
 10
6367568.05001632
 20
6173790.36433844
  0
LWPOLYLINE
  5
200A9
330
1F
100
AcDbEntity
  8
tejido
100
AcDbPolyline
 90
15
 70
1
 10
6367581.80276928
 20
6173781.34999794
 10
6367580.48042737
 20
6173779.61098605
 10
6367575.53573319
 20
6173773.1086851
 10
6367574.20409255
 20
6173771.35830434
 10
6367572.99301465
 20
6173769.76523801
 10
6367567.68897901
 20
6173773.78259436
 10
6367566.11629529
 20
6173774.97327007
 10
6367567.18617384
 20
6173776.39217709
 10
6367568.32949677
 20
6173777.90830954
 10
6367570.16009553
 20
6173780.33581292
 10
6367573.15966558
 20
6173784.31278988
 10
6367573.83854854
 20
6173785.21347671
 10
6367577.51477752
 20
6173782.34399156
 10
6367578.65577183
 20
6173783.80593463
 10
6367581.80276928
 20
6173781.34999794
  0
LWPOLYLINE
  5
200AA
330
1F
100
AcDbEntity
  8
tejido
100
AcDbPolyline
 90
10
 70
1
 10
6367589.6353182
 20
6173777.27842956
 10
6367582.71021892
 20
6173782.54296879
 10
6367583.41311708
 20
6173783.46750965
 10
6367586.63668434
 20
6173787.70660423
 10
6367588.69303118
 20
6173790.41023213
 10
6367591.14664876
 20
6173788.5681672
 10
6367593.84749447
 20
6173786.53949898
 10
6367595.60853886
 20
6173785.21772058
 10
6367592.45941563
 20
6173781.0321508
 10
6367589.6353182
 20
6173777.27842956
  0
LWPOLYLINE
  5
200AB
330
1F
100
AcDbEntity
  8
tejido
100
AcDbPolyline
 90
17
 70
1
 10
6367599.793068
 20
6173758.0677741
 10
6367601.3958258
 20
6173756.87045203
 10
6367601.28203344
 20
6173756.71781479
 10
6367600.43062693
 20
6173755.62212251
 10
6367607.00391523
 20
6173750.71667815
 10
6367607.94776004
 20
6173751.98081671
 10
6367611.82392773
 20
6173749.08712105
 10
6367610.83190741
 20
6173747.76422137
 10
6367610.82776539
 20
6173747.75933803
 10
6367608.84646016
 20
6173745.11858477
 10
6367607.64537306
 20
6173743.51864199
 10
6367593.69159045
 20
6173754.08804013
 10
6367594.79860104
 20
6173755.5609691
 10
6367595.94286595
 20
6173757.08370906
 10
6367597.15475587
 20
6173758.69656882
 10
6367597.79987532
 20
6173759.55512707
 10
6367599.793068
 20
6173758.0677741
  0
LWPOLYLINE
  5
200AC
330
1F
100
AcDbEntity
  8
tejido
100
AcDbPolyline
 90
20
 70
1
 10
6367670.35185936
 20
6173784.6212937
 10
6367669.86978848
 20
6173784.68751328
 10
6367670.23280185
 20
6173785.16069678
 10
6367666.48783817
 20
6173788.03358107
 10
6367670.49638206
 20
6173793.25890956
 10
6367668.1825713
 20
6173795.03419109
 10
6367667.84571268
 20
6173795.29257819
 10
6367671.14782622
 20
6173799.59697811
 10
6367675.33201451
 20
6173796.38720817
 10
6367681.53353179
 20
6173791.6296858
 10
6367681.31831741
 20
6173791.33869432
 10
6367682.71552223
 20
6173790.30440185
 10
6367679.93188212
 20
6173786.82192368
 10
6367679.83203219
 20
6173786.69726843
 10
6367677.51530268
 20
6173783.7987671
 10
6367677.25984655
 20
6173783.47874101
 10
6367677.05943541
 20
6173783.22795487
 10
6367675.19970379
 20
6173780.90229692
 10
6367673.88949682
 20
6173781.90744468
 10
6367670.35185936
 20
6173784.6212937
  0
LWPOLYLINE
  5
200AD
330
1F
100
AcDbEntity
  8
tejido
100
AcDbPolyline
 90
18
 70
1
 10
6367662.85432579
 20
6173802.61026001
 10
6367662.64117622
 20
6173802.32424387
 10
6367662.20157695
 20
6173801.73467933
 10
6367660.38523583
 20
6173799.30078948
 10
6367657.01615322
 20
6173794.78514651
 10
6367656.79676762
 20
6173794.49128604
 10
6367655.29739469
 20
6173792.48070232
 10
6367654.16406342
 20
6173790.96184556
 10
6367652.32179002
 20
6173788.49314496
 10
6367651.42393515
 20
6173789.14093087
 10
6367653.24675316
 20
6173791.66716842
 10
6367656.05409327
 20
6173795.55765278
 10
6367656.16829892
 20
6173795.47529625
 10
6367658.02479368
 20
6173798.04964438
 10
6367659.11290348
 20
6173799.55868765
 10
6367656.7053923
 20
6173801.29475767
 10
6367659.43327681
 20
6173805.07730587
 10
6367662.85432579
 20
6173802.61026001
  0
LWPOLYLINE
  5
200AE
330
1F
100
AcDbEntity
  8
tejido
100
AcDbPolyline
 90
10
 70
1
 10
6367624.78066915
 20
6173801.72255722
 10
6367623.39216131
 20
6173799.86284784
 10
6367622.77832647
 20
6173800.32110355
 10
6367621.49604215
 20
6173801.2788371
 10
6367621.04171443
 20
6173800.67006078
 10
6367618.83414111
 20
6173802.31761297
 10
6367619.29249827
 20
6173802.92444703
 10
6367620.69015205
 20
6173804.77428573
 10
6367624.16584869
 20
6173802.17979832
 10
6367624.78066915
 20
6173801.72255722
  0
LWPOLYLINE
  5
200AF
330
1F
100
AcDbEntity
  8
tejido
100
AcDbPolyline
 90
9
 70
1
 10
6367628.65866678
 20
6173806.91739713
 10
6367624.78066915
 20
6173801.72255722
 10
6367624.16584869
 20
6173802.17979832
 10
6367620.69015205
 20
6173804.77428573
 10
6367621.90327733
 20
6173806.3803733
 10
6367624.13421554
 20
6173809.33363619
 10
6367624.61219815
 20
6173809.96676295
 10
6367628.0595583
 20
6173807.39487231
 10
6367628.65866678
 20
6173806.91739713
  0
LWPOLYLINE
  5
200B0
330
1F
100
AcDbEntity
  8
tejido
100
AcDbPolyline
 90
6
 70
1
 10
6367614.24631638
 20
6173839.18184929
 10
6367613.53404572
 20
6173838.21822285
 10
6367611.69061354
 20
6173839.5879607
 10
6367610.00492314
 20
6173840.84094596
 10
6367610.72020864
 20
6173841.80361577
 10
6367614.24631638
 20
6173839.18184929
  0
LWPOLYLINE
  5
200B1
330
1F
100
AcDbEntity
  8
tejido
100
AcDbPolyline
 90
15
 70
1
 10
6367641.06535341
 20
6173822.19500994
 10
6367642.07572396
 20
6173821.43240033
 10
6367634.41552208
 20
6173811.1281362
 10
6367635.7798152
 20
6173810.10256877
 10
6367634.05403522
 20
6173807.80543375
 10
6367631.68151696
 20
6173804.64745446
 10
6367628.65866678
 20
6173806.91739713
 10
6367628.0595583
 20
6173807.39487231
 10
6367624.61219815
 20
6173809.96676295
 10
6367626.98154363
 20
6173813.10208904
 10
6367630.67785364
 20
6173817.9952002
 10
6367633.18853428
 20
6173821.31763344
 10
6367635.29286376
 20
6173824.10300833
 10
6367639.89747969
 20
6173820.64159491
 10
6367641.06535341
 20
6173822.19500994
  0
LWPOLYLINE
  5
200B2
330
1F
100
AcDbEntity
  8
tejido
100
AcDbPolyline
 90
7
 70
1
 10
6367646.3896899
 20
6173824.22278309
 10
6367645.20112105
 20
6173822.64095921
 10
6367643.49457367
 20
6173820.36961119
 10
6367642.07572396
 20
6173821.43240033
 10
6367641.06535341
 20
6173822.19500994
 10
6367643.98505221
 20
6173826.07754735
 10
6367646.3896899
 20
6173824.22278309
  0
LWPOLYLINE
  5
200B3
330
1F
100
AcDbEntity
  8
tejido
100
AcDbPolyline
 90
8
 70
1
 10
6367626.98154363
 20
6173813.10208904
 10
6367624.61219815
 20
6173809.96676295
 10
6367624.13421554
 20
6173809.33363619
 10
6367620.35093462
 20
6173812.09972343
 10
6367622.66214329
 20
6173815.24321006
 10
6367623.67139789
 20
6173814.48858683
 10
6367624.21011218
 20
6173815.21062181
 10
6367626.98154363
 20
6173813.10208904
  0
LWPOLYLINE
  5
200B4
330
1F
100
AcDbEntity
  8
tejido
100
AcDbPolyline
 90
10
 70
1
 10
6367630.67785364
 20
6173817.9952002
 10
6367626.98154363
 20
6173813.10208904
 10
6367624.21011218
 20
6173815.21062181
 10
6367623.67139789
 20
6173814.48858683
 10
6367622.66214329
 20
6173815.24321006
 10
6367623.19678468
 20
6173815.97018763
 10
6367625.74244071
 20
6173819.4331727
 10
6367627.20546929
 20
6173818.35901978
 10
6367628.2492129
 20
6173819.78059456
 10
6367630.67785364
 20
6173817.9952002
  0
LWPOLYLINE
  5
200B5
330
1F
100
AcDbEntity
  8
tejido
100
AcDbPolyline
 90
6
 70
1
 10
6367627.10365362
 20
6173820.62227137
 10
6367628.2492129
 20
6173819.78059456
 10
6367627.20546929
 20
6173818.35901978
 10
6367625.74244071
 20
6173819.4331727
 10
6367626.78818455
 20
6173820.85477646
 10
6367627.10365362
 20
6173820.62227137
  0
LWPOLYLINE
  5
200B6
330
1F
100
AcDbEntity
  8
tejido
100
AcDbPolyline
 90
17
 70
1
 10
6367636.79180703
 20
6173826.83259632
 10
6367637.15083152
 20
6173826.56271014
 10
6367635.29286376
 20
6173824.10300833
 10
6367633.18853428
 20
6173821.31763344
 10
6367629.59047679
 20
6173824.00337789
 10
6367631.24932037
 20
6173826.26013033
 10
6367629.60331544
 20
6173827.46667536
 10
6367627.76004475
 20
6173824.95917104
 10
6367626.06151233
 20
6173826.20096654
 10
6367627.59982028
 20
6173828.28491759
 10
6367630.18980033
 20
6173831.79555982
 10
6367630.54983942
 20
6173831.52468801
 10
6367630.84616145
 20
6173831.30190869
 10
6367631.41241516
 20
6173832.05635293
 10
6367634.81556728
 20
6173829.49782604
 10
6367634.24929909
 20
6173828.74438192
 10
6367636.79180703
 20
6173826.83259632
  0
LWPOLYLINE
  5
200B7
330
1F
100
AcDbEntity
  8
tejido
100
AcDbPolyline
 90
5
 70
1
 10
6367628.98911755
 20
6173823.18640507
 10
6367627.10365362
 20
6173820.62227137
 10
6367626.78818455
 20
6173820.85477646
 10
6367628.67364849
 20
6173823.41891016
 10
6367628.98911755
 20
6173823.18640507
  0
LWPOLYLINE
  5
200B8
330
1F
100
AcDbEntity
  8
tejido
100
AcDbPolyline
 90
7
 70
1
 10
6367633.18853428
 20
6173821.31763344
 10
6367630.67785364
 20
6173817.9952002
 10
6367628.2492129
 20
6173819.78059456
 10
6367627.10365362
 20
6173820.62227137
 10
6367628.98911755
 20
6173823.18640507
 10
6367629.59047679
 20
6173824.00337789
 10
6367633.18853428
 20
6173821.31763344
  0
LWPOLYLINE
  5
200B9
330
1F
100
AcDbEntity
  8
tejido
100
AcDbPolyline
 90
8
 70
1
 10
6367629.59047679
 20
6173824.00337789
 10
6367628.98911755
 20
6173823.18640507
 10
6367628.67364849
 20
6173823.41891016
 10
6367629.09056616
 20
6173823.98613121
 10
6367627.76004475
 20
6173824.95917104
 10
6367629.60331544
 20
6173827.46667536
 10
6367631.24932037
 20
6173826.26013033
 10
6367629.59047679
 20
6173824.00337789
  0
LWPOLYLINE
  5
200BA
330
1F
100
AcDbEntity
  8
tejido
100
AcDbPolyline
 90
5
 70
1
 10
6367632.86317885
 20
6173834.65920237
 10
6367630.54983942
 20
6173831.52468801
 10
6367630.18980033
 20
6173831.79555982
 10
6367632.50708225
 20
6173834.93413259
 10
6367632.86317885
 20
6173834.65920237
  0
LWPOLYLINE
  5
200BB
330
1F
100
AcDbEntity
  8
tejido
100
AcDbPolyline
 90
5
 70
1
 10
6367639.43576154
 20
6173829.58677752
 10
6367637.15083152
 20
6173826.56271014
 10
6367636.79180703
 20
6173826.83259632
 10
6367639.07966494
 20
6173829.86170773
 10
6367639.43576154
 20
6173829.58677752
  0
LWPOLYLINE
  5
200BC
330
1F
100
AcDbEntity
  8
tejido
100
AcDbPolyline
 90
7
 70
1
 10
6367643.49457367
 20
6173820.36961119
 10
6367642.27116458
 20
6173818.74146776
 10
6367636.45010837
 20
6173810.99466421
 10
6367635.7798152
 20
6173810.10256877
 10
6367634.41552208
 20
6173811.1281362
 10
6367642.07572396
 20
6173821.43240033
 10
6367643.49457367
 20
6173820.36961119
  0
LWPOLYLINE
  5
200BD
330
1F
100
AcDbEntity
  8
tejido
100
AcDbPolyline
 90
7
 70
1
 10
6367643.98505221
 20
6173826.07754735
 10
6367641.06535341
 20
6173822.19500994
 10
6367639.89747969
 20
6173820.64159491
 10
6367635.29286376
 20
6173824.10300833
 10
6367637.15083152
 20
6173826.56271014
 10
6367639.43576154
 20
6173829.58677752
 10
6367643.98505221
 20
6173826.07754735
  0
LWPOLYLINE
  5
200BE
330
1F
100
AcDbEntity
  8
tejido
100
AcDbPolyline
 90
9
 70
1
 10
6367621.90327733
 20
6173806.3803733
 10
6367620.69015205
 20
6173804.77428573
 10
6367619.29249827
 20
6173802.92444703
 10
6367618.83414111
 20
6173802.31761297
 10
6367612.94711508
 20
6173794.5258385
 10
6367606.37848798
 20
6173799.53229917
 10
6367610.98751236
 20
6173805.77706533
 10
6367615.10205946
 20
6173811.35345429
 10
6367621.90327733
 20
6173806.3803733
  0
LWPOLYLINE
  5
200BF
330
1F
100
AcDbEntity
  8
tejido
100
AcDbPolyline
 90
9
 70
1
 10
6367639.07966494
 20
6173829.86170773
 10
6367636.79180703
 20
6173826.83259632
 10
6367634.24929909
 20
6173828.74438192
 10
6367634.81556728
 20
6173829.49782604
 10
6367631.41241516
 20
6173832.05635293
 10
6367630.84616145
 20
6173831.30190869
 10
6367630.54983942
 20
6173831.52468801
 10
6367632.86317885
 20
6173834.65920237
 10
6367639.07966494
 20
6173829.86170773
  0
LWPOLYLINE
  5
200C0
330
1F
100
AcDbEntity
  8
tejido
100
AcDbPolyline
 90
7
 70
1
 10
6367598.36633573
 20
6173831.05336295
 10
6367596.17482214
 20
6173828.20970622
 10
6367594.28609521
 20
6173829.66781637
 10
6367594.89681782
 20
6173830.45991692
 10
6367596.38696521
 20
6173829.30913205
 10
6367597.93639048
 20
6173831.3852418
 10
6367598.36633573
 20
6173831.05336295
  0
LWPOLYLINE
  5
200C1
330
1F
100
AcDbEntity
  8
tejido
100
AcDbPolyline
 90
7
 70
1
 10
6367604.45445006
 20
6173840.91471417
 10
6367606.28028602
 20
6173839.51671233
 10
6367607.48402544
 20
6173838.59485237
 10
6367605.5232486
 20
6173836.05063409
 10
6367601.57999428
 20
6173839.08749156
 10
6367603.53192958
 20
6173841.62057821
 10
6367604.45445006
 20
6173840.91471417
  0
LWPOLYLINE
  5
200C2
330
1F
100
AcDbEntity
  8
tejido
100
AcDbPolyline
 90
5
 70
1
 10
6367607.02981478
 20
6173829.4173271
 10
6367604.53786039
 20
6173826.04514892
 10
6367601.84398782
 20
6173828.0477714
 10
6367604.34505918
 20
6173831.41207912
 10
6367607.02981478
 20
6173829.4173271
  0
LWPOLYLINE
  5
200C3
330
1F
100
AcDbEntity
  8
tejido
100
AcDbPolyline
 90
10
 70
1
 10
6367587.32317616
 20
6173816.0455856
 10
6367589.84607361
 20
6173814.10650697
 10
6367594.93233666
 20
6173810.19692592
 10
6367596.18973421
 20
6173809.23082908
 10
6367594.78574632
 20
6173807.40390585
 10
6367592.58403379
 20
6173809.05307969
 10
6367587.35472061
 20
6173812.97105535
 10
6367584.87401597
 20
6173814.828719
 10
6367586.37127557
 20
6173816.77703225
 10
6367587.32317616
 20
6173816.0455856
  0
LWPOLYLINE
  5
200C4
330
1F
100
AcDbEntity
  8
tejido
100
AcDbPolyline
 90
11
 70
1
 10
6367610.98751236
 20
6173805.77706533
 10
6367606.37848798
 20
6173799.53229917
 10
6367605.99396536
 20
6173799.00756092
 10
6367605.02616445
 20
6173799.73177484
 10
6367599.9251604
 20
6173803.55411406
 10
6367598.56395437
 20
6173804.57372438
 10
6367598.07752465
 20
6173804.93779535
 10
6367600.39448686
 20
6173807.82228246
 10
6367603.95448287
 20
6173805.20900989
 10
6367606.78344682
 20
6173809.00220497
 10
6367610.98751236
 20
6173805.77706533
  0
LWPOLYLINE
  5
200C5
330
1F
100
AcDbEntity
  8
tejido
100
AcDbPolyline
 90
31
 70
1
 10
6367590.19215394
 20
6173799.75306186
 10
6367591.62149621
 20
6173798.658241
 10
6367593.13076786
 20
6173797.5038288
 10
6367594.48113886
 20
6173796.46989532
 10
6367599.61551545
 20
6173792.54013641
 10
6367600.56846455
 20
6173791.81072475
 10
6367599.69619376
 20
6173790.6506838
 10
6367595.60853886
 20
6173785.21772058
 10
6367593.8477351
 20
6173786.53974669
 10
6367591.14646564
 20
6173788.56816455
 10
6367588.69303118
 20
6173790.41023214
 10
6367587.49246107
 20
6173791.31122199
 10
6367587.09308493
 20
6173791.61156373
 10
6367583.00124166
 20
6173794.68432252
 10
6367585.03730464
 20
6173797.28355813
 10
6367585.17146837
 20
6173797.19746115
 10
6367585.3977223
 20
6173797.12265045
 10
6367585.63590087
 20
6173797.11816445
 10
6367585.79137215
 20
6173797.15430256
 10
6367585.93546408
 20
6173797.22153583
 10
6367586.06415052
 20
6173797.31540997
 10
6367586.17135381
 20
6173797.43400528
 10
6367587.5591939
 20
6173799.20766832
 10
6367587.71428465
 20
6173799.48496722
 10
6367587.74866375
 20
6173799.80063003
 10
6367587.6582209
 20
6173800.10544811
 10
6367587.51434476
 20
6173800.29721226
 10
6367585.61863875
 20
6173801.7563055
 10
6367586.35220305
 20
6173802.69234156
 10
6367586.39975784
 20
6173802.65589641
 10
6367590.19215394
 20
6173799.75306186
  0
LWPOLYLINE
  5
200C6
330
1F
100
AcDbEntity
  8
tejido
100
AcDbPolyline
 90
21
 70
1
 10
6367572.63116162
 20
6173802.47051134
 10
6367579.62548946
 20
6173797.21912447
 10
6367581.1616674
 20
6173796.06601792
 10
6367581.99603095
 20
6173795.43892525
 10
6367583.00130447
 20
6173794.68420132
 10
6367587.09308581
 20
6173791.61150269
 10
6367587.49258315
 20
6173791.31122376
 10
6367586.88691546
 20
6173790.51514671
 10
6367585.44691426
 20
6173788.62069418
 10
6367585.04345104
 20
6173788.09069302
 10
6367579.60958115
 20
6173792.30832058
 10
6367579.36610331
 20
6173791.99170385
 10
6367572.97627018
 20
6173796.94871261
 10
6367571.39499393
 20
6173798.17620204
 10
6367570.35913888
 20
6173796.82781792
 10
6367568.80596097
 20
6173794.80564734
 10
6367565.87465333
 20
6173797.08154524
 10
6367565.67069322
 20
6173797.24001873
 10
6367562.82374887
 20
6173799.44949041
 10
6367567.79094313
 20
6173806.10554782
 10
6367572.63116162
 20
6173802.47051134
  0
LWPOLYLINE
  5
200C7
330
1F
100
AcDbEntity
  8
tejido
100
AcDbPolyline
 90
5
 70
1
 10
6367601.59854736
 20
6173760.48552658
 10
6367599.79299166
 20
6173758.06759667
 10
6367597.79980361
 20
6173759.55520272
 10
6367599.61243257
 20
6173761.96823351
 10
6367601.59854736
 20
6173760.48552658
  0
LWPOLYLINE
  5
200C8
330
1F
100
AcDbEntity
  8
tejido
100
AcDbPolyline
 90
5
 70
1
 10
6367611.54278322
 20
6173765.52218661
 10
6367609.67417686
 20
6173763.03732203
 10
6367603.74314
 20
6173767.46483176
 10
6367605.6097607
 20
6173769.94866727
 10
6367611.54278322
 20
6173765.52218661
  0
LWPOLYLINE
  5
200C9
330
1F
100
AcDbEntity
  8
tejido
100
AcDbPolyline
 90
5
 70
1
 10
6367608.91214094
 20
6173774.34491371
 10
6367609.88570231
 20
6173775.63943134
 10
6367613.40611429
 20
6173772.99657635
 10
6367612.43356754
 20
6173771.7010731
 10
6367608.91214094
 20
6173774.34491371
  0
LWPOLYLINE
  5
200CA
330
1F
100
AcDbEntity
  8
tejido
100
AcDbPolyline
 90
5
 70
1
 10
6367619.6297937
 20
6173759.48739062
 10
6367617.76420227
 20
6173757.00156944
 10
6367612.08094606
 20
6173761.2426082
 10
6367613.94755217
 20
6173763.72744379
 10
6367619.6297937
 20
6173759.48739062
  0
LWPOLYLINE
  5
200CB
330
1F
100
AcDbEntity
  8
tejido
100
AcDbPolyline
 90
7
 70
1
 10
6367633.6987413
 20
6173778.23334191
 10
6367627.0362518
 20
6173769.35597114
 10
6367612.99670663
 20
6173779.78089263
 10
6367613.41584085
 20
6173780.33755753
 10
6367619.3925609
 20
6173788.29234544
 10
6367620.02060184
 20
6173789.12867638
 10
6367633.6987413
 20
6173778.23334191
  0
LWPOLYLINE
  5
200CC
330
1F
100
AcDbEntity
  8
tejido
100
AcDbPolyline
 90
5
 70
1
 10
6367623.86148347
 20
6173765.1254967
 10
6367622.59354048
 20
6173763.43658835
 10
6367619.09663828
 20
6173766.04477257
 10
6367620.35953726
 20
6173767.7366088
 10
6367623.86148347
 20
6173765.1254967
  0
LWPOLYLINE
  5
200CD
330
1F
100
AcDbEntity
  8
tejido
100
AcDbPolyline
 90
5
 70
1
 10
6367638.13055907
 20
6173769.5095924
 10
6367638.92554906
 20
6173770.56344608
 10
6367641.30402504
 20
6173768.78832883
 10
6367640.44460751
 20
6173767.69352878
 10
6367638.13055907
 20
6173769.5095924
  0
LWPOLYLINE
  5
200CE
330
1F
100
AcDbEntity
  8
tejido
100
AcDbPolyline
 90
7
 70
1
 10
6367655.66199003
 20
6173762.3432371
 10
6367653.28215169
 20
6173759.31079191
 10
6367646.57775697
 20
6173764.57436704
 10
6367644.15340673
 20
6173766.47786093
 10
6367646.57745319
 20
6173769.56596436
 10
6367650.01413059
 20
6173766.83386823
 10
6367655.66199003
 20
6173762.3432371
  0
LWPOLYLINE
  5
200CF
330
1F
100
AcDbEntity
  8
tejido
100
AcDbPolyline
 90
9
 70
1
 10
6367665.4781714
 20
6173754.53992196
 10
6367659.28134496
 20
6173746.72765365
 10
6367655.47778697
 20
6173749.71951851
 10
6367655.16310062
 20
6173749.96703965
 10
6367657.81894152
 20
6173753.35059547
 10
6367659.08878956
 20
6173752.35366953
 10
6367662.60010541
 20
6173756.82796689
 10
6367662.95125946
 20
6173756.54896389
 10
6367665.4781714
 20
6173754.53992196
  0
LWPOLYLINE
  5
200D0
330
1F
100
AcDbEntity
  8
tejido
100
AcDbPolyline
 90
5
 70
1
 10
6367638.58858311
 20
6173726.06727892
 10
6367638.02417407
 20
6173725.34805709
 10
6367636.04430473
 20
6173726.90190817
 10
6367636.60871732
 20
6173727.62088583
 10
6367638.58858311
 20
6173726.06727892
  0
LWPOLYLINE
  5
200D1
330
1F
100
AcDbEntity
  8
tejido
100
AcDbPolyline
 90
11
 70
1
 10
6367625.58885308
 20
6173832.31899533
 10
6367618.03417019
 20
6173837.92828617
 10
6367618.39749425
 20
6173838.41374619
 10
6367621.91137354
 20
6173843.10817973
 10
6367622.73086917
 20
6173842.47482717
 10
6367624.4009422
 20
6173841.18671482
 10
6367627.22941128
 20
6173839.00499965
 10
6367628.01233669
 20
6173838.40103406
 10
6367628.90169774
 20
6173837.71582043
 10
6367629.34366676
 20
6173837.37494491
 10
6367625.58885308
 20
6173832.31899533
  0
LWPOLYLINE
  5
200D2
330
1F
100
AcDbEntity
  8
tejido
100
AcDbPolyline
 90
6
 70
1
 10
6367620.2834738
 20
6173825.17436371
 10
6367618.62696279
 20
6173822.94347652
 10
6367615.28244126
 20
6173818.43923998
 10
6367607.69571813
 20
6173824.11919521
 10
6367612.81822738
 20
6173830.96121544
 10
6367620.2834738
 20
6173825.17436371
  0
LWPOLYLINE
  5
200D3
330
1F
100
AcDbEntity
  8
tejido
100
AcDbPolyline
 90
15
 70
1
 10
6367618.62702815
 20
6173822.94350189
 10
6367621.87658341
 20
6173820.53062943
 10
6367620.17816118
 20
6173818.23002097
 10
6367616.15480882
 20
6173812.77936851
 10
6367611.0601711
 20
6173816.71391612
 10
6367603.37067704
 20
6173822.6519871
 10
6367602.51784188
 20
6173823.3108659
 10
6367604.53809023
 20
6173826.04504724
 10
6367607.02996217
 20
6173829.41718515
 10
6367610.05837653
 20
6173833.51455167
 10
6367613.06596129
 20
6173831.29202184
 10
6367612.81829273
 20
6173830.96124081
 10
6367607.69584188
 20
6173824.11940459
 10
6367615.28256766
 20
6173818.43926624
 10
6367618.62702815
 20
6173822.94350189
  0
LWPOLYLINE
  5
200D4
330
1F
100
AcDbEntity
  8
tejido
100
AcDbPolyline
 90
10
 70
1
 10
6367608.28273559
 20
6173842.21067846
 10
6367606.46114073
 20
6173843.58194996
 10
6367607.91770768
 20
6173845.51718249
 10
6367608.90140545
 20
6173846.82457546
 10
6367616.01164677
 20
6173841.57089919
 10
6367615.35913302
 20
6173840.68750686
 10
6367614.24648931
 20
6173839.1819545
 10
6367610.72038033
 20
6173841.80384014
 10
6367608.95491467
 20
6173843.11474804
 10
6367608.28273559
 20
6173842.21067846
  0
LWPOLYLINE
  5
200D5
330
1F
100
AcDbEntity
  8
tejido
100
AcDbPolyline
 90
8
 70
1
 10
6367610.72020864
 20
6173841.80361577
 10
6367610.00492314
 20
6173840.84094596
 10
6367608.02786873
 20
6173838.17745365
 10
6367607.48365021
 20
6173838.59470467
 10
6367606.27991079
 20
6173839.51656462
 10
6367608.28154776
 20
6173842.20942244
 10
6367608.95465448
 20
6173843.1144628
 10
6367610.72020864
 20
6173841.80361577
  0
LWPOLYLINE
  5
200D6
330
1F
100
AcDbEntity
  8
tejido
100
AcDbPolyline
 90
8
 70
1
 10
6367613.12503086
 20
6173837.6651175
 10
6367611.52478468
 20
6173835.49933623
 10
6367609.6948077
 20
6173836.90131888
 10
6367608.02777601
 20
6173838.17756966
 10
6367610.00502771
 20
6173840.84109804
 10
6367611.6906507
 20
6173839.58801217
 10
6367613.53401806
 20
6173838.21839939
 10
6367613.12503086
 20
6173837.6651175
  0
LWPOLYLINE
  5
200D7
330
1F
100
AcDbEntity
  8
tejido
100
AcDbPolyline
 90
9
 70
1
 10
6367607.91770768
 20
6173845.51718249
 10
6367601.08866683
 20
6173850.7257233
 10
6367602.50528576
 20
6173852.62429364
 10
6367604.92211241
 20
6173852.9716072
 10
6367608.46470065
 20
6173853.48090906
 10
6367611.91037474
 20
6173850.82287344
 10
6367610.63063112
 20
6173849.12300482
 10
6367608.90140545
 20
6173846.82457546
 10
6367607.91770768
 20
6173845.51718249
  0
LWPOLYLINE
  5
200D8
330
1F
100
AcDbEntity
  8
tejido
100
AcDbPolyline
 90
7
 70
1
 10
6367598.53815265
 20
6173831.27692347
 10
6367598.36633573
 20
6173831.05336295
 10
6367597.93639048
 20
6173831.3852418
 10
6367596.38696521
 20
6173829.30913205
 10
6367594.89681782
 20
6173830.45991692
 10
6367596.64845462
 20
6173832.73301892
 10
6367598.53815265
 20
6173831.27692347
  0
LWPOLYLINE
  5
200D9
330
1F
100
AcDbEntity
  8
tejido
100
AcDbPolyline
 90
10
 70
1
 10
6367603.37059648
 20
6173822.65211537
 10
6367601.53155842
 20
6173820.26671131
 10
6367600.57254118
 20
6173821.0060574
 10
6367600.45080251
 20
6173820.84724304
 10
6367596.74321126
 20
6173823.70545657
 10
6367596.04620799
 20
6173824.24253298
 10
6367596.16794667
 20
6173824.40134734
 10
6367598.01091279
 20
6173826.79180994
 10
6367602.5177792
 20
6173823.31097392
 10
6367603.37059648
 20
6173822.65211537
  0
LWPOLYLINE
  5
200DA
330
1F
100
AcDbEntity
  8
tejido
100
AcDbPolyline
 90
10
 70
1
 10
6367615.10215195
 20
6173811.35340923
 10
6367610.98751236
 20
6173805.77706533
 10
6367606.78344046
 20
6173809.00223906
 10
6367606.64390778
 20
6173809.10913897
 10
6367605.73439484
 20
6173809.80724841
 10
6367605.92983652
 20
6173810.06117114
 10
6367610.86480028
 20
6173816.45968329
 10
6367611.06013827
 20
6173816.71363479
 10
6367616.15477246
 20
6173812.77933135
 10
6367615.10215195
 20
6173811.35340923
  0
LWPOLYLINE
  5
200DB
330
1F
100
AcDbEntity
  8
tejido
100
AcDbPolyline
 90
14
 70
1
 10
6367605.73444876
 20
6173809.80726873
 10
6367606.64385193
 20
6173809.10921729
 10
6367606.78344682
 20
6173809.00220497
 10
6367603.95448287
 20
6173805.20900989
 10
6367600.39448686
 20
6173807.82228246
 10
6367598.07752465
 20
6173804.93779535
 10
6367597.10263601
 20
6173805.66790854
 10
6367597.04196274
 20
6173805.71304418
 10
6367595.60086396
 20
6173806.7925165
 10
6367594.78574632
 20
6173807.40390585
 10
6367596.18973421
 20
6173809.23082907
 10
6367594.93233666
 20
6173810.19692592
 10
6367598.75060283
 20
6173815.16482815
 10
6367605.73444876
 20
6173809.80726873
  0
LWPOLYLINE
  5
200DC
330
1F
100
AcDbEntity
  8
tejido
100
AcDbPolyline
 90
14
 70
1
 10
6367601.36345699
 20
6173792.86451284
 10
6367600.56846455
 20
6173791.81072475
 10
6367599.61555714
 20
6173792.54011528
 10
6367594.48102597
 20
6173796.46998161
 10
6367594.78637999
 20
6173796.86653197
 10
6367595.2851331
 20
6173797.5159649
 10
6367597.92326309
 20
6173800.94828008
 10
6367599.14562131
 20
6173802.53849642
 10
6367599.9251604
 20
6173803.55411406
 10
6367605.02624493
 20
6173799.73180922
 10
6367605.99409795
 20
6173799.0075311
 10
6367605.68213077
 20
6173798.59302813
 10
6367605.22351592
 20
6173797.98512477
 10
6367601.36345699
 20
6173792.86451284
  0
LWPOLYLINE
  5
200DD
330
1F
100
AcDbEntity
  8
tejido
100
AcDbPolyline
 90
19
 70
1
 10
6367609.67420773
 20
6173763.03726679
 10
6367609.56041448
 20
6173762.8846906
 10
6367610.91754444
 20
6173761.8730792
 10
6367611.9660267
 20
6173761.09010263
 10
6367612.0809187
 20
6173761.24269474
 10
6367617.76429331
 20
6173757.00157515
 10
6367617.31175844
 20
6173756.39881836
 10
6367616.08114193
 20
6173754.75949486
 10
6367613.85346337
 20
6173751.79127633
 10
6367609.96922671
 20
6173754.68986158
 10
6367610.83272234
 20
6173755.84873751
 10
6367608.00017045
 20
6173757.96243893
 10
6367607.13665889
 20
6173756.80466175
 10
6367601.81546633
 20
6173760.77573352
 10
6367601.59846844
 20
6173760.48563191
 10
6367599.61242564
 20
6173761.96832622
 10
6367601.64477648
 20
6173764.67203387
 10
6367603.74317763
 20
6173767.46498372
 10
6367609.67420773
 20
6173763.03726679
  0
LWPOLYLINE
  5
200DE
330
1F
100
AcDbEntity
  8
tejido
100
AcDbPolyline
 90
6
 70
1
 10
6367607.94777809
 20
6173751.98076569
 10
6367607.00378541
 20
6173750.71668604
 10
6367600.43062042
 20
6173755.62204768
 10
6367601.28202264
 20
6173756.71773209
 10
6367601.39584734
 20
6173756.87042988
 10
6367607.94777809
 20
6173751.98076569
  0
LWPOLYLINE
  5
200DF
330
1F
100
AcDbEntity
  8
tejido
100
AcDbPolyline
 90
18
 70
1
 10
6367627.0362518
 20
6173769.35597114
 10
6367623.86158603
 20
6173765.12558366
 10
6367620.35962874
 20
6173767.73658424
 10
6367619.09674119
 20
6173766.0448356
 10
6367622.59359045
 20
6173763.4366306
 10
6367619.62988472
 20
6173759.4874652
 10
6367613.94762487
 20
6173763.72750199
 10
6367614.06251598
 20
6173763.88015514
 10
6367611.65665609
 20
6173765.67498375
 10
6367611.54292831
 20
6173765.52210323
 10
6367605.60989982
 20
6173769.94869223
 10
6367606.08423387
 20
6173770.5807659
 10
6367608.91220947
 20
6173774.34492251
 10
6367612.43356833
 20
6173771.70117226
 10
6367613.40620653
 20
6173772.99649954
 10
6367609.88571465
 20
6173775.63940759
 10
6367612.99670663
 20
6173779.78089263
 10
6367627.0362518
 20
6173769.35597114
  0
LWPOLYLINE
  5
200E0
330
1F
100
AcDbEntity
  8
tejido
100
AcDbPolyline
 90
5
 70
1
 10
6367609.96918463
 20
6173754.68991567
 10
6367607.13664439
 20
6173756.80456482
 10
6367608.00014958
 20
6173757.96244449
 10
6367610.83267531
 20
6173755.84879544
 10
6367609.96918463
 20
6173754.68991567
  0
LWPOLYLINE
  5
200E1
330
1F
100
AcDbEntity
  8
tejido
100
AcDbPolyline
 90
10
 70
1
 10
6367613.94755217
 20
6173763.72744379
 10
6367612.08094606
 20
6173761.2426082
 10
6367611.96612125
 20
6173761.08989593
 10
6367610.9174419
 20
6173761.87295707
 10
6367609.56035216
 20
6173762.88462425
 10
6367609.67417686
 20
6173763.03732203
 10
6367611.54278322
 20
6173765.52218661
 10
6367611.65660792
 20
6173765.67488438
 10
6367614.06237698
 20
6173763.88015606
 10
6367613.94755217
 20
6173763.72744379
  0
LWPOLYLINE
  5
200E2
330
1F
100
AcDbEntity
  8
tejido
100
AcDbPolyline
 90
27
 70
1
 10
6367624.58889819
 20
6173740.50755098
 10
6367623.90493308
 20
6173739.61210232
 10
6367621.19092717
 20
6173741.68521026
 10
6367619.41799646
 20
6173743.03935825
 10
6367616.98675494
 20
6173739.85669641
 10
6367618.75992985
 20
6173738.50255196
 10
6367620.22893708
 20
6173740.42612056
 10
6367623.90944522
 20
6173737.61524991
 10
6367625.55473159
 20
6173739.7695954
 10
6367628.25135077
 20
6173743.29965752
 10
6367629.48680303
 20
6173742.32987627
 10
6367631.40428054
 20
6173740.82616279
 10
6367631.75753735
 20
6173740.54847581
 10
6367632.67580495
 20
6173739.82765902
 10
6367630.79037078
 20
6173737.35863781
 10
6367632.90396952
 20
6173735.74444851
 10
6367630.37877447
 20
6173732.40943697
 10
6367625.44368403
 20
6173736.17882168
 10
6367624.80435668
 20
6173735.34189972
 10
6367623.73080454
 20
6173733.93637163
 10
6367615.83148621
 20
6173739.96982023
 10
6367617.75214723
 20
6173742.51481565
 10
6367617.79036582
 20
6173742.56549538
 10
6367618.92011226
 20
6173744.06207664
 10
6367621.97948292
 20
6173741.72502675
 10
6367622.35337064
 20
6173742.2146085
 10
6367624.58889819
 20
6173740.50755098
  0
LWPOLYLINE
  5
200E3
330
1F
100
AcDbEntity
  8
tejido
100
AcDbPolyline
 90
10
 70
1
 10
6367637.93487691
 20
6173723.29989964
 10
6367634.90513105
 20
6173722.87190357
 10
6367633.2999644
 20
6173724.08799528
 10
6367630.09379166
 20
6173726.51535466
 10
6367627.4388069
 20
6173728.52655336
 10
6367628.67556455
 20
6173730.15918882
 10
6367628.69910736
 20
6173730.1903626
 10
6367635.06492854
 20
6173725.44102177
 10
6367636.56162572
 20
6173724.3243429
 10
6367637.93487691
 20
6173723.29989964
  0
LWPOLYLINE
  5
200E4
330
1F
100
AcDbEntity
  8
tejido
100
AcDbPolyline
 90
19
 70
1
 10
6367637.7506042
 20
6173733.297266
 10
6367636.51052922
 20
6173731.71660119
 10
6367638.50835897
 20
6173730.14939512
 10
6367640.05954897
 20
6173732.11487797
 10
6367640.42775172
 20
6173732.58386294
 10
6367642.45455771
 20
6173730.99308223
 10
6367638.58863234
 20
6173726.06733873
 10
6367636.60882759
 20
6173727.62094653
 10
6367636.044415
 20
6173726.90196886
 10
6367629.87525533
 20
6173731.74372663
 10
6367630.37877713
 20
6173732.40925385
 10
6367632.90396952
 20
6173735.74444851
 10
6367632.91582939
 20
6173735.76025038
 10
6367634.60801683
 20
6173734.4797246
 10
6367635.44670194
 20
6173733.84512404
 10
6367635.80554937
 20
6173734.31928522
 10
6367636.24322256
 20
6173733.97572226
 10
6367636.48822809
 20
6173734.28802623
 10
6367637.7506042
 20
6173733.297266
  0
LWPOLYLINE
  5
200E5
330
1F
100
AcDbEntity
  8
tejido
100
AcDbPolyline
 90
7
 70
1
 10
6367645.70300749
 20
6173729.60335123
 10
6367644.52416222
 20
6173728.11679839
 10
6367641.66547224
 20
6173724.51123263
 10
6367641.0544312
 20
6173723.74113444
 10
6367638.4099917
 20
6173723.36770931
 10
6367644.0375511
 20
6173730.90964594
 10
6367645.70300749
 20
6173729.60335123
  0
LWPOLYLINE
  5
200E6
330
1F
100
AcDbEntity
  8
tejido
100
AcDbPolyline
 90
12
 70
1
 10
6367640.83059022
 20
6173733.4266385
 10
6367642.47577104
 20
6173735.529269
 10
6367644.6527531
 20
6173733.82600349
 10
6367648.30170023
 20
6173738.48979174
 10
6367647.12730662
 20
6173739.40874426
 10
6367648.04469772
 20
6173740.58134464
 10
6367648.20569588
 20
6173740.45515724
 10
6367651.96762435
 20
6173737.50284273
 10
6367645.7031477
 20
6173729.60335242
 10
6367644.03763305
 20
6173730.90972443
 10
6367643.01764949
 20
6173731.71051436
 10
6367640.83059022
 20
6173733.4266385
  0
LWPOLYLINE
  5
200E7
330
1F
100
AcDbEntity
  8
tejido
100
AcDbPolyline
 90
33
 70
1
 10
6367653.30797633
 20
6173745.46542566
 10
6367651.98168577
 20
6173743.71664911
 10
6367651.8667479
 20
6173743.60093341
 10
6367651.73404689
 20
6173743.50602422
 10
6367651.58702322
 20
6173743.43465779
 10
6367651.43047265
 20
6173743.38873526
 10
6367651.26827712
 20
6173743.37002241
 10
6367651.10531908
 20
6173743.37865103
 10
6367650.94612006
 20
6173743.41438137
 10
6367650.79496893
 20
6173743.4761766
 10
6367650.4427799
 20
6173743.74337762
 10
6367648.04481892
 20
6173740.58140746
 10
6367647.8912307
 20
6173740.70184098
 10
6367640.93998727
 20
6173746.15691772
 10
6367640.41077796
 20
6173746.57315271
 10
6367637.68088917
 20
6173748.71428966
 10
6367637.62826937
 20
6173748.7557771
 10
6367636.51101619
 20
6173749.63306355
 10
6367639.9103592
 20
6173753.84265097
 10
6367643.77859621
 20
6173758.92069812
 10
6367647.492505
 20
6173755.99998551
 10
6367655.16334667
 20
6173749.96713406
 10
6367652.85218851
 20
6173746.92010569
 10
6367653.08943053
 20
6173746.74007376
 10
6367653.20442348
 20
6173746.63287938
 10
6367653.30049514
 20
6173746.5084376
 10
6367653.37509416
 20
6173746.37006949
 10
6367653.42627251
 20
6173746.22159325
 10
6367653.45293854
 20
6173746.06671742
 10
6367653.45399613
 20
6173745.90945571
 10
6367653.4296249
 20
6173745.75426774
 10
6367653.38056356
 20
6173745.6049496
 10
6367653.30797633
 20
6173745.46542566
  0
LWPOLYLINE
  5
200E8
330
1F
100
AcDbEntity
  8
tejido
100
AcDbPolyline
 90
15
 70
1
 10
6367646.57745319
 20
6173769.56596436
 10
6367644.15340673
 20
6173766.47786093
 10
6367642.35502633
 20
6173764.18607581
 10
6367640.34250541
 20
6173761.62310179
 10
6367638.77008824
 20
6173762.85972202
 10
6367637.4587284
 20
6173763.89105781
 10
6367637.09041303
 20
6173764.18081572
 10
6367635.21848505
 20
6173765.65317319
 10
6367638.13055907
 20
6173769.5095924
 10
6367640.44460751
 20
6173767.69352878
 10
6367641.30402504
 20
6173768.78832883
 10
6367638.92554906
 20
6173770.56344608
 10
6367640.57836234
 20
6173772.75308986
 10
6367641.3192157
 20
6173773.74613984
 10
6367646.57745319
 20
6173769.56596436
  0
LWPOLYLINE
  5
200E9
330
1F
100
AcDbEntity
  8
tejido
100
AcDbPolyline
 90
6
 70
1
 10
6367646.57775697
 20
6173764.57436704
 10
6367642.76589908
 20
6173759.71659309
 10
6367640.34250541
 20
6173761.62310179
 10
6367642.35502633
 20
6173764.18607581
 10
6367644.15340673
 20
6173766.47786093
 10
6367646.57775697
 20
6173764.57436704
  0
LWPOLYLINE
  5
200EA
330
1F
100
AcDbEntity
  8
tejido
100
AcDbPolyline
 90
12
 70
1
 10
6367655.66209177
 20
6173762.3433807
 10
6367662.60028557
 20
6173756.82815902
 10
6367659.08895747
 20
6173752.35386441
 10
6367657.81898491
 20
6173753.35062004
 10
6367655.16316443
 20
6173749.96707036
 10
6367647.4923201
 20
6173756.00010494
 10
6367643.77853782
 20
6173758.92051411
 10
6367643.59578756
 20
6173759.06470277
 10
6367642.76588466
 20
6173759.71683124
 10
6367646.57778733
 20
6173764.57444807
 10
6367653.28234186
 20
6173759.31086646
 10
6367655.66209177
 20
6173762.3433807
  0
LWPOLYLINE
  5
200EB
330
1F
100
AcDbEntity
  8
tejido
100
AcDbPolyline
 90
35
 70
1
 10
6367672.24427354
 20
6173776.3862369
 10
6367669.69503989
 20
6173773.22280799
 10
6367663.04865335
 20
6173778.40334322
 10
6367660.61938422
 20
6173780.29686325
 10
6367655.96648241
 20
6173783.92350051
 10
6367648.00270283
 20
6173773.77992671
 10
6367652.62682493
 20
6173770.15067454
 10
6367654.98772206
 20
6173768.29865795
 10
6367665.2910707
 20
6173760.21306994
 10
6367662.60028911
 20
6173756.82791485
 10
6367655.66209531
 20
6173762.34313654
 10
6367650.01405668
 20
6173766.83393212
 10
6367646.57762637
 20
6173769.56609875
 10
6367641.31922534
 20
6173773.74603252
 10
6367646.30231969
 20
6173780.4254588
 10
6367646.44198243
 20
6173780.6129668
 10
6367650.16934451
 20
6173785.60825789
 10
6367650.28182048
 20
6173785.75904437
 10
6367652.20727843
 20
6173788.33958152
 10
6367652.32191034
 20
6173788.49326881
 10
6367654.16400503
 20
6173790.96166155
 10
6367655.73089433
 20
6173789.69891861
 10
6367657.53032536
 20
6173788.24765007
 10
6367658.27516418
 20
6173787.64710136
 10
6367659.3616202
 20
6173786.77156657
 10
6367660.4413395
 20
6173785.90167333
 10
6367660.46846593
 20
6173785.87935401
 10
6367663.11829912
 20
6173783.74328449
 10
6367663.22536374
 20
6173783.65655067
 10
6367666.8097571
 20
6173780.76656454
 10
6367666.87344667
 20
6173780.71534663
 10
6367670.3887655
 20
6173777.88162905
 10
6367670.64371487
 20
6173777.67621069
 10
6367671.84630683
 20
6173776.70729652
 10
6367672.24427354
 20
6173776.3862369
  0
LWPOLYLINE
  5
200EC
330
1F
100
AcDbEntity
  8
tejido
100
AcDbPolyline
 90
12
 70
1
 10
6367618.03417019
 20
6173837.92828617
 10
6367625.58885308
 20
6173832.31899533
 10
6367623.69141822
 20
6173829.76377463
 10
6367622.19983172
 20
6173827.75513533
 10
6367619.47932842
 20
6173829.79212761
 10
6367621.03871243
 20
6173831.87477076
 10
6367619.18050046
 20
6173833.26602597
 10
6367619.62870149
 20
6173833.86450707
 10
6367617.41322964
 20
6173835.52319526
 10
6367616.93023278
 20
6173834.87799154
 10
6367616.17423202
 20
6173835.44406593
 10
6367618.03417019
 20
6173837.92828617
  0
LWPOLYLINE
  5
200ED
330
1F
100
AcDbEntity
  8
tejido
100
AcDbPolyline
 90
6
 70
1
 10
6367616.15781874
 20
6173835.42227578
 10
6367613.065834
 20
6173831.29205663
 10
6367610.05831117
 20
6173833.5145263
 10
6367611.52515093
 20
6173835.49923994
 10
6367613.12533254
 20
6173837.6652645
 10
6367616.15781874
 20
6173835.42227578
  0
LWPOLYLINE
  5
200EE
330
1F
100
AcDbEntity
  8
tejido
100
AcDbPolyline
 90
12
 70
1
 10
6367620.2834738
 20
6173825.17436371
 10
6367612.81822738
 20
6173830.96121544
 10
6367613.065834
 20
6173831.29205663
 10
6367616.15781874
 20
6173835.42227578
 10
6367616.17423202
 20
6173835.44406593
 10
6367616.93023278
 20
6173834.87799154
 10
6367614.1268777
 20
6173831.13379092
 10
6367618.20055806
 20
6173828.08409171
 10
6367619.47932842
 20
6173829.79212761
 10
6367622.19983172
 20
6173827.75513533
 10
6367622.08305622
 20
6173827.59769263
 10
6367620.2834738
 20
6173825.17436371
  0
LWPOLYLINE
  5
200EF
330
1F
100
AcDbEntity
  8
tejido
100
AcDbPolyline
 90
7
 70
1
 10
6367618.39762065
 20
6173838.41377244
 10
6367615.35937365
 20
6173840.68775456
 10
6367616.01164677
 20
6173841.57089919
 10
6367617.67575551
 20
6173843.82100652
 10
6367618.87755004
 20
6173845.44800635
 10
6367621.91143978
 20
6173843.10814405
 10
6367618.39762065
 20
6173838.41377244
  0
LWPOLYLINE
  5
200F0
330
1F
100
AcDbEntity
  8
tejido
100
AcDbPolyline
 90
8
 70
1
 10
6367625.31928041
 20
6173825.19470103
 10
6367622.08305622
 20
6173827.59769263
 10
6367622.19983172
 20
6173827.75513533
 10
6367623.69141822
 20
6173829.76377463
 10
6367625.13588455
 20
6173828.69121365
 10
6367624.24998884
 20
6173827.49812803
 10
6367626.03860081
 20
6173826.16991083
 10
6367625.31928041
 20
6173825.19470103
  0
LWPOLYLINE
  5
200F1
330
1F
100
AcDbEntity
  8
tejido
100
AcDbPolyline
 90
9
 70
1
 10
6367618.39749425
 20
6173838.41374619
 10
6367618.03417019
 20
6173837.92828617
 10
6367616.17423202
 20
6173835.44406593
 10
6367616.15781874
 20
6173835.42227578
 10
6367613.12533254
 20
6173837.6652645
 10
6367613.53438432
 20
6173838.2183031
 10
6367614.2466062
 20
6173839.18199282
 10
6367615.35930829
 20
6173840.6877292
 10
6367618.39749425
 20
6173838.41374619
  0
LWPOLYLINE
  5
200F2
330
1F
100
AcDbEntity
  8
tejido
100
AcDbPolyline
 90
11
 70
1
 10
6367626.03860081
 20
6173826.16991083
 10
6367624.24998884
 20
6173827.49812803
 10
6367625.13588455
 20
6173828.69121365
 10
6367623.69141822
 20
6173829.76377463
 10
6367625.58885308
 20
6173832.31899533
 10
6367629.34366676
 20
6173837.37494491
 10
6367632.50717469
 20
6173834.93402257
 10
6367630.18971019
 20
6173831.79544324
 10
6367627.59971616
 20
6173828.28475489
 10
6367626.06147483
 20
6173826.20089176
 10
6367626.03860081
 20
6173826.16991083
  0
LWPOLYLINE
  5
200F3
330
1F
100
AcDbEntity
  8
tejido
100
AcDbPolyline
 90
9
 70
1
 10
6367616.93023278
 20
6173834.87799154
 10
6367617.41322964
 20
6173835.52319526
 10
6367619.62870149
 20
6173833.86450707
 10
6367619.18050046
 20
6173833.26602597
 10
6367621.03871243
 20
6173831.87477076
 10
6367619.47932842
 20
6173829.79212761
 10
6367618.20055806
 20
6173828.08409171
 10
6367614.1268777
 20
6173831.13379092
 10
6367616.93023278
 20
6173834.87799154
  0
LWPOLYLINE
  5
200F4
330
1F
100
AcDbEntity
  8
tejido
100
AcDbPolyline
 90
6
 70
1
 10
6367621.87658341
 20
6173820.53062943
 10
6367618.62702815
 20
6173822.94350189
 10
6367620.28354004
 20
6173825.17432804
 10
6367622.08317997
 20
6173827.59790201
 10
6367625.31934577
 20
6173825.1947264
 10
6367621.87658341
 20
6173820.53062943
  0
LWPOLYLINE
  5
200F5
330
1F
100
AcDbEntity
  8
tejido
100
AcDbPolyline
 90
6
 70
1
 10
6367608.28273481
 20
6173842.2105114
 10
6367606.28015766
 20
6173839.51663818
 10
6367604.45445006
 20
6173840.91471417
 10
6367606.39292042
 20
6173843.49055551
 10
6367606.46113995
 20
6173843.58178291
 10
6367608.28273481
 20
6173842.2105114
  0
LWPOLYLINE
  5
200F6
330
1F
100
AcDbEntity
  8
tejido
100
AcDbPolyline
 90
5
 70
1
 10
6367616.01164677
 20
6173841.57089919
 10
6367608.90140545
 20
6173846.82457546
 10
6367610.63038696
 20
6173849.12300128
 10
6367617.67532467
 20
6173843.8212445
 10
6367616.01164677
 20
6173841.57089919
  0
LWPOLYLINE
  5
200F7
330
1F
100
AcDbEntity
  8
tejido
100
AcDbPolyline
 90
14
 70
1
 10
6367575.80739632
 20
6173789.37082709
 10
6367574.97309372
 20
6173788.26188953
 10
6367573.87551523
 20
6173789.08756483
 10
6367571.32283766
 20
6173785.69403076
 10
6367570.67315294
 20
6173786.18288497
 10
6367569.93127794
 20
6173785.1967856
 10
6367569.45268105
 20
6173785.57101578
 10
6367571.14601252
 20
6173787.73417783
 10
6367570.7858553
 20
6173788.01616088
 10
6367571.36732724
 20
6173788.75870868
 10
6367570.88761834
 20
6173789.13383857
 10
6367568.53012574
 20
6173790.97839543
 10
6367570.49745175
 20
6173793.49262387
 10
6367575.80739632
 20
6173789.37082709
  0
LWPOLYLINE
  5
200F8
330
1F
100
AcDbEntity
  8
tejido
100
AcDbPolyline
 90
14
 70
1
 10
6367575.2711825
 20
6173788.03774767
 10
6367573.37592409
 20
6173785.51772534
 10
6367572.71893225
 20
6173784.6442198
 10
6367573.15966558
 20
6173784.31278988
 10
6367570.1598549
 20
6173780.33556521
 10
6367567.82955121
 20
6173782.06500037
 10
6367567.66689161
 20
6173782.1878668
 10
6367568.49299422
 20
6173783.28545151
 10
6367569.93140577
 20
6173785.19691543
 10
6367570.67328077
 20
6173786.18301479
 10
6367571.32296814
 20
6173785.69397746
 10
6367573.87545993
 20
6173789.087692
 10
6367574.97304107
 20
6173788.26183357
 10
6367575.2711825
 20
6173788.03774767
  0
LWPOLYLINE
  5
200F9
330
1F
100
AcDbEntity
  8
tejido
100
AcDbPolyline
 90
9
 70
1
 10
6367573.15966558
 20
6173784.31278988
 10
6367572.71893225
 20
6173784.6442198
 10
6367573.37592409
 20
6173785.51772534
 10
6367575.2711825
 20
6173788.03774767
 10
6367574.97304107
 20
6173788.26183357
 10
6367575.80758519
 20
6173789.37095779
 10
6367576.54314593
 20
6173788.79976393
 10
6367573.83854854
 20
6173785.21347671
 10
6367573.15966558
 20
6173784.31278988
  0
LWPOLYLINE
  5
200FA
330
1F
100
AcDbEntity
  8
tejido
100
AcDbPolyline
 90
7
 70
1
 10
6367566.69393388
 20
6173784.63525281
 10
6367569.93219835
 20
6173788.89238856
 10
6367568.05022842
 20
6173790.36419707
 10
6367568.53031726
 20
6173790.97834301
 10
6367570.88756304
 20
6173789.13396574
 10
6367567.2181202
 20
6173784.24122986
 10
6367566.69393388
 20
6173784.63525281
  0
LWPOLYLINE
  5
200FB
330
1F
100
AcDbEntity
  8
tejido
100
AcDbPolyline
 90
8
 70
1
 10
6367589.6353182
 20
6173777.27842956
 10
6367587.94148946
 20
6173775.02740257
 10
6367587.44700261
 20
6173774.37037074
 10
6367580.48042737
 20
6173779.61098605
 10
6367581.80276928
 20
6173781.34999794
 10
6367582.28602525
 20
6173781.98574209
 10
6367582.71021892
 20
6173782.54296879
 10
6367589.6353182
 20
6173777.27842956
  0
LWPOLYLINE
  5
200FC
330
1F
100
AcDbEntity
  8
tejido
100
AcDbPolyline
 90
16
 70
1
 10
6367585.50820255
 20
6173774.93121232
 10
6367584.67265091
 20
6173773.83263596
 10
6367583.6323615
 20
6173774.62324109
 10
6367582.13322643
 20
6173772.65100262
 10
6367584.69064613
 20
6173770.70719825
 10
6367583.41986454
 20
6173769.01667826
 10
6367582.50996437
 20
6173767.8074313
 10
6367576.23734678
 20
6173772.5754639
 10
6367578.79010102
 20
6173775.93419792
 10
6367579.0835847
 20
6173775.7113267
 10
6367579.30628164
 20
6173776.0041973
 10
6367579.94536099
 20
6173775.51830326
 10
6367579.57737214
 20
6173775.0345461
 10
6367580.04779123
 20
6173774.67692646
 10
6367582.16953365
 20
6173777.46862722
 10
6367585.50820255
 20
6173774.93121232
  0
LWPOLYLINE
  5
200FD
330
1F
100
AcDbEntity
  8
tejido
100
AcDbPolyline
 90
14
 70
1
 10
6367587.0102086
 20
6173773.78945538
 10
6367585.50820255
 20
6173774.93121232
 10
6367582.16953365
 20
6173777.46862722
 10
6367580.04779123
 20
6173774.67692646
 10
6367579.57737214
 20
6173775.0345461
 10
6367579.94536099
 20
6173775.51830326
 10
6367579.30628164
 20
6173776.0041973
 10
6367579.0835847
 20
6173775.7113267
 10
6367578.79010102
 20
6173775.93419792
 10
6367576.23734678
 20
6173772.5754639
 10
6367575.53573319
 20
6173773.1086851
 10
6367580.48042737
 20
6173779.61098605
 10
6367587.44700261
 20
6173774.37037074
 10
6367587.0102086
 20
6173773.78945538
  0
LWPOLYLINE
  5
200FE
330
1F
100
AcDbEntity
  8
tejido
100
AcDbPolyline
 90
7
 70
1
 10
6367582.50996437
 20
6173767.8074313
 10
6367582.20728712
 20
6173767.40490749
 10
6367581.18620702
 20
6173766.04812867
 10
6367574.20409255
 20
6173771.35830434
 10
6367575.53573319
 20
6173773.1086851
 10
6367576.23734678
 20
6173772.5754639
 10
6367582.50996437
 20
6173767.8074313
  0
LWPOLYLINE
  5
200FF
330
1F
100
AcDbEntity
  8
tejido
100
AcDbPolyline
 90
7
 70
1
 10
6367584.69064613
 20
6173770.70719825
 10
6367582.13322643
 20
6173772.65100262
 10
6367583.6323615
 20
6173774.62324109
 10
6367584.67265091
 20
6173773.83263596
 10
6367585.50820255
 20
6173774.93121232
 10
6367587.0102086
 20
6173773.78945538
 10
6367584.69064613
 20
6173770.70719825
  0
LWPOLYLINE
  5
20100
330
1F
100
AcDbEntity
  8
tejido
100
AcDbPolyline
 90
8
 70
1
 10
6367581.18620702
 20
6173766.04812867
 10
6367581.06317339
 20
6173765.88436767
 10
6367579.99284464
 20
6173764.46282879
 10
6367577.41792884
 20
6173766.41321776
 10
6367575.70478353
 20
6173767.71169565
 10
6367572.9930173
 20
6173769.76505488
 10
6367574.20409255
 20
6173771.35830434
 10
6367581.18620702
 20
6173766.04812867
  0
LWPOLYLINE
  5
20101
330
1F
100
AcDbEntity
  8
tejido
100
AcDbPolyline
 90
7
 70
1
 10
6367606.08423387
 20
6173770.5807659
 10
6367605.60989982
 20
6173769.94869223
 10
6367603.74342445
 20
6173767.46480413
 10
6367601.64477648
 20
6173764.67203387
 10
6367598.91279938
 20
6173766.72552743
 10
6367603.3529407
 20
6173772.63341463
 10
6367606.08423387
 20
6173770.5807659
  0
LWPOLYLINE
  5
20102
330
1F
100
AcDbEntity
  8
tejido
100
AcDbPolyline
 90
7
 70
1
 10
6367594.79860104
 20
6173755.5609691
 10
6367593.69207878
 20
6173754.0880472
 10
6367593.39170092
 20
6173754.31478706
 10
6367580.51194237
 20
6173764.07025853
 10
6367579.99327193
 20
6173764.46283498
 10
6367581.06317339
 20
6173765.88436767
 10
6367594.79860104
 20
6173755.5609691
  0
LWPOLYLINE
  5
20103
330
1F
100
AcDbEntity
  8
tejido
100
AcDbPolyline
 90
6
 70
1
 10
6367594.79860104
 20
6173755.5609691
 10
6367581.06317339
 20
6173765.88436767
 10
6367581.18645119
 20
6173766.04813221
 10
6367582.20728712
 20
6173767.40490749
 10
6367595.94286595
 20
6173757.08370906
 10
6367594.79860104
 20
6173755.5609691
  0
LWPOLYLINE
  5
20104
330
1F
100
AcDbEntity
  8
tejido
100
AcDbPolyline
 90
6
 70
1
 10
6367595.94286595
 20
6173757.08370906
 10
6367582.20728712
 20
6173767.40490749
 10
6367582.51039167
 20
6173767.80743749
 10
6367583.41986454
 20
6173769.01667826
 10
6367597.15475587
 20
6173758.69656882
 10
6367595.94286595
 20
6173757.08370906
  0
LWPOLYLINE
  5
20105
330
1F
100
AcDbEntity
  8
tejido
100
AcDbPolyline
 90
6
 70
1
 10
6367587.94148946
 20
6173775.02740257
 10
6367589.63550133
 20
6173777.27843221
 10
6367592.45941563
 20
6173781.0321508
 10
6367595.14587231
 20
6173779.01053968
 10
6367590.62721018
 20
6173773.00602503
 10
6367587.94148946
 20
6173775.02740257
  0
LWPOLYLINE
  5
20106
330
1F
100
AcDbEntity
  8
tejido
100
AcDbPolyline
 90
7
 70
1
 10
6367619.39280861
 20
6173788.2921048
 10
6367605.68213076
 20
6173798.59302812
 10
6367605.99409794
 20
6173799.00753109
 10
6367606.37864964
 20
6173799.53225169
 10
6367612.94723478
 20
6173794.52575378
 10
6367620.02060184
 20
6173789.12867638
 10
6367619.39280861
 20
6173788.2921048
  0
LWPOLYLINE
  5
20107
330
1F
100
AcDbEntity
  8
tejido
100
AcDbPolyline
 90
5
 70
1
 10
6367617.528628
 20
6173746.68236111
 10
6367615.65797801
 20
6173744.1495076
 10
6367612.35769276
 20
6173746.58716512
 10
6367614.22809862
 20
6173749.1200151
 10
6367617.528628
 20
6173746.68236111
  0
LWPOLYLINE
  5
20108
330
1F
100
AcDbEntity
  8
tejido
100
AcDbPolyline
 90
6
 70
1
 10
6367634.60799747
 20
6173734.47964817
 10
6367636.46846928
 20
6173736.85062434
 10
6367637.2544271
 20
6173736.23389424
 10
6367635.80550015
 20
6173734.31922541
 10
6367635.44659167
 20
6173733.84506335
 10
6367634.60799747
 20
6173734.47964817
  0
LWPOLYLINE
  5
20109
330
1F
100
AcDbEntity
  8
tejido
100
AcDbPolyline
 90
6
 70
1
 10
6367640.05950062
 20
6173732.11475712
 10
6367638.50831063
 20
6173730.14927426
 10
6367636.51041895
 20
6173731.71654049
 10
6367637.75049393
 20
6173733.2972053
 10
6367638.05628595
 20
6173733.68701376
 10
6367640.05950062
 20
6173732.11475712
  0
LWPOLYLINE
  5
2010A
330
1F
100
AcDbEntity
  8
tejido
100
AcDbPolyline
 90
8
 70
1
 10
6367638.05639622
 20
6173733.68707446
 10
6367638.98768015
 20
6173734.87422406
 10
6367640.83083085
 20
6173733.42688621
 10
6367643.01764949
 20
6173731.71051436
 10
6367642.45455771
 20
6173730.99308223
 10
6367640.42775172
 20
6173732.58386294
 10
6367640.05954897
 20
6173732.11487797
 10
6367638.05639622
 20
6173733.68707446
  0
LWPOLYLINE
  5
2010B
330
1F
100
AcDbEntity
  8
tejido
100
AcDbPolyline
 90
14
 70
1
 10
6367643.01764949
 20
6173731.71051436
 10
6367644.03762951
 20
6173730.9099686
 10
6367638.41008487
 20
6173723.36802437
 10
6367637.93508821
 20
6173723.29996487
 10
6367636.56177421
 20
6173724.32452932
 10
6367635.06513719
 20
6173725.44127012
 10
6367628.69925586
 20
6173730.19054903
 10
6367629.74327685
 20
6173731.56945672
 10
6367629.87525533
 20
6173731.74372663
 10
6367636.044415
 20
6173726.90196886
 10
6367638.0242233
 20
6173725.3481169
 10
6367638.58863234
 20
6173726.06733873
 10
6367642.45455771
 20
6173730.99308223
 10
6367643.01764949
 20
6173731.71051436
  0
LWPOLYLINE
  5
2010C
330
1F
100
AcDbEntity
  8
tejido
100
AcDbPolyline
 90
5
 70
1
 10
6367636.46849603
 20
6173736.8506966
 10
6367634.60801683
 20
6173734.4797246
 10
6367632.91582939
 20
6173735.76025038
 10
6367634.75826072
 20
6173738.19274828
 10
6367636.46849603
 20
6173736.8506966
  0
LWPOLYLINE
  5
2010D
330
1F
100
AcDbEntity
  8
tejido
100
AcDbPolyline
 90
8
 70
1
 10
6367638.98768015
 20
6173734.87422406
 10
6367638.05639622
 20
6173733.68707446
 10
6367637.7506042
 20
6173733.297266
 10
6367636.48822809
 20
6173734.28802623
 10
6367636.24322256
 20
6173733.97572226
 10
6367635.80554937
 20
6173734.31928522
 10
6367637.25447545
 20
6173736.2340151
 10
6367638.98768015
 20
6173734.87422406
  0
LWPOLYLINE
  5
2010E
330
1F
100
AcDbEntity
  8
tejido
100
AcDbPolyline
 90
10
 70
1
 10
6367666.72132141
 20
6173771.1243381
 10
6367665.21540337
 20
6173769.22416857
 10
6367663.90782208
 20
6173770.25035719
 10
6367662.10134918
 20
6173767.94867158
 10
6367659.05197424
 20
6173770.34173134
 10
6367660.87306633
 20
6173772.66261682
 10
6367659.36051557
 20
6173773.8495233
 10
6367658.10277267
 20
6173774.83656535
 10
6367659.58493216
 20
6173776.72466813
 10
6367666.72132141
 20
6173771.1243381
  0
LWPOLYLINE
  5
2010F
330
1F
100
AcDbEntity
  8
tejido
100
AcDbPolyline
 90
6
 70
1
 10
6367672.14802735
 20
6173762.95142107
 10
6367670.894762
 20
6173761.37093176
 10
6367670.12189222
 20
6173760.396045
 10
6367668.09664628
 20
6173762.00137939
 10
6367670.12277878
 20
6173764.55693859
 10
6367672.14802735
 20
6173762.95142107
  0
LWPOLYLINE
  5
20110
330
1F
100
AcDbEntity
  8
tejido
100
AcDbPolyline
 90
7
 70
1
 10
6367662.60028911
 20
6173756.82791485
 10
6367665.2910707
 20
6173760.21306994
 10
6367668.17871855
 20
6173757.94594296
 10
6367665.98206173
 20
6173755.17538128
 10
6367665.4780455
 20
6173754.53976383
 10
6367662.95111923
 20
6173756.54915479
 10
6367662.60028911
 20
6173756.82791485
  0
LWPOLYLINE
  5
20111
330
1F
100
AcDbEntity
  8
tejido
100
AcDbPolyline
 90
7
 70
1
 10
6367669.69503989
 20
6173773.22280799
 10
6367672.24427354
 20
6173776.3862369
 10
6367675.05862843
 20
6173774.11676567
 10
6367678.68433021
 20
6173771.19483614
 10
6367678.37183595
 20
6173770.79986312
 10
6367676.24501839
 20
6173768.11829346
 10
6367669.69503989
 20
6173773.22280799
  0
LWPOLYLINE
  5
20112
330
1F
100
AcDbEntity
  8
tejido
100
AcDbPolyline
 90
7
 70
1
 10
6367679.21411224
 20
6173781.93056321
 10
6367676.79671532
 20
6173778.87955378
 10
6367674.82910181
 20
6173780.43877223
 10
6367675.19970379
 20
6173780.90229692
 10
6367677.05943541
 20
6173783.22795487
 10
6367677.25984655
 20
6173783.47874101
 10
6367679.21411224
 20
6173781.93056321
  0
LWPOLYLINE
  5
20113
330
1F
100
AcDbEntity
  8
tejido
100
AcDbPolyline
 90
7
 70
1
 10
6367675.05881155
 20
6173774.11676833
 10
6367672.24427354
 20
6173776.3862369
 10
6367671.84630683
 20
6173776.70729652
 10
6367674.82922212
 20
6173780.43889608
 10
6367676.79683652
 20
6173778.87961659
 10
6367678.04730914
 20
6173777.88868384
 10
6367675.05881155
 20
6173774.11676833
  0
LWPOLYLINE
  5
20114
330
1F
100
AcDbEntity
  8
tejido
100
AcDbPolyline
 90
7
 70
1
 10
6367679.21406549
 20
6173781.9304668
 10
6367677.25979716
 20
6173783.47882773
 10
6367677.51525682
 20
6173783.79860965
 10
6367679.83198633
 20
6173786.69711097
 10
6367679.93183272
 20
6173786.8220104
 10
6367681.87214104
 20
6173785.28480338
 10
6367679.21406549
 20
6173781.9304668
  0
LWPOLYLINE
  5
20115
330
1F
100
AcDbEntity
  8
tejido
100
AcDbPolyline
 90
11
 70
1
 10
6367685.63570847
 20
6173779.95989884
 10
6367685.59331691
 20
6173779.90647225
 10
6367678.68415063
 20
6173771.19458932
 10
6367675.05881155
 20
6173774.11676833
 10
6367678.04730914
 20
6173777.88868384
 10
6367676.79659236
 20
6173778.87961305
 10
6367679.21411312
 20
6173781.93050217
 10
6367681.87212851
 20
6173785.28477682
 10
6367682.75219961
 20
6173784.58758424
 10
6367681.61197276
 20
6173783.14854832
 10
6367685.63570847
 20
6173779.95989884
  0
LWPOLYLINE
  5
20116
330
1F
100
AcDbEntity
  8
tejido
100
AcDbPolyline
 90
15
 70
1
 10
6367662.8542822
 20
6173802.61018848
 10
6367659.43319287
 20
6173805.07728912
 10
6367656.70542201
 20
6173801.29473256
 10
6367659.11292034
 20
6173799.5585778
 10
6367658.02471662
 20
6173798.04958292
 10
6367655.06925353
 20
6173800.18089956
 10
6367656.1167289
 20
6173801.63242376
 10
6367654.1752765
 20
6173803.03345003
 10
6367655.98889073
 20
6173805.5466403
 10
6367654.82427868
 20
6173806.3870689
 10
6367656.23288376
 20
6173808.2639463
 10
6367656.36014082
 20
6173808.4336003
 10
6367663.40540371
 20
6173803.34946912
 10
6367663.35649899
 20
6173803.28392974
 10
6367662.8542822
 20
6173802.61018848
  0
LWPOLYLINE
  5
20117
330
1F
100
AcDbEntity
  8
tejido
100
AcDbPolyline
 90
10
 70
1
 10
6367649.69820303
 20
6173795.33994954
 10
6367648.2815429
 20
6173793.37684375
 10
6367649.4855551
 20
6173792.50795769
 10
6367648.55155029
 20
6173791.21361781
 10
6367647.77394089
 20
6173790.13602935
 10
6367644.43696122
 20
6173792.54427652
 10
6367644.45756606
 20
6173792.57174444
 10
6367647.54305113
 20
6173796.68275926
 10
6367647.64625223
 20
6173796.82052881
 10
6367649.69820303
 20
6173795.33994954
  0
LWPOLYLINE
  5
20118
330
1F
100
AcDbEntity
  8
tejido
100
AcDbPolyline
 90
9
 70
1
 10
6367656.05401313
 20
6173795.55765164
 10
6367653.24669869
 20
6173791.66706877
 10
6367652.4800255
 20
6173792.2202888
 10
6367652.1978914
 20
6173791.82940094
 10
6367650.91523307
 20
6173792.75497218
 10
6367651.72502809
 20
6173793.87718757
 10
6367651.76591109
 20
6173793.84768624
 10
6367654.04514047
 20
6173797.00622112
 10
6367656.05401313
 20
6173795.55765164
  0
LWPOLYLINE
  5
20119
330
1F
100
AcDbEntity
  8
tejido
100
AcDbPolyline
 90
11
 70
1
 10
6367648.55155029
 20
6173791.21361781
 10
6367649.4855551
 20
6173792.50795769
 10
6367648.2815429
 20
6173793.37684375
 10
6367649.69820303
 20
6173795.33994954
 10
6367651.7250453
 20
6173793.87726185
 10
6367650.91523658
 20
6173792.75494216
 10
6367652.19803603
 20
6173791.82943993
 10
6367652.48006334
 20
6173792.22024717
 10
6367653.24674293
 20
6173791.66721023
 10
6367651.42392492
 20
6173789.14097269
 10
6367648.55155029
 20
6173791.21361781
  0
LWPOLYLINE
  5
2011A
330
1F
100
AcDbEntity
  8
tejido
100
AcDbPolyline
 90
7
 70
1
 10
6367643.85363653
 20
6173781.14627626
 10
6367641.53781286
 20
6173777.93717013
 10
6367638.75989538
 20
6173779.94200884
 10
6367639.85921746
 20
6173781.46519627
 10
6367639.61901888
 20
6173781.63859147
 10
6367640.83557601
 20
6173783.32419763
 10
6367643.85363653
 20
6173781.14627626
  0
LWPOLYLINE
  5
2011B
330
1F
100
AcDbEntity
  8
tejido
100
AcDbPolyline
 90
8
 70
1
 10
6367645.5678771
 20
6173781.24351996
 10
6367647.25575172
 20
6173783.58268499
 10
6367645.29412439
 20
6173784.9981392
 10
6367647.36352331
 20
6173787.86537879
 10
6367650.28192879
 20
6173785.75933212
 10
6367650.16927324
 20
6173785.60829881
 10
6367646.44185188
 20
6173780.61288475
 10
6367645.5678771
 20
6173781.24351996
  0
LWPOLYLINE
  5
2011C
330
1F
100
AcDbEntity
  8
tejido
100
AcDbPolyline
 90
6
 70
1
 10
6367641.03669794
 20
6173785.55815051
 10
6367640.58092067
 20
6173784.92634581
 10
6367639.55546805
 20
6173785.66636826
 10
6367641.04484711
 20
6173787.73041339
 10
6367642.07030237
 20
6173786.99020781
 10
6367641.03669794
 20
6173785.55815051
  0
LWPOLYLINE
  5
2011D
330
1F
100
AcDbEntity
  8
tejido
100
AcDbPolyline
 90
5
 70
1
 10
6367643.15110043
 20
6173786.21020273
 10
6367642.11755704
 20
6173784.77814631
 10
6367641.03669794
 20
6173785.55815051
 10
6367642.07030237
 20
6173786.99020781
 10
6367643.15110043
 20
6173786.21020273
  0
LWPOLYLINE
  5
2011E
330
1F
100
AcDbEntity
  8
tejido
100
AcDbPolyline
 90
9
 70
1
 10
6367645.29412439
 20
6173784.9981392
 10
6367647.25575172
 20
6173783.58268499
 10
6367645.5678771
 20
6173781.24351996
 10
6367644.48676901
 20
6173782.02361663
 10
6367644.45247303
 20
6173781.97610754
 10
6367642.70704218
 20
6173783.2358361
 10
6367644.2705857
 20
6173785.4021846
 10
6367645.13531084
 20
6173784.77809632
 10
6367645.29412439
 20
6173784.9981392
  0
LWPOLYLINE
  5
2011F
330
1F
100
AcDbEntity
  8
tejido
100
AcDbPolyline
 90
6
 70
1
 10
6367654.1752765
 20
6173803.03345003
 10
6367652.96404338
 20
6173803.90752217
 10
6367654.79340731
 20
6173806.34593475
 10
6367654.82427868
 20
6173806.3870689
 10
6367655.98889073
 20
6173805.5466403
 10
6367654.1752765
 20
6173803.03345003
  0
LWPOLYLINE
  5
20120
330
1F
100
AcDbEntity
  8
tejido
100
AcDbPolyline
 90
12
 70
1
 10
6367663.40538012
 20
6173803.34943619
 10
6367656.36023683
 20
6173808.43365018
 10
6367656.39401793
 20
6173808.47877068
 10
6367659.16106814
 20
6173812.16657985
 10
6367660.2086237
 20
6173813.56281682
 10
6367660.60416733
 20
6173813.257291
 10
6367666.6952016
 20
6173808.55696291
 10
6367667.07350933
 20
6173808.26535206
 10
6367664.53579201
 20
6173804.86330513
 10
6367664.41726224
 20
6173804.70473804
 10
6367663.68327599
 20
6173803.72198923
 10
6367663.40538012
 20
6173803.34943619
  0
LWPOLYLINE
  5
20121
330
1F
100
AcDbEntity
  8
tejido
100
AcDbPolyline
 90
19
 70
1
 10
6367654.04521944
 20
6173797.00643612
 10
6367651.76583852
 20
6173793.84783308
 10
6367651.72505287
 20
6173793.87740316
 10
6367649.69821237
 20
6173795.33996877
 10
6367647.64625981
 20
6173796.82067012
 10
6367648.02391807
 20
6173797.3239216
 10
6367650.41804736
 20
6173800.51440941
 10
6367651.16329723
 20
6173801.50776184
 10
6367651.19569559
 20
6173801.55139698
 10
6367651.27422591
 20
6173801.65577844
 10
6367652.90722996
 20
6173803.83192512
 10
6367652.96413543
 20
6173803.90760277
 10
6367654.17536732
 20
6173803.03344848
 10
6367656.11687575
 20
6173801.63253281
 10
6367655.06938995
 20
6173800.18092013
 10
6367654.46966191
 20
6173799.34994498
 10
6367654.75730586
 20
6173799.14243603
 10
6367653.49997824
 20
6173797.39984862
 10
6367654.04521944
 20
6173797.00643612
  0
LWPOLYLINE
  5
20122
330
1F
100
AcDbEntity
  8
tejido
100
AcDbPolyline
 90
9
 70
1
 10
6367654.04522209
 20
6173797.00625299
 10
6367653.49998089
 20
6173797.3996655
 10
6367654.75730852
 20
6173799.1422529
 10
6367654.46966191
 20
6173799.34994498
 10
6367655.06938995
 20
6173800.18092013
 10
6367658.02479368
 20
6173798.04964438
 10
6367656.16829892
 20
6173795.47529625
 10
6367656.05409327
 20
6173795.55765278
 10
6367654.04522209
 20
6173797.00625299
  0
LWPOLYLINE
  5
20123
330
1F
100
AcDbEntity
  8
tejido
100
AcDbPolyline
 90
15
 70
1
 10
6367646.44185946
 20
6173780.61302607
 10
6367646.30213214
 20
6173780.42576136
 10
6367641.31928373
 20
6173773.74621653
 10
6367640.57842541
 20
6173772.75317186
 10
6367633.69886427
 20
6173778.23328263
 10
6367636.0649123
 20
6173781.38557096
 10
6367637.4365142
 20
6173783.21382567
 10
6367639.61902646
 20
6173781.63873279
 10
6367639.85922769
 20
6173781.46515445
 10
6367638.75990296
 20
6173779.94215016
 10
6367641.53782309
 20
6173777.93712832
 10
6367643.85371423
 20
6173781.1463255
 10
6367644.48677659
 20
6173782.02375795
 10
6367645.56782147
 20
6173781.2435733
 10
6367646.44185946
 20
6173780.61302607
  0
LWPOLYLINE
  5
20124
330
1F
100
AcDbEntity
  8
tejido
100
AcDbPolyline
 90
6
 70
1
 10
6367643.85371423
 20
6173781.1463255
 10
6367640.83560175
 20
6173783.32431526
 10
6367641.43455127
 20
6173784.15424127
 10
6367642.70704976
 20
6173783.23597741
 10
6367644.45248061
 20
6173781.97624885
 10
6367643.85371423
 20
6173781.1463255
  0
LWPOLYLINE
  5
20125
330
1F
100
AcDbEntity
  8
tejido
100
AcDbPolyline
 90
14
 70
1
 10
6367641.04485469
 20
6173787.7305547
 10
6367639.55547563
 20
6173785.66650958
 10
6367640.5809309
 20
6173784.92630401
 10
6367641.03670817
 20
6173785.5581087
 10
6367642.11756639
 20
6173784.77816555
 10
6367643.15111066
 20
6173786.21016092
 10
6367644.27059328
 20
6173785.40232591
 10
6367642.70704976
 20
6173783.23597741
 10
6367641.43455127
 20
6173784.15424127
 10
6367640.83560175
 20
6173783.32431526
 10
6367639.61902646
 20
6173781.63873279
 10
6367637.4365142
 20
6173783.21382567
 10
6367640.90232918
 20
6173787.83332056
 10
6367641.04485469
 20
6173787.7305547
  0
LWPOLYLINE
  5
20126
330
1F
100
AcDbEntity
  8
tejido
100
AcDbPolyline
 90
16
 70
1
 10
6367644.27059328
 20
6173785.40232591
 10
6367643.15111066
 20
6173786.21016092
 10
6367642.07030995
 20
6173786.99034912
 10
6367641.04485469
 20
6173787.7305547
 10
6367640.90233183
 20
6173787.83313743
 10
6367644.4369688
 20
6173792.54441783
 10
6367647.77394847
 20
6173790.13617067
 10
6367648.55156052
 20
6173791.21357599
 10
6367651.42393515
 20
6173789.14093087
 10
6367652.32179002
 20
6173788.49314496
 10
6367652.20739698
 20
6173788.33982745
 10
6367650.28193902
 20
6173785.75929031
 10
6367647.36353089
 20
6173787.86552011
 10
6367645.29417054
 20
6173784.99819953
 10
6367645.13531841
 20
6173784.77823764
 10
6367644.27059328
 20
6173785.40232591
  0
LWPOLYLINE
  5
20127
330
1F
100
AcDbEntity
  8
tejido
100
AcDbPolyline
 90
15
 70
1
 10
6367677.9854208
 20
6173799.84596769
 10
6367675.33198696
 20
6173796.38708306
 10
6367671.14776308
 20
6173799.59695047
 10
6367667.84565254
 20
6173795.29248306
 10
6367668.18250262
 20
6173795.03407335
 10
6367664.17223008
 20
6173789.80984845
 10
6367663.71095139
 20
6173790.16382581
 10
6367663.59152522
 20
6173790.0081491
 10
6367662.92171169
 20
6173790.52199132
 10
6367662.43126586
 20
6173789.88267592
 10
6367661.69320302
 20
6173789.80640794
 10
6367662.43756285
 20
6173790.77513513
 10
6367663.75606851
 20
6173790.79423981
 10
6367672.99135224
 20
6173803.6993037
 10
6367677.9854208
 20
6173799.84596769
  0
LWPOLYLINE
  5
20128
330
1F
100
AcDbEntity
  8
tejido
100
AcDbPolyline
 90
12
 70
1
 10
6367658.27534465
 20
6173787.64728714
 10
6367661.06839496
 20
6173791.35256855
 10
6367662.03463951
 20
6173790.6241434
 10
6367669.78540906
 20
6173800.90609368
 10
6367664.53579201
 20
6173804.86330513
 10
6367667.07350933
 20
6173808.26535206
 10
6367672.99139899
 20
6173803.69940011
 10
6367663.75611526
 20
6173790.79433622
 10
6367662.43760959
 20
6173790.77523154
 10
6367661.69316314
 20
6173789.80649582
 10
6367659.36137337
 20
6173786.77174616
 10
6367658.27534465
 20
6173787.64728714
  0
LWPOLYLINE
  5
20129
330
1F
100
AcDbEntity
  8
tejido
100
AcDbPolyline
 90
8
 70
1
 10
6367675.33198696
 20
6173796.38708306
 10
6367677.9854208
 20
6173799.84596769
 10
6367685.62883462
 20
6173793.94844338
 10
6367685.45294297
 20
6173793.72884518
 10
6367682.71550104
 20
6173790.30424969
 10
6367681.31817501
 20
6173791.33861122
 10
6367681.53358786
 20
6173791.62961391
 10
6367675.33198696
 20
6173796.38708306
  0
LWPOLYLINE
  5
2012A
330
1F
100
AcDbEntity
  8
tejido
100
AcDbPolyline
 90
7
 70
1
 10
6367663.22561699
 20
6173783.65670398
 10
6367663.11843638
 20
6173783.74312969
 10
6367660.4686607
 20
6173785.87944426
 10
6367660.44119699
 20
6173785.90157243
 10
6367661.82603133
 20
6173787.70677388
 10
6367664.66301395
 20
6173785.53042348
 10
6367663.22561699
 20
6173783.65670398
  0
LWPOLYLINE
  5
2012B
330
1F
100
AcDbEntity
  8
tejido
100
AcDbPolyline
 90
16
 70
1
 10
6367670.35185936
 20
6173784.6212937
 10
6367673.88949417
 20
6173781.90762781
 10
6367672.27864885
 20
6173779.80763221
 10
6367668.4374948
 20
6173782.75415893
 10
6367666.87350683
 20
6173780.71540856
 10
6367666.80975444
 20
6173780.76674766
 10
6367663.22554155
 20
6173783.65691957
 10
6367664.66309973
 20
6173785.53033342
 10
6367661.82603784
 20
6173787.70673366
 10
6367663.59166764
 20
6173790.00825474
 10
6367663.71103428
 20
6173790.16384228
 10
6367664.17236241
 20
6173789.8099985
 10
6367666.48783817
 20
6173788.03358107
 10
6367670.23280185
 20
6173785.16069678
 10
6367669.86996895
 20
6173784.68769906
 10
6367670.35185936
 20
6173784.6212937
  0
LWPOLYLINE
  5
2012C
330
1F
100
AcDbEntity
  8
tejido
100
AcDbPolyline
 90
6
 70
1
 10
6367672.27858023
 20
6173779.80749001
 10
6367670.64358521
 20
6173777.67606761
 10
6367670.38869423
 20
6173777.88166998
 10
6367666.8734966
 20
6173780.71545037
 10
6367668.43748546
 20
6173782.7541397
 10
6367672.27858023
 20
6173779.80749001
  0
LWPOLYLINE
  5
2012D
330
1F
100
AcDbEntity
  8
tejido
100
AcDbPolyline
 90
7
 70
1
 10
6367675.19971944
 20
6173780.90221664
 10
6367674.82905506
 20
6173780.43867582
 10
6367671.84613712
 20
6173776.70725938
 10
6367670.64359197
 20
6173777.67613451
 10
6367672.27859928
 20
6173779.8074754
 10
6367673.88951179
 20
6173781.90735499
 10
6367675.19971944
 20
6173780.90221664
  0
LWPOLYLINE
  5
2012E
330
1F
100
AcDbEntity
  8
tejido
100
AcDbPolyline
 90
5
 70
1
 10
6367664.17223008
 20
6173789.80984845
 10
6367668.18250262
 20
6173795.03407335
 10
6367670.49644675
 20
6173793.25896431
 10
6367666.48780055
 20
6173788.03349185
 10
6367664.17223008
 20
6173789.80984845
  0
LWPOLYLINE
  5
2012F
330
1F
100
AcDbEntity
  8
tejido
100
AcDbPolyline
 90
8
 70
1
 10
6367663.59166764
 20
6173790.00825474
 10
6367661.82603784
 20
6173787.70673366
 10
6367660.44134127
 20
6173785.90155124
 10
6367659.36137337
 20
6173786.77174616
 10
6367661.69316314
 20
6173789.80649582
 10
6367662.431308
 20
6173789.88282514
 10
6367662.92184202
 20
6173790.52191047
 10
6367663.59166764
 20
6173790.00825474
  0
LWPOLYLINE
  5
20130
330
1F
100
AcDbEntity
  8
tejido
100
AcDbPolyline
 90
15
 70
1
 10
6367661.06839496
 20
6173791.35256855
 10
6367661.25014495
 20
6173791.59343766
 10
6367657.01615322
 20
6173794.78514651
 10
6367660.38523849
 20
6173799.30060636
 10
6367662.20157695
 20
6173801.73467933
 10
6367662.64117622
 20
6173802.32424387
 10
6367662.85432579
 20
6173802.61026001
 10
6367663.35650834
 20
6173803.28394897
 10
6367663.40538012
 20
6173803.34943619
 10
6367663.68327864
 20
6173803.7218061
 10
6367664.41726224
 20
6173804.70473804
 10
6367664.53579201
 20
6173804.86330513
 10
6367669.78540906
 20
6173800.90609368
 10
6367662.03463951
 20
6173790.6241434
 10
6367661.06839496
 20
6173791.35256855
  0
LWPOLYLINE
  5
20131
330
1F
100
AcDbEntity
  8
tejido
100
AcDbPolyline
 90
10
 70
1
 10
6367661.06835947
 20
6173791.3525384
 10
6367658.27522233
 20
6173787.64719201
 10
6367657.53039981
 20
6173788.24761647
 10
6367655.73078389
 20
6173789.69900444
 10
6367654.16401667
 20
6173790.96174915
 10
6367655.29734794
 20
6173792.48060591
 10
6367656.79672353
 20
6173794.49100651
 10
6367657.0161247
 20
6173794.78506253
 10
6367661.25000613
 20
6173791.59350894
 10
6367661.06835947
 20
6173791.3525384
  0
LWPOLYLINE
  5
20132
330
1F
100
AcDbEntity
  8
tejido
100
AcDbPolyline
 90
5
 70
1
 10
6367605.35119468
 20
6173844.28515426
 10
6367604.31798011
 20
6173842.9305404
 10
6367603.76653307
 20
6173843.35114963
 10
6367604.79967232
 20
6173844.70578274
 10
6367605.35119468
 20
6173844.28515426
  0
LWPOLYLINE
  5
20133
330
1F
100
AcDbEntity
  8
tejido
100
AcDbPolyline
 90
9
 70
1
 10
6367603.76653307
 20
6173843.35114963
 10
6367604.31798011
 20
6173842.9305404
 10
6367605.35119468
 20
6173844.28515426
 10
6367606.39298058
 20
6173843.49061744
 10
6367604.45445006
 20
6173840.91471417
 10
6367603.53194147
 20
6173841.62063358
 10
6367602.44716436
 20
6173842.45192836
 10
6367603.36598307
 20
6173843.65666408
 10
6367603.76653307
 20
6173843.35114963
  0
LWPOLYLINE
  5
20134
330
1F
100
AcDbEntity
  8
tejido
100
AcDbPolyline
 90
14
 70
1
 10
6367607.91776784
 20
6173845.51724442
 10
6367606.46150699
 20
6173843.58195527
 10
6367606.39304329
 20
6173843.49072434
 10
6367605.3511706
 20
6173844.28527526
 10
6367604.79973591
 20
6173844.7058286
 10
6367603.76659578
 20
6173843.35125653
 10
6367603.36604666
 20
6173843.65670993
 10
6367602.44722707
 20
6173842.45203526
 10
6367601.67276163
 20
6173843.04519469
 10
6367597.65386776
 20
6173846.12297957
 10
6367598.90111224
 20
6173847.79459747
 10
6367599.97851695
 20
6173849.2376687
 10
6367601.08872964
 20
6173850.7256021
 10
6367607.91776784
 20
6173845.51724442
  0
LWPOLYLINE
  5
20135
330
1F
100
AcDbEntity
  8
tejido
100
AcDbPolyline
 90
7
 70
1
 10
6367560.53035
 20
6173786.65270216
 10
6367556.90450341
 20
6173781.94784968
 10
6367556.1831609
 20
6173782.49375913
 10
6367555.7209665
 20
6173782.84417141
 10
6367554.83518553
 20
6173788.74320869
 10
6367555.92401474
 20
6173790.2026254
 10
6367560.53035
 20
6173786.65270216
  0
LWPOLYLINE
  5
20136
330
1F
100
AcDbEntity
  8
tejido
100
AcDbPolyline
 90
8
 70
1
 10
6367562.81637326
 20
6173784.89095306
 10
6367561.05940669
 20
6173786.24497877
 10
6367565.24429923
 20
6173791.67532191
 10
6367566.9010825
 20
6173790.39849532
 10
6367565.70998461
 20
6173788.791737
 10
6367564.08026402
 20
6173786.59542806
 10
6367562.92743252
 20
6173785.04026596
 10
6367562.81637326
 20
6173784.89095306
  0
LWPOLYLINE
  5
20137
330
1F
100
AcDbEntity
  8
tejido
100
AcDbPolyline
 90
10
 70
1
 10
6367566.90116698
 20
6173790.39865041
 10
6367565.24444829
 20
6173791.67523371
 10
6367563.02603534
 20
6173793.38516529
 10
6367565.87471349
 20
6173797.08160717
 10
6367568.80602201
 20
6173794.80564822
 10
6367570.49758223
 20
6173793.49257057
 10
6367568.53031726
 20
6173790.97834301
 10
6367568.05022842
 20
6173790.36419707
 10
6367567.63080047
 20
6173789.82779803
 10
6367566.90116698
 20
6173790.39865041
  0
LWPOLYLINE
  5
20138
330
1F
100
AcDbEntity
  8
tejido
100
AcDbPolyline
 90
9
 70
1
 10
6367561.05940669
 20
6173786.24497877
 10
6367562.81637326
 20
6173784.89095306
 10
6367562.64386231
 20
6173784.65902184
 10
6367561.45966839
 20
6173783.06036169
 10
6367560.32836357
 20
6173781.53646624
 10
6367559.29326568
 20
6173780.14004288
 10
6367556.90450341
 20
6173781.94784968
 10
6367560.53035
 20
6173786.65270216
 10
6367561.05940669
 20
6173786.24497877
  0
LWPOLYLINE
  5
20139
330
1F
100
AcDbEntity
  8
tejido
100
AcDbPolyline
 90
11
 70
1
 10
6367581.80276928
 20
6173781.34999794
 10
6367578.65577183
 20
6173783.80593463
 10
6367577.51477752
 20
6173782.34399156
 10
6367573.83854854
 20
6173785.21347671
 10
6367576.5433901
 20
6173788.79976747
 10
6367576.77618316
 20
6173788.61918257
 10
6367580.35337136
 20
6173785.84308038
 10
6367583.41293395
 20
6173783.467507
 10
6367582.7099721
 20
6173782.54314838
 10
6367582.28602525
 20
6173781.98574209
 10
6367581.80276928
 20
6173781.34999794
  0
LWPOLYLINE
  5
2013A
330
1F
100
AcDbEntity
  8
tejido
100
AcDbPolyline
 90
7
 70
1
 10
6367632.9038492
 20
6173735.74432466
 10
6367630.79018765
 20
6173737.35863516
 10
6367632.67580672
 20
6173739.82753693
 10
6367634.5598342
 20
6173738.34855441
 10
6367634.7581988
 20
6173738.19280844
 10
6367632.91601163
 20
6173735.76031407
 10
6367632.9038492
 20
6173735.74432466
  0
LWPOLYLINE
  5
2013B
330
1F
100
AcDbEntity
  8
tejido
100
AcDbPolyline
 90
7
 70
1
 10
6367623.73056693
 20
6173733.9362834
 10
6367622.47187821
 20
6173732.28840043
 10
6367621.75065
 20
6173732.83461849
 10
6367614.55845559
 20
6173738.28321252
 10
6367615.76367668
 20
6173739.88016245
 10
6367615.83143084
 20
6173739.9697957
 10
6367623.73056693
 20
6173733.9362834
  0
LWPOLYLINE
  5
2013C
330
1F
100
AcDbEntity
  8
tejido
100
AcDbPolyline
 90
13
 70
1
 10
6367628.25129061
 20
6173743.29959559
 10
6367625.55461216
 20
6173739.76941051
 10
6367624.58877788
 20
6173740.50742713
 10
6367622.3533096
 20
6173742.21460761
 10
6367621.97948292
 20
6173741.72502675
 10
6367618.92005121
 20
6173744.06207575
 10
6367620.82531989
 20
6173746.5864558
 10
6367622.03037202
 20
6173748.18242634
 10
6367623.99855582
 20
6173746.63866293
 10
6367626.15455989
 20
6173744.94632734
 10
6367626.64734055
 20
6173744.55813812
 10
6367626.83859864
 20
6173744.40827253
 10
6367628.25129061
 20
6173743.29959559
  0
LWPOLYLINE
  5
2013D
330
1F
100
AcDbEntity
  8
tejido
100
AcDbPolyline
 90
6
 70
1
 10
6367621.19080509
 20
6173741.68520849
 10
6367620.22893796
 20
6173740.42605952
 10
6367618.75974672
 20
6173738.50254931
 10
6367616.98675494
 20
6173739.85669641
 10
6367619.41787438
 20
6173743.03935648
 10
6367621.19080509
 20
6173741.68520849
  0
LWPOLYLINE
  5
2013E
330
1F
100
AcDbEntity
  8
tejido
100
AcDbPolyline
 90
7
 70
1
 10
6367624.58866146
 20
6173740.50740171
 10
6367625.55461783
 20
6173739.76938686
 10
6367623.90914833
 20
6173737.61503872
 10
6367620.22900468
 20
6173740.42603676
 10
6367621.19068867
 20
6173741.68518307
 10
6367623.90481755
 20
6173739.61201586
 10
6367624.58866146
 20
6173740.50740171
  0
LWPOLYLINE
  5
2013F
330
1F
100
AcDbEntity
  8
tejido
100
AcDbPolyline
 90
6
 70
1
 10
6367628.67553013
 20
6173730.15921343
 10
6367623.73056693
 20
6173733.9362834
 10
6367624.80422274
 20
6173735.34192013
 10
6367629.74329722
 20
6173731.56934805
 10
6367628.69920137
 20
6173730.19046346
 10
6367628.67553013
 20
6173730.15921343
  0
LWPOLYLINE
  5
20140
330
1F
100
AcDbEntity
  8
tejido
100
AcDbPolyline
 90
6
 70
1
 10
6367629.74327685
 20
6173731.56945672
 10
6367624.80435668
 20
6173735.34189972
 10
6367625.44343986
 20
6173736.17881815
 10
6367630.37877447
 20
6173732.40943697
 10
6367629.87525533
 20
6173731.74372663
 10
6367629.74327685
 20
6173731.56945672
  0
LWPOLYLINE
  5
20141
330
1F
100
AcDbEntity
  8
tejido
100
AcDbPolyline
 90
5
 70
1
 10
6367622.47187821
 20
6173732.28840043
 10
6367623.73056693
 20
6173733.9362834
 10
6367628.67553013
 20
6173730.15921343
 10
6367627.4389009
 20
6173728.52665422
 10
6367622.47187821
 20
6173732.28840043
  0
LWPOLYLINE
  5
20142
330
1F
100
AcDbEntity
  8
tejido
100
AcDbPolyline
 90
10
 70
1
 10
6367634.19425379
 20
6173749.66109839
 10
6367632.92327878
 20
6173750.65539738
 10
6367631.81148511
 20
6173749.23447897
 10
6367630.80920456
 20
6173750.01861333
 10
6367632.81158206
 20
6173752.53658532
 10
6367633.20639328
 20
6173752.22683615
 10
6367633.39178869
 20
6173752.08128156
 10
6367634.88403044
 20
6173750.90971083
 10
6367635.06189206
 20
6173750.77003044
 10
6367634.19425379
 20
6173749.66109839
  0
LWPOLYLINE
  5
20143
330
1F
100
AcDbEntity
  8
tejido
100
AcDbPolyline
 90
10
 70
1
 10
6367628.88601422
 20
6173747.02492738
 10
6367624.0269522
 20
6173750.82697929
 10
6367624.26040667
 20
6173751.13587998
 10
6367625.14196802
 20
6173752.30362635
 10
6367628.24770704
 20
6173749.83402683
 10
6367629.31857321
 20
6173751.18053703
 10
6367630.69262919
 20
6173750.08790713
 10
6367628.7022238
 20
6173747.54428242
 10
6367629.06830647
 20
6173747.25786728
 10
6367628.88601422
 20
6173747.02492738
  0
LWPOLYLINE
  5
20144
330
1F
100
AcDbEntity
  8
tejido
100
AcDbPolyline
 90
6
 70
1
 10
6367636.68912809
 20
6173741.06990717
 10
6367634.5598342
 20
6173738.34855441
 10
6367632.67580672
 20
6173739.82753693
 10
6367631.75747631
 20
6173740.54847492
 10
6367633.88323598
 20
6173743.26513632
 10
6367636.68912809
 20
6173741.06990717
  0
LWPOLYLINE
  5
20145
330
1F
100
AcDbEntity
  8
tejido
100
AcDbPolyline
 90
15
 70
1
 10
6367642.47577104
 20
6173735.529269
 10
6367640.83059022
 20
6173733.4266385
 10
6367638.98768015
 20
6173734.87422406
 10
6367637.25447545
 20
6173736.2340151
 10
6367636.46849603
 20
6173736.8506966
 10
6367634.75826072
 20
6173738.19274828
 10
6367634.55971212
 20
6173738.34855264
 10
6367636.68906616
 20
6173741.06996732
 10
6367637.04786362
 20
6173740.78912473
 10
6367638.04246777
 20
6173742.06010416
 10
6367640.77481157
 20
6173739.9222998
 10
6367639.83727654
 20
6173738.72413084
 10
6367642.77594956
 20
6173736.42446837
 10
6367642.22757689
 20
6173735.72355115
 10
6367642.47577104
 20
6173735.529269
  0
LWPOLYLINE
  5
20146
330
1F
100
AcDbEntity
  8
tejido
100
AcDbPolyline
 90
10
 70
1
 10
6367647.12730662
 20
6173739.40874426
 10
6367648.30182143
 20
6173738.48985455
 10
6367644.65262924
 20
6173733.82612381
 10
6367642.4758312
 20
6173735.52933092
 10
6367642.22751496
 20
6173735.72361131
 10
6367642.77594779
 20
6173736.42459046
 10
6367639.83709607
 20
6173738.72394506
 10
6367640.77487262
 20
6173739.92230068
 10
6367644.96426271
 20
6173736.6443474
 10
6367647.12730662
 20
6173739.40874426
  0
LWPOLYLINE
  5
20147
330
1F
100
AcDbEntity
  8
tejido
100
AcDbPolyline
 90
19
 70
1
 10
6367633.88323598
 20
6173743.26513632
 10
6367631.75747631
 20
6173740.54847492
 10
6367631.4039771
 20
6173740.82603628
 10
6367629.48656063
 20
6173742.32975065
 10
6367628.25129061
 20
6173743.29959559
 10
6367626.83841551
 20
6173744.40826988
 10
6367628.88613063
 20
6173747.0249528
 10
6367629.06823976
 20
6173747.25789005
 10
6367628.70215797
 20
6173747.54424415
 10
6367630.69256248
 20
6173750.08792989
 10
6367630.79781268
 20
6173750.00422251
 10
6367630.80920456
 20
6173750.01861333
 10
6367631.81148511
 20
6173749.23447897
 10
6367632.92327878
 20
6173750.65539738
 10
6367634.19425379
 20
6173749.66109839
 10
6367631.13216213
 20
6173745.7475066
 10
6367633.75415302
 20
6173743.69583884
 10
6367633.59422079
 20
6173743.49143023
 10
6367633.88323598
 20
6173743.26513632
  0
LWPOLYLINE
  5
20148
330
1F
100
AcDbEntity
  8
tejido
100
AcDbPolyline
 90
9
 70
1
 10
6367628.88600855
 20
6173747.02495103
 10
6367626.83853671
 20
6173744.40833269
 10
6367626.64752102
 20
6173744.5583239
 10
6367626.15468109
 20
6173744.94639015
 10
6367623.99855405
 20
6173746.63878501
 10
6367622.0304941
 20
6173748.18242811
 10
6367623.02459865
 20
6173749.50053461
 10
6367624.02694476
 20
6173750.82712502
 10
6367628.88600855
 20
6173747.02495103
  0
LWPOLYLINE
  5
20149
330
1F
100
AcDbEntity
  8
tejido
100
AcDbPolyline
 90
8
 70
1
 10
6367633.75415302
 20
6173743.69583884
 10
6367631.13216213
 20
6173745.7475066
 10
6367634.19425379
 20
6173749.66109839
 10
6367635.06189206
 20
6173750.77003044
 10
6367636.51101619
 20
6173749.63306355
 10
6367637.62808625
 20
6173748.75577445
 10
6367637.68088917
 20
6173748.71428966
 10
6367633.75415302
 20
6173743.69583884
  0
LWPOLYLINE
  5
2014A
330
1F
100
AcDbEntity
  8
tejido
100
AcDbPolyline
 90
15
 70
1
 10
6367648.04481892
 20
6173740.58140746
 10
6367647.12730662
 20
6173739.40874426
 10
6367644.96426271
 20
6173736.6443474
 10
6367640.77487262
 20
6173739.92230068
 10
6367638.04240496
 20
6173742.06022536
 10
6367637.04792377
 20
6173740.78918666
 10
6367636.68912809
 20
6173741.06990717
 10
6367633.88323598
 20
6173743.26513632
 10
6367633.59422079
 20
6173743.49143023
 10
6367633.75415302
 20
6173743.69583884
 10
6367637.68088917
 20
6173748.71428966
 10
6367640.41059218
 20
6173746.57333318
 10
6367640.93980415
 20
6173746.15691507
 10
6367647.89104758
 20
6173740.70183832
 10
6367648.04481892
 20
6173740.58140746
  0
LWPOLYLINE
  5
2014B
330
1F
100
AcDbEntity
  8
tejido
100
AcDbPolyline
 90
10
 70
1
 10
6367632.81158206
 20
6173752.53658532
 10
6367630.80920456
 20
6173750.01861333
 10
6367630.79781268
 20
6173750.00422251
 10
6367630.69256248
 20
6173750.08792989
 10
6367629.3185065
 20
6173751.18055979
 10
6367628.24764387
 20
6173749.83380542
 10
6367625.14190131
 20
6173752.30364911
 10
6367628.10576518
 20
6173756.22924966
 10
6367632.58308052
 20
6173752.7159502
 10
6367632.81158206
 20
6173752.53658532
  0
LWPOLYLINE
  5
2014C
330
1F
100
AcDbEntity
  8
tejido
100
AcDbPolyline
 90
14
 70
1
 10
6367643.77855358
 20
6173758.92052819
 10
6367639.91029839
 20
6173753.84260865
 10
6367637.40048879
 20
6173755.86827334
 10
6367636.99182403
 20
6173755.36193549
 10
6367631.06309876
 20
6173760.14700351
 10
6367633.30855819
 20
6173763.12268391
 10
6367635.21850064
 20
6173765.65317586
 10
6367637.09040454
 20
6173764.1807946
 10
6367637.45873334
 20
6173763.89105398
 10
6367638.77011351
 20
6173762.85973068
 10
6367640.34254728
 20
6173761.62307748
 10
6367642.76589913
 20
6173759.71658918
 10
6367643.59561979
 20
6173759.06439702
 10
6367643.77855358
 20
6173758.92052819
  0
LWPOLYLINE
  5
2014D
330
1F
100
AcDbEntity
  8
tejido
100
AcDbPolyline
 90
28
 70
1
 10
6367653.30785992
 20
6173745.46540025
 10
6367653.38049975
 20
6173745.60478215
 10
6367653.42962909
 20
6173745.75408107
 10
6367653.4539531
 20
6173745.90936211
 10
6367653.45283069
 20
6173746.06653272
 10
6367653.42629144
 20
6173746.22145053
 10
6367653.37503483
 20
6173746.37003256
 10
6367653.30041176
 20
6173746.50836281
 10
6367653.20438898
 20
6173746.63279546
 10
6367653.08949725
 20
6173746.740051
 10
6367652.85219419
 20
6173746.92008204
 10
6367655.16323026
 20
6173749.96710865
 10
6367655.47789359
 20
6173749.71938984
 10
6367659.28148155
 20
6173746.72774912
 10
6367651.96775211
 20
6173737.50282085
 10
6367648.20576348
 20
6173740.45507343
 10
6367648.04470251
 20
6173740.58138204
 10
6367650.44284662
 20
6173743.74335486
 10
6367650.79485251
 20
6173743.47615119
 10
6367650.9458787
 20
6173743.41422582
 10
6367651.10514396
 20
6173743.37847343
 10
6367651.26814773
 20
6173743.36990432
 10
6367651.43028377
 20
6173743.38876063
 10
6367651.58697039
 20
6173743.43450952
 10
6367651.73377987
 20
6173743.5058582
 10
6367651.86656361
 20
6173743.60079047
 10
6367651.98156936
 20
6173743.71662369
 10
6367653.30785992
 20
6173745.46540025
  0
LWPOLYLINE
  5
2014E
330
1F
100
AcDbEntity
  8
tejido
100
AcDbPolyline
 90
8
 70
1
 10
6367633.39178869
 20
6173752.08128156
 10
6367633.20639328
 20
6173752.22683615
 10
6367632.81158206
 20
6173752.53658532
 10
6367632.58308052
 20
6173752.7159502
 10
6367628.10576518
 20
6173756.22924966
 10
6367629.8981846
 20
6173758.60332607
 10
6367635.22538292
 20
6173754.41156776
 10
6367633.39178869
 20
6173752.08128156
  0
LWPOLYLINE
  5
2014F
330
1F
100
AcDbEntity
  8
tejido
100
AcDbPolyline
 90
12
 70
1
 10
6367636.51101619
 20
6173749.63306355
 10
6367635.06189206
 20
6173750.77003044
 10
6367634.88403044
 20
6173750.90971083
 10
6367633.39178869
 20
6173752.08128156
 10
6367635.22538292
 20
6173754.41156776
 10
6367629.8981846
 20
6173758.60332607
 10
6367630.96287338
 20
6173760.01379316
 10
6367631.0631471
 20
6173760.14712437
 10
6367636.99196669
 20
6173755.36208356
 10
6367637.40059705
 20
6173755.8683482
 10
6367639.9103592
 20
6173753.84265097
 10
6367636.51101619
 20
6173749.63306355
  0
LWPOLYLINE
  5
20150
330
1F
100
AcDbEntity
  8
tejido
100
AcDbPolyline
 90
7
 70
1
 10
6367597.41266976
 20
6173816.92297612
 10
6367599.41076963
 20
6173819.51475049
 10
6367604.16032917
 20
6173815.85337202
 10
6367602.33895987
 20
6173813.49123132
 10
6367598.08104791
 20
6173816.77360957
 10
6367597.90431739
 20
6173816.54397592
 10
6367597.41266976
 20
6173816.92297612
  0
LWPOLYLINE
  5
20151
330
1F
100
AcDbEntity
  8
tejido
100
AcDbPolyline
 90
9
 70
1
 10
6367589.49471949
 20
6173806.78732149
 10
6367588.89328511
 20
6173805.98447437
 10
6367587.07787958
 20
6173803.56111253
 10
6367586.39975784
 20
6173802.65589641
 10
6367586.35228687
 20
6173802.69223483
 10
6367584.82688908
 20
6173803.8595143
 10
6367582.30184303
 20
6173805.79175494
 10
6367585.41832155
 20
6173809.84900431
 10
6367589.49471949
 20
6173806.78732149
  0
LWPOLYLINE
  5
20152
330
1F
100
AcDbEntity
  8
tejido
100
AcDbPolyline
 90
11
 70
1
 10
6367585.41832155
 20
6173809.84900431
 10
6367582.30184303
 20
6173805.79175494
 10
6367577.88267002
 20
6173809.17463433
 10
6367577.43050489
 20
6173809.52119603
 10
6367582.66634102
 20
6173816.48327227
 10
6367584.87401597
 20
6173814.828719
 10
6367587.35472061
 20
6173812.97105535
 10
6367585.51187047
 20
6173810.57259169
 10
6367585.80220638
 20
6173810.34872531
 10
6367585.68067145
 20
6173810.19074341
 10
6367585.41832155
 20
6173809.84900431
  0
LWPOLYLINE
  5
20153
330
1F
100
AcDbEntity
  8
tejido
100
AcDbPolyline
 90
5
 70
1
 10
6367593.4849941
 20
6173802.54470173
 10
6367591.66958862
 20
6173800.12133991
 10
6367587.07787958
 20
6173803.56111253
 10
6367588.89328511
 20
6173805.98447437
 10
6367593.4849941
 20
6173802.54470173
  0
HATCH
  5
2016A
330
1F
100
AcDbEntity
  8
mdr_tejidoconsolidado
 62
7
100
AcDbHatch
 10
0.0
 20
0.0
 30
0.0
210
0.0
220
0.0
230
1.0
  2
SOLID
 70
0
 71
0
 91
1
 92
3
 72
0
 73
1
 93
68
 10
6367607.69579859
 20
6173824.11920678
 10
6367607.69645377
 20
6173824.12017778
 10
6367612.81822552
 20
6173830.96121297
 10
6367613.065834
 20
6173831.29205663
 10
6367616.12768046
 20
6173835.38201759
 10
6367616.13043412
 20
6173835.38610059
 10
6367616.13277276
 20
6173835.39043468
 10
6367616.13467368
 20
6173835.39497781
 10
6367616.13611845
 20
6173835.39968591
 10
6367616.13709304
 20
6173835.40451331
 10
6367616.137588
 20
6173835.40941316
 10
6367616.13759854
 20
6173835.41433794
 10
6367616.13712454
 20
6173835.41923986
 10
6367616.1361706
 20
6173835.42407138
 10
6367616.13474599
 20
6173835.42878562
 10
6367616.13286452
 20
6173835.43333684
 10
6367616.13054444
 20
6173835.43768089
 10
6367616.12780826
 20
6173835.44177563
 10
6367616.12468254
 20
6173835.44558133
 10
6367616.12119758
 20
6173835.44906108
 10
6367616.1173872
 20
6173835.45218111
 10
6367613.12631937
 20
6173837.66453459
 10
6367613.12541293
 20
6173837.66527653
 10
6367613.12606244
 20
6173837.66625132
 10
6367613.53437786
 20
6173838.21829437
 10
6367614.2466062
 20
6173839.18199282
 10
6367615.35857598
 20
6173840.68673822
 10
6367615.35932023
 20
6173840.68764794
 10
6367615.36029479
 20
6173840.68699083
 10
6367618.35746618
 20
6173838.44370589
 10
6367618.36153393
 20
6173838.44096204
 10
6367618.36585103
 20
6173838.43863009
 10
6367618.37037591
 20
6173838.43673252
 10
6367618.37506499
 20
6173838.43528759
 10
6367618.37987312
 20
6173838.43430921
 10
6367618.384754
 20
6173838.43380682
 10
6367618.38966061
 20
6173838.43378524
 10
6367618.39454571
 20
6173838.43424469
 10
6367618.39936226
 20
6173838.43518074
 10
6367618.40406387
 20
6173838.43658438
 10
6367618.40860526
 20
6173838.43844209
 10
6367618.41294271
 20
6173838.44073598
 10
6367618.41703443
 20
6173838.44344395
 10
6367618.42084102
 20
6173838.44653994
 10
6367618.42432584
 20
6173838.44999412
 10
6367618.42745531
 20
6173838.45377324
 10
6367621.91063079
 20
6173843.10718743
 10
6367621.91138478
 20
6173843.10809705
 10
6367621.91235426
 20
6173843.10742177
 10
6367622.73084964
 20
6173842.47484226
 10
6367624.4009422
 20
6173841.18671482
 10
6367627.22941128
 20
6173839.00499965
 10
6367628.01232461
 20
6173838.40104338
 10
6367628.90168896
 20
6173837.71582719
 10
6367629.34270608
 20
6173837.37568585
 10
6367629.3435887
 20
6173837.37493411
 10
6367629.34294343
 20
6173837.37397092
 10
6367625.5888544
 20
6173832.31899711
 10
6367623.69141822
 20
6173829.76377463
 10
6367622.1998391
 20
6173827.75514526
 10
6367622.08306561
 20
6173827.59770529
 10
6367620.2834738
 20
6173825.17436371
 10
6367618.62696279
 20
6173822.94347652
 10
6367615.28317483
 20
6173818.44022792
 10
6367615.28242946
 20
6173818.43932096
 10
6367615.28145622
 20
6173818.43997746
 10
6367607.69670072
 20
6173824.11845958
 10
6367607.69579859
 20
6173824.11920678
 97
0
 75
1
 76
1
 52
0.0
 41
1.0
 77
0
 78
1
 53
45.0
 43
0.0
 44
0.0
 45
-0.0034798562
 46
0.0034798562
 79
0
 98
0
  0
HATCH
  5
2016B
330
1F
100
AcDbEntity
  8
mdr_tejidoconsolidado
 62
7
100
AcDbHatch
 10
0.0
 20
0.0
 30
0.0
210
0.0
220
0.0
230
1.0
  2
SOLID
 70
0
 71
0
 91
1
 92
3
 72
0
 73
1
 93
95
 10
6367583.3626827
 20
6173826.97169963
 10
6367583.36333081
 20
6173826.97266437
 10
6367583.54411974
 20
6173827.21537953
 10
6367588.33956943
 20
6173833.64190086
 10
6367588.63225328
 20
6173834.03330489
 10
6367588.63300667
 20
6173834.03421468
 10
6367588.63397652
 20
6173834.03354035
 10
6367589.61931813
 20
6173833.27335253
 10
6367590.85050777
 20
6173832.32187091
 10
6367592.4924147
 20
6173831.05324333
 10
6367594.28605329
 20
6173829.6677835
 10
6367596.17478334
 20
6173828.20967094
 10
6367598.00994176
 20
6173826.79255976
 10
6367598.01083228
 20
6173826.79179956
 10
6367598.01016372
 20
6173826.79083834
 10
6367596.16798906
 20
6173824.40140232
 10
6367596.16790442
 20
6173824.40129222
 10
6367596.07655011
 20
6173824.28211583
 10
6367596.0737638
 20
6173824.27808646
 10
6367596.07138519
 20
6173824.27380376
 10
6367596.06943709
 20
6173824.26930885
 10
6367596.06793822
 20
6173824.26464487
 10
6367596.06690297
 20
6173824.25985659
 10
6367596.06634126
 20
6173824.25498999
 10
6367596.06625851
 20
6173824.25009178
 10
6367596.06665549
 20
6173824.24520898
 10
6367596.0675284
 20
6173824.24038847
 10
6367596.06886886
 20
6173824.23567651
 10
6367596.07066399
 20
6173824.23111835
 10
6367596.07289658
 20
6173824.22675775
 10
6367596.07554518
 20
6173824.22263655
 10
6367596.07858437
 20
6173824.21879433
 10
6367596.08198498
 20
6173824.21526797
 10
6367596.08571435
 20
6173824.21209132
 10
6367596.74320603
 20
6173823.7054606
 10
6367600.41109473
 20
6173820.8778541
 10
6367600.41513038
 20
6173820.87504805
 10
6367600.41942205
 20
6173820.8726518
 10
6367600.42392826
 20
6173820.87068853
 10
6367600.42860547
 20
6173820.86917719
 10
6367600.43340847
 20
6173820.8681324
 10
6367600.43829085
 20
6173820.86756426
 10
6367600.44320542
 20
6173820.86747825
 10
6367600.44810469
 20
6173820.86787521
 10
6367600.45294131
 20
6173820.86875129
 10
6367600.45766854
 20
6173820.87009804
 10
6367600.46224069
 20
6173820.87190244
 10
6367600.46661358
 20
6173820.87414705
 10
6367600.47074494
 20
6173820.87681017
 10
6367600.47459486
 20
6173820.87986608
 10
6367600.47812612
 20
6173820.88328523
 10
6367600.4813046
 20
6173820.88703459
 10
6367600.57179313
 20
6173821.00508152
 10
6367600.57255177
 20
6173821.00597642
 10
6367600.57351498
 20
6173821.00530665
 10
6367601.4919603
 20
6173820.29723914
 10
6367601.49598861
 20
6173820.29443755
 10
6367601.50027212
 20
6173820.2920443
 10
6367601.50476958
 20
6173820.29008243
 10
6367601.50943768
 20
6173820.28857083
 10
6367601.51423147
 20
6173820.28752406
 10
6367601.51910477
 20
6173820.2869522
 10
6367601.52401066
 20
6173820.28686076
 10
6367601.52890189
 20
6173820.28725062
 10
6367601.53373136
 20
6173820.28811802
 10
6367601.53845255
 20
6173820.28945461
 10
6367601.54301999
 20
6173820.29124753
 10
6367601.54738971
 20
6173820.29347949
 10
6367601.55151962
 20
6173820.29612902
 10
6367601.55536994
 20
6173820.29917058
 10
6367601.5589036
 20
6173820.3025749
 10
6367601.56208657
 20
6173820.30630918
 10
6367603.36984665
 20
6173822.65114277
 10
6367603.37060689
 20
6173822.65203464
 10
6367603.37156845
 20
6173822.65136473
 10
6367611.05911356
 20
6173816.71433993
 10
6367611.06000356
 20
6173816.71358013
 10
6367611.05933622
 20
6173816.71261885
 10
6367610.8647158
 20
6173816.4597006
 10
6367605.92981383
 20
6173810.06116474
 10
6367605.92978021
 20
6173810.0611211
 10
6367605.73516022
 20
6173809.80820341
 10
6367605.73440186
 20
6173809.80731196
 10
6367605.73343945
 20
6173809.80797795
 10
6367598.75056975
 20
6173815.16478847
 10
6367597.05821313
 20
6173816.46369087
 10
6367592.31598306
 20
6173820.10217178
 10
6367592.31594718
 20
6173820.10212501
 10
6367592.31594717
 20
6173820.10212501
 10
6367592.31598306
 20
6173820.10217177
 10
6367587.12259733
 20
6173824.08722182
 10
6367585.4777983
 20
6173825.34879986
 10
6367584.2436847
 20
6173826.29622333
 10
6367583.36356958
 20
6173826.97094849
 10
6367583.3626827
 20
6173826.97169963
 97
0
 75
1
 76
1
 52
0.0
 41
1.0
 77
0
 78
1
 53
45.0
 43
0.0
 44
0.0
 45
-0.0034798562
 46
0.0034798562
 79
0
 98
0
  0
HATCH
  5
2016C
330
1F
100
AcDbEntity
  8
mdr_tejidoconsolidado
 62
7
100
AcDbHatch
 10
0.0
 20
0.0
 30
0.0
210
0.0
220
0.0
230
1.0
  2
SOLID
 70
0
 71
0
 91
1
 92
3
 72
0
 73
1
 93
29
 10
6367572.99309809
 20
6173769.76506597
 10
6367572.99376095
 20
6173769.76603321
 10
6367574.2040862
 20
6173771.358296
 10
6367575.53572988
 20
6173773.10868076
 10
6367580.48042737
 20
6173779.61098605
 10
6367581.80276548
 20
6173781.34999294
 10
6367582.28601528
 20
6173781.98572898
 10
6367582.70947576
 20
6173782.54199256
 10
6367582.71022986
 20
6173782.54288833
 10
6367582.71119564
 20
6173782.54222627
 10
6367589.63434414
 20
6173777.27917005
 10
6367589.63523836
 20
6173777.27841848
 10
6367589.63458251
 20
6173777.27745185
 10
6367587.94148993
 20
6173775.0274032
 10
6367587.44701027
 20
6173774.37038091
 10
6367587.01021536
 20
6173773.78946437
 10
6367584.69065361
 20
6173770.7072082
 10
6367583.41987216
 20
6173769.0166884
 10
6367582.50996873
 20
6173767.80743709
 10
6367582.20729363
 20
6173767.40491614
 10
6367581.1862191
 20
6173766.04814472
 10
6367581.06318898
 20
6173765.88438842
 10
6367579.9935843
 20
6173764.46381115
 10
6367579.99283336
 20
6173764.46290969
 10
6367579.99186441
 20
6173764.46357127
 10
6367577.41793619
 20
6173766.41321219
 10
6367575.70479212
 20
6173767.71168914
 10
6367572.99399701
 20
6173769.76431304
 10
6367572.99309809
 20
6173769.76506597
 97
0
 75
1
 76
1
 52
0.0
 41
1.0
 77
0
 78
1
 53
45.0
 43
0.0
 44
0.0
 45
-0.0034798562
 46
0.0034798562
 79
0
 98
0
  0
HATCH
  5
2016D
330
1F
100
AcDbEntity
  8
mdr_tejidoconsolidado
 62
7
100
AcDbHatch
 10
0.0
 20
0.0
 30
0.0
210
0.0
220
0.0
230
1.0
  2
SOLID
 70
0
 71
0
 91
1
 92
3
 72
0
 73
1
 93
77
 10
6367579.99335206
 20
6173764.46284618
 10
6367579.99400877
 20
6173764.46381399
 10
6367581.06317196
 20
6173765.88436576
 10
6367581.18644689
 20
6173766.0481265
 10
6367582.20728098
 20
6173767.40489932
 10
6367582.51038314
 20
6173767.80742617
 10
6367583.41986029
 20
6173769.01667262
 10
6367584.69063743
 20
6173770.70718669
 10
6367587.0102086
 20
6173773.78945538
 10
6367587.44742395
 20
6173774.37036902
 10
6367587.94075157
 20
6173775.02642128
 10
6367587.94150085
 20
6173775.02732203
 10
6367587.94247043
 20
6173775.02666426
 10
6367590.58725842
 20
6173773.03609427
 10
6367590.59131908
 20
6173773.03333941
 10
6367590.59563023
 20
6173773.03099586
 10
6367590.60015033
 20
6173773.02908617
 10
6367590.60483585
 20
6173773.02762874
 10
6367590.60964166
 20
6173773.0266376
 10
6367590.61452149
 20
6173773.02612232
 10
6367590.61942832
 20
6173773.02608783
 10
6367590.62431491
 20
6173773.02653449
 10
6367590.62913418
 20
6173773.02745798
 10
6367590.63383972
 20
6173773.02884942
 10
6367590.63838622
 20
6173773.03069539
 10
6367590.64272987
 20
6173773.03297813
 10
6367590.64682885
 20
6173773.03567564
 10
6367590.65064368
 20
6173773.03876195
 10
6367590.65413761
 20
6173773.04220733
 10
6367590.657277
 20
6173773.0459786
 10
6367595.11580683
 20
6173778.97058789
 10
6367595.11856136
 20
6173778.9746486
 10
6367595.12090461
 20
6173778.97895975
 10
6367595.12281401
 20
6173778.98347983
 10
6367595.12427116
 20
6173778.98816529
 10
6367595.12526203
 20
6173778.99297102
 10
6367595.12577708
 20
6173778.99785073
 10
6367595.12581136
 20
6173779.00275742
 10
6367595.12536452
 20
6173779.00764385
 10
6367595.12444088
 20
6173779.01246295
 10
6367595.12304932
 20
6173779.01716831
 10
6367595.12120326
 20
6173779.02171462
 10
6367595.11892046
 20
6173779.02605809
 10
6367595.11622292
 20
6173779.03015688
 10
6367595.11313661
 20
6173779.03397153
 10
6367595.10969126
 20
6173779.0374653
 10
6367595.10592005
 20
6173779.04060453
 10
6367592.46039634
 20
6173781.0314128
 10
6367592.45949611
 20
6173781.03216217
 10
6367592.46015359
 20
6173781.03313158
 10
6367595.60872199
 20
6173785.21772323
 10
6367599.69545603
 20
6173790.64970323
 10
6367599.69620514
 20
6173790.65060338
 10
6367599.69717465
 20
6173790.64994646
 10
6367613.4148597
 20
6173780.33829507
 10
6367613.41576036
 20
6173780.33754613
 10
6367613.41510329
 20
6173780.3365764
 10
6367612.99720293
 20
6173779.78066144
 10
6367609.88571837
 20
6173775.63941254
 10
6367608.91239773
 20
6173774.344932
 10
6367606.08424254
 20
6173770.58077745
 10
6367605.6099097
 20
6173769.94870539
 10
6367603.74342445
 20
6173767.46480413
 10
6367601.64477648
 20
6173764.67203387
 10
6367599.61267245
 20
6173761.96833327
 10
6367597.79987855
 20
6173759.55513137
 10
6367597.15475587
 20
6173758.69656882
 10
6367595.94286595
 20
6173757.08370906
 10
6367594.79860104
 20
6173755.5609691
 10
6367593.6928171
 20
6173754.08903
 10
6367593.6920674
 20
6173754.08812801
 10
6367593.69109768
 20
6173754.08878778
 10
6367593.39171689
 20
6173754.31477499
 10
6367593.39168479
 20
6173754.31479927
 10
6367580.51194917
 20
6173764.07025338
 10
6367579.99424894
 20
6173764.4620955
 10
6367579.99335206
 20
6173764.46284618
 97
0
 75
1
 76
1
 52
0.0
 41
1.0
 77
0
 78
1
 53
45.0
 43
0.0
 44
0.0
 45
-0.0034798562
 46
0.0034798562
 79
0
 98
0
  0
HATCH
  5
2016E
330
1F
100
AcDbEntity
  8
mdr_tejidoconsolidado
 62
7
100
AcDbHatch
 10
0.0
 20
0.0
 30
0.0
210
0.0
220
0.0
230
1.0
  2
SOLID
 70
0
 71
0
 91
1
 92
3
 72
0
 73
1
 93
37
 10
6367607.64533561
 20
6173743.51867836
 10
6367607.64599069
 20
6173743.51964612
 10
6367608.84612528
 20
6173745.11812625
 10
6367608.84693003
 20
6173745.11925491
 10
6367610.82785958
 20
6173747.75909772
 10
6367610.82845317
 20
6173747.75992524
 10
6367610.83180941
 20
6173747.76434124
 10
6367610.83199767
 20
6173747.76459056
 10
6367611.82416454
 20
6173749.08711478
 10
6367613.5464209
 20
6173751.38078252
 10
6367613.54646794
 20
6173751.38084528
 10
6367613.85362627
 20
6173751.79125196
 10
6367616.07966787
 20
6173754.75728943
 10
6367616.08108533
 20
6173754.7592774
 10
6367616.08193697
 20
6173754.76053572
 10
6367617.31113984
 20
6173756.3979579
 10
6367617.31189013
 20
6173756.39886112
 10
6367617.31285988
 20
6173756.39819907
 10
6367624.25936227
 20
6173751.13664328
 10
6367624.26025961
 20
6173751.1358916
 10
6367624.25960058
 20
6173751.13492416
 10
6367624.02694653
 20
6173750.82700294
 10
6367623.02461115
 20
6173749.50048894
 10
6367622.03049883
 20
6173748.18268323
 10
6367620.82520012
 20
6173746.58664373
 10
6367618.92011226
 20
6173744.06207664
 10
6367617.79064983
 20
6173742.5655517
 10
6367617.75268692
 20
6173742.51552681
 10
6367617.75146926
 20
6173742.51399724
 10
6367615.83157881
 20
6173739.96986293
 10
6367615.76385619
 20
6173739.88051007
 10
6367615.76379429
 20
6173739.88042823
 10
6367614.55905261
 20
6173738.28410389
 10
6367614.55830135
 20
6173738.28320404
 10
6367614.55733303
 20
6173738.28386515
 10
6367607.64623157
 20
6173743.51792807
 10
6367607.64533561
 20
6173743.51867836
 97
0
 75
1
 76
1
 52
0.0
 41
1.0
 77
0
 78
1
 53
45.0
 43
0.0
 44
0.0
 45
-0.0034798562
 46
0.0034798562
 79
0
 98
0
  0
HATCH
  5
2016F
330
1F
100
AcDbEntity
  8
mdr_tejidoconsolidado
 62
7
100
AcDbHatch
 10
0.0
 20
0.0
 30
0.0
210
0.0
220
0.0
230
1.0
  2
SOLID
 70
0
 71
0
 91
1
 92
3
 72
0
 73
1
 93
54
 10
6367648.00285624
 20
6173773.78002492
 10
6367648.00353354
 20
6173773.78098073
 10
6367655.96555465
 20
6173783.92262214
 10
6367655.96632073
 20
6173783.92350524
 10
6367655.96727686
 20
6173783.92283255
 10
6367660.61573955
 20
6173780.29955938
 10
6367660.61770342
 20
6173780.29810437
 10
6367660.62053225
 20
6173780.29611374
 10
6367663.04681813
 20
6173778.40477382
 10
6367663.04879119
 20
6173778.40331222
 10
6367663.04969424
 20
6173778.402677
 10
6367669.69486614
 20
6173773.22283434
 10
6367676.2438772
 20
6173768.11889274
 10
6367676.2447686
 20
6173768.11812444
 10
6367676.24408392
 20
6173768.11716732
 10
6367675.63686914
 20
6173767.35120955
 10
6367672.22718145
 20
6173763.05136683
 10
6367672.14803665
 20
6173762.9514328
 10
6367670.89476369
 20
6173761.37093389
 10
6367670.12189728
 20
6173760.39605139
 10
6367668.83990094
 20
6173758.77997651
 10
6367668.17925372
 20
6173757.94669089
 10
6367668.17814635
 20
6173757.94522127
 10
6367665.98206173
 20
6173755.17538128
 10
6367665.4788088
 20
6173754.54072643
 10
6367665.47803621
 20
6173754.53984477
 10
6367665.47708395
 20
6173754.54052845
 10
6367662.95112663
 20
6173756.5491489
 10
6367662.60125022
 20
6173756.82715117
 10
6367662.60036989
 20
6173756.82792409
 10
6367662.60105296
 20
6173756.82887581
 10
6367665.25976294
 20
6173760.173683
 10
6367665.26263459
 20
6173760.17768572
 10
6367665.26509842
 20
6173760.1819516
 10
6367665.26713051
 20
6173760.18643922
 10
6367665.26871112
 20
6173760.19110504
 10
6367665.26982492
 20
6173760.19590375
 10
6367665.27046109
 20
6173760.20078877
 10
6367665.27061345
 20
6173760.20571268
 10
6367665.27028054
 20
6173760.21062769
 10
6367665.26946558
 20
6173760.21548609
 10
6367665.26817648
 20
6173760.2202407
 10
6367665.26642575
 20
6173760.22484539
 10
6367665.26423039
 20
6173760.22925544
 10
6367665.26161172
 20
6173760.23342805
 10
6367665.25859514
 20
6173760.23732272
 10
6367665.25520995
 20
6173760.24090163
 10
6367665.251489
 20
6173760.24413005
 10
6367654.98944879
 20
6173768.2970607
 10
6367654.98748122
 20
6173768.29852813
 10
6367654.986578
 20
6173768.29916787
 10
6367652.62682556
 20
6173770.15067404
 10
6367648.00374113
 20
6173773.7792573
 10
6367648.00285624
 20
6173773.78002492
 97
0
 75
1
 76
1
 52
0.0
 41
1.0
 77
0
 78
1
 53
45.0
 43
0.0
 44
0.0
 45
-0.0034798562
 46
0.0034798562
 79
0
 98
0
  0
HATCH
  5
20170
330
1F
100
AcDbEntity
  8
mdr_tejidoparairregular
 62
7
100
AcDbHatch
 10
0.0
 20
0.0
 30
0.0
210
0.0
220
0.0
230
1.0
  2
SOLID
 70
0
 71
0
 91
1
 92
3
 72
0
 73
1
 93
78
 10
6367602.5179195
 20
6173823.31087671
 10
6367602.51856133
 20
6173823.3118396
 10
6367604.53809023
 20
6173826.04504724
 10
6367607.02996155
 20
6173829.4171843
 10
6367610.0578873
 20
6173833.51388976
 10
6367610.05876454
 20
6173833.51513973
 10
6367611.52514861
 20
6173835.49923681
 10
6367613.12460293
 20
6173837.66427689
 10
6367613.12534461
 20
6173837.66518403
 10
6367613.12631973
 20
6173837.66453432
 10
6367616.15682829
 20
6173835.42300837
 10
6367616.15773753
 20
6173835.42226387
 10
6367616.15708044
 20
6173835.42128957
 10
6367613.06735439
 20
6173831.29408753
 10
6367613.06592884
 20
6173831.2920823
 10
6367613.06522268
 20
6173831.29103536
 10
6367612.81829273
 20
6173830.96124081
 10
6367607.72580847
 20
6173824.15942967
 10
6367607.72306396
 20
6173824.15536223
 10
6367607.72073135
 20
6173824.15104537
 10
6367607.7188331
 20
6173824.14652066
 10
6367607.71738748
 20
6173824.14183167
 10
6367607.71640843
 20
6173824.13702357
 10
6367607.71590537
 20
6173824.13214265
 10
6367607.71588315
 20
6173824.12723594
 10
6367607.71634197
 20
6173824.12235067
 10
6367607.71727743
 20
6173824.11753389
 10
6367607.71868051
 20
6173824.112832
 10
6367607.7205377
 20
6173824.10829028
 10
6367607.72283111
 20
6173824.10395246
 10
6367607.72553866
 20
6173824.09986033
 10
6367607.72863427
 20
6173824.09605329
 10
6367607.73208813
 20
6173824.092568
 10
6367607.73586698
 20
6173824.08943803
 10
6367615.2423833
 20
6173818.46935204
 10
6367615.24646136
 20
6173818.46660111
 10
6367615.25079
 20
6173818.46426422
 10
6367615.25532732
 20
6173818.46236399
 10
6367615.26002941
 20
6173818.46091881
 10
6367615.26485075
 20
6173818.45994267
 10
6367615.26974468
 20
6173818.45944502
 10
6367615.27466382
 20
6173818.45943068
 10
6367615.27956057
 20
6173818.45989979
 10
6367615.28438752
 20
6173818.4608478
 10
6367615.28909795
 20
6173818.46226553
 10
6367615.29364628
 20
6173818.46413927
 10
6367615.29798847
 20
6173818.46645088
 10
6367615.3020825
 20
6173818.46917799
 10
6367615.30588874
 20
6173818.47229419
 10
6367615.30937034
 20
6173818.47576933
 10
6367615.31249362
 20
6173818.47956977
 10
6367618.62702815
 20
6173822.94350189
 10
6367620.28354004
 20
6173825.17432804
 10
6367622.08317394
 20
6173827.59789389
 10
6367622.19982371
 20
6173827.75512452
 10
6367623.69141822
 20
6173829.76377463
 10
6367625.58885285
 20
6173832.31899502
 10
6367629.34292637
 20
6173837.37394795
 10
6367629.34367825
 20
6173837.37486184
 10
6367629.34464993
 20
6173837.37418631
 10
6367632.50621599
 20
6173834.93476229
 10
6367632.50709703
 20
6173834.93401172
 10
6367632.50645542
 20
6173834.93304845
 10
6367630.18971643
 20
6173831.79545169
 10
6367627.59972
 20
6173828.2847601
 10
6367626.06147483
 20
6173826.20089176
 10
6367626.03860809
 20
6173826.16992069
 10
6367625.31976287
 20
6173825.19535511
 10
6367625.31888362
 20
6173825.1941003
 10
6367621.87658341
 20
6173820.53062943
 10
6367620.17816118
 20
6173818.23002097
 10
6367616.15554786
 20
6173812.78036972
 10
6367616.15479717
 20
6173812.77945203
 10
6367616.15382391
 20
6173812.78012915
 10
6367611.0601711
 20
6173816.71391612
 10
6367603.37068115
 20
6173822.65198392
 10
6367602.51879992
 20
6173823.31012574
 10
6367602.5179195
 20
6173823.31087671
 97
0
 75
1
 76
1
 52
0.0
 41
1.0
 77
0
 78
1
 53
45.0
 43
0.0
 44
0.0
 45
-0.0034798562
 46
0.0034798562
 79
0
 98
0
  0
HATCH
  5
20171
330
1F
100
AcDbEntity
  8
mdr_tejidoparairregular
 62
7
100
AcDbHatch
 10
0.0
 20
0.0
 30
0.0
210
0.0
220
0.0
230
1.0
  2
SOLID
 70
0
 71
0
 91
1
 92
3
 72
0
 73
1
 93
15
 10
6367615.3594532
 20
6173840.68776627
 10
6367615.36009992
 20
6173840.6887379
 10
6367616.01163679
 20
6173841.57088567
 10
6367617.67574699
 20
6173843.82099501
 10
6367618.87681113
 20
6173845.44700601
 10
6367618.87756169
 20
6173845.44792297
 10
6367618.87853484
 20
6173845.44724684
 10
6367621.91047676
 20
6173843.10888678
 10
6367621.91136119
 20
6173843.10813333
 10
6367621.910711
 20
6173843.10717043
 10
6367618.39835616
 20
6173838.41475506
 10
6367618.39760908
 20
6173838.41385289
 10
6367618.396638
 20
6173838.41450791
 10
6367615.36035234
 20
6173840.68702206
 10
6367615.3594532
 20
6173840.68776627
 97
0
 75
1
 76
1
 52
0.0
 41
1.0
 77
0
 78
1
 53
45.0
 43
0.0
 44
0.0
 45
-0.0034798562
 46
0.0034798562
 79
0
 98
0
  0
HATCH
  5
20172
330
1F
100
AcDbEntity
  8
mdr_tejidoparairregular
 62
7
100
AcDbHatch
 10
0.0
 20
0.0
 30
0.0
210
0.0
220
0.0
230
1.0
  2
SOLID
 70
0
 71
0
 91
1
 92
3
 72
0
 73
1
 93
19
 10
6367605.73447562
 20
6173809.80725898
 10
6367605.73514414
 20
6173809.80822192
 10
6367605.92982108
 20
6173810.06115108
 10
6367610.86478057
 20
6173816.45965774
 10
6367610.86482027
 20
6173816.45970928
 10
6367611.059389
 20
6173816.7126607
 10
6367611.06014874
 20
6173816.71355392
 10
6367611.06111093
 20
6173816.71288365
 10
6367616.15381439
 20
6173812.78007121
 10
6367616.15469487
 20
6173812.77932052
 10
6367616.15405353
 20
6173812.77835746
 10
6367615.10215595
 20
6173811.35341465
 10
6367610.9882498
 20
6173805.77806475
 10
6367610.98750062
 20
6173805.77714841
 10
6367610.9865269
 20
6173805.77782133
 10
6367606.78345332
 20
6173809.0022292
 10
6367606.643926
 20
6173809.10912501
 10
6367605.73536935
 20
6173809.80650042
 10
6367605.73447562
 20
6173809.80725898
 97
0
 75
1
 76
1
 52
0.0
 41
1.0
 77
0
 78
1
 53
45.0
 43
0.0
 44
0.0
 45
-0.0034798562
 46
0.0034798562
 79
0
 98
0
  0
HATCH
  5
20173
330
1F
100
AcDbEntity
  8
mdr_tejidoparairregular
 62
7
100
AcDbHatch
 10
0.0
 20
0.0
 30
0.0
210
0.0
220
0.0
230
1.0
  2
SOLID
 70
0
 71
0
 91
1
 92
3
 72
0
 73
1
 93
36
 10
6367596.04628825
 20
6173824.24254349
 10
6367596.04695353
 20
6173824.24350557
 10
6367596.16790443
 20
6173824.40129223
 10
6367598.01016294
 20
6173826.79083734
 10
6367598.01092319
 20
6173826.79172921
 10
6367598.01188475
 20
6173826.79105925
 10
6367602.5177792
 20
6173823.31097392
 10
6367603.36962579
 20
6173822.6528653
 10
6367603.370516
 20
6173822.65210501
 10
6367603.36984753
 20
6173822.65114392
 10
6367601.53230785
 20
6173820.26768339
 10
6367601.53154799
 20
6173820.26679192
 10
6367601.53058634
 20
6173820.26746073
 10
6367600.61224915
 20
6173820.97544488
 10
6367600.6082135
 20
6173820.97825105
 10
6367600.60392182
 20
6173820.98064741
 10
6367600.59941558
 20
6173820.98261079
 10
6367600.59473833
 20
6173820.98412222
 10
6367600.58993528
 20
6173820.98516709
 10
6367600.58505285
 20
6173820.98573531
 10
6367600.58013821
 20
6173820.98582138
 10
6367600.57523888
 20
6173820.98542447
 10
6367600.57040219
 20
6173820.98454842
 10
6367600.56567489
 20
6173820.9832017
 10
6367600.56110266
 20
6173820.98139731
 10
6367600.5567297
 20
6173820.9791527
 10
6367600.55259827
 20
6173820.97648956
 10
6367600.54874829
 20
6173820.97343362
 10
6367600.54521698
 20
6173820.97001443
 10
6367600.54203846
 20
6173820.96626503
 10
6367600.45155055
 20
6173820.84821889
 10
6367600.45079192
 20
6173820.84732401
 10
6367600.44982872
 20
6173820.84799375
 10
6367596.74321492
 20
6173823.70545375
 10
6367596.04717872
 20
6173824.24178499
 10
6367596.04628825
 20
6173824.24254349
 97
0
 75
1
 76
1
 52
0.0
 41
1.0
 77
0
 78
1
 53
45.0
 43
0.0
 44
0.0
 45
-0.0034798562
 46
0.0034798562
 79
0
 98
0
  0
HATCH
  5
20174
330
1F
100
AcDbEntity
  8
mdr_tejidoparairregular
 62
7
100
AcDbHatch
 10
0.0
 20
0.0
 30
0.0
210
0.0
220
0.0
230
1.0
  2
SOLID
 70
0
 71
0
 91
1
 92
3
 72
0
 73
1
 93
18
 10
6367582.71029947
 20
6173782.54297976
 10
6367582.7109618
 20
6173782.54394591
 10
6367583.41311708
 20
6173783.46750965
 10
6367586.63668434
 20
6173787.70660423
 10
6367588.69229108
 20
6173790.40925907
 10
6367588.69304226
 20
6173790.41015248
 10
6367588.69400886
 20
6173790.40949814
 10
6367591.14664278
 20
6173788.56817169
 10
6367593.84748764
 20
6173786.5395041
 10
6367595.60755646
 20
6173785.21845794
 10
6367595.60845822
 20
6173785.21770914
 10
6367595.60780036
 20
6173785.21673903
 10
6367592.45941563
 20
6173781.0321508
 10
6367589.63605849
 20
6173777.27941353
 10
6367589.63530693
 20
6173777.27851075
 10
6367589.63433796
 20
6173777.27917475
 10
6367582.71119608
 20
6173782.54222594
 10
6367582.71029947
 20
6173782.54297976
 97
0
 75
1
 76
1
 52
0.0
 41
1.0
 77
0
 78
1
 53
45.0
 43
0.0
 44
0.0
 45
-0.0034798562
 46
0.0034798562
 79
0
 98
0
  0
HATCH
  5
20175
330
1F
100
AcDbEntity
  8
mdr_tejidoparairregular
 62
7
100
AcDbHatch
 10
0.0
 20
0.0
 30
0.0
210
0.0
220
0.0
230
1.0
  2
SOLID
 70
0
 71
0
 91
1
 92
3
 72
0
 73
1
 93
22
 10
6367599.69627427
 20
6173790.6506952
 10
6367599.69693164
 20
6173790.65166492
 10
6367600.56862697
 20
6173791.81069988
 10
6367601.36344978
 20
6173792.86450499
 10
6367605.22368459
 20
6173797.9851771
 10
6367605.68211521
 20
6173798.5930075
 10
6367605.6821455
 20
6173798.59304771
 10
6367605.99390649
 20
6173799.00727672
 10
6367605.99428614
 20
6173799.00778789
 10
6367606.37791539
 20
6173799.53124981
 10
6367606.37866164
 20
6173799.53216864
 10
6367606.37963755
 20
6173799.53149872
 10
6367612.94722371
 20
6173794.52576222
 10
6367620.019631
 20
6173789.12941715
 10
6367620.02052241
 20
6173789.12866538
 10
6367620.01986885
 20
6173789.12769963
 10
6367619.39281825
 20
6173788.29211765
 10
6367613.41657827
 20
6173780.33853895
 10
6367613.41582943
 20
6173780.33763804
 10
6367613.41485958
 20
6173780.33829515
 10
6367599.69717505
 20
6173790.64994616
 10
6367599.69627427
 20
6173790.6506952
 97
0
 75
1
 76
1
 52
0.0
 41
1.0
 77
0
 78
1
 53
45.0
 43
0.0
 44
0.0
 45
-0.0034798562
 46
0.0034798562
 79
0
 98
0
  0
HATCH
  5
20176
330
1F
100
AcDbEntity
  8
mdr_tejidoparairregular
 62
7
100
AcDbHatch
 10
0.0
 20
0.0
 30
0.0
210
0.0
220
0.0
230
1.0
  2
SOLID
 70
0
 71
0
 91
1
 92
3
 72
0
 73
1
 93
14
 10
6367587.94156994
 20
6173775.02741393
 10
6367587.9422275
 20
6173775.02838329
 10
6367589.63549955
 20
6173777.27842984
 10
6367592.45867766
 20
6173781.03116984
 10
6367592.45942701
 20
6173781.0320703
 10
6367592.46039648
 20
6173781.0314127
 10
6367595.14489154
 20
6173779.01127772
 10
6367595.14579182
 20
6173779.01052831
 10
6367595.14513425
 20
6173779.00955893
 10
6367590.62794826
 20
6173773.00700581
 10
6367590.62719881
 20
6173773.00610552
 10
6367590.62622944
 20
6173773.00676317
 10
6367587.94247013
 20
6173775.02666448
 10
6367587.94156994
 20
6173775.02741393
 97
0
 75
1
 76
1
 52
0.0
 41
1.0
 77
0
 78
1
 53
45.0
 43
0.0
 44
0.0
 45
-0.0034798562
 46
0.0034798562
 79
0
 98
0
  0
HATCH
  5
20177
330
1F
100
AcDbEntity
  8
mdr_tejidoparairregular
 62
7
100
AcDbHatch
 10
0.0
 20
0.0
 30
0.0
210
0.0
220
0.0
230
1.0
  2
SOLID
 70
0
 71
0
 91
1
 92
3
 72
0
 73
1
 93
28
 10
6367617.31195866
 20
6173756.39895341
 10
6367617.31261352
 20
6173756.39992114
 10
6367617.76429059
 20
6173757.00169597
 10
6367619.62988433
 20
6173759.48746468
 10
6367622.5935863
 20
6173763.43668728
 10
6367623.86152212
 20
6173765.12557895
 10
6367627.03631284
 20
6173769.35597203
 10
6367633.69811396
 20
6173778.2322829
 10
6367633.69887509
 20
6173778.23319798
 10
6367633.69984196
 20
6173778.23250383
 10
6367640.57748128
 20
6173772.75392393
 10
6367640.57834827
 20
6173772.7531621
 10
6367640.57769818
 20
6173772.75220844
 10
6367638.92559572
 20
6173770.56355624
 10
6367638.13061017
 20
6173769.50971321
 10
6367635.2185514
 20
6173765.6532999
 10
6367633.30860839
 20
6173763.12280723
 10
6367631.06317155
 20
6173760.14715677
 10
6367631.06312283
 20
6173760.14709209
 10
6367630.96290002
 20
6173760.01382858
 10
6367629.8981846
 20
6173758.60332607
 10
6367628.10576518
 20
6173756.22924966
 10
6367625.14190131
 20
6173752.30364911
 10
6367624.26108025
 20
6173751.13688336
 10
6367624.26032875
 20
6173751.13598347
 10
6367624.25936052
 20
6173751.1366446
 10
6367617.31285447
 20
6173756.39820317
 10
6367617.31195866
 20
6173756.39895341
 97
0
 75
1
 76
1
 52
0.0
 41
1.0
 77
0
 78
1
 53
45.0
 43
0.0
 44
0.0
 45
-0.0034798562
 46
0.0034798562
 79
0
 98
0
  0
HATCH
  5
20178
330
1F
100
AcDbEntity
  8
mdr_tejidoparairregular
 62
7
100
AcDbHatch
 10
0.0
 20
0.0
 30
0.0
210
0.0
220
0.0
230
1.0
  2
SOLID
 70
0
 71
0
 91
1
 92
3
 72
0
 73
1
 93
87
 10
6367641.31930184
 20
6173773.74604245
 10
6367641.31994497
 20
6173773.74699713
 10
6367646.30230827
 20
6173780.4254435
 10
6367646.44196931
 20
6173780.61294919
 10
6367650.16934244
 20
6173785.60825511
 10
6367650.28182048
 20
6173785.75904437
 10
6367652.20727555
 20
6173788.33957766
 10
6367652.3219068
 20
6173788.49326406
 10
6367654.16325352
 20
6173790.96065453
 10
6367654.16401588
 20
6173790.96157567
 10
6367654.16498339
 20
6173790.9608731
 10
6367655.73088608
 20
6173789.69892525
 10
6367657.53032297
 20
6173788.24765199
 10
6367658.27515959
 20
6173787.64710507
 10
6367659.36161873
 20
6173786.77156775
 10
6367660.44123928
 20
6173785.90175408
 10
6367660.44143887
 20
6173785.90159157
 10
6367660.46827242
 20
6173785.87951323
 10
6367660.46866105
 20
6173785.87919672
 10
6367663.11825208
 20
6173783.74332241
 10
6367663.22531858
 20
6173783.65658725
 10
6367663.22540882
 20
6173783.65651431
 10
6367666.8097329
 20
6173780.76658405
 10
6367666.80978224
 20
6173780.76654431
 10
6367666.87342404
 20
6173780.71536483
 10
6367670.38876255
 20
6173777.88163143
 10
6367670.64371487
 20
6173777.67621069
 10
6367671.84629374
 20
6173776.70730707
 10
6367672.24427053
 20
6173776.38623933
 10
6367675.05862154
 20
6173774.11677123
 10
6367678.68337998
 20
6173771.19560193
 10
6367678.68425066
 20
6173771.19482723
 10
6367678.68357299
 20
6173771.19387906
 10
6367678.3718544
 20
6173770.79988645
 10
6367676.24577698
 20
6173768.11924993
 10
6367676.24500887
 20
6173768.11837301
 10
6367676.24405549
 20
6173768.11904387
 10
6367669.69503989
 20
6173773.22280799
 10
6367663.04865335
 20
6173778.40334322
 10
6367660.61938422
 20
6173780.29686325
 10
6367656.00577984
 20
6173783.89287069
 10
6367656.00177572
 20
6173783.89568775
 10
6367655.9975153
 20
6173783.8980997
 10
6367655.99303941
 20
6173783.90008343
 10
6367655.98839098
 20
6173783.90161992
 10
6367655.98361456
 20
6173783.90269443
 10
6367655.97875595
 20
6173783.90329667
 10
6367655.97386174
 20
6173783.90342085
 10
6367655.96897884
 20
6173783.90306579
 10
6367655.96415408
 20
6173783.9022349
 10
6367655.9594337
 20
6173783.90093614
 10
6367655.95486297
 20
6173783.89918195
 10
6367655.95048571
 20
6173783.89698917
 10
6367655.94634388
 20
6173783.89437881
 10
6367655.94247719
 20
6173783.89137589
 10
6367655.93892272
 20
6173783.88800922
 10
6367655.93571455
 20
6173783.88431107
 10
6367648.03358396
 20
6173773.81926043
 10
6367648.03074667
 20
6173773.81525656
 10
6367648.02831552
 20
6173773.81099385
 10
6367648.02631395
 20
6173773.80651335
 10
6367648.02476122
 20
6173773.80185822
 10
6367648.0236723
 20
6173773.79707331
 10
6367648.02305768
 20
6173773.79220469
 10
6367648.02292327
 20
6173773.78729928
 10
6367648.02327037
 20
6173773.78240431
 10
6367648.02409564
 20
6173773.77756694
 10
6367648.02539113
 20
6173773.77283377
 10
6367648.02714435
 20
6173773.76825039
 10
6367648.02933842
 20
6173773.76386095
 10
6367648.03195222
 20
6173773.75970773
 10
6367648.03496055
 20
6173773.75583073
 10
6367648.03833444
 20
6173773.7522673
 10
6367648.04204139
 20
6173773.74905176
 10
6367652.62681986
 20
6173770.15067852
 10
6367654.98772052
 20
6173768.29865916
 10
6367665.29010126
 20
6173760.21383071
 10
6367665.29098911
 20
6173760.21306036
 10
6367665.29030391
 20
6173760.21210527
 10
6367662.60105288
 20
6173756.82887572
 10
6367662.60027988
 20
6173756.82799561
 10
6367662.59932825
 20
6173756.82867865
 10
6367655.66209531
 20
6173762.34313654
 10
6367650.01405668
 20
6173766.83393212
 10
6367646.57762975
 20
6173769.56609606
 10
6367641.32016742
 20
6173773.74528365
 10
6367641.31930184
 20
6173773.74604245
 97
0
 75
1
 76
1
 52
0.0
 41
1.0
 77
0
 78
1
 53
45.0
 43
0.0
 44
0.0
 45
-0.0034798562
 46
0.0034798562
 79
0
 98
0
  0
TEXT
  5
2017A
330
1F
100
AcDbEntity
  8
tejido
 62
8
100
AcDbText
 10
6367685.492185944
 20
6173786.976202616
 30
0.0
 40
0.375
  1
10.7
  7
ArialBold
 72
1
 11
6367685.492185944
 21
6173786.976202616
 31
0.0
100
AcDbText
 73
2
  0
TEXT
  5
2017B
330
1F
100
AcDbEntity
  8
tejido
 62
8
100
AcDbText
 10
6367619.74033674
 20
6173811.8789562415
 30
0.0
 40
0.375
  1
2.8
  7
ArialBold
 72
1
 11
6367619.74033674
 21
6173811.8789562415
 31
0.0
100
AcDbText
 73
2
  0
TEXT
  5
2017C
330
1F
100
AcDbEntity
  8
tejido
 62
8
100
AcDbText
 10
6367623.525791292
 20
6173820.085208273
 30
0.0
 40
0.375
  1
22.4
  7
ArialBold
 72
1
 11
6367623.525791292
 21
6173820.085208273
 31
0.0
100
AcDbText
 73
2
  0
TEXT
  5
2017D
330
1F
100
AcDbEntity
  8
tejido
 62
8
100
AcDbText
 10
6367626.60459326
 20
6173822.4521603715
 30
0.0
 40
0.375
  1
25.2
  7
ArialBold
 72
1
 11
6367626.60459326
 21
6173822.4521603715
 31
0.0
100
AcDbText
 73
2
  0
TEXT
  5
2017E
330
1F
100
AcDbEntity
  8
tejido
 62
8
100
AcDbText
 10
6367598.021687192
 20
6173834.539671649
 30
0.0
 40
0.375
  1
11.2
  7
ArialBold
 72
1
 11
6367598.021687192
 21
6173834.539671649
 31
0.0
100
AcDbText
 73
2
  0
TEXT
  5
2017F
330
1F
100
AcDbEntity
  8
tejido
 62
8
100
AcDbText
 10
6367598.725390715
 20
6173833.473840878
 30
0.0
 40
0.375
  1
14.0
  7
ArialBold
 72
1
 11
6367598.725390715
 21
6173833.473840878
 31
0.0
100
AcDbText
 73
2
  0
TEXT
  5
20180
330
1F
100
AcDbEntity
  8
tejido
 62
8
100
AcDbText
 10
6367576.340014153
 20
6173815.813515539
 30
0.0
 40
0.375
  1
20.6
  7
ArialBold
 72
1
 11
6367576.340014153
 21
6173815.813515539
 31
0.0
100
AcDbText
 73
2
  0
TEXT
  5
20181
330
1F
100
AcDbEntity
  8
tejido
 62
8
100
AcDbText
 10
6367577.685256907
 20
6173814.791057295
 30
0.0
 40
0.375
  1
23.6
  7
ArialBold
 72
1
 11
6367577.685256907
 21
6173814.791057295
 31
0.0
100
AcDbText
 73
2
  0
TEXT
  5
20182
330
1F
100
AcDbEntity
  8
tejido
 62
8
100
AcDbText
 10
6367579.128822162
 20
6173813.707616466
 30
0.0
 40
0.375
  1
26.5
  7
ArialBold
 72
1
 11
6367579.128822162
 21
6173813.707616466
 31
0.0
100
AcDbText
 73
2
  0
TEXT
  5
20183
330
1F
100
AcDbEntity
  8
tejido
 62
8
100
AcDbText
 10
6367594.554830486
 20
6173805.247834713
 30
0.0
 40
0.375
  1
26.5
  7
ArialBold
 72
1
 11
6367594.554830486
 21
6173805.247834713
 31
0.0
100
AcDbText
 73
2
  0
TEXT
  5
20184
330
1F
100
AcDbEntity
  8
tejido
 62
8
100
AcDbText
 10
6367569.271087064
 20
6173785.902458438
 30
0.0
 40
0.375
  1
25.4
  7
ArialBold
 72
1
 11
6367569.271087064
 21
6173785.902458438
 31
0.0
100
AcDbText
 73
2
  0
TEXT
  5
20185
330
1F
100
AcDbEntity
  8
tejido
 62
8
100
AcDbText
 10
6367600.362383373
 20
6173778.090213112
 30
0.0
 40
0.375
  1
32.7
  7
ArialBold
 72
1
 11
6367600.362383373
 21
6173778.090213112
 31
0.0
100
AcDbText
 73
2
  0
TEXT
  5
20186
330
1F
100
AcDbEntity
  8
tejido
 62
8
100
AcDbText
 10
6367598.2262033755
 20
6173774.241137038
 30
0.0
 40
0.375
  1
30.0
  7
ArialBold
 72
1
 11
6367598.2262033755
 21
6173774.241137038
 31
0.0
100
AcDbText
 73
2
  0
TEXT
  5
20187
330
1F
100
AcDbEntity
  8
tejido
 62
8
100
AcDbText
 10
6367609.5465255845
 20
6173789.467579178
 30
0.0
 40
0.375
  1
4.0
  7
ArialBold
 72
1
 11
6367609.5465255845
 21
6173789.467579178
 31
0.0
100
AcDbText
 73
2
  0
TEXT
  5
20188
330
1F
100
AcDbEntity
  8
tejido
 62
8
100
AcDbText
 10
6367601.497519574
 20
6173758.678203934
 30
0.0
 40
0.375
  1
2.8
  7
ArialBold
 72
1
 11
6367601.497519574
 21
6173758.678203934
 31
0.0
100
AcDbText
 73
2
  0
TEXT
  5
20189
330
1F
100
AcDbEntity
  8
tejido
 62
8
100
AcDbText
 10
6367605.696339351
 20
6173755.710951583
 30
0.0
 40
0.375
  1
11.2
  7
ArialBold
 72
1
 11
6367605.696339351
 21
6173755.710951583
 31
0.0
100
AcDbText
 73
2
  0
TEXT
  5
2018A
330
1F
100
AcDbEntity
  8
tejido
 62
8
100
AcDbText
 10
6367603.928019124
 20
6173759.035608754
 30
0.0
 40
0.375
  1
8.4
  7
ArialBold
 72
1
 11
6367603.928019124
 21
6173759.035608754
 31
0.0
100
AcDbText
 73
2
  0
TEXT
  5
2018B
330
1F
100
AcDbEntity
  8
tejido
 62
8
100
AcDbText
 10
6367610.745460342
 20
6173751.68189119
 30
0.0
 40
0.375
  1
2.8
  7
ArialBold
 72
1
 11
6367610.745460342
 21
6173751.68189119
 31
0.0
100
AcDbText
 73
2
  0
TEXT
  5
2018C
330
1F
100
AcDbEntity
  8
tejido
 62
8
100
AcDbText
 10
6367611.757232888
 20
6173753.035419256
 30
0.0
 40
0.375
  1
8.4
  7
ArialBold
 72
1
 11
6367611.757232888
 21
6173753.035419256
 31
0.0
100
AcDbText
 73
2
  0
TEXT
  5
2018D
330
1F
100
AcDbEntity
  8
tejido
 62
8
100
AcDbText
 10
6367654.306838558
 20
6173777.040341878
 30
0.0
 40
0.375
  1
48.6
  7
ArialBold
 72
1
 11
6367654.306838558
 21
6173777.040341878
 31
0.0
100
AcDbText
 73
2
  0
TEXT
  5
2018E
330
1F
100
AcDbEntity
  8
tejido
 62
8
100
AcDbText
 10
6367658.69294097
 20
6173774.1403814
 30
0.0
 40
0.375
  1
45.9
  7
ArialBold
 72
1
 11
6367658.69294097
 21
6173774.1403814
 31
0.0
100
AcDbText
 73
2
  0
TEXT
  5
2018F
330
1F
100
AcDbEntity
  8
tejido
 62
8
100
AcDbText
 10
6367665.989255767
 20
6173767.665647124
 30
0.0
 40
0.375
  1
48.6
  7
ArialBold
 72
1
 11
6367665.989255767
 21
6173767.665647124
 31
0.0
100
AcDbText
 73
2
  0
TEXT
  5
20190
330
1F
100
AcDbEntity
  8
tejido
 62
8
100
AcDbText
 10
6367621.746386115
 20
6173797.596848406
 30
0.0
 40
0.375
  1
0.0
  7
ArialBold
 72
1
 11
6367621.746386115
 21
6173797.596848406
 31
0.0
100
AcDbText
 73
2
  0
TEXT
  5
20191
330
1F
100
AcDbEntity
  8
tejido
 62
8
100
AcDbText
 10
6367633.973015545
 20
6173793.102245367
 30
0.0
 40
0.375
  1
0.0
  7
ArialBold
 72
1
 11
6367633.973015545
 21
6173793.102245367
 31
0.0
100
AcDbText
 73
2
  0
TEXT
  5
20192
330
1F
100
AcDbEntity
  8
tejido
 62
8
100
AcDbText
 10
6367611.703485793
 20
6173741.700172178
 30
0.0
 40
0.375
  1
23.1
  7
ArialBold
 72
1
 11
6367611.703485793
 21
6173741.700172178
 31
0.0
100
AcDbText
 73
2
  0
TEXT
  5
20193
330
1F
100
AcDbEntity
  8
tejido
 62
8
100
AcDbText
 10
6367613.081733845
 20
6173743.571296092
 30
0.0
 40
0.375
  1
26.6
  7
ArialBold
 72
1
 11
6367613.081733845
 21
6173743.571296092
 31
0.0
100
AcDbText
 73
2
  0
TEXT
  5
20194
330
1F
100
AcDbEntity
  8
tejido
 62
8
100
AcDbText
 10
6367617.005722344
 20
6173748.466387659
 30
0.0
 40
0.375
  1
29.3
  7
ArialBold
 72
1
 11
6367617.005722344
 21
6173748.466387659
 31
0.0
100
AcDbText
 73
2
  0
TEXT
  5
20195
330
1F
100
AcDbEntity
  8
tejido
 62
8
100
AcDbText
 10
6367620.169555839
 20
6173752.948838548
 30
0.0
 40
0.375
  1
26.4
  7
ArialBold
 72
1
 11
6367620.169555839
 21
6173752.948838548
 31
0.0
100
AcDbText
 73
2
  0
TEXT
  5
20196
330
1F
100
AcDbEntity
  8
tejido
 62
8
100
AcDbText
 10
6367628.969605845
 20
6173764.64930776
 30
0.0
 40
0.375
  1
0.0
  7
ArialBold
 72
1
 11
6367628.969605845
 21
6173764.64930776
 31
0.0
100
AcDbText
 73
2
  0
TEXT
  5
20197
330
1F
100
AcDbEntity
  8
tejido
 62
8
100
AcDbText
 10
6367645.319240102
 20
6173819.502905636
 30
0.0
 40
0.375
  1
28.8
  7
ArialBold
 72
1
 11
6367645.319240102
 21
6173819.502905636
 31
0.0
100
AcDbText
 73
2
  0
TEXT
  5
20198
330
1F
100
AcDbEntity
  8
tejido
 62
8
100
AcDbText
 10
6367642.2364733
 20
6173804.159489403
 30
0.0
 40
0.375
  1
28.8
  7
ArialBold
 72
1
 11
6367642.2364733
 21
6173804.159489403
 31
0.0
100
AcDbText
 73
2
  0
TEXT
  5
20199
330
1F
100
AcDbEntity
  8
tejido
 62
8
100
AcDbText
 10
6367652.595074141
 20
6173818.25850205
 30
0.0
 40
0.375
  1
23.0
  7
ArialBold
 72
1
 11
6367652.595074141
 21
6173818.25850205
 31
0.0
100
AcDbText
 73
2
  0
TEXT
  5
2019A
330
1F
100
AcDbEntity
  8
tejido
 62
8
100
AcDbText
 10
6367656.248995107
 20
6173811.301776159
 30
0.0
 40
0.375
  1
28.8
  7
ArialBold
 72
1
 11
6367656.248995107
 21
6173811.301776159
 31
0.0
100
AcDbText
 73
2
  0
TEXT
  5
2019B
330
1F
100
AcDbEntity
  8
tejido
 62
8
100
AcDbText
 10
6367651.829952707
 20
6173816.654345974
 30
0.0
 40
0.375
  1
26.0
  7
ArialBold
 72
1
 11
6367651.829952707
 21
6173816.654345974
 31
0.0
100
AcDbText
 73
2
  0
TEXT
  5
2019C
330
1F
100
AcDbEntity
  8
tejido
 62
8
100
AcDbText
 10
6367650.365543574
 20
6173814.703713077
 30
0.0
 40
0.375
  1
34.8
  7
ArialBold
 72
1
 11
6367650.365543574
 21
6173814.703713077
 31
0.0
100
AcDbText
 73
2
  0
TEXT
  5
2019D
330
1F
100
AcDbEntity
  8
tejido
 62
8
100
AcDbText
 10
6367646.027429271
 20
6173809.195138886
 30
0.0
 40
0.375
  1
31.5
  7
ArialBold
 72
1
 11
6367646.027429271
 21
6173809.195138886
 31
0.0
100
AcDbText
 73
2
  0
TEXT
  5
2019E
330
1F
100
AcDbEntity
  8
tejido
 62
8
100
AcDbText
 10
6367648.686859787
 20
6173812.796050402
 30
0.0
 40
0.375
  1
32.8
  7
ArialBold
 72
1
 11
6367648.686859787
 21
6173812.796050402
 31
0.0
100
AcDbText
 73
2
  0
TEXT
  5
2019F
330
1F
100
AcDbEntity
  8
tejido
 62
8
100
AcDbText
 10
6367646.8363161655
 20
6173810.330194557
 30
0.0
 40
0.375
  1
0.0
  7
ArialBold
 72
1
 11
6367646.8363161655
 21
6173810.330194557
 31
0.0
100
AcDbText
 73
2
  0
TEXT
  5
201A0
330
1F
100
AcDbEntity
  8
tejido
 62
8
100
AcDbText
 10
6367617.207307512
 20
6173750.040401852
 30
0.0
 40
0.375
  1
32.0
  7
ArialBold
 72
1
 11
6367617.207307512
 21
6173750.040401852
 31
0.0
100
AcDbText
 73
2
  0
TEXT
  5
201A1
330
1F
100
AcDbEntity
  8
tejido
 62
8
100
AcDbText
 10
6367614.743278825
 20
6173847.3259536
 30
0.0
 40
0.375
  1
20.5
  7
ArialBold
 72
1
 11
6367614.743278825
 21
6173847.3259536
 31
0.0
100
AcDbText
 73
2
  0
TEXT
  5
201A2
330
1F
100
AcDbEntity
  8
tejido
 62
8
100
AcDbText
 10
6367565.969184008
 20
6173781.211001943
 30
0.0
 40
0.375
  1
28.5
  7
ArialBold
 72
1
 11
6367565.969184008
 21
6173781.211001943
 31
0.0
100
AcDbText
 73
2
  0
TEXT
  5
201A3
330
1F
100
AcDbEntity
  8
tejido
 62
8
100
AcDbText
 10
6367586.473004773
 20
6173800.260391716
 30
0.0
 40
0.375
  1
5.6
  7
ArialBold
 72
1
 11
6367586.473004773
 21
6173800.260391716
 31
0.0
100
AcDbText
 73
2
  0
TEXT
  5
201A4
330
1F
100
AcDbEntity
  8
tejido
 62
8
100
AcDbText
 10
6367599.77716122
 20
6173835.082350212
 30
0.0
 40
0.375
  1
11.2
  7
ArialBold
 72
1
 11
6367599.77716122
 21
6173835.082350212
 31
0.0
100
AcDbText
 73
2
  0
TEXT
  5
201A5
330
1F
100
AcDbEntity
  8
tejido
 62
8
100
AcDbText
 10
6367586.515572025
 20
6173830.211409374
 30
0.0
 40
0.375
  1
20.9
  7
ArialBold
 72
1
 11
6367586.515572025
 21
6173830.211409374
 31
0.0
100
AcDbText
 73
2
  0
TEXT
  5
201A6
330
1F
100
AcDbEntity
  8
tejido
 62
8
100
AcDbText
 10
6367587.547808078
 20
6173829.310158134
 30
0.0
 40
0.375
  1
23.5
  7
ArialBold
 72
1
 11
6367587.547808078
 21
6173829.310158134
 31
0.0
100
AcDbText
 73
2
  0
TEXT
  5
201A7
330
1F
100
AcDbEntity
  8
tejido
 62
8
100
AcDbText
 10
6367588.986145435
 20
6173828.203434891
 30
0.0
 40
0.375
  1
26.6
  7
ArialBold
 72
1
 11
6367588.986145435
 21
6173828.203434891
 31
0.0
100
AcDbText
 73
2
  0
TEXT
  5
201A8
330
1F
100
AcDbEntity
  8
tejido
 62
8
100
AcDbText
 10
6367565.594727311
 20
6173783.9487891765
 30
0.0
 40
0.375
  1
28.9
  7
ArialBold
 72
1
 11
6367565.594727311
 21
6173783.9487891765
 31
0.0
100
AcDbText
 73
2
  0
TEXT
  5
201A9
330
1F
100
AcDbEntity
  8
tejido
 62
8
100
AcDbText
 10
6367599.332504782
 20
6173820.543871045
 30
0.0
 40
0.375
  1
29.7
  7
ArialBold
 72
1
 11
6367599.332504782
 21
6173820.543871045
 31
0.0
100
AcDbText
 73
2
  0
TEXT
  5
201AA
330
1F
100
AcDbEntity
  8
tejido
 62
8
100
AcDbText
 10
6367595.983663368
 20
6173819.966639053
 30
0.0
 40
0.375
  1
32.0
  7
ArialBold
 72
1
 11
6367595.983663368
 21
6173819.966639053
 31
0.0
100
AcDbText
 73
2
  0
TEXT
  5
201AB
330
1F
100
AcDbEntity
  8
tejido
 62
8
100
AcDbText
 10
6367588.113607459
 20
6173818.660429011
 30
0.0
 40
0.375
  1
8.4
  7
ArialBold
 72
1
 11
6367588.113607459
 21
6173818.660429011
 31
0.0
100
AcDbText
 73
2
  0
TEXT
  5
201AC
330
1F
100
AcDbEntity
  8
tejido
 62
8
100
AcDbText
 10
6367587.273332966
 20
6173816.9656590335
 30
0.0
 40
0.375
  1
2.8
  7
ArialBold
 72
1
 11
6367587.273332966
 21
6173816.9656590335
 31
0.0
100
AcDbText
 73
2
  0
TEXT
  5
201AD
330
1F
100
AcDbEntity
  8
tejido
 62
8
100
AcDbText
 10
6367589.011092855
 20
6173815.630351049
 30
0.0
 40
0.375
  1
5.6
  7
ArialBold
 72
1
 11
6367589.011092855
 21
6173815.630351049
 31
0.0
100
AcDbText
 73
2
  0
TEXT
  5
201AE
330
1F
100
AcDbEntity
  8
tejido
 62
8
100
AcDbText
 10
6367588.9863259075
 20
6173809.733564891
 30
0.0
 40
0.375
  1
0.0
  7
ArialBold
 72
1
 11
6367588.9863259075
 21
6173809.733564891
 31
0.0
100
AcDbText
 73
2
  0
TEXT
  5
201AF
330
1F
100
AcDbEntity
  8
tejido
 62
8
100
AcDbText
 10
6367593.035111998
 20
6173801.012276381
 30
0.0
 40
0.375
  1
29.4
  7
ArialBold
 72
1
 11
6367593.035111998
 21
6173801.012276381
 31
0.0
100
AcDbText
 73
2
  0
TEXT
  5
201B0
330
1F
100
AcDbEntity
  8
tejido
 62
8
100
AcDbText
 10
6367572.816953367
 20
6173807.701820369
 30
0.0
 40
0.375
  1
11.2
  7
ArialBold
 72
1
 11
6367572.816953367
 21
6173807.701820369
 31
0.0
100
AcDbText
 73
2
  0
TEXT
  5
201B1
330
1F
100
AcDbEntity
  8
tejido
 62
8
100
AcDbText
 10
6367578.735893378
 20
6173803.185040204
 30
0.0
 40
0.375
  1
14.0
  7
ArialBold
 72
1
 11
6367578.735893378
 21
6173803.185040204
 31
0.0
100
AcDbText
 73
2
  0
TEXT
  5
201B2
330
1F
100
AcDbEntity
  8
tejido
 62
8
100
AcDbText
 10
6367582.991291867
 20
6173799.959377601
 30
0.0
 40
0.375
  1
11.2
  7
ArialBold
 72
1
 11
6367582.991291867
 21
6173799.959377601
 31
0.0
100
AcDbText
 73
2
  0
TEXT
  5
201B3
330
1F
100
AcDbEntity
  8
tejido
 62
8
100
AcDbText
 10
6367584.188142875
 20
6173797.7907767035
 30
0.0
 40
0.375
  1
2.8
  7
ArialBold
 72
1
 11
6367584.188142875
 21
6173797.7907767035
 31
0.0
100
AcDbText
 73
2
  0
TEXT
  5
201B4
330
1F
100
AcDbEntity
  8
tejido
 62
8
100
AcDbText
 10
6367577.721013813
 20
6173790.73912578
 30
0.0
 40
0.375
  1
5.6
  7
ArialBold
 72
1
 11
6367577.721013813
 21
6173790.73912578
 31
0.0
100
AcDbText
 73
2
  0
TEXT
  5
201B5
330
1F
100
AcDbEntity
  8
tejido
 62
8
100
AcDbText
 10
6367587.067719104
 20
6173789.511958806
 30
0.0
 40
0.375
  1
2.8
  7
ArialBold
 72
1
 11
6367587.067719104
 21
6173789.511958806
 31
0.0
100
AcDbText
 73
2
  0
TEXT
  5
201B6
330
1F
100
AcDbEntity
  8
tejido
 62
8
100
AcDbText
 10
6367561.2452057535
 20
6173792.516123479
 30
0.0
 40
0.375
  1
9.1
  7
ArialBold
 72
1
 11
6367561.2452057535
 21
6173792.516123479
 31
0.0
100
AcDbText
 73
2
  0
TEXT
  5
201B7
330
1F
100
AcDbEntity
  8
tejido
 62
8
100
AcDbText
 10
6367563.243565903
 20
6173778.251243094
 30
0.0
 40
0.375
  1
19.5
  7
ArialBold
 72
1
 11
6367563.243565903
 21
6173778.251243094
 31
0.0
100
AcDbText
 73
2
  0
TEXT
  5
201B8
330
1F
100
AcDbEntity
  8
tejido
 62
8
100
AcDbText
 10
6367564.326189479
 20
6173779.724134133
 30
0.0
 40
0.375
  1
25.4
  7
ArialBold
 72
1
 11
6367564.326189479
 21
6173779.724134133
 31
0.0
100
AcDbText
 73
2
  0
TEXT
  5
201B9
330
1F
100
AcDbEntity
  8
tejido
 62
8
100
AcDbText
 10
6367566.988632371
 20
6173787.679247349
 30
0.0
 40
0.375
  1
0.0
  7
ArialBold
 72
1
 11
6367566.988632371
 21
6173787.679247349
 31
0.0
100
AcDbText
 73
2
  0
TEXT
  5
201BA
330
1F
100
AcDbEntity
  8
tejido
 62
8
100
AcDbText
 10
6367573.79946309
 20
6173777.741576691
 30
0.0
 40
0.375
  1
5.8
  7
ArialBold
 72
1
 11
6367573.79946309
 21
6173777.741576691
 31
0.0
100
AcDbText
 73
2
  0
TEXT
  5
201BB
330
1F
100
AcDbEntity
  8
tejido
 62
8
100
AcDbText
 10
6367589.161732543
 20
6173783.856234155
 30
0.0
 40
0.375
  1
0.0
  7
ArialBold
 72
1
 11
6367589.161732543
 21
6173783.856234155
 31
0.0
100
AcDbText
 73
2
  0
TEXT
  5
201BC
330
1F
100
AcDbEntity
  8
tejido
 62
8
100
AcDbText
 10
6367602.58940842
 20
6173751.276849393
 30
0.0
 40
0.375
  1
8.4
  7
ArialBold
 72
1
 11
6367602.58940842
 21
6173751.276849393
 31
0.0
100
AcDbText
 73
2
  0
TEXT
  5
201BD
330
1F
100
AcDbEntity
  8
tejido
 62
8
100
AcDbText
 10
6367674.166071769
 20
6173790.06936572
 30
0.0
 40
0.375
  1
6.0
  7
ArialBold
 72
1
 11
6367674.166071769
 21
6173790.06936572
 31
0.0
100
AcDbText
 73
2
  0
TEXT
  5
201BE
330
1F
100
AcDbEntity
  8
tejido
 62
8
100
AcDbText
 10
6367658.013874824
 20
6173798.519350178
 30
0.0
 40
0.375
  1
0.0
  7
ArialBold
 72
1
 11
6367658.013874824
 21
6173798.519350178
 31
0.0
100
AcDbText
 73
2
  0
TEXT
  5
201BF
330
1F
100
AcDbEntity
  8
tejido
 62
8
100
AcDbText
 10
6367621.75764692
 20
6173802.241821104
 30
0.0
 40
0.375
  1
2.8
  7
ArialBold
 72
1
 11
6367621.75764692
 21
6173802.241821104
 31
0.0
100
AcDbText
 73
2
  0
TEXT
  5
201C0
330
1F
100
AcDbEntity
  8
tejido
 62
8
100
AcDbText
 10
6367624.685541981
 20
6173805.846370694
 30
0.0
 40
0.375
  1
5.6
  7
ArialBold
 72
1
 11
6367624.685541981
 21
6173805.846370694
 31
0.0
100
AcDbText
 73
2
  0
TEXT
  5
201C1
330
1F
100
AcDbEntity
  8
tejido
 62
8
100
AcDbText
 10
6367612.126049711
 20
6173840.011254922
 30
0.0
 40
0.375
  1
22.7
  7
ArialBold
 72
1
 11
6367612.126049711
 21
6173840.011254922
 31
0.0
100
AcDbText
 73
2
  0
TEXT
  5
201C2
330
1F
100
AcDbEntity
  8
tejido
 62
8
100
AcDbText
 10
6367632.945241527
 20
6173814.411108491
 30
0.0
 40
0.375
  1
2.8
  7
ArialBold
 72
1
 11
6367632.945241527
 21
6173814.411108491
 31
0.0
100
AcDbText
 73
2
  0
TEXT
  5
201C3
330
1F
100
AcDbEntity
  8
tejido
 62
8
100
AcDbText
 10
6367643.731481474
 20
6173823.216716043
 30
0.0
 40
0.375
  1
5.6
  7
ArialBold
 72
1
 11
6367643.731481474
 21
6173823.216716043
 31
0.0
100
AcDbText
 73
2
  0
TEXT
  5
201C4
330
1F
100
AcDbEntity
  8
tejido
 62
8
100
AcDbText
 10
6367623.6765909875
 20
6173812.49784706
 30
0.0
 40
0.375
  1
2.8
  7
ArialBold
 72
1
 11
6367623.6765909875
 21
6173812.49784706
 31
0.0
100
AcDbText
 73
2
  0
TEXT
  5
201C5
330
1F
100
AcDbEntity
  8
tejido
 62
8
100
AcDbText
 10
6367626.765528954
 20
6173816.602680304
 30
0.0
 40
0.375
  1
22.4
  7
ArialBold
 72
1
 11
6367626.765528954
 21
6173816.602680304
 31
0.0
100
AcDbText
 73
2
  0
TEXT
  5
201C6
330
1F
100
AcDbEntity
  8
tejido
 62
8
100
AcDbText
 10
6367626.996117395
 20
6173819.606743267
 30
0.0
 40
0.375
  1
25.2
  7
ArialBold
 72
1
 11
6367626.996117395
 21
6173819.606743267
 31
0.0
100
AcDbText
 73
2
  0
TEXT
  5
201C7
330
1F
100
AcDbEntity
  8
tejido
 62
8
100
AcDbText
 10
6367631.934147902
 20
6173826.892258785
 30
0.0
 40
0.375
  1
22.4
  7
ArialBold
 72
1
 11
6367631.934147902
 21
6173826.892258785
 31
0.0
100
AcDbText
 73
2
  0
TEXT
  5
201C8
330
1F
100
AcDbEntity
  8
tejido
 62
8
100
AcDbText
 10
6367627.88865105
 20
6173822.020590763
 30
0.0
 40
0.375
  1
22.4
  7
ArialBold
 72
1
 11
6367627.88865105
 21
6173822.020590763
 31
0.0
100
AcDbText
 73
2
  0
TEXT
  5
201C9
330
1F
100
AcDbEntity
  8
tejido
 62
8
100
AcDbText
 10
6367630.140280664
 20
6173820.989872835
 30
0.0
 40
0.375
  1
2.8
  7
ArialBold
 72
1
 11
6367630.140280664
 21
6173820.989872835
 31
0.0
100
AcDbText
 73
2
  0
TEXT
  5
201CA
330
1F
100
AcDbEntity
  8
tejido
 62
8
100
AcDbText
 10
6367629.485547276
 20
6173825.525761518
 30
0.0
 40
0.375
  1
25.2
  7
ArialBold
 72
1
 11
6367629.485547276
 21
6173825.525761518
 31
0.0
100
AcDbText
 73
2
  0
TEXT
  5
201CB
330
1F
100
AcDbEntity
  8
tejido
 62
8
100
AcDbText
 10
6367631.527105761
 20
6173833.227986228
 30
0.0
 40
0.375
  1
2.8
  7
ArialBold
 72
1
 11
6367631.527105761
 21
6173833.227986228
 31
0.0
100
AcDbText
 73
2
  0
TEXT
  5
201CC
330
1F
100
AcDbEntity
  8
tejido
 62
8
100
AcDbText
 10
6367638.114769295
 20
6173828.211377687
 30
0.0
 40
0.375
  1
2.8
  7
ArialBold
 72
1
 11
6367638.114769295
 21
6173828.211377687
 31
0.0
100
AcDbText
 73
2
  0
TEXT
  5
201CD
330
1F
100
AcDbEntity
  8
tejido
 62
8
100
AcDbText
 10
6367638.965735644
 20
6173815.790683769
 30
0.0
 40
0.375
  1
0.0
  7
ArialBold
 72
1
 11
6367638.965735644
 21
6173815.790683769
 31
0.0
100
AcDbText
 73
2
  0
TEXT
  5
201CE
330
1F
100
AcDbEntity
  8
tejido
 62
8
100
AcDbText
 10
6367639.647800151
 20
6173825.104120364
 30
0.0
 40
0.375
  1
0.0
  7
ArialBold
 72
1
 11
6367639.647800151
 21
6173825.104120364
 31
0.0
100
AcDbText
 73
2
  0
TEXT
  5
201CF
330
1F
100
AcDbEntity
  8
tejido
 62
8
100
AcDbText
 10
6367614.103847019
 20
6173802.962899293
 30
0.0
 40
0.375
  1
0.0
  7
ArialBold
 72
1
 11
6367614.103847019
 21
6173802.962899293
 31
0.0
100
AcDbText
 73
2
  0
TEXT
  5
201D0
330
1F
100
AcDbEntity
  8
tejido
 62
8
100
AcDbText
 10
6367635.113090735
 20
6173830.782163915
 30
0.0
 40
0.375
  1
0.0
  7
ArialBold
 72
1
 11
6367635.113090735
 21
6173830.782163915
 31
0.0
100
AcDbText
 73
2
  0
TEXT
  5
201D1
330
1F
100
AcDbEntity
  8
tejido
 62
8
100
AcDbText
 10
6367596.203206634
 20
6173829.648368223
 30
0.0
 40
0.375
  1
0.0
  7
ArialBold
 72
1
 11
6367596.203206634
 21
6173829.648368223
 31
0.0
100
AcDbText
 73
2
  0
TEXT
  5
201D2
330
1F
100
AcDbEntity
  8
tejido
 62
8
100
AcDbText
 10
6367604.531313833
 20
6173838.837366133
 30
0.0
 40
0.375
  1
0.0
  7
ArialBold
 72
1
 11
6367604.531313833
 21
6173838.837366133
 31
0.0
100
AcDbText
 73
2
  0
TEXT
  5
201D3
330
1F
100
AcDbEntity
  8
tejido
 62
8
100
AcDbText
 10
6367604.438481754
 20
6173828.7295405725
 30
0.0
 40
0.375
  1
0.0
  7
ArialBold
 72
1
 11
6367604.438481754
 21
6173828.7295405725
 31
0.0
100
AcDbText
 73
2
  0
TEXT
  5
201D4
330
1F
100
AcDbEntity
  8
tejido
 62
8
100
AcDbText
 10
6367590.502398755
 20
6173812.100269121
 30
0.0
 40
0.375
  1
0.0
  7
ArialBold
 72
1
 11
6367590.502398755
 21
6173812.100269121
 31
0.0
100
AcDbText
 73
2
  0
TEXT
  5
201D5
330
1F
100
AcDbEntity
  8
tejido
 62
8
100
AcDbText
 10
6367604.921466413
 20
6173804.277948198
 30
0.0
 40
0.375
  1
0.0
  7
ArialBold
 72
1
 11
6367604.921466413
 21
6173804.277948198
 31
0.0
100
AcDbText
 73
2
  0
TEXT
  5
201D6
330
1F
100
AcDbEntity
  8
tejido
 62
8
100
AcDbText
 10
6367591.828069734
 20
6173793.317731106
 30
0.0
 40
0.375
  1
0.0
  7
ArialBold
 72
1
 11
6367591.828069734
 21
6173793.317731106
 31
0.0
100
AcDbText
 73
2
  0
TEXT
  5
201D7
330
1F
100
AcDbEntity
  8
tejido
 62
8
100
AcDbText
 10
6367574.1300636465
 20
6173797.501588857
 30
0.0
 40
0.375
  1
0.0
  7
ArialBold
 72
1
 11
6367574.1300636465
 21
6173797.501588857
 31
0.0
100
AcDbText
 73
2
  0
TEXT
  5
201D8
330
1F
100
AcDbEntity
  8
tejido
 62
8
100
AcDbText
 10
6367599.700404949
 20
6173760.01845529
 30
0.0
 40
0.375
  1
0.0
  7
ArialBold
 72
1
 11
6367599.700404949
 21
6173760.01845529
 31
0.0
100
AcDbText
 73
2
  0
TEXT
  5
201D9
330
1F
100
AcDbEntity
  8
tejido
 62
8
100
AcDbText
 10
6367607.64280563
 20
6173766.493040154
 30
0.0
 40
0.375
  1
0.0
  7
ArialBold
 72
1
 11
6367607.64280563
 21
6173766.493040154
 31
0.0
100
AcDbText
 73
2
  0
TEXT
  5
201DA
330
1F
100
AcDbEntity
  8
tejido
 62
8
100
AcDbText
 10
6367611.159387858
 20
6173773.670439882
 30
0.0
 40
0.375
  1
0.0
  7
ArialBold
 72
1
 11
6367611.159387858
 21
6173773.670439882
 31
0.0
100
AcDbText
 73
2
  0
TEXT
  5
201DB
330
1F
100
AcDbEntity
  8
tejido
 62
8
100
AcDbText
 10
6367615.855620673
 20
6173760.364691208
 30
0.0
 40
0.375
  1
0.0
  7
ArialBold
 72
1
 11
6367615.855620673
 21
6173760.364691208
 31
0.0
100
AcDbText
 73
2
  0
TEXT
  5
201DC
330
1F
100
AcDbEntity
  8
tejido
 62
8
100
AcDbText
 10
6367623.37793729
 20
6173779.170560693
 30
0.0
 40
0.375
  1
0.0
  7
ArialBold
 72
1
 11
6367623.37793729
 21
6173779.170560693
 31
0.0
100
AcDbText
 73
2
  0
TEXT
  5
201DD
330
1F
100
AcDbEntity
  8
tejido
 62
8
100
AcDbText
 10
6367621.478032093
 20
6173765.585984698
 30
0.0
 40
0.375
  1
0.0
  7
ArialBold
 72
1
 11
6367621.478032093
 21
6173765.585984698
 31
0.0
100
AcDbText
 73
2
  0
TEXT
  5
201DE
330
1F
100
AcDbEntity
  8
tejido
 62
8
100
AcDbText
 10
6367639.7121287035
 20
6173769.131604328
 30
0.0
 40
0.375
  1
0.0
  7
ArialBold
 72
1
 11
6367639.7121287035
 21
6173769.131604328
 31
0.0
100
AcDbText
 73
2
  0
TEXT
  5
201DF
330
1F
100
AcDbEntity
  8
tejido
 62
8
100
AcDbText
 10
6367649.9048784245
 20
6173764.435445328
 30
0.0
 40
0.375
  1
0.0
  7
ArialBold
 72
1
 11
6367649.9048784245
 21
6173764.435445328
 31
0.0
100
AcDbText
 73
2
  0
TEXT
  5
201E0
330
1F
100
AcDbEntity
  8
tejido
 62
8
100
AcDbText
 10
6367660.341801913
 20
6173751.677126286
 30
0.0
 40
0.375
  1
0.0
  7
ArialBold
 72
1
 11
6367660.341801913
 21
6173751.677126286
 31
0.0
100
AcDbText
 73
2
  0
TEXT
  5
201E1
330
1F
100
AcDbEntity
  8
tejido
 62
8
100
AcDbText
 10
6367637.316476212
 20
6173726.48450195
 30
0.0
 40
0.375
  1
26.1
  7
ArialBold
 72
1
 11
6367637.316476212
 21
6173726.48450195
 31
0.0
100
AcDbText
 73
2
  0
TEXT
  5
201E2
330
1F
100
AcDbEntity
  8
tejido
 62
8
100
AcDbText
 10
6367623.701645092
 20
6173837.694007089
 30
0.0
 40
0.375
  1
44.7
  7
ArialBold
 72
1
 11
6367623.701645092
 21
6173837.694007089
 31
0.0
100
AcDbText
 73
2
  0
TEXT
  5
201E3
330
1F
100
AcDbEntity
  8
tejido
 62
8
100
AcDbText
 10
6367614.006719793
 20
6173824.680453961
 30
0.0
 40
0.375
  1
48.3
  7
ArialBold
 72
1
 11
6367614.006719793
 21
6173824.680453961
 31
0.0
100
AcDbText
 73
2
  0
TEXT
  5
201E4
330
1F
100
AcDbEntity
  8
tejido
 62
8
100
AcDbText
 10
6367611.6008150745
 20
6173822.042820726
 30
0.0
 40
0.375
  1
0.0
  7
ArialBold
 72
1
 11
6367611.6008150745
 21
6173822.042820726
 31
0.0
100
AcDbText
 73
2
  0
TEXT
  5
201E5
330
1F
100
AcDbEntity
  8
tejido
 62
8
100
AcDbText
 10
6367611.2339212345
 20
6173843.03770266
 30
0.0
 40
0.375
  1
28.9
  7
ArialBold
 72
1
 11
6367611.2339212345
 21
6173843.03770266
 31
0.0
100
AcDbText
 73
2
  0
TEXT
  5
201E6
330
1F
100
AcDbEntity
  8
tejido
 62
8
100
AcDbText
 10
6367608.496358758
 20
6173840.651976938
 30
0.0
 40
0.375
  1
27.6
  7
ArialBold
 72
1
 11
6367608.496358758
 21
6173840.651976938
 31
0.0
100
AcDbText
 73
2
  0
TEXT
  5
201E7
330
1F
100
AcDbEntity
  8
tejido
 62
8
100
AcDbText
 10
6367610.778173968
 20
6173838.179561281
 30
0.0
 40
0.375
  1
0.0
  7
ArialBold
 72
1
 11
6367610.778173968
 21
6173838.179561281
 31
0.0
100
AcDbText
 73
2
  0
TEXT
  5
201E8
330
1F
100
AcDbEntity
  8
tejido
 62
8
100
AcDbText
 10
6367606.71735751
 20
6173850.166363184
 30
0.0
 40
0.375
  1
17.2
  7
ArialBold
 72
1
 11
6367606.71735751
 21
6173850.166363184
 31
0.0
100
AcDbText
 73
2
  0
TEXT
  5
201E9
330
1F
100
AcDbEntity
  8
tejido
 62
8
100
AcDbText
 10
6367596.554269793
 20
6173831.032242142
 30
0.0
 40
0.375
  1
0.0
  7
ArialBold
 72
1
 11
6367596.554269793
 21
6173831.032242142
 31
0.0
100
AcDbText
 73
2
  0
TEXT
  5
201EA
330
1F
100
AcDbEntity
  8
tejido
 62
8
100
AcDbText
 10
6367599.693928506
 20
6173823.482026045
 30
0.0
 40
0.375
  1
0.0
  7
ArialBold
 72
1
 11
6367599.693928506
 21
6173823.482026045
 31
0.0
100
AcDbText
 73
2
  0
TEXT
  5
201EB
330
1F
100
AcDbEntity
  8
tejido
 62
8
100
AcDbText
 10
6367610.970709954
 20
6173811.253679598
 30
0.0
 40
0.375
  1
3.6
  7
ArialBold
 72
1
 11
6367610.970709954
 21
6173811.253679598
 31
0.0
100
AcDbText
 73
2
  0
TEXT
  5
201EC
330
1F
100
AcDbEntity
  8
tejido
 62
8
100
AcDbText
 10
6367600.256636457
 20
6173809.590624432
 30
0.0
 40
0.375
  1
2.8
  7
ArialBold
 72
1
 11
6367600.256636457
 21
6173809.590624432
 31
0.0
100
AcDbText
 73
2
  0
TEXT
  5
201ED
330
1F
100
AcDbEntity
  8
tejido
 62
8
100
AcDbText
 10
6367600.24184135
 20
6173797.700404992
 30
0.0
 40
0.375
  1
4.0
  7
ArialBold
 72
1
 11
6367600.24184135
 21
6173797.700404992
 31
0.0
100
AcDbText
 73
2
  0
TEXT
  5
201EE
330
1F
100
AcDbEntity
  8
tejido
 62
8
100
AcDbText
 10
6367608.712114253
 20
6173759.784360091
 30
0.0
 40
0.375
  1
8.4
  7
ArialBold
 72
1
 11
6367608.712114253
 21
6173759.784360091
 31
0.0
100
AcDbText
 73
2
  0
TEXT
  5
201EF
330
1F
100
AcDbEntity
  8
tejido
 62
8
100
AcDbText
 10
6367604.194856666
 20
6173753.796641876
 30
0.0
 40
0.375
  1
11.2
  7
ArialBold
 72
1
 11
6367604.194856666
 21
6173753.796641876
 31
0.0
100
AcDbText
 73
2
  0
TEXT
  5
201F0
330
1F
100
AcDbEntity
  8
tejido
 62
8
100
AcDbText
 10
6367616.278028852
 20
6173769.697827129
 30
0.0
 40
0.375
  1
8.4
  7
ArialBold
 72
1
 11
6367616.278028852
 21
6173769.697827129
 31
0.0
100
AcDbText
 73
2
  0
TEXT
  5
201F1
330
1F
100
AcDbEntity
  8
tejido
 62
8
100
AcDbText
 10
6367608.984780593
 20
6173756.326316793
 30
0.0
 40
0.375
  1
11.2
  7
ArialBold
 72
1
 11
6367608.984780593
 21
6173756.326316793
 31
0.0
100
AcDbText
 73
2
  0
TEXT
  5
201F2
330
1F
100
AcDbEntity
  8
tejido
 62
8
100
AcDbText
 10
6367611.811361715
 20
6173763.382395393
 30
0.0
 40
0.375
  1
2.8
  7
ArialBold
 72
1
 11
6367611.811361715
 21
6173763.382395393
 31
0.0
100
AcDbText
 73
2
  0
TEXT
  5
201F3
330
1F
100
AcDbEntity
  8
tejido
 62
8
100
AcDbText
 10
6367625.899372573
 20
6173738.143753189
 30
0.0
 40
0.375
  1
32.7
  7
ArialBold
 72
1
 11
6367625.899372573
 21
6173738.143753189
 31
0.0
100
AcDbText
 73
2
  0
TEXT
  5
201F4
330
1F
100
AcDbEntity
  8
tejido
 62
8
100
AcDbText
 10
6367632.305005113
 20
6173726.221604677
 30
0.0
 40
0.375
  1
20.5
  7
ArialBold
 72
1
 11
6367632.305005113
 21
6173726.221604677
 31
0.0
100
AcDbText
 73
2
  0
TEXT
  5
201F5
330
1F
100
AcDbEntity
  8
tejido
 62
8
100
AcDbText
 10
6367635.879152131
 20
6173730.8329445
 30
0.0
 40
0.375
  1
28.6
  7
ArialBold
 72
1
 11
6367635.879152131
 21
6173730.8329445
 31
0.0
100
AcDbText
 73
2
  0
TEXT
  5
201F6
330
1F
100
AcDbEntity
  8
tejido
 62
8
100
AcDbText
 10
6367642.310382685
 20
6173726.9834244335
 30
0.0
 40
0.375
  1
20.5
  7
ArialBold
 72
1
 11
6367642.310382685
 21
6173726.9834244335
 31
0.0
100
AcDbText
 73
2
  0
TEXT
  5
201F7
330
1F
100
AcDbEntity
  8
tejido
 62
8
100
AcDbText
 10
6367646.730944501
 20
6173734.711236309
 30
0.0
 40
0.375
  1
0.0
  7
ArialBold
 72
1
 11
6367646.730944501
 21
6173734.711236309
 31
0.0
100
AcDbText
 73
2
  0
TEXT
  5
201F8
330
1F
100
AcDbEntity
  8
tejido
 62
8
100
AcDbText
 10
6367646.0440085055
 20
6173749.630569811
 30
0.0
 40
0.375
  1
5.8
  7
ArialBold
 72
1
 11
6367646.0440085055
 21
6173749.630569811
 31
0.0
100
AcDbText
 73
2
  0
TEXT
  5
201F9
330
1F
100
AcDbEntity
  8
tejido
 62
8
100
AcDbText
 10
6367640.953631871
 20
6173767.573374834
 30
0.0
 40
0.375
  1
2.8
  7
ArialBold
 72
1
 11
6367640.953631871
 21
6173767.573374834
 31
0.0
100
AcDbText
 73
2
  0
TEXT
  5
201FA
330
1F
100
AcDbEntity
  8
tejido
 62
8
100
AcDbText
 10
6367643.459969376
 20
6173763.097678682
 30
0.0
 40
0.375
  1
5.6
  7
ArialBold
 72
1
 11
6367643.459969376
 21
6173763.097678682
 31
0.0
100
AcDbText
 73
2
  0
TEXT
  5
201FB
330
1F
100
AcDbEntity
  8
tejido
 62
8
100
AcDbText
 10
6367652.842812136
 20
6173757.393901013
 30
0.0
 40
0.375
  1
2.8
  7
ArialBold
 72
1
 11
6367652.842812136
 21
6173757.393901013
 31
0.0
100
AcDbText
 73
2
  0
TEXT
  5
201FC
330
1F
100
AcDbEntity
  8
tejido
 62
8
100
AcDbText
 10
6367655.381324405
 20
6173775.564244395
 30
0.0
 40
0.375
  1
0.0
  7
ArialBold
 72
1
 11
6367655.381324405
 21
6173775.564244395
 31
0.0
100
AcDbText
 73
2
  0
TEXT
  5
201FD
330
1F
100
AcDbEntity
  8
tejido
 62
8
100
AcDbText
 10
6367621.224512088
 20
6173832.85369574
 30
0.0
 40
0.375
  1
47.5
  7
ArialBold
 72
1
 11
6367621.224512088
 21
6173832.85369574
 31
0.0
100
AcDbText
 73
2
  0
TEXT
  5
201FE
330
1F
100
AcDbEntity
  8
tejido
 62
8
100
AcDbText
 10
6367613.104000405
 20
6173834.476519279
 30
0.0
 40
0.375
  1
2.6
  7
ArialBold
 72
1
 11
6367613.104000405
 21
6173834.476519279
 31
0.0
100
AcDbText
 73
2
  0
TEXT
  5
201FF
330
1F
100
AcDbEntity
  8
tejido
 62
8
100
AcDbText
 10
6367617.690549568
 20
6173829.253488925
 30
0.0
 40
0.375
  1
45.7
  7
ArialBold
 72
1
 11
6367617.690549568
 21
6173829.253488925
 31
0.0
100
AcDbText
 73
2
  0
TEXT
  5
20200
330
1F
100
AcDbEntity
  8
tejido
 62
8
100
AcDbText
 10
6367618.636878378
 20
6173841.919822207
 30
0.0
 40
0.375
  1
2.6
  7
ArialBold
 72
1
 11
6367618.636878378
 21
6173841.919822207
 31
0.0
100
AcDbText
 73
2
  0
TEXT
  5
20201
330
1F
100
AcDbEntity
  8
tejido
 62
8
100
AcDbText
 10
6367624.029375315
 20
6173827.501620462
 30
0.0
 40
0.375
  1
0.0
  7
ArialBold
 72
1
 11
6367624.029375315
 21
6173827.501620462
 31
0.0
100
AcDbText
 73
2
  0
TEXT
  5
20202
330
1F
100
AcDbEntity
  8
tejido
 62
8
100
AcDbText
 10
6367615.759769969
 20
6173838.049802983
 30
0.0
 40
0.375
  1
5.0
  7
ArialBold
 72
1
 11
6367615.759769969
 21
6173838.049802983
 31
0.0
100
AcDbText
 73
2
  0
TEXT
  5
20203
330
1F
100
AcDbEntity
  8
tejido
 62
8
100
AcDbText
 10
6367627.907503175
 20
6173831.961003631
 30
0.0
 40
0.375
  1
2.5
  7
ArialBold
 72
1
 11
6367627.907503175
 21
6173831.961003631
 31
0.0
100
AcDbText
 73
2
  0
TEXT
  5
20204
330
1F
100
AcDbEntity
  8
tejido
 62
8
100
AcDbText
 10
6367617.639272343
 20
6173831.732901406
 30
0.0
 40
0.375
  1
48.9
  7
ArialBold
 72
1
 11
6367617.639272343
 21
6173831.732901406
 31
0.0
100
AcDbText
 73
2
  0
TEXT
  5
20205
330
1F
100
AcDbEntity
  8
tejido
 62
8
100
AcDbText
 10
6367621.975348494
 20
6173824.065107796
 30
0.0
 40
0.375
  1
3.8
  7
ArialBold
 72
1
 11
6367621.975348494
 21
6173824.065107796
 31
0.0
100
AcDbText
 73
2
  0
TEXT
  5
20206
330
1F
100
AcDbEntity
  8
tejido
 62
8
100
AcDbText
 10
6367606.3691092385
 20
6173841.553293083
 30
0.0
 40
0.375
  1
28.3
  7
ArialBold
 72
1
 11
6367606.3691092385
 21
6173841.553293083
 31
0.0
100
AcDbText
 73
2
  0
TEXT
  5
20207
330
1F
100
AcDbEntity
  8
tejido
 62
8
100
AcDbText
 10
6367613.288185998
 20
6173845.3464493
 30
0.0
 40
0.375
  1
25.8
  7
ArialBold
 72
1
 11
6367613.288185998
 21
6173845.3464493
 31
0.0
100
AcDbText
 73
2
  0
TEXT
  5
20208
330
1F
100
AcDbEntity
  8
tejido
 62
8
100
AcDbText
 10
6367571.821795478
 20
6173789.783619777
 30
0.0
 40
0.375
  1
28.9
  7
ArialBold
 72
1
 11
6367571.821795478
 21
6173789.783619777
 31
0.0
100
AcDbText
 73
2
  0
TEXT
  5
20209
330
1F
100
AcDbEntity
  8
tejido
 62
8
100
AcDbText
 10
6367571.34664098
 20
6173784.42320791
 30
0.0
 40
0.375
  1
29.4
  7
ArialBold
 72
1
 11
6367571.34664098
 21
6173784.42320791
 31
0.0
100
AcDbText
 73
2
  0
TEXT
  5
2020A
330
1F
100
AcDbEntity
  8
tejido
 62
8
100
AcDbText
 10
6367574.762829767
 20
6173787.009952084
 30
0.0
 40
0.375
  1
25.6
  7
ArialBold
 72
1
 11
6367574.762829767
 21
6173787.009952084
 31
0.0
100
AcDbText
 73
2
  0
TEXT
  5
2020B
330
1F
100
AcDbEntity
  8
tejido
 62
8
100
AcDbText
 10
6367568.9255659925
 20
6173787.8509529615
 30
0.0
 40
0.375
  1
20.0
  7
ArialBold
 72
1
 11
6367568.9255659925
 21
6173787.8509529615
 31
0.0
100
AcDbText
 73
2
  0
TEXT
  5
2020C
330
1F
100
AcDbEntity
  8
tejido
 62
8
100
AcDbText
 10
6367585.0608401755
 20
6173778.4554755865
 30
0.0
 40
0.375
  1
28.5
  7
ArialBold
 72
1
 11
6367585.0608401755
 21
6173778.4554755865
 31
0.0
100
AcDbText
 73
2
  0
TEXT
  5
2020D
330
1F
100
AcDbEntity
  8
tejido
 62
8
100
AcDbText
 10
6367581.047167346
 20
6173772.765645043
 30
0.0
 40
0.375
  1
31.3
  7
ArialBold
 72
1
 11
6367581.047167346
 21
6173772.765645043
 31
0.0
100
AcDbText
 73
2
  0
TEXT
  5
2020E
330
1F
100
AcDbEntity
  8
tejido
 62
8
100
AcDbText
 10
6367580.76260004
 20
6173776.382534709
 30
0.0
 40
0.375
  1
32.6
  7
ArialBold
 72
1
 11
6367580.76260004
 21
6173776.382534709
 31
0.0
100
AcDbText
 73
2
  0
TEXT
  5
2020F
330
1F
100
AcDbEntity
  8
tejido
 62
8
100
AcDbText
 10
6367578.359495717
 20
6173769.5799778085
 30
0.0
 40
0.375
  1
28.4
  7
ArialBold
 72
1
 11
6367578.359495717
 21
6173769.5799778085
 31
0.0
100
AcDbText
 73
2
  0
TEXT
  5
20210
330
1F
100
AcDbEntity
  8
tejido
 62
8
100
AcDbText
 10
6367584.575001702
 20
6173772.949074315
 30
0.0
 40
0.375
  1
30.9
  7
ArialBold
 72
1
 11
6367584.575001702
 21
6173772.949074315
 31
0.0
100
AcDbText
 73
2
  0
TEXT
  5
20211
330
1F
100
AcDbEntity
  8
tejido
 62
8
100
AcDbText
 10
6367577.089158655
 20
6173767.912176173
 30
0.0
 40
0.375
  1
24.0
  7
ArialBold
 72
1
 11
6367577.089158655
 21
6173767.912176173
 31
0.0
100
AcDbText
 73
2
  0
TEXT
  5
20212
330
1F
100
AcDbEntity
  8
tejido
 62
8
100
AcDbText
 10
6367602.4987147525
 20
6173768.652756354
 30
0.0
 40
0.375
  1
6.7
  7
ArialBold
 72
1
 11
6367602.4987147525
 21
6173768.652756354
 31
0.0
100
AcDbText
 73
2
  0
TEXT
  5
20213
330
1F
100
AcDbEntity
  8
tejido
 62
8
100
AcDbText
 10
6367587.427019815
 20
6173759.968554738
 30
0.0
 40
0.375
  1
21.0
  7
ArialBold
 72
1
 11
6367587.427019815
 21
6173759.968554738
 31
0.0
100
AcDbText
 73
2
  0
TEXT
  5
20214
330
1F
100
AcDbEntity
  8
tejido
 62
8
100
AcDbText
 10
6367588.5040962305
 20
6173761.482637407
 30
0.0
 40
0.375
  1
23.4
  7
ArialBold
 72
1
 11
6367588.5040962305
 21
6173761.482637407
 31
0.0
100
AcDbText
 73
2
  0
TEXT
  5
20215
330
1F
100
AcDbEntity
  8
tejido
 62
8
100
AcDbText
 10
6367589.681489821
 20
6173763.050229745
 30
0.0
 40
0.375
  1
26.3
  7
ArialBold
 72
1
 11
6367589.681489821
 21
6173763.050229745
 31
0.0
100
AcDbText
 73
2
  0
TEXT
  5
20216
330
1F
100
AcDbEntity
  8
tejido
 62
8
100
AcDbText
 10
6367591.543650648
 20
6173777.019100184
 30
0.0
 40
0.375
  1
0.0
  7
ArialBold
 72
1
 11
6367591.543650648
 21
6173777.019100184
 31
0.0
100
AcDbText
 73
2
  0
TEXT
  5
20217
330
1F
100
AcDbEntity
  8
tejido
 62
8
100
AcDbText
 10
6367612.742803519
 20
6173793.982444502
 30
0.0
 40
0.375
  1
0.0
  7
ArialBold
 72
1
 11
6367612.742803519
 21
6173793.982444502
 31
0.0
100
AcDbText
 73
2
  0
TEXT
  5
20218
330
1F
100
AcDbEntity
  8
tejido
 62
8
100
AcDbText
 10
6367614.943119647
 20
6173746.634762688
 30
0.0
 40
0.375
  1
30.0
  7
ArialBold
 72
1
 11
6367614.943119647
 21
6173746.634762688
 31
0.0
100
AcDbText
 73
2
  0
TEXT
  5
20219
330
1F
100
AcDbEntity
  8
tejido
 62
8
100
AcDbText
 10
6367635.93613273
 20
6173735.342432212
 30
0.0
 40
0.375
  1
0.0
  7
ArialBold
 72
1
 11
6367635.93613273
 21
6173735.342432212
 31
0.0
100
AcDbText
 73
2
  0
TEXT
  5
2021A
330
1F
100
AcDbEntity
  8
tejido
 62
8
100
AcDbText
 10
6367638.28395777
 20
6173731.9173957985
 30
0.0
 40
0.375
  1
29.5
  7
ArialBold
 72
1
 11
6367638.28395777
 21
6173731.9173957985
 31
0.0
100
AcDbText
 73
2
  0
TEXT
  5
2021B
330
1F
100
AcDbEntity
  8
tejido
 62
8
100
AcDbText
 10
6367640.358180045
 20
6173732.983121389
 30
0.0
 40
0.375
  1
27.0
  7
ArialBold
 72
1
 11
6367640.358180045
 21
6173732.983121389
 31
0.0
100
AcDbText
 73
2
  0
TEXT
  5
2021C
330
1F
100
AcDbEntity
  8
tejido
 62
8
100
AcDbText
 10
6367636.333446817
 20
6173727.662639974
 30
0.0
 40
0.375
  1
23.3
  7
ArialBold
 72
1
 11
6367636.333446817
 21
6173727.662639974
 31
0.0
100
AcDbText
 73
2
  0
TEXT
  5
2021D
330
1F
100
AcDbEntity
  8
tejido
 62
8
100
AcDbText
 10
6367634.689612711
 20
6173736.327045954
 30
0.0
 40
0.375
  1
6.2
  7
ArialBold
 72
1
 11
6367634.689612711
 21
6173736.327045954
 31
0.0
100
AcDbText
 73
2
  0
TEXT
  5
2021E
330
1F
100
AcDbEntity
  8
tejido
 62
8
100
AcDbText
 10
6367637.445188335
 20
6173734.740337309
 30
0.0
 40
0.375
  1
23.4
  7
ArialBold
 72
1
 11
6367637.445188335
 21
6173734.740337309
 31
0.0
100
AcDbText
 73
2
  0
TEXT
  5
2021F
330
1F
100
AcDbEntity
  8
tejido
 62
8
100
AcDbText
 10
6367662.0951435855
 20
6173772.057483465
 30
0.0
 40
0.375
  1
49.7
  7
ArialBold
 72
1
 11
6367662.0951435855
 21
6173772.057483465
 31
0.0
100
AcDbText
 73
2
  0
TEXT
  5
20220
330
1F
100
AcDbEntity
  8
tejido
 62
8
100
AcDbText
 10
6367670.12232093
 20
6173762.476476355
 30
0.0
 40
0.375
  1
45.7
  7
ArialBold
 72
1
 11
6367670.12232093
 21
6173762.476476355
 31
0.0
100
AcDbText
 73
2
  0
TEXT
  5
20221
330
1F
100
AcDbEntity
  8
tejido
 62
8
100
AcDbText
 10
6367665.387994989
 20
6173757.38028819
 30
0.0
 40
0.375
  1
6.1
  7
ArialBold
 72
1
 11
6367665.387994989
 21
6173757.38028819
 31
0.0
100
AcDbText
 73
2
  0
TEXT
  5
20222
330
1F
100
AcDbEntity
  8
tejido
 62
8
100
AcDbText
 10
6367674.197918811
 20
6173772.244002525
 30
0.0
 40
0.375
  1
3.0
  7
ArialBold
 72
1
 11
6367674.197918811
 21
6173772.244002525
 31
0.0
100
AcDbText
 73
2
  0
TEXT
  5
20223
330
1F
100
AcDbEntity
  8
tejido
 62
8
100
AcDbText
 10
6367677.023563094
 20
6173781.180119174
 30
0.0
 40
0.375
  1
0.0
  7
ArialBold
 72
1
 11
6367677.023563094
 21
6173781.180119174
 31
0.0
100
AcDbText
 73
2
  0
TEXT
  5
20224
330
1F
100
AcDbEntity
  8
tejido
 62
8
100
AcDbText
 10
6367674.946088813
 20
6173777.284752796
 30
0.0
 40
0.375
  1
11.4
  7
ArialBold
 72
1
 11
6367674.946088813
 21
6173777.284752796
 31
0.0
100
AcDbText
 73
2
  0
TEXT
  5
20225
330
1F
100
AcDbEntity
  8
tejido
 62
8
100
AcDbText
 10
6367679.567837155
 20
6173784.377027167
 30
0.0
 40
0.375
  1
5.4
  7
ArialBold
 72
1
 11
6367679.567837155
 21
6173784.377027167
 31
0.0
100
AcDbText
 73
2
  0
TEXT
  5
20226
330
1F
100
AcDbEntity
  8
tejido
 62
8
100
AcDbText
 10
6367680.236895514
 20
6173777.866283092
 30
0.0
 40
0.375
  1
10.2
  7
ArialBold
 72
1
 11
6367680.236895514
 21
6173777.866283092
 31
0.0
100
AcDbText
 73
2
  0
TEXT
  5
20227
330
1F
100
AcDbEntity
  8
tejido
 62
8
100
AcDbText
 10
6367657.510197051
 20
6173803.722364482
 30
0.0
 40
0.375
  1
4.4
  7
ArialBold
 72
1
 11
6367657.510197051
 21
6173803.722364482
 31
0.0
100
AcDbText
 73
2
  0
TEXT
  5
20228
330
1F
100
AcDbEntity
  8
tejido
 62
8
100
AcDbText
 10
6367647.30513215
 20
6173793.396937982
 30
0.0
 40
0.375
  1
4.3
  7
ArialBold
 72
1
 11
6367647.30513215
 21
6173793.396937982
 31
0.0
100
AcDbText
 73
2
  0
TEXT
  5
20229
330
1F
100
AcDbEntity
  8
tejido
 62
8
100
AcDbText
 10
6367653.52119317
 20
6173794.2226670105
 30
0.0
 40
0.375
  1
4.7
  7
ArialBold
 72
1
 11
6367653.52119317
 21
6173794.2226670105
 31
0.0
100
AcDbText
 73
2
  0
TEXT
  5
2022A
330
1F
100
AcDbEntity
  8
tejido
 62
8
100
AcDbText
 10
6367650.549367497
 20
6173792.136921389
 30
0.0
 40
0.375
  1
6.4
  7
ArialBold
 72
1
 11
6367650.549367497
 21
6173792.136921389
 31
0.0
100
AcDbText
 73
2
  0
TEXT
  5
2022B
330
1F
100
AcDbEntity
  8
tejido
 62
8
100
AcDbText
 10
6367641.265095889
 20
6173780.624465572
 30
0.0
 40
0.375
  1
0.0
  7
ArialBold
 72
1
 11
6367641.265095889
 21
6173780.624465572
 31
0.0
100
AcDbText
 73
2
  0
TEXT
  5
2022C
330
1F
100
AcDbEntity
  8
tejido
 62
8
100
AcDbText
 10
6367647.595485642
 20
6173784.729292146
 30
0.0
 40
0.375
  1
0.0
  7
ArialBold
 72
1
 11
6367647.595485642
 21
6173784.729292146
 31
0.0
100
AcDbText
 73
2
  0
TEXT
  5
2022D
330
1F
100
AcDbEntity
  8
tejido
 62
8
100
AcDbText
 10
6367640.812868549
 20
6173786.328378599
 30
0.0
 40
0.375
  1
8.0
  7
ArialBold
 72
1
 11
6367640.812868549
 21
6173786.328378599
 31
0.0
100
AcDbText
 73
2
  0
TEXT
  5
2022E
330
1F
100
AcDbEntity
  8
tejido
 62
8
100
AcDbText
 10
6367642.093909424
 20
6173785.884173796
 30
0.0
 40
0.375
  1
0.0
  7
ArialBold
 72
1
 11
6367642.093909424
 21
6173785.884173796
 31
0.0
100
AcDbText
 73
2
  0
TEXT
  5
2022F
330
1F
100
AcDbEntity
  8
tejido
 62
8
100
AcDbText
 10
6367644.987020319
 20
6173783.370935633
 30
0.0
 40
0.375
  1
6.0
  7
ArialBold
 72
1
 11
6367644.987020319
 21
6173783.370935633
 31
0.0
100
AcDbText
 73
2
  0
TEXT
  5
20230
330
1F
100
AcDbEntity
  8
tejido
 62
8
100
AcDbText
 10
6367654.482113798
 20
6173804.710508565
 30
0.0
 40
0.375
  1
7.0
  7
ArialBold
 72
1
 11
6367654.482113798
 21
6173804.710508565
 31
0.0
100
AcDbText
 73
2
  0
TEXT
  5
20231
330
1F
100
AcDbEntity
  8
tejido
 62
8
100
AcDbText
 10
6367661.735618005
 20
6173808.421058977
 30
0.0
 40
0.375
  1
7.3
  7
ArialBold
 72
1
 11
6367661.735618005
 21
6173808.421058977
 31
0.0
100
AcDbText
 73
2
  0
TEXT
  5
20232
330
1F
100
AcDbEntity
  8
tejido
 62
8
100
AcDbText
 10
6367651.996042718
 20
6173798.816780127
 30
0.0
 40
0.375
  1
7.3
  7
ArialBold
 72
1
 11
6367651.996042718
 21
6173798.816780127
 31
0.0
100
AcDbText
 73
2
  0
TEXT
  5
20233
330
1F
100
AcDbEntity
  8
tejido
 62
8
100
AcDbText
 10
6367655.733900547
 20
6173797.789622605
 30
0.0
 40
0.375
  1
6.5
  7
ArialBold
 72
1
 11
6367655.733900547
 21
6173797.789622605
 31
0.0
100
AcDbText
 73
2
  0
TEXT
  5
20234
330
1F
100
AcDbEntity
  8
tejido
 62
8
100
AcDbText
 10
6367639.635887892
 20
6173778.117493206
 30
0.0
 40
0.375
  1
7.2
  7
ArialBold
 72
1
 11
6367639.635887892
 21
6173778.117493206
 31
0.0
100
AcDbText
 73
2
  0
TEXT
  5
20235
330
1F
100
AcDbEntity
  8
tejido
 62
8
100
AcDbText
 10
6367642.644064979
 20
6173782.650314034
 30
0.0
 40
0.375
  1
3.4
  7
ArialBold
 72
1
 11
6367642.644064979
 21
6173782.650314034
 31
0.0
100
AcDbText
 73
2
  0
TEXT
  5
20236
330
1F
100
AcDbEntity
  8
tejido
 62
8
100
AcDbText
 10
6367640.568721386
 20
6173784.183549689
 30
0.0
 40
0.375
  1
6.5
  7
ArialBold
 72
1
 11
6367640.568721386
 21
6173784.183549689
 31
0.0
100
AcDbText
 73
2
  0
TEXT
  5
20237
330
1F
100
AcDbEntity
  8
tejido
 62
8
100
AcDbText
 10
6367646.295378766
 20
6173788.586260122
 30
0.0
 40
0.375
  1
7.1
  7
ArialBold
 72
1
 11
6367646.295378766
 21
6173788.586260122
 31
0.0
100
AcDbText
 73
2
  0
TEXT
  5
20238
330
1F
100
AcDbEntity
  8
tejido
 62
8
100
AcDbText
 10
6367671.930949318
 20
6173798.304442771
 30
0.0
 40
0.375
  1
0.0
  7
ArialBold
 72
1
 11
6367671.930949318
 21
6173798.304442771
 31
0.0
100
AcDbText
 73
2
  0
TEXT
  5
20239
330
1F
100
AcDbEntity
  8
tejido
 62
8
100
AcDbText
 10
6367667.056385301
 20
6173800.005517325
 30
0.0
 40
0.375
  1
0.0
  7
ArialBold
 72
1
 11
6367667.056385301
 21
6173800.005517325
 31
0.0
100
AcDbText
 73
2
  0
TEXT
  5
2023A
330
1F
100
AcDbEntity
  8
tejido
 62
8
100
AcDbText
 10
6367680.488886986
 20
6173795.1315679895
 30
0.0
 40
0.375
  1
2.9
  7
ArialBold
 72
1
 11
6367680.488886986
 21
6173795.1315679895
 31
0.0
100
AcDbText
 73
2
  0
TEXT
  5
2023B
330
1F
100
AcDbEntity
  8
tejido
 62
8
100
AcDbText
 10
6367662.547692784
 20
6173785.692010635
 30
0.0
 40
0.375
  1
6.3
  7
ArialBold
 72
1
 11
6367662.547692784
 21
6173785.692010635
 31
0.0
100
AcDbText
 73
2
  0
TEXT
  5
2023C
330
1F
100
AcDbEntity
  8
tejido
 62
8
100
AcDbText
 10
6367667.304700871
 20
6173784.618145667
 30
0.0
 40
0.375
  1
7.3
  7
ArialBold
 72
1
 11
6367667.304700871
 21
6173784.618145667
 31
0.0
100
AcDbText
 73
2
  0
TEXT
  5
2023D
330
1F
100
AcDbEntity
  8
tejido
 62
8
100
AcDbText
 10
6367669.572383254
 20
6173780.227222712
 30
0.0
 40
0.375
  1
6.6
  7
ArialBold
 72
1
 11
6367669.572383254
 21
6173780.227222712
 31
0.0
100
AcDbText
 73
2
  0
TEXT
  5
2023E
330
1F
100
AcDbEntity
  8
tejido
 62
8
100
AcDbText
 10
6367672.913892135
 20
6173779.321198416
 30
0.0
 40
0.375
  1
5.8
  7
ArialBold
 72
1
 11
6367672.913892135
 21
6173779.321198416
 31
0.0
100
AcDbText
 73
2
  0
TEXT
  5
2023F
330
1F
100
AcDbEntity
  8
tejido
 62
8
100
AcDbText
 10
6367667.334510251
 20
6173791.533788582
 30
0.0
 40
0.375
  1
4.9
  7
ArialBold
 72
1
 11
6367667.334510251
 21
6173791.533788582
 31
0.0
100
AcDbText
 73
2
  0
TEXT
  5
20240
330
1F
100
AcDbEntity
  8
tejido
 62
8
100
AcDbText
 10
6367661.3947066795
 20
6173788.21714011
 30
0.0
 40
0.375
  1
4.0
  7
ArialBold
 72
1
 11
6367661.3947066795
 21
6173788.21714011
 31
0.0
100
AcDbText
 73
2
  0
TEXT
  5
20241
330
1F
100
AcDbEntity
  8
tejido
 62
8
100
AcDbText
 10
6367663.386621812
 20
6173797.833093617
 30
0.0
 40
0.375
  1
5.0
  7
ArialBold
 72
1
 11
6367663.386621812
 21
6173797.833093617
 31
0.0
100
AcDbText
 73
2
  0
TEXT
  5
20242
330
1F
100
AcDbEntity
  8
tejido
 62
8
100
AcDbText
 10
6367657.689903315
 20
6173791.238751193
 30
0.0
 40
0.375
  1
7.8
  7
ArialBold
 72
1
 11
6367657.689903315
 21
6173791.238751193
 31
0.0
100
AcDbText
 73
2
  0
TEXT
  5
20243
330
1F
100
AcDbEntity
  8
tejido
 62
8
100
AcDbText
 10
6367604.5588547485
 20
6173843.818167779
 30
0.0
 40
0.375
  1
0.0
  7
ArialBold
 72
1
 11
6367604.5588547485
 21
6173843.818167779
 31
0.0
100
AcDbText
 73
2
  0
TEXT
  5
20244
330
1F
100
AcDbEntity
  8
tejido
 62
8
100
AcDbText
 10
6367604.443694665
 20
6173842.627164267
 30
0.0
 40
0.375
  1
12.9
  7
ArialBold
 72
1
 11
6367604.443694665
 21
6173842.627164267
 31
0.0
100
AcDbText
 73
2
  0
TEXT
  5
20245
330
1F
100
AcDbEntity
  8
tejido
 62
8
100
AcDbText
 10
6367602.49136159
 20
6173846.336701225
 30
0.0
 40
0.375
  1
14.3
  7
ArialBold
 72
1
 11
6367602.49136159
 21
6173846.336701225
 31
0.0
100
AcDbText
 73
2
  0
TEXT
  5
20246
330
1F
100
AcDbEntity
  8
tejido
 62
8
100
AcDbText
 10
6367557.161752435
 20
6173786.197207738
 30
0.0
 40
0.375
  1
0.0
  7
ArialBold
 72
1
 11
6367557.161752435
 21
6173786.197207738
 31
0.0
100
AcDbText
 73
2
  0
TEXT
  5
20247
330
1F
100
AcDbEntity
  8
tejido
 62
8
100
AcDbText
 10
6367563.985161119
 20
6173788.275706868
 30
0.0
 40
0.375
  1
0.0
  7
ArialBold
 72
1
 11
6367563.985161119
 21
6173788.275706868
 31
0.0
100
AcDbText
 73
2
  0
TEXT
  5
20248
330
1F
100
AcDbEntity
  8
tejido
 62
8
100
AcDbText
 10
6367566.757933543
 20
6173793.450825739
 30
0.0
 40
0.375
  1
10.6
  7
ArialBold
 72
1
 11
6367566.757933543
 21
6173793.450825739
 31
0.0
100
AcDbText
 73
2
  0
TEXT
  5
20249
330
1F
100
AcDbEntity
  8
tejido
 62
8
100
AcDbText
 10
6367559.874193048
 20
6173783.393855267
 30
0.0
 40
0.375
  1
2.9
  7
ArialBold
 72
1
 11
6367559.874193048
 21
6173783.393855267
 31
0.0
100
AcDbText
 73
2
  0
TEXT
  5
2024A
330
1F
100
AcDbEntity
  8
tejido
 62
8
100
AcDbText
 10
6367578.378453093
 20
6173784.921267669
 30
0.0
 40
0.375
  1
6.8
  7
ArialBold
 72
1
 11
6367578.378453093
 21
6173784.921267669
 31
0.0
100
AcDbText
 73
2
  0
TEXT
  5
2024B
330
1F
100
AcDbEntity
  8
tejido
 62
8
100
AcDbText
 10
6367632.779287195
 20
6173737.781399004
 30
0.0
 40
0.375
  1
4.7
  7
ArialBold
 72
1
 11
6367632.779287195
 21
6173737.781399004
 31
0.0
100
AcDbText
 73
2
  0
TEXT
  5
2024C
330
1F
100
AcDbEntity
  8
tejido
 62
8
100
AcDbText
 10
6367619.135791075
 20
6173736.129003089
 30
0.0
 40
0.375
  1
25.5
  7
ArialBold
 72
1
 11
6367619.135791075
 21
6173736.129003089
 31
0.0
100
AcDbText
 73
2
  0
TEXT
  5
2024D
330
1F
100
AcDbEntity
  8
tejido
 62
8
100
AcDbText
 10
6367623.574117049
 20
6173743.910278678
 30
0.0
 40
0.375
  1
37.0
  7
ArialBold
 72
1
 11
6367623.574117049
 21
6173743.910278678
 31
0.0
100
AcDbText
 73
2
  0
TEXT
  5
2024E
330
1F
100
AcDbEntity
  8
tejido
 62
8
100
AcDbText
 10
6367619.088776999
 20
6173740.770955339
 30
0.0
 40
0.375
  1
37.0
  7
ArialBold
 72
1
 11
6367619.088776999
 21
6173740.770955339
 31
0.0
100
AcDbText
 73
2
  0
TEXT
  5
2024F
330
1F
100
AcDbEntity
  8
tejido
 62
8
100
AcDbText
 10
6367622.892782094
 20
6173739.656497067
 30
0.0
 40
0.375
  1
30.9
  7
ArialBold
 72
1
 11
6367622.892782094
 21
6173739.656497067
 31
0.0
100
AcDbText
 73
2
  0
TEXT
  5
20250
330
1F
100
AcDbEntity
  8
tejido
 62
8
100
AcDbText
 10
6367626.738299175
 20
6173732.75155032
 30
0.0
 40
0.375
  1
25.5
  7
ArialBold
 72
1
 11
6367626.738299175
 21
6173732.75155032
 31
0.0
100
AcDbText
 73
2
  0
TEXT
  5
20251
330
1F
100
AcDbEntity
  8
tejido
 62
8
100
AcDbText
 10
6367627.592542524
 20
6173733.874756583
 30
0.0
 40
0.375
  1
28.3
  7
ArialBold
 72
1
 11
6367627.592542524
 21
6173733.874756583
 31
0.0
100
AcDbText
 73
2
  0
TEXT
  5
20252
330
1F
100
AcDbEntity
  8
tejido
 62
8
100
AcDbText
 10
6367625.573960216
 20
6173731.23135069
 30
0.0
 40
0.375
  1
22.8
  7
ArialBold
 72
1
 11
6367625.573960216
 21
6173731.23135069
 31
0.0
100
AcDbText
 73
2
  0
TEXT
  5
20253
330
1F
100
AcDbEntity
  8
tejido
 62
8
100
AcDbText
 10
6367632.91042724
 20
6173750.823242454
 30
0.0
 40
0.375
  1
0.0
  7
ArialBold
 72
1
 11
6367632.91042724
 21
6173750.823242454
 31
0.0
100
AcDbText
 73
2
  0
TEXT
  5
20254
330
1F
100
AcDbEntity
  8
tejido
 62
8
100
AcDbText
 10
6367627.43140222
 20
6173749.811016076
 30
0.0
 40
0.375
  1
0.0
  7
ArialBold
 72
1
 11
6367627.43140222
 21
6173749.811016076
 31
0.0
100
AcDbText
 73
2
  0
TEXT
  5
20255
330
1F
100
AcDbEntity
  8
tejido
 62
8
100
AcDbText
 10
6367634.222807169
 20
6173740.807696231
 30
0.0
 40
0.375
  1
0.0
  7
ArialBold
 72
1
 11
6367634.222807169
 21
6173740.807696231
 31
0.0
100
AcDbText
 73
2
  0
TEXT
  5
20256
330
1F
100
AcDbEntity
  8
tejido
 62
8
100
AcDbText
 10
6367638.785497024
 20
6173737.784871898
 30
0.0
 40
0.375
  1
3.8
  7
ArialBold
 72
1
 11
6367638.785497024
 21
6173737.784871898
 31
0.0
100
AcDbText
 73
2
  0
TEXT
  5
20257
330
1F
100
AcDbEntity
  8
tejido
 62
8
100
AcDbText
 10
6367644.136942533
 20
6173737.008693621
 30
0.0
 40
0.375
  1
4.6
  7
ArialBold
 72
1
 11
6367644.136942533
 21
6173737.008693621
 31
0.0
100
AcDbText
 73
2
  0
TEXT
  5
20258
330
1F
100
AcDbEntity
  8
tejido
 62
8
100
AcDbText
 10
6367630.767667947
 20
6173745.463717937
 30
0.0
 40
0.375
  1
4.1
  7
ArialBold
 72
1
 11
6367630.767667947
 21
6173745.463717937
 31
0.0
100
AcDbText
 73
2
  0
TEXT
  5
20259
330
1F
100
AcDbEntity
  8
tejido
 62
8
100
AcDbText
 10
6367625.448223289
 20
6173747.612294579
 30
0.0
 40
0.375
  1
3.1
  7
ArialBold
 72
1
 11
6367625.448223289
 21
6173747.612294579
 31
0.0
100
AcDbText
 73
2
  0
TEXT
  5
2025A
330
1F
100
AcDbEntity
  8
tejido
 62
8
100
AcDbText
 10
6367634.4071808085
 20
6173747.232145832
 30
0.0
 40
0.375
  1
4.7
  7
ArialBold
 72
1
 11
6367634.4071808085
 21
6173747.232145832
 31
0.0
100
AcDbText
 73
2
  0
TEXT
  5
2025B
330
1F
100
AcDbEntity
  8
tejido
 62
8
100
AcDbText
 10
6367640.783735697
 20
6173742.68774133
 30
0.0
 40
0.375
  1
5.6
  7
ArialBold
 72
1
 11
6367640.783735697
 21
6173742.68774133
 31
0.0
100
AcDbText
 73
2
  0
TEXT
  5
2025C
330
1F
100
AcDbEntity
  8
tejido
 62
8
100
AcDbText
 10
6367628.883722714
 20
6173752.751335056
 30
0.0
 40
0.375
  1
3.8
  7
ArialBold
 72
1
 11
6367628.883722714
 21
6173752.751335056
 31
0.0
100
AcDbText
 73
2
  0
TEXT
  5
2025D
330
1F
100
AcDbEntity
  8
tejido
 62
8
100
AcDbText
 10
6367637.378993526
 20
6173759.641728885
 30
0.0
 40
0.375
  1
0.0
  7
ArialBold
 72
1
 11
6367637.378993526
 21
6173759.641728885
 31
0.0
100
AcDbText
 73
2
  0
TEXT
  5
2025E
330
1F
100
AcDbEntity
  8
tejido
 62
8
100
AcDbText
 10
6367653.76937889
 20
6173743.6314760465
 30
0.0
 40
0.375
  1
0.0
  7
ArialBold
 72
1
 11
6367653.76937889
 21
6173743.6314760465
 31
0.0
100
AcDbText
 73
2
  0
TEXT
  5
2025F
330
1F
100
AcDbEntity
  8
tejido
 62
8
100
AcDbText
 10
6367631.655272228
 20
6173755.334148557
 30
0.0
 40
0.375
  1
4.0
  7
ArialBold
 72
1
 11
6367631.655272228
 21
6173755.334148557
 31
0.0
100
AcDbText
 73
2
  0
TEXT
  5
20260
330
1F
100
AcDbEntity
  8
tejido
 62
8
100
AcDbText
 10
6367635.313621379
 20
6173754.562430219
 30
0.0
 40
0.375
  1
4.8
  7
ArialBold
 72
1
 11
6367635.313621379
 21
6173754.562430219
 31
0.0
100
AcDbText
 73
2
  0
TEXT
  5
20261
330
1F
100
AcDbEntity
  8
tejido
 62
8
100
AcDbText
 10
6367600.843782565
 20
6173816.506399652
 30
0.0
 40
0.375
  1
32.6
  7
ArialBold
 72
1
 11
6367600.843782565
 21
6173816.506399652
 31
0.0
100
AcDbText
 73
2
  0
TEXT
  5
20262
330
1F
100
AcDbEntity
  8
tejido
 62
8
100
AcDbText
 10
6367585.903590179
 20
6173806.264557308
 30
0.0
 40
0.375
  1
30.1
  7
ArialBold
 72
1
 11
6367585.903590179
 21
6173806.264557308
 31
0.0
100
AcDbText
 73
2
  0
TEXT
  5
20263
330
1F
100
AcDbEntity
  8
tejido
 62
8
100
AcDbText
 10
6367582.435826063
 20
6173811.131977644
 30
0.0
 40
0.375
  1
29.5
  7
ArialBold
 72
1
 11
6367582.435826063
 21
6173811.131977644
 31
0.0
100
AcDbText
 73
2
  0
TEXT
  5
20264
330
1F
100
AcDbEntity
  8
tejido
 62
8
100
AcDbText
 10
6367590.281436845
 20
6173803.052907137
 30
0.0
 40
0.375
  1
32.0
  7
ArialBold
 72
1
 11
6367590.281436845
 21
6173803.052907137
 31
0.0
100
AcDbText
 73
2
  0
ENDSEC
  0
SECTION
  2
OBJECTS
  0
DICTIONARY
  5
C
330
0
100
AcDbDictionary
281
1
  3
ACAD_GROUP
350
D
  3
ACAD_LAYOUT
350
1A
  3
ACAD_MLEADERSTYLE
350
43
  3
ACAD_PLOTSETTINGS
350
19
  3
ACAD_PLOTSTYLENAME
350
E
  3
ACAD_TABLESTYLE
350
42
  3
ACAD_COLOR
350
2015E
  3
ACAD_MATERIAL
350
2015F
  3
ACAD_MLINESTYLE
350
20160
  3
ACAD_SCALELIST
350
20161
  3
ACAD_VISUALSTYLE
350
20162
  3
EZDXF_META
350
20267
  0
DICTIONARY
  5
D
102
{ACAD_REACTORS
330
C
102
}
330
C
100
AcDbDictionary
281
1
  0
DICTIONARY
  5
1A
102
{ACAD_REACTORS
330
C
102
}
330
C
100
AcDbDictionary
281
1
  3
Layout1
350
1E
  3
Model
350
22
  0
DICTIONARY
  5
43
102
{ACAD_REACTORS
330
C
102
}
330
C
100
AcDbDictionary
281
1
  3
Standard
350
20168
  0
DICTIONARY
  5
19
102
{ACAD_REACTORS
330
C
102
}
330
C
100
AcDbDictionary
281
1
  0
ACDBDICTIONARYWDFLT
  5
E
102
{ACAD_REACTORS
330
C
102
}
330
C
100
AcDbDictionary
281
1
  3
Normal
350
F
100
AcDbDictionaryWithDefault
340
F
  0
DICTIONARY
  5
42
102
{ACAD_REACTORS
330
C
102
}
330
C
100
AcDbDictionary
281
1
  0
LAYOUT
  5
1E
102
{ACAD_REACTORS
330
1A
102
}
330
1A
100
AcDbPlotSettings
  1

  2
none_device
  4

  6

 40
0.0
 41
0.0
 42
0.0
 43
0.0
 44
0.0
 45
0.0
 46
0.0
 47
0.0
 48
0.0
 49
0.0
140
0.0
141
0.0
142
1.0
143
1.0
 70
688
 72
0
 73
0
 74
5
  7

 75
16
 76
0
 77
2
 78
300
147
1.0
148
0.0
149
0.0
100
AcDbLayout
  1
Layout1
 70
1
 71
1
 10
0.0
 20
0.0
 11
12.0
 21
9.0
 12
0.0
 22
0.0
 32
0.0
 14
1e+20
 24
1e+20
 34
1e+20
 15
-1e+20
 25
-1e+20
 35
-1e+20
146
0.0
 13
0.0
 23
0.0
 33
0.0
 16
1.0
 26
0.0
 36
0.0
 17
0.0
 27
1.0
 37
0.0
 76
0
330
1B
  0
LAYOUT
  5
22
102
{ACAD_REACTORS
330
1A
102
}
330
1A
100
AcDbPlotSettings
  1

  2
none_device
  4

  6

 40
0.0
 41
0.0
 42
0.0
 43
0.0
 44
0.0
 45
0.0
 46
0.0
 47
0.0
 48
0.0
 49
0.0
140
0.0
141
0.0
142
1.0
143
1.0
 70
1712
 72
0
 73
0
 74
0
  7

 75
0
 76
0
 77
2
 78
300
147
1.0
148
0.0
149
0.0
100
AcDbLayout
  1
Model
 70
1
 71
0
 10
0.0
 20
0.0
 11
12.0
 21
9.0
 12
0.0
 22
0.0
 32
0.0
 14
30.0
 24
49.75
 34
0.0
 15
130.5
 25
163.1318914119703
 35
0.0
146
0.0
 13
0.0
 23
0.0
 33
0.0
 16
1.0
 26
0.0
 36
0.0
 17
0.0
 27
1.0
 37
0.0
 76
0
330
1F
331
29
  0
ACDBPLACEHOLDER
  5
F
102
{ACAD_REACTORS
330
E
102
}
330
E
  0
DICTIONARY
  5
2015E
330
C
100
AcDbDictionary
281
1
  0
DICTIONARY
  5
2015F
330
C
100
AcDbDictionary
281
1
  3
ByBlock
350
20163
  3
ByLayer
350
20164
  3
Global
350
20165
  0
DICTIONARY
  5
20160
330
C
100
AcDbDictionary
281
1
  3
Standard
350
20166
  0
DICTIONARY
  5
20161
330
C
100
AcDbDictionary
281
1
  0
DICTIONARY
  5
20162
330
C
100
AcDbDictionary
281
1
  0
MATERIAL
  5
20163
102
{ACAD_REACTORS
330
2015F
102
}
330
2015F
100
AcDbMaterial
  1
ByBlock
  2

 70
0
 40
1.0
 71
1
 41
1.0
 91
-1023410177
 42
1.0
 72
1
  3

 73
1
 74
1
 75
1
 44
0.5
 73
0
 45
1.0
 46
1.0
 77
1
  4

 78
1
 79
1
170
1
 48
1.0
171
1
  6

172
1
173
1
174
1
140
1.0
141
1.0
175
1
  7

176
1
177
1
178
1
143
1.0
179
1
  8

270
1
271
1
272
1
145
1.0
146
1.0
273
1
  9

274
1
275
1
276
1
 42
1.0
 72
1
  3

 73
1
 74
1
 75
1
 94
63
  0
MATERIAL
  5
20164
102
{ACAD_REACTORS
330
2015F
102
}
330
2015F
100
AcDbMaterial
  1
ByLayer
  2

 70
0
 40
1.0
 71
1
 41
1.0
 91
-1023410177
 42
1.0
 72
1
  3

 73
1
 74
1
 75
1
 44
0.5
 73
0
 45
1.0
 46
1.0
 77
1
  4

 78
1
 79
1
170
1
 48
1.0
171
1
  6

172
1
173
1
174
1
140
1.0
141
1.0
175
1
  7

176
1
177
1
178
1
143
1.0
179
1
  8

270
1
271
1
272
1
145
1.0
146
1.0
273
1
  9

274
1
275
1
276
1
 42
1.0
 72
1
  3

 73
1
 74
1
 75
1
 94
63
  0
MATERIAL
  5
20165
102
{ACAD_REACTORS
330
2015F
102
}
330
2015F
100
AcDbMaterial
  1
Global
  2

 70
0
 40
1.0
 71
1
 41
1.0
 91
-1023410177
 42
1.0
 72
1
  3

 73
1
 74
1
 75
1
 44
0.5
 73
0
 45
1.0
 46
1.0
 77
1
  4

 78
1
 79
1
170
1
 48
1.0
171
1
  6

172
1
173
1
174
1
140
1.0
141
1.0
175
1
  7

176
1
177
1
178
1
143
1.0
179
1
  8

270
1
271
1
272
1
145
1.0
146
1.0
273
1
  9

274
1
275
1
276
1
 42
1.0
 72
1
  3

 73
1
 74
1
 75
1
 94
63
  0
MLINESTYLE
  5
20166
102
{ACAD_REACTORS
330
20160
102
}
330
20160
100
AcDbMlineStyle
  2
Standard
 70
0
  3

 62
256
 51
90.0
 52
90.0
 71
2
 49
0.5
 62
256
  6
BYLAYER
 49
-0.5
 62
256
  6
BYLAYER
  0
MLEADERSTYLE
  5
20168
102
{ACAD_REACTORS
330
43
102
}
330
43
100
AcDbMLeaderStyle
179
2
170
2
171
1
172
0
 90
2
 40
0.0
 41
0.0
173
1
 91
-1056964608
 92
-2
290
1
 42
2.0
291
1
 43
8.0
  3
Standard
 44
4.0
300

342
11
174
1
175
1
176
0
178
1
 93
-1056964608
 45
4.0
292
0
297
0
 46
4.0
 94
-1056964608
 47
1.0
 49
1.0
140
1.0
294
1
141
0.0
177
0
142
1.0
295
0
296
0
143
3.75
271
0
272
9
273
9
  0
DICTIONARY
  5
20267
330
C
100
AcDbDictionary
280
1
281
1
  3
WRITTEN_BY_EZDXF
350
20268
  0
DICTIONARYVAR
  5
20268
330
20267
100
DictionaryVariables
280
0
  1
1.4.4 @ 2026-07-17T19:55:20.216537+00:00
  0
ENDSEC
  0
EOF
