  0
SECTION
  2
HEADER
  9
$ACADVER
  1
AC1018
  9
$ACADMAINTVER
 70
0
  9
$DWGCODEPAGE
  3
ANSI_1252
  9
$EXTMIN
 10
30.0
 20
49.75
 30
0.0
  9
$EXTMAX
 10
130.5
 20
163.1318914119703
 30
0.0
  9
$LIMMIN
 10
0.0
 20
0.0
  9
$LIMMAX
 10
12.0
 20
9.0
  9
$ORTHOMODE
 70
0
  9
$REGENMODE
 70
1
  9
$FILLMODE
 70
1
  9
$QTEXTMODE
 70
0
  9
$MIRRTEXT
 70
1
  9
$LTSCALE
 40
1.0
  9
$ATTMODE
 70
1
  9
$TEXTSIZE
 40
0.2
  9
$TRACEWID
 40
0.05
  9
$TEXTSTYLE
  7
Standard
  9
$CLAYER
  8
0
  9
$CELTYPE
  6
ByLayer
  9
$CECOLOR
 62
256
  9
$CELTSCALE
 40
1.0
  9
$DISPSILH
 70
0
  9
$LUNITS
 70
2
  9
$LUPREC
 70
4
  9
$SKETCHINC
 40
0.1
  9
$FILLETRAD
 40
0.5
  9
$AUNITS
 70
0
  9
$AUPREC
 70
0
  9
$MENU
  1
.
  9
$ELEVATION
 40
0.0
  9
$PELEVATION
 40
0.0
  9
$THICKNESS
 40
0.0
  9
$LIMCHECK
 70
0
  9
$CHAMFERA
 40
0.5
  9
$CHAMFERB
 40
0.5
  9
$CHAMFERC
 40
1.0
  9
$CHAMFERD
 40
0.0
  9
$SKPOLY
 70
0
  9
$TDCREATE
 40
2461243.104560185
  9
$TDUPDATE
 40
2461243.104560185
  9
$ANGBASE
 50
0.0
  9
$ANGDIR
 70
0
  9
$PDMODE
 70
0
  9
$PDSIZE
 40
0.0
  9
$PLINEWID
 40
0.0
  9
$SPLFRAME
 70
0
  9
$SPLINETYPE
 70
6
  9
$SPLINESEGS
 70
8
  9
$HANDSEED
  5
201F0
  9
$SURFTAB1
 70
6
  9
$SURFTAB2
 70
6
  9
$SURFTYPE
 70
6
  9
$SURFU
 70
6
  9
$SURFV
 70
6
  9
$UCSBASE
  2

  9
$UCSNAME
  2

  9
$UCSORG
 10
0.0
 20
0.0
 30
0.0
  9
$UCSXDIR
 10
1.0
 20
0.0
 30
0.0
  9
$UCSYDIR
 10
0.0
 20
1.0
 30
0.0
  9
$UCSORTHOREF
  2

  9
$UCSORTHOVIEW
 70
0
  9
$UCSORGTOP
 10
0.0
 20
0.0
 30
0.0
  9
$UCSORGBOTTOM
 10
0.0
 20
0.0
 30
0.0
  9
$UCSORGLEFT
 10
0.0
 20
0.0
 30
0.0
  9
$UCSORGRIGHT
 10
0.0
 20
0.0
 30
0.0
  9
$UCSORGFRONT
 10
0.0
 20
0.0
 30
0.0
  9
$UCSORGBACK
 10
0.0
 20
0.0
 30
0.0
  9
$PUCSBASE
  2

  9
$PUCSNAME
  2

  9
$PUCSORG
 10
0.0
 20
0.0
 30
0.0
  9
$PUCSXDIR
 10
1.0
 20
0.0
 30
0.0
  9
$PUCSYDIR
 10
0.0
 20
1.0
 30
0.0
  9
$PUCSORTHOREF
  2

  9
$PUCSORTHOVIEW
 70
0
  9
$PUCSORGTOP
 10
0.0
 20
0.0
 30
0.0
  9
$PUCSORGBOTTOM
 10
0.0
 20
0.0
 30
0.0
  9
$PUCSORGLEFT
 10
0.0
 20
0.0
 30
0.0
  9
$PUCSORGRIGHT
 10
0.0
 20
0.0
 30
0.0
  9
$PUCSORGFRONT
 10
0.0
 20
0.0
 30
0.0
  9
$PUCSORGBACK
 10
0.0
 20
0.0
 30
0.0
  9
$WORLDVIEW
 70
1
  9
$SHADEDGE
 70
3
  9
$SHADEDIF
 70
70
  9
$TILEMODE
 70
1
  9
$MAXACTVP
 70
64
  9
$PINSBASE
 10
0.0
 20
0.0
 30
0.0
  9
$PLIMCHECK
 70
0
  9
$PEXTMIN
 10
1e+20
 20
1e+20
 30
1e+20
  9
$PEXTMAX
 10
-1e+20
 20
-1e+20
 30
-1e+20
  9
$PLIMMIN
 10
0.0
 20
0.0
  9
$PLIMMAX
 10
12.0
 20
9.0
  9
$UNITMODE
 70
0
  9
$VISRETAIN
 70
1
  9
$PLINEGEN
 70
0
  9
$PSLTSCALE
 70
1
  9
$TREEDEPTH
 70
3020
  9
$CMLSTYLE
  2
Standard
  9
$CMLJUST
 70
0
  9
$CMLSCALE
 40
1.0
  9
$PROXYGRAPHICS
 70
1
  9
$MEASUREMENT
 70
0
  9
$CELWEIGHT
370
-1
  9
$ENDCAPS
280
0
  9
$JOINSTYLE
280
0
  9
$LWDISPLAY
290
0
  9
$INSUNITS
 70
6
  9
$HYPERLINKBASE
  1

  9
$STYLESHEET
  1

  9
$XEDIT
290
1
  9
$CEPSNTYPE
380
0
  9
$PSTYLEMODE
290
1
  9
$FINGERPRINTGUID
  2
{C889C8D6-0592-444E-9ECB-E0E54E5E4E2A}
  9
$VERSIONGUID
  2
{1209165F-88F7-47D5-8AAF-DD7E5779FAEA}
  9
$EXTNAMES
290
1
  9
$PSVPSCALE
 40
0.0
  9
$OLESTARTUP
290
0
  9
$SORTENTS
280
127
  9
$INDEXCTL
280
0
  9
$HIDETEXT
280
1
  9
$XCLIPFRAME
290
0
  9
$HALOGAP
280
0
  9
$OBSCOLOR
 70
257
  9
$OBSLTYPE
280
0
  9
$INTERSECTIONDISPLAY
280
0
  9
$INTERSECTIONCOLOR
 70
257
  9
$DIMASSOC
280
2
  9
$PROJECTNAME
  1

  0
ENDSEC
  0
SECTION
  2
CLASSES
  0
CLASS
  1
ACDBDICTIONARYWDFLT
  2
AcDbDictionaryWithDefault
  3
ObjectDBX Classes
 90
0
 91
4
280
0
281
0
  0
CLASS
  1
SUN
  2
AcDbSun
  3
SCENEOE
 90
1153
 91
0
280
0
281
0
  0
CLASS
  1
VISUALSTYLE
  2
AcDbVisualStyle
  3
ObjectDBX Classes
 90
4095
 91
0
280
0
281
0
  0
CLASS
  1
MATERIAL
  2
AcDbMaterial
  3
ObjectDBX Classes
 90
1153
 91
0
280
0
281
0
  0
CLASS
  1
SCALE
  2
AcDbScale
  3
ObjectDBX Classes
 90
1153
 91
0
280
0
281
0
  0
CLASS
  1
TABLESTYLE
  2
AcDbTableStyle
  3
ObjectDBX Classes
 90
4095
 91
0
280
0
281
0
  0
CLASS
  1
MLEADERSTYLE
  2
AcDbMLeaderStyle
  3
ACDB_MLEADERSTYLE_CLASS
 90
4095
 91
0
280
0
281
0
  0
CLASS
  1
DICTIONARYVAR
  2
AcDbDictionaryVar
  3
ObjectDBX Classes
 90
0
 91
0
280
0
281
0
  0
CLASS
  1
CELLSTYLEMAP
  2
AcDbCellStyleMap
  3
ObjectDBX Classes
 90
1152
 91
0
280
0
281
0
  0
CLASS
  1
MENTALRAYRENDERSETTINGS
  2
AcDbMentalRayRenderSettings
  3
SCENEOE
 90
1024
 91
0
280
0
281
0
  0
CLASS
  1
ACDBDETAILVIEWSTYLE
  2
AcDbDetailViewStyle
  3
ObjectDBX Classes
 90
1025
 91
0
280
0
281
0
  0
CLASS
  1
ACDBSECTIONVIEWSTYLE
  2
AcDbSectionViewStyle
  3
ObjectDBX Classes
 90
1025
 91
0
280
0
281
0
  0
CLASS
  1
RASTERVARIABLES
  2
AcDbRasterVariables
  3
ISM
 90
0
 91
0
280
0
281
0
  0
CLASS
  1
LAYOUT
  2
AcDbLayout
  3
ObjectDBX Classes
 90
0
 91
0
280
0
281
0
  0
CLASS
  1
ACDBPLACEHOLDER
  2
AcDbPlaceHolder
  3
ObjectDBX Classes
 90
0
 91
0
280
0
281
0
  0
ENDSEC
  0
SECTION
  2
TABLES
  0
TABLE
  2
VPORT
  5
8
330
0
100
AcDbSymbolTable
 70
1
  0
VPORT
  5
29
330
8
100
AcDbSymbolTableRecord
100
AcDbViewportTableRecord
  2
*Active
 70
0
 10
0.0
 20
0.0
 11
1.0
 21
1.0
 12
80.25
 22
106.4409457059851
 13
0.0
 23
0.0
 14
0.5
 24
0.5
 15
0.5
 25
0.5
 16
0.0
 26
0.0
 36
1.0
 17
0.0
 27
0.0
 37
0.0
 40
113.3818914119703
 41
0.8863849310366128
 42
50.0
 43
0.0
 44
0.0
 50
0.0
 51
0.0
 71
0
 72
1000
 73
1
 74
3
 75
0
 76
0
 77
0
 78
0
281
0
 65
1
110
0.0
120
0.0
130
0.0
111
1.0
121
0.0
131
0.0
112
0.0
122
1.0
132
0.0
 79
0
146
0.0
  0
ENDTAB
  0
TABLE
  2
LTYPE
  5
5
330
0
100
AcDbSymbolTable
 70
3
  0
LTYPE
  5
14
330
5
100
AcDbSymbolTableRecord
100
AcDbLinetypeTableRecord
  2
ByBlock
 70
0
  3

 72
65
 73
0
 40
0.0
  0
LTYPE
  5
15
330
5
100
AcDbSymbolTableRecord
100
AcDbLinetypeTableRecord
  2
ByLayer
 70
0
  3

 72
65
 73
0
 40
0.0
  0
LTYPE
  5
16
330
5
100
AcDbSymbolTableRecord
100
AcDbLinetypeTableRecord
  2
Continuous
 70
0
  3
Solid line
 72
65
 73
0
 40
0.0
  0
ENDTAB
  0
TABLE
  2
LAYER
  5
2
330
0
100
AcDbSymbolTable
 70
13
  0
LAYER
  5
10
330
2
100
AcDbSymbolTableRecord
100
AcDbLayerTableRecord
  2
0
 70
0
 62
7
  6
Continuous
370
-3
390
F
  0
LAYER
  5
20111
330
2
100
AcDbSymbolTableRecord
100
AcDbLayerTableRecord
  2
manzanas
 70
0
 62
250
420
4210752
  6
Continuous
370
-3
390
F
  0
LAYER
  5
20112
330
2
100
AcDbSymbolTableRecord
100
AcDbLayerTableRecord
  2
parcelas
 70
0
 62
252
420
6316128
  6
Continuous
370
-3
390
F
  0
LAYER
  5
20113
330
2
100
AcDbSymbolTableRecord
100
AcDbLayerTableRecord
  2
lfi
 70
0
 62
141
420
3504561
  6
Continuous
370
-3
390
F
  0
LAYER
  5
20114
330
2
100
AcDbSymbolTableRecord
100
AcDbLayerTableRecord
  2
lib
 70
0
 62
2
420
16765702
  6
Continuous
370
-3
390
F
  0
LAYER
  5
20115
330
2
100
AcDbSymbolTableRecord
100
AcDbLayerTableRecord
  2
Tronera SI
 70
0
 62
141
420
3504561
  6
Continuous
370
-3
390
F
  0
LAYER
  5
20116
330
2
100
AcDbSymbolTableRecord
100
AcDbLayerTableRecord
  2
Irregular
 70
0
 62
1
420
14948892
  6
Continuous
370
-3
390
F
  0
LAYER
  5
20117
330
2
100
AcDbSymbolTableRecord
100
AcDbLayerTableRecord
  2
banda_minima
 70
0
 62
1
420
14948892
  6
Continuous
370
-3
390
F
  0
LAYER
  5
20118
330
2
100
AcDbSymbolTableRecord
100
AcDbLayerTableRecord
  2
ldf
 70
0
 62
7
  6
Continuous
370
-3
390
F
  0
LAYER
  5
20119
330
2
100
AcDbSymbolTableRecord
100
AcDbLayerTableRecord
  2
mdr_tejidoconsolidado
 70
0
 62
9
420
12632256
  6
Continuous
370
-3
390
F
1001
AcCmTransparency
1071
33554559
  0
LAYER
  5
2011A
330
2
100
AcDbSymbolTableRecord
100
AcDbLayerTableRecord
  2
mdr_tejidoparairregular
 70
0
 62
8
420
8421504
  6
Continuous
370
-3
390
F
1001
AcCmTransparency
1071
33554559
  0
LAYER
  5
2011B
330
2
100
AcDbSymbolTableRecord
100
AcDbLayerTableRecord
  2
tejido
 70
0
 62
8
420
8421504
  6
Continuous
370
-3
390
F
  0
LAYER
  5
20125
330
2
100
AcDbSymbolTableRecord
100
AcDbLayerTableRecord
  2
Defpoints
 70
0
 62
7
  6
Continuous
290
0
370
-3
390
F
  0
ENDTAB
  0
TABLE
  2
STYLE
  5
3
330
0
100
AcDbSymbolTable
 70
2
  0
STYLE
  5
11
330
3
100
AcDbSymbolTableRecord
100
AcDbTextStyleTableRecord
  2
Standard
 70
0
 40
0.0
 41
1.0
 50
0.0
 71
0
 42
0.2
  3
txt
  4

  0
STYLE
  5
2012D
330
3
100
AcDbSymbolTableRecord
100
AcDbTextStyleTableRecord
  2
ArialBold
 70
0
 40
0.0
 41
1.0
 50
0.0
 71
0
 42
2.5
  3
Arial.ttf
  4

1001
ACAD
1000
Arial
1071
33554466
  0
ENDTAB
  0
TABLE
  2
VIEW
  5
6
330
0
100
AcDbSymbolTable
 70
0
  0
ENDTAB
  0
TABLE
  2
UCS
  5
7
330
0
100
AcDbSymbolTable
 70
0
  0
ENDTAB
  0
TABLE
  2
APPID
  5
9
330
0
100
AcDbSymbolTable
 70
4
  0
APPID
  5
12
330
9
100
AcDbSymbolTableRecord
100
AcDbRegAppTableRecord
  2
ACAD
 70
0
  0
APPID
  5
20127
330
9
100
AcDbSymbolTableRecord
100
AcDbRegAppTableRecord
  2
AcCmTransparency
 70
0
  0
APPID
  5
201EC
330
9
100
AcDbSymbolTableRecord
100
AcDbRegAppTableRecord
  2
HATCHBACKGROUNDCOLOR
 70
0
  0
APPID
  5
201ED
330
9
100
AcDbSymbolTableRecord
100
AcDbRegAppTableRecord
  2
EZDXF
 70
0
  0
ENDTAB
  0
TABLE
  2
DIMSTYLE
  5
A
330
0
100
AcDbSymbolTable
 70
1
100
AcDbDimStyleTable
  0
DIMSTYLE
105
27
330
A
100
AcDbSymbolTableRecord
100
AcDbDimStyleTableRecord
  2
Standard
 70
0
  3

  4

 40
1.0
 41
2.5
 42
0.625
 43
3.75
 44
1.25
 45
0.0
 46
0.0
 47
0.0
 48
0.0
140
2.5
141
2.5
142
0.0
143
0.03937007874
144
1.0
145
0.0
146
1.0
147
0.625
148
0.0
 71
0
 72
0
 73
0
 74
0
 75
0
 76
0
 77
1
 78
8
 79
3
170
0
171
3
172
1
173
0
174
0
175
0
176
0
177
0
178
0
179
2
271
2
272
2
273
2
274
3
275
0
276
0
277
2
278
44
279
0
280
0
281
0
282
0
283
0
284
8
285
0
286
0
288
0
289
3
340
11
371
-2
372
-2
  0
ENDTAB
  0
TABLE
  2
BLOCK_RECORD
  5
1
330
0
100
AcDbSymbolTable
 70
2
  0
BLOCK_RECORD
  5
1F
330
1
100
AcDbSymbolTableRecord
100
AcDbBlockTableRecord
  2
*Model_Space
340
22
  0
BLOCK_RECORD
  5
1B
330
1
100
AcDbSymbolTableRecord
100
AcDbBlockTableRecord
  2
*Paper_Space
340
1E
  0
ENDTAB
  0
ENDSEC
  0
SECTION
  2
BLOCKS
  0
BLOCK
  5
20
330
1F
100
AcDbEntity
  8
0
100
AcDbBlockBegin
  2
*Model_Space
 70
0
 10
0.0
 20
0.0
 30
0.0
  3
*Model_Space
  1

  0
ENDBLK
  5
21
330
1F
100
AcDbEntity
  8
0
100
AcDbBlockEnd
  0
BLOCK
  5
1C
330
1B
100
AcDbEntity
 67
1
  8
0
100
AcDbBlockBegin
  2
*Paper_Space
 70
0
 10
0.0
 20
0.0
 30
0.0
  3
*Paper_Space
  1

  0
ENDBLK
  5
1D
330
1B
100
AcDbEntity
 67
1
  8
0
100
AcDbBlockEnd
  0
ENDSEC
  0
SECTION
  2
ENTITIES
  0
LWPOLYLINE
  5
20000
330
1F
100
AcDbEntity
  8
manzanas
100
AcDbPolyline
 90
5
 70
1
 10
6366747.9467097
 20
6174552.94905116
 10
6366814.2349576
 20
6174586.99653406
 10
6366900.79217585
 20
6174530.8196342
 10
6366864.23595655
 20
6174482.01708225
 10
6366747.9467097
 20
6174552.94905116
  0
LWPOLYLINE
  5
20001
330
1F
100
AcDbEntity
  8
parcelas
100
AcDbPolyline
 90
13
 70
1
 10
6366872.68722139
 20
6174539.52314557
 10
6366874.83355307
 20
6174542.3101311
 10
6366877.62887618
 20
6174545.94078842
 10
6366882.33049422
 20
6174542.89589482
 10
6366884.34504888
 20
6174541.59064849
 10
6366884.84893033
 20
6174541.26484059
 10
6366880.79793282
 20
6174535.78840113
 10
6366880.61937497
 20
6174535.54673701
 10
6366878.57279397
 20
6174532.77920242
 10
6366875.81608517
 20
6174534.56185485
 10
6366874.47205339
 20
6174535.4316712
 10
6366871.17712599
 20
6174537.56264159
 10
6366872.68722139
 20
6174539.52314557
  0
LWPOLYLINE
  5
20002
330
1F
100
AcDbEntity
  8
parcelas
100
AcDbPolyline
 90
26
 70
1
 10
6366862.48816938
 20
6174540.33470041
 10
6366864.17660538
 20
6174542.55187026
 10
6366865.08365705
 20
6174543.74239167
 10
6366867.70371292
 20
6174547.1804485
 10
6366869.98703244
 20
6174550.1784862
 10
6366870.35023578
 20
6174550.65590068
 10
6366872.02953626
 20
6174549.56786919
 10
6366877.62887618
 20
6174545.94078842
 10
6366874.83355307
 20
6174542.3101311
 10
6366872.68722139
 20
6174539.52314557
 10
6366871.17712599
 20
6174537.56264159
 10
6366869.98811284
 20
6174536.01792213
 10
6366868.81872525
 20
6174534.49949538
 10
6366867.88891731
 20
6174533.29163879
 10
6366865.76616823
 20
6174530.53400416
 10
6366864.43380444
 20
6174528.80314836
 10
6366862.74600645
 20
6174526.61099576
 10
6366860.57710689
 20
6174523.79367335
 10
6366858.83360916
 20
6174524.92180485
 10
6366853.4166961
 20
6174528.42647098
 10
6366854.9029192
 20
6174530.37762637
 10
6366855.97488935
 20
6174531.7846063
 10
6366857.25791399
 20
6174533.46873247
 10
6366859.82100641
 20
6174536.83394094
 10
6366862.2525612
 20
6174540.02618843
 10
6366862.48816938
 20
6174540.33470041
  0
LWPOLYLINE
  5
20003
330
1F
100
AcDbEntity
  8
parcelas
100
AcDbPolyline
 90
28
 70
1
 10
6366848.98595898
 20
6174536.73600439
 10
6366849.13504952
 20
6174536.94022966
 10
6366850.19124021
 20
6174538.39798382
 10
6366851.24352727
 20
6174539.8516938
 10
6366857.33465747
 20
6174548.26462972
 10
6366860.37973705
 20
6174552.4700902
 10
6366860.61511343
 20
6174552.79460399
 10
6366861.44477931
 20
6174553.94099036
 10
6366862.6677103
 20
6174555.63024776
 10
6366863.00396465
 20
6174555.41304729
 10
6366864.68326515
 20
6174554.32501575
 10
6366869.88875029
 20
6174550.95531407
 10
6366870.35023578
 20
6174550.65590068
 10
6366869.98703244
 20
6174550.1784862
 10
6366867.70371292
 20
6174547.1804485
 10
6366865.08365705
 20
6174543.74239167
 10
6366864.17660538
 20
6174542.55187026
 10
6366862.48816938
 20
6174540.33470041
 10
6366862.2525612
 20
6174540.02618843
 10
6366859.82100641
 20
6174536.83394094
 10
6366857.25791399
 20
6174533.46873247
 10
6366855.97488935
 20
6174531.7846063
 10
6366854.9029192
 20
6174530.37762637
 10
6366853.4166961
 20
6174528.42647098
 10
6366851.24266433
 20
6174529.82561472
 10
6366846.27283301
 20
6174533.02451092
 10
6366847.34984761
 20
6174534.49758531
 10
6366848.98595898
 20
6174536.73600439
  0
LWPOLYLINE
  5
20004
330
1F
100
AcDbEntity
  8
parcelas
100
AcDbPolyline
 90
27
 70
1
 10
6366815.07953204
 20
6174557.7557429
 10
6366815.16067244
 20
6174557.88596015
 10
6366816.44596076
 20
6174559.9662474
 10
6366817.87197653
 20
6174562.27564685
 10
6366819.45731623
 20
6174564.84243695
 10
6366820.38682174
 20
6174566.34738539
 10
6366822.25854448
 20
6174569.37747287
 10
6366822.73354488
 20
6174570.1476012
 10
6366823.78425371
 20
6174571.84836828
 10
6366824.75970691
 20
6174573.42700595
 10
6366827.74076894
 20
6174578.25374051
 10
6366842.82616686
 20
6174568.48205149
 10
6366840.80006296
 20
6174565.19864645
 10
6366840.05334808
 20
6174563.98844071
 10
6366837.55420061
 20
6174559.93793662
 10
6366837.46136312
 20
6174559.78654313
 10
6366835.8750814
 20
6174557.21573821
 10
6366834.76480015
 20
6174555.41507608
 10
6366833.96726745
 20
6174554.12210754
 10
6366831.74666151
 20
6174550.52378356
 10
6366827.39738514
 20
6174553.20766375
 10
6366823.83438378
 20
6174555.40677435
 10
6366822.46996985
 20
6174553.19529875
 10
6366821.48283206
 20
6174553.80419961
 10
6366818.78383891
 20
6174555.46965052
 10
6366818.48406674
 20
6174555.65436885
 10
6366815.07953204
 20
6174557.7557429
  0
LWPOLYLINE
  5
20005
330
1F
100
AcDbEntity
  8
parcelas
100
AcDbPolyline
 90
29
 70
1
 10
6366813.6529699
 20
6174558.79842023
 10
6366813.43901877
 20
6174558.92836375
 10
6366807.77958289
 20
6174562.35350986
 10
6366807.56955976
 20
6174562.48851191
 10
6366806.27409828
 20
6174563.3200196
 10
6366807.71524584
 20
6174565.55161307
 10
6366808.56839384
 20
6174566.87239612
 10
6366809.69253156
 20
6174568.61424001
 10
6366811.51036298
 20
6174571.42847726
 10
6366811.686486
 20
6174571.70011584
 10
6366812.81063823
 20
6174573.44095958
 10
6366814.0560952
 20
6174575.37062119
 10
6366814.25372811
 20
6174575.67658239
 10
6366815.26928734
 20
6174577.24879885
 10
6366816.9599293
 20
6174579.86613027
 10
6366819.40486663
 20
6174583.65376431
 10
6366822.93108056
 20
6174581.37009322
 10
6366824.44175395
 20
6174580.39065441
 10
6366827.74076894
 20
6174578.25374051
 10
6366824.75970691
 20
6174573.42700595
 10
6366823.78425371
 20
6174571.84836828
 10
6366822.73354488
 20
6174570.1476012
 10
6366822.25854448
 20
6174569.37747287
 10
6366820.38682174
 20
6174566.34738539
 10
6366819.45731623
 20
6174564.84243695
 10
6366817.87197653
 20
6174562.27564685
 10
6366816.44596076
 20
6174559.9662474
 10
6366815.16067244
 20
6174557.88596015
 10
6366813.6529699
 20
6174558.79842023
  0
LWPOLYLINE
  5
20006
330
1F
100
AcDbEntity
  8
parcelas
100
AcDbPolyline
 90
24
 70
1
 10
6366814.0560952
 20
6174575.37062119
 10
6366812.81063823
 20
6174573.44095958
 10
6366811.686486
 20
6174571.70011584
 10
6366811.51036298
 20
6174571.42847726
 10
6366810.78901309
 20
6174572.74845755
 10
6366809.82927045
 20
6174574.50452648
 10
6366809.56210372
 20
6174574.99341548
 10
6366809.05860243
 20
6174575.91442164
 10
6366807.48878954
 20
6174578.78721673
 10
6366806.52770477
 20
6174580.54616719
 10
6366805.44362034
 20
6174582.53020919
 10
6366806.1535003
 20
6174582.89960946
 10
6366807.92872198
 20
6174583.8216172
 10
6366808.63860193
 20
6174584.19101747
 10
6366810.41380911
 20
6174585.11402531
 10
6366811.09590321
 20
6174585.46801818
 10
6366817.04194006
 20
6174585.18403878
 10
6366817.46201525
 20
6174584.91203444
 10
6366818.98479144
 20
6174583.92576866
 10
6366819.40486663
 20
6174583.65376431
 10
6366816.9599293
 20
6174579.86613027
 10
6366815.26928734
 20
6174577.24879885
 10
6366814.25372811
 20
6174575.67658239
 10
6366814.0560952
 20
6174575.37062119
  0
LWPOLYLINE
  5
20007
330
1F
100
AcDbEntity
  8
parcelas
100
AcDbPolyline
 90
27
 70
1
 10
6366797.77689932
 20
6174578.54188628
 10
6366798.04298835
 20
6174578.6797845
 10
6366799.37439015
 20
6174579.37229047
 10
6366800.70479183
 20
6174580.06478193
 10
6366802.83443173
 20
6174581.17298278
 10
6366805.44362034
 20
6174582.53020919
 10
6366806.52770477
 20
6174580.54616719
 10
6366807.48878954
 20
6174578.78721673
 10
6366809.05860243
 20
6174575.91442164
 10
6366809.56210372
 20
6174574.99341548
 10
6366809.82927045
 20
6174574.50452648
 10
6366810.78901309
 20
6174572.74845755
 10
6366811.51036298
 20
6174571.42847726
 10
6366809.69253156
 20
6174568.61424001
 10
6366808.56839384
 20
6174566.87239612
 10
6366807.71524584
 20
6174565.55161307
 10
6366806.27409828
 20
6174563.3200196
 10
6366805.32105751
 20
6174565.02776994
 10
6366805.09645454
 20
6174565.43034744
 10
6366804.20988442
 20
6174567.01732137
 10
6366802.82448005
 20
6174569.50006089
 10
6366802.38595637
 20
6174570.28596437
 10
6366801.57259675
 20
6174571.74265643
 10
6366800.89891828
 20
6174572.94829016
 10
6366799.9878761
 20
6174574.58112456
 10
6366798.98666228
 20
6174576.37570542
 10
6366797.77689932
 20
6174578.54188628
  0
LWPOLYLINE
  5
20008
330
1F
100
AcDbEntity
  8
parcelas
100
AcDbPolyline
 90
26
 70
1
 10
6366801.57259675
 20
6174571.74265643
 10
6366802.38595637
 20
6174570.28596437
 10
6366802.82448005
 20
6174569.50006089
 10
6366804.20988442
 20
6174567.01732137
 10
6366805.09645454
 20
6174565.43034744
 10
6366805.32105751
 20
6174565.02776994
 10
6366806.27409828
 20
6174563.3200196
 10
6366804.486546
 20
6174560.55623709
 10
6366801.75680588
 20
6174556.33433749
 10
6366800.33911052
 20
6174554.14109599
 10
6366798.4410458
 20
6174557.83180188
 10
6366798.16622045
 20
6174558.36599464
 10
6366797.4343771
 20
6174559.78885628
 10
6366795.95834132
 20
6174562.65840847
 10
6366795.29031614
 20
6174563.95715421
 10
6366793.18124433
 20
6174568.05793707
 10
6366792.99390624
 20
6174568.42234191
 10
6366791.18747425
 20
6174571.93331687
 10
6366791.05675067
 20
6174572.18750595
 10
6366789.89773306
 20
6174574.44145017
 10
6366797.48202432
 20
6174578.38856617
 10
6366797.77689932
 20
6174578.54188628
 10
6366798.98666228
 20
6174576.37570542
 10
6366799.9878761
 20
6174574.58112456
 10
6366800.89891828
 20
6174572.94829016
 10
6366801.57259675
 20
6174571.74265643
  0
LWPOLYLINE
  5
20009
330
1F
100
AcDbEntity
  8
parcelas
100
AcDbPolyline
 90
29
 70
1
 10
6366800.33911052
 20
6174554.14109599
 10
6366799.18952045
 20
6174552.36087096
 10
6366798.51736567
 20
6174551.3207999
 10
6366795.2473668
 20
6174553.25006674
 10
6366792.27602408
 20
6174555.00260169
 10
6366789.2976081
 20
6174556.76003583
 10
6366788.62971327
 20
6174558.04978056
 10
6366788.029724
 20
6174559.20946663
 10
6366787.33918917
 20
6174560.54289763
 10
6366786.87915634
 20
6174561.4325232
 10
6366785.34988306
 20
6174564.38633176
 10
6366784.6274609
 20
6174565.78032058
 10
6366783.78151881
 20
6174567.41459832
 10
6366783.42133683
 20
6174568.109607
 10
6366783.08378038
 20
6174568.76192953
 10
6366782.2131401
 20
6174570.44386503
 10
6366782.56758729
 20
6174570.62805789
 10
6366789.54328588
 20
6174574.25725732
 10
6366789.89773306
 20
6174574.44145017
 10
6366791.05675067
 20
6174572.18750595
 10
6366791.18747425
 20
6174571.93331687
 10
6366792.99390624
 20
6174568.42234191
 10
6366793.18124433
 20
6174568.05793707
 10
6366795.29031614
 20
6174563.95715421
 10
6366795.95834132
 20
6174562.65840847
 10
6366797.4343771
 20
6174559.78885628
 10
6366798.16622045
 20
6174558.36599464
 10
6366798.4410458
 20
6174557.83180188
 10
6366800.33911052
 20
6174554.14109599
  0
LWPOLYLINE
  5
2000A
330
1F
100
AcDbEntity
  8
parcelas
100
AcDbPolyline
 90
19
 70
1
 10
6366765.28320623
 20
6174561.6368279
 10
6366766.16981704
 20
6174562.09781742
 10
6366768.83262084
 20
6174563.48282962
 10
6366774.4223172
 20
6174566.39072323
 10
6366775.29027593
 20
6174564.68674173
 10
6366775.51780656
 20
6174564.24089259
 10
6366775.97907133
 20
6174563.33527965
 10
6366776.35074721
 20
6174562.60642646
 10
6366776.81509926
 20
6174561.6948563
 10
6366777.52656367
 20
6174560.29770774
 10
6366778.03209388
 20
6174559.30570791
 10
6366774.93206118
 20
6174554.40522552
 10
6366773.24710074
 20
6174551.74096068
 10
6366770.15329552
 20
6174553.66077634
 10
6366768.91981155
 20
6174554.42616028
 10
6366768.27715135
 20
6174555.70026549
 10
6366768.00938471
 20
6174556.23055926
 10
6366767.55930951
 20
6174557.12333011
 10
6366765.28320623
 20
6174561.6368279
  0
LWPOLYLINE
  5
2000B
330
1F
100
AcDbEntity
  8
parcelas
100
AcDbPolyline
 90
36
 70
1
 10
6366755.36274288
 20
6174556.47548448
 10
6366755.6169175
 20
6174556.6072082
 10
6366757.21339389
 20
6174557.43859824
 10
6366758.36609378
 20
6174558.03748604
 10
6366760.40637563
 20
6174559.09937808
 10
6366761.55906102
 20
6174559.69926598
 10
6366763.15555188
 20
6174560.52965588
 10
6366764.30823726
 20
6174561.12954376
 10
6366765.28320623
 20
6174561.6368279
 10
6366767.55930951
 20
6174557.12333011
 10
6366768.00938471
 20
6174556.23055926
 10
6366768.27715135
 20
6174555.70026549
 10
6366768.91981155
 20
6174554.42616028
 10
6366770.15329552
 20
6174553.66077634
 10
6366773.24710074
 20
6174551.74096068
 10
6366771.26679974
 20
6174548.61026755
 10
6366768.69484643
 20
6174544.54470313
 10
6366768.32129334
 20
6174543.95310163
 10
6366768.02595276
 20
6174543.48667337
 10
6366766.75563746
 20
6174541.47762562
 10
6366765.55969375
 20
6174542.20654139
 10
6366763.85207032
 20
6174543.24714769
 10
6366762.6561266
 20
6174543.97606347
 10
6366761.49652023
 20
6174544.68249823
 10
6366761.11805813
 20
6174544.91309182
 10
6366760.09369857
 20
6174545.5364584
 10
6366759.77477928
 20
6174545.73090262
 10
6366758.5566302
 20
6174546.47350126
 10
6366757.53225615
 20
6174547.09786797
 10
6366755.99518777
 20
6174548.03491084
 10
6366754.88503612
 20
6174548.71105205
 10
6366753.34696762
 20
6174549.64808046
 10
6366751.6605349
 20
6174550.67598962
 10
6366751.81332815
 20
6174554.6294826
 10
6366754.46421761
 20
6174556.00832039
 10
6366755.36274288
 20
6174556.47548448
  0
LWPOLYLINE
  5
2000C
330
1F
100
AcDbEntity
  8
parcelas
100
AcDbPolyline
 90
29
 70
1
 10
6366792.27602408
 20
6174555.00260169
 10
6366795.2473668
 20
6174553.25006674
 10
6366798.51736567
 20
6174551.3207999
 10
6366794.77790779
 20
6174545.53777165
 10
6366794.12630627
 20
6174544.52900835
 10
6366792.48454005
 20
6174541.99040986
 10
6366790.96703544
 20
6174539.64367305
 10
6366788.81942472
 20
6174536.32349563
 10
6366784.98018667
 20
6174530.38497161
 10
6366784.12536763
 20
6174530.90576026
 10
6366781.5619396
 20
6174532.46614049
 10
6366778.73512014
 20
6174534.18575772
 10
6366776.59859431
 20
6174535.48623648
 10
6366775.74377526
 20
6174536.00702515
 10
6366776.9484589
 20
6174537.85106894
 10
6366777.2498726
 20
6174538.31258356
 10
6366777.63251362
 20
6174538.89831476
 10
6366779.29809427
 20
6174541.45026262
 10
6366781.75639513
 20
6174545.21308295
 10
6366781.82685303
 20
6174545.32113833
 10
6366782.19383997
 20
6174545.88263497
 10
6366782.63128482
 20
6174546.55218698
 10
6366783.17636603
 20
6174547.38735144
 10
6366784.78033047
 20
6174549.84237547
 10
6366785.00931502
 20
6174550.19380548
 10
6366786.31186577
 20
6174552.18731488
 10
6366786.58294243
 20
6174552.60237509
 10
6366789.2976081
 20
6174556.76003583
 10
6366792.27602408
 20
6174555.00260169
  0
LWPOLYLINE
  5
2000D
330
1F
100
AcDbEntity
  8
parcelas
100
AcDbPolyline
 90
31
 70
1
 10
6366807.56955976
 20
6174562.48851191
 10
6366807.77958289
 20
6174562.35350986
 10
6366813.43901877
 20
6174558.92836375
 10
6366813.6529699
 20
6174558.79842023
 10
6366815.16067244
 20
6174557.88596015
 10
6366815.07953204
 20
6174557.7557429
 10
6366810.43926665
 20
6174550.28212207
 10
6366807.50476148
 20
6174545.5560938
 10
6366806.02771062
 20
6174543.17893316
 10
6366805.50084884
 20
6174542.32902784
 10
6366803.21833682
 20
6174538.65378198
 10
6366801.33172847
 20
6174535.61547587
 10
6366800.53993565
 20
6174534.34059613
 10
6366800.35813073
 20
6174534.04686808
 10
6366798.68559216
 20
6174531.35377391
 10
6366796.49398992
 20
6174527.82489185
 10
6366795.01696812
 20
6174525.44573081
 10
6366794.48910626
 20
6174524.59581094
 10
6366784.98018667
 20
6174530.38497161
 10
6366788.81942472
 20
6174536.32349563
 10
6366790.96703544
 20
6174539.64367305
 10
6366792.48454005
 20
6174541.99040986
 10
6366794.12630627
 20
6174544.52900835
 10
6366794.77790779
 20
6174545.53777165
 10
6366798.51736567
 20
6174551.3207999
 10
6366799.18952045
 20
6174552.36087096
 10
6366800.33911052
 20
6174554.14109599
 10
6366801.75680588
 20
6174556.33433749
 10
6366804.486546
 20
6174560.55623709
 10
6366806.27409828
 20
6174563.3200196
 10
6366807.56955976
 20
6174562.48851191
  0
LWPOLYLINE
  5
2000E
330
1F
100
AcDbEntity
  8
parcelas
100
AcDbPolyline
 90
36
 70
1
 10
6366830.37929078
 20
6174548.30926418
 10
6366832.79949959
 20
6174546.8298361
 10
6366834.2094521
 20
6174545.96697652
 10
6366835.23385487
 20
6174545.34060976
 10
6366835.61131677
 20
6174545.11000173
 10
6366838.5498681
 20
6174543.34500187
 10
6366833.42783416
 20
6174535.08514979
 10
6366833.07848117
 20
6174534.521708
 10
6366830.68794747
 20
6174530.6660396
 10
6366830.36440056
 20
6174530.14418499
 10
6366827.99790753
 20
6174526.32767736
 10
6366826.40850978
 20
6174523.76482963
 10
6366826.2219072
 20
6174523.46392979
 10
6366825.66463599
 20
6174522.56566845
 10
6366824.25763599
 20
6174520.29705746
 10
6366823.45159661
 20
6174518.99746345
 10
6366822.92473493
 20
6174518.14755814
 10
6366820.9511887
 20
6174514.96494633
 10
6366819.79540938
 20
6174513.10100454
 10
6366818.03632424
 20
6174510.26421051
 10
6366817.09668892
 20
6174510.83677377
 10
6366814.43335148
 20
6174512.4577263
 10
6366812.65409712
 20
6174513.54030845
 10
6366810.26123879
 20
6174514.99612482
 10
6366809.86864474
 20
6174515.23551652
 10
6366810.39649205
 20
6174516.08643648
 10
6366816.51460453
 20
6174525.9512346
 10
6366817.04146624
 20
6174526.80113991
 10
6366817.35718613
 20
6174527.31087727
 10
6366820.42551896
 20
6174532.25891556
 10
6366820.74125333
 20
6174532.76765281
 10
6366821.79497678
 20
6174534.46746338
 10
6366823.66881533
 20
6174537.48957911
 10
6366825.28266547
 20
6174540.09079334
 10
6366825.75773824
 20
6174540.85592114
 10
6366830.37929078
 20
6174548.30926418
  0
LWPOLYLINE
  5
2000F
330
1F
100
AcDbEntity
  8
parcelas
100
AcDbPolyline
 90
26
 70
1
 10
6366842.82616686
 20
6174568.48205149
 10
6366845.17797616
 20
6174566.95961882
 10
6366846.71388415
 20
6174565.96454055
 10
6366850.79246295
 20
6174563.32275361
 10
6366849.55335424
 20
6174561.30015405
 10
6366848.89275137
 20
6174560.22223824
 10
6366848.60642635
 20
6174559.7549404
 10
6366842.09224964
 20
6174549.12616089
 10
6366840.47886315
 20
6174546.49294321
 10
6366839.48893003
 20
6174544.87808411
 10
6366838.61631105
 20
6174543.45399939
 10
6366838.5498681
 20
6174543.34500187
 10
6366835.61131677
 20
6174545.11000173
 10
6366835.23385487
 20
6174545.34060976
 10
6366834.2094521
 20
6174545.96697652
 10
6366832.79949959
 20
6174546.8298361
 10
6366830.37929078
 20
6174548.30926418
 10
6366831.74666151
 20
6174550.52378356
 10
6366833.96726745
 20
6174554.12210754
 10
6366834.76480015
 20
6174555.41507608
 10
6366835.8750814
 20
6174557.21573821
 10
6366837.46136312
 20
6174559.78654313
 10
6366837.55420061
 20
6174559.93793662
 10
6366840.05334808
 20
6174563.98844071
 10
6366840.80006296
 20
6174565.19864645
 10
6366842.82616686
 20
6174568.48205149
  0
LWPOLYLINE
  5
20010
330
1F
100
AcDbEntity
  8
parcelas
100
AcDbPolyline
 90
26
 70
1
 10
6366849.55335424
 20
6174561.30015405
 10
6366850.79246295
 20
6174563.32275361
 10
6366851.42560502
 20
6174562.91279042
 10
6366856.2110441
 20
6174559.81309249
 10
6366856.7704824
 20
6174559.45007709
 10
6366857.51772396
 20
6174558.96674262
 10
6366862.21834207
 20
6174555.92183412
 10
6366862.6677103
 20
6174555.63024776
 10
6366861.44477931
 20
6174553.94099036
 10
6366860.61511343
 20
6174552.79460399
 10
6366860.37973705
 20
6174552.4700902
 10
6366857.33465747
 20
6174548.26462972
 10
6366851.24352727
 20
6174539.8516938
 10
6366850.19124021
 20
6174538.39798382
 10
6366849.13504952
 20
6174536.94022966
 10
6366845.88788023
 20
6174538.95085297
 10
6366845.05918025
 20
6174539.46401733
 10
6366842.70531225
 20
6174540.92139894
 10
6366842.15922311
 20
6174541.26059994
 10
6366838.61631105
 20
6174543.45399939
 10
6366839.48893003
 20
6174544.87808411
 10
6366840.47886315
 20
6174546.49294321
 10
6366842.09224964
 20
6174549.12616089
 10
6366848.60642635
 20
6174559.7549404
 10
6366848.89275137
 20
6174560.22223824
 10
6366849.55335424
 20
6174561.30015405
  0
LWPOLYLINE
  5
20011
330
1F
100
AcDbEntity
  8
parcelas
100
AcDbPolyline
 90
11
 70
1
 10
6366884.18191997
 20
6174508.52159252
 10
6366879.71667015
 20
6174502.50097716
 10
6366877.21372999
 20
6174499.12663682
 10
6366873.28125477
 20
6174493.82396935
 10
6366867.63701309
 20
6174497.9265527
 10
6366864.87199994
 20
6174499.93715835
 10
6366865.39930316
 20
6174500.65466191
 10
6366866.71330963
 20
6174502.44263567
 10
6366873.59296797
 20
6174511.80329836
 10
6366875.37051637
 20
6174514.221824
 10
6366884.18191997
 20
6174508.52159252
  0
LWPOLYLINE
  5
20012
330
1F
100
AcDbEntity
  8
parcelas
100
AcDbPolyline
 90
25
 70
1
 10
6366862.74600645
 20
6174526.61099576
 10
6366864.43380444
 20
6174528.80314836
 10
6366865.76616823
 20
6174530.53400416
 10
6366869.79419122
 20
6174527.99852006
 10
6366872.27560921
 20
6174526.43695224
 10
6366875.22948497
 20
6174524.5781307
 10
6366879.85512437
 20
6174521.66818068
 10
6366880.7021306
 20
6174521.13427483
 10
6366881.9559642
 20
6174520.34517837
 10
6366884.5433793
 20
6174518.71712429
 10
6366885.51151479
 20
6174518.10794838
 10
6366886.94100539
 20
6174517.20836017
 10
6366888.08581249
 20
6174516.48770689
 10
6366889.45270199
 20
6174515.62822504
 10
6366888.50196388
 20
6174514.34604131
 10
6366887.30984876
 20
6174512.73925685
 10
6366886.41601609
 20
6174511.53392209
 10
6366885.2249011
 20
6174509.9271521
 10
6366884.18191997
 20
6174508.52159252
 10
6366875.37051637
 20
6174514.221824
 10
6366869.60260674
 20
6174517.95349671
 10
6366868.4241728
 20
6174518.7166768
 10
6366866.32482598
 20
6174520.07471211
 10
6366860.57710689
 20
6174523.79367335
 10
6366862.74600645
 20
6174526.61099576
  0
LWPOLYLINE
  5
20013
330
1F
100
AcDbEntity
  8
parcelas
100
AcDbPolyline
 90
18
 70
1
 10
6366887.35251382
 20
6174529.95644205
 10
6366888.31876121
 20
6174531.27286142
 10
6366889.07898366
 20
6174532.31020678
 10
6366892.16896638
 20
6174536.52331977
 10
6366892.67284782
 20
6174536.19751189
 10
6366895.47302498
 20
6174534.38347892
 10
6366895.97692091
 20
6174534.05667094
 10
6366897.24017561
 20
6174533.23870156
 10
6366898.14575292
 20
6174527.34991263
 10
6366896.6475283
 20
6174525.32956131
 10
6366894.52232934
 20
6174522.46485678
 10
6366893.10459385
 20
6174523.38162079
 10
6366891.96858497
 20
6174524.11640608
 10
6366891.50509925
 20
6174524.41579043
 10
6366887.84865398
 20
6174526.78160081
 10
6366886.59753098
 20
6174527.59074303
 10
6366885.93309565
 20
6174528.02025921
 10
6366887.35251382
 20
6174529.95644205
  0
LWPOLYLINE
  5
20014
330
1F
100
AcDbEntity
  8
parcelas
100
AcDbPolyline
 90
16
 70
1
 10
6366888.31876121
 20
6174531.27286142
 10
6366887.35251382
 20
6174529.95644205
 10
6366885.93309565
 20
6174528.02025921
 10
6366885.38478901
 20
6174528.37443288
 10
6366883.96806809
 20
6174529.29021131
 10
6366883.41368833
 20
6174529.64929861
 10
6366882.54023001
 20
6174530.21383129
 10
6366878.57279397
 20
6174532.77920242
 10
6366880.61937497
 20
6174535.54673701
 10
6366880.79793282
 20
6174535.78840113
 10
6366884.84893033
 20
6174541.26484059
 10
6366885.35281178
 20
6174540.9390327
 10
6366887.36736644
 20
6174539.63378639
 10
6366892.16896638
 20
6174536.52331977
 10
6366889.07898366
 20
6174532.31020678
 10
6366888.31876121
 20
6174531.27286142
  0
LWPOLYLINE
  5
20015
330
1F
100
AcDbEntity
  8
parcelas
100
AcDbPolyline
 90
46
 70
1
 10
6366786.58294243
 20
6174552.60237509
 10
6366786.31186577
 20
6174552.18731488
 10
6366785.00931502
 20
6174550.19380548
 10
6366784.78033047
 20
6174549.84237547
 10
6366783.17636603
 20
6174547.38735144
 10
6366782.63128482
 20
6174546.55218698
 10
6366782.19383997
 20
6174545.88263497
 10
6366781.82685303
 20
6174545.32113833
 10
6366781.75639513
 20
6174545.21308295
 10
6366779.29809427
 20
6174541.45026262
 10
6366777.63251362
 20
6174538.89831476
 10
6366777.2498726
 20
6174538.31258356
 10
6366776.9484589
 20
6174537.85106894
 10
6366775.74377526
 20
6174536.00702515
 10
6366775.55404415
 20
6174536.1223147
 10
6366771.89662566
 20
6174538.34806671
 10
6366767.24814114
 20
6174541.17766118
 10
6366766.75563746
 20
6174541.47762562
 10
6366768.02595276
 20
6174543.48667337
 10
6366768.32129334
 20
6174543.95310163
 10
6366768.69484643
 20
6174544.54470313
 10
6366771.26679974
 20
6174548.61026755
 10
6366773.24710074
 20
6174551.74096068
 10
6366774.93206118
 20
6174554.40522552
 10
6366778.03209388
 20
6174559.30570791
 10
6366777.52656367
 20
6174560.29770774
 10
6366776.81509926
 20
6174561.6948563
 10
6366776.35074721
 20
6174562.60642646
 10
6366775.97907133
 20
6174563.33527965
 10
6366775.51780656
 20
6174564.24089259
 10
6366775.29027593
 20
6174564.68674173
 10
6366774.4223172
 20
6174566.39072323
 10
6366774.62187674
 20
6174566.49464698
 10
6366781.87955042
 20
6174570.26997757
 10
6366782.2131401
 20
6174570.44386503
 10
6366783.08378038
 20
6174568.76192953
 10
6366783.42133683
 20
6174568.109607
 10
6366783.78151881
 20
6174567.41459832
 10
6366784.6274609
 20
6174565.78032058
 10
6366785.34988306
 20
6174564.38633176
 10
6366786.87915634
 20
6174561.4325232
 10
6366787.33918917
 20
6174560.54289763
 10
6366788.029724
 20
6174559.20946663
 10
6366788.62971327
 20
6174558.04978056
 10
6366789.2976081
 20
6174556.76003583
 10
6366786.58294243
 20
6174552.60237509
  0
LWPOLYLINE
  5
20016
330
1F
100
AcDbEntity
  8
parcelas
100
AcDbPolyline
 90
38
 70
1
 10
6366821.48283206
 20
6174553.80419961
 10
6366822.46996985
 20
6174553.19529875
 10
6366823.83438378
 20
6174555.40677435
 10
6366827.39738514
 20
6174553.20766375
 10
6366831.74666151
 20
6174550.52378356
 10
6366830.37929078
 20
6174548.30926418
 10
6366825.75773824
 20
6174540.85592114
 10
6366825.28266547
 20
6174540.09079334
 10
6366823.66881533
 20
6174537.48957911
 10
6366821.79497678
 20
6174534.46746338
 10
6366820.74125333
 20
6174532.76765281
 10
6366820.42551896
 20
6174532.25891556
 10
6366817.35718613
 20
6174527.31087727
 10
6366817.04146624
 20
6174526.80113991
 10
6366816.51460453
 20
6174525.9512346
 10
6366810.39649205
 20
6174516.08643648
 10
6366809.86864474
 20
6174515.23551652
 10
6366806.70775958
 20
6174517.1593614
 10
6366806.1940652
 20
6174517.47202297
 10
6366802.36910671
 20
6174519.80038134
 10
6366798.52397204
 20
6174522.14045135
 10
6366794.69296935
 20
6174524.47172323
 10
6366794.48910626
 20
6174524.59581094
 10
6366795.01696812
 20
6174525.44573081
 10
6366796.49398992
 20
6174527.82489185
 10
6366798.68559216
 20
6174531.35377391
 10
6366800.35813073
 20
6174534.04686808
 10
6366800.53993565
 20
6174534.34059613
 10
6366801.33172847
 20
6174535.61547587
 10
6366803.21833682
 20
6174538.65378198
 10
6366805.50084884
 20
6174542.32902784
 10
6366806.02771062
 20
6174543.17893316
 10
6366807.50476148
 20
6174545.5560938
 10
6366810.43926665
 20
6174550.28212207
 10
6366815.07953204
 20
6174557.7557429
 10
6366818.48406674
 20
6174555.65436885
 10
6366818.78383891
 20
6174555.46965052
 10
6366821.48283206
 20
6174553.80419961
  0
LWPOLYLINE
  5
20017
330
1F
100
AcDbEntity
  8
parcelas
100
AcDbPolyline
 90
34
 70
1
 10
6366826.19589138
 20
6174505.29777518
 10
6366818.03632424
 20
6174510.26421051
 10
6366819.79540938
 20
6174513.10100454
 10
6366820.9511887
 20
6174514.96494633
 10
6366822.92473493
 20
6174518.14755814
 10
6366823.45159661
 20
6174518.99746345
 10
6366824.25763599
 20
6174520.29705746
 10
6366825.66463599
 20
6174522.56566845
 10
6366826.2219072
 20
6174523.46392979
 10
6366826.40850978
 20
6174523.76482963
 10
6366827.99790753
 20
6174526.32767736
 10
6366830.36440056
 20
6174530.14418499
 10
6366830.68794747
 20
6174530.6660396
 10
6366833.07848117
 20
6174534.521708
 10
6366833.42783416
 20
6174535.08514979
 10
6366838.5498681
 20
6174543.34500187
 10
6366838.61631105
 20
6174543.45399939
 10
6366842.15922311
 20
6174541.26059994
 10
6366842.70531225
 20
6174540.92139894
 10
6366845.05918025
 20
6174539.46401733
 10
6366845.88788023
 20
6174538.95085297
 10
6366849.13504952
 20
6174536.94022966
 10
6366848.98595898
 20
6174536.73600439
 10
6366847.34984761
 20
6174534.49758531
 10
6366846.27283301
 20
6174533.02451092
 10
6366842.97032234
 20
6174528.46330671
 10
6366838.40564706
 20
6174522.15905914
 10
6366837.59037204
 20
6174521.03406311
 10
6366837.04780184
 20
6174520.28504883
 10
6366835.69917754
 20
6174518.42201505
 10
6366835.37036598
 20
6174517.96774454
 10
6366827.9329092
 20
6174507.69680793
 10
6366827.44089334
 20
6174507.01729681
 10
6366826.19589138
 20
6174505.29777518
  0
LWPOLYLINE
  5
20018
330
1F
100
AcDbEntity
  8
parcelas
100
AcDbPolyline
 90
32
 70
1
 10
6366858.28796257
 20
6174491.00070233
 10
6366856.82923305
 20
6174489.0210605
 10
6366855.62379462
 20
6174487.38516
 10
6366826.19589138
 20
6174505.29777518
 10
6366827.44089334
 20
6174507.01729681
 10
6366827.9329092
 20
6174507.69680793
 10
6366835.37036598
 20
6174517.96774454
 10
6366835.69917754
 20
6174518.42201505
 10
6366837.04780184
 20
6174520.28504883
 10
6366837.59037204
 20
6174521.03406311
 10
6366838.40564706
 20
6174522.15905914
 10
6366842.97032234
 20
6174528.46330671
 10
6366846.27283301
 20
6174533.02451092
 10
6366851.24266433
 20
6174529.82561472
 10
6366853.4166961
 20
6174528.42647098
 10
6366858.83360916
 20
6174524.92180485
 10
6366860.57710689
 20
6174523.79367335
 10
6366866.32482598
 20
6174520.07471211
 10
6366868.4241728
 20
6174518.7166768
 10
6366869.60260674
 20
6174517.95349671
 10
6366875.37051637
 20
6174514.221824
 10
6366873.59296797
 20
6174511.80329836
 10
6366866.71330963
 20
6174502.44263567
 10
6366865.39930316
 20
6174500.65466191
 10
6366864.87199994
 20
6174499.93715835
 10
6366862.75971114
 20
6174497.07034594
 10
6366862.53419547
 20
6174496.76427457
 10
6366861.36285092
 20
6174495.173796
 10
6366859.79416847
 20
6174493.04538891
 10
6366859.50156917
 20
6174492.64813576
 10
6366858.71503797
 20
6174491.58028635
 10
6366858.28796257
 20
6174491.00070233
  0
LWPOLYLINE
  5
20019
330
1F
100
AcDbEntity
  8
parcelas
100
AcDbPolyline
 90
18
 70
1
 10
6366868.18907426
 20
6174486.95599988
 10
6366866.93516913
 20
6174485.26429285
 10
6366861.04029052
 20
6174484.08853899
 10
6366859.75858395
 20
6174484.86822865
 10
6366855.74288022
 20
6174487.31286129
 10
6366855.62379462
 20
6174487.38516
 10
6366856.82923305
 20
6174489.0210605
 10
6366858.28796257
 20
6174491.00070233
 10
6366858.71503797
 20
6174491.58028635
 10
6366859.50156917
 20
6174492.64813576
 10
6366859.79416847
 20
6174493.04538891
 10
6366861.36285092
 20
6174495.173796
 10
6366862.53419547
 20
6174496.76427457
 10
6366862.75971114
 20
6174497.07034594
 10
6366864.87199994
 20
6174499.93715835
 10
6366867.63701309
 20
6174497.9265527
 10
6366873.28125477
 20
6174493.82396935
 10
6366868.18907426
 20
6174486.95599988
  0
LWPOLYLINE
  5
2001A
330
1F
100
AcDbEntity
  8
parcelas
100
AcDbPolyline
 90
34
 70
1
 10
6366893.10459385
 20
6174523.38162079
 10
6366894.52232934
 20
6174522.46485678
 10
6366893.33021422
 20
6174520.85807239
 10
6366891.1540236
 20
6174517.92260642
 10
6366889.52039134
 20
6174515.72023511
 10
6366889.45270199
 20
6174515.62822504
 10
6366888.08581249
 20
6174516.48770689
 10
6366886.94100539
 20
6174517.20836017
 10
6366885.51151479
 20
6174518.10794838
 10
6366884.5433793
 20
6174518.71712429
 10
6366881.9559642
 20
6174520.34517837
 10
6366880.7021306
 20
6174521.13427483
 10
6366879.85512437
 20
6174521.66818068
 10
6366875.22948497
 20
6174524.5781307
 10
6366872.27560921
 20
6174526.43695224
 10
6366869.79419122
 20
6174527.99852006
 10
6366865.76616823
 20
6174530.53400416
 10
6366867.88891731
 20
6174533.29163879
 10
6366868.81872525
 20
6174534.49949538
 10
6366869.98811284
 20
6174536.01792213
 10
6366871.17712599
 20
6174537.56264159
 10
6366874.47205339
 20
6174535.4316712
 10
6366875.81608517
 20
6174534.56185485
 10
6366878.57279397
 20
6174532.77920242
 10
6366882.54023001
 20
6174530.21383129
 10
6366883.41368833
 20
6174529.64929861
 10
6366883.96806809
 20
6174529.29021131
 10
6366885.38478901
 20
6174528.37443288
 10
6366885.93309565
 20
6174528.02025921
 10
6366886.59753098
 20
6174527.59074303
 10
6366887.84865398
 20
6174526.78160081
 10
6366891.50509925
 20
6174524.41579043
 10
6366891.96858497
 20
6174524.11640608
 10
6366893.10459385
 20
6174523.38162079
  0
LWPOLYLINE
  5
2001B
330
1F
100
AcDbEntity
  8
lfi
100
AcDbPolyline
 90
5
 70
1
 10
6366789.87457981
 20
6174545.57231329
 10
6366823.01870376
 20
6174562.59605474
 10
6366866.29731289
 20
6174534.50760481
 10
6366848.01920324
 20
6174510.10632883
 10
6366789.87457981
 20
6174545.57231329
  0
LWPOLYLINE
  5
2001C
330
1F
100
AcDbEntity
  8
lib
100
AcDbPolyline
 90
5
 70
1
 10
6366803.85053652
 20
6174543.11340066
 10
6366825.94661915
 20
6174554.46256163
 10
6366854.79902523
 20
6174535.73692835
 10
6366842.6136188
 20
6174519.46941103
 10
6366803.85053652
 20
6174543.11340066
  0
LWPOLYLINE
  5
2001D
330
1F
100
AcDbEntity
  8
Tronera SI
100
AcDbPolyline
 90
5
 70
1
 10
6366815.01297223
 20
6174558.48408895
 10
6366810.90100645
 20
6174566.48982049
 10
6366813.99405364
 20
6174568.07849532
 10
6366822.69642989
 20
6174562.43052594
 10
6366815.01297223
 20
6174558.48408895
  0
LWPOLYLINE
  5
2001E
330
1F
100
AcDbEntity
  8
Irregular
100
AcDbPolyline
 90
5
 70
1
 10
6366801.77407709
 20
6174561.80197639
 10
6366805.88604288
 20
6174553.79624486
 10
6366790.35865041
 20
6174545.82094537
 10
6366781.35380198
 20
6174551.31355665
 10
6366801.77407709
 20
6174561.80197639
  0
LWPOLYLINE
  5
2001F
330
1F
100
AcDbEntity
  8
Irregular
100
AcDbPolyline
 90
5
 70
1
 10
6366868.10486642
 20
6174521.9086862
 10
6366860.90163035
 20
6174527.30436874
 10
6366866.1084588
 20
6174534.25548461
 10
6366873.67493668
 20
6174529.34472987
 10
6366868.10486642
 20
6174521.9086862
  0
LWPOLYLINE
  5
20020
330
1F
100
AcDbEntity
  8
banda_minima
100
AcDbPolyline
 90
6
 70
1
 10
6366789.2976081
 20
6174556.76003583
 10
6366782.2131401
 20
6174570.44386503
 10
6366789.89773306
 20
6174574.44145017
 10
6366797.21614438
 20
6174560.21312118
 10
6366789.89782276
 20
6174556.40587518
 10
6366789.2976081
 20
6174556.76003583
  0
LWPOLYLINE
  5
20021
330
1F
100
AcDbEntity
  8
banda_minima
100
AcDbPolyline
 90
5
 70
1
 10
6366871.17712599
 20
6174537.56264159
 10
6366877.62887618
 20
6174545.94078842
 10
6366884.84893033
 20
6174541.26484059
 10
6366878.57279397
 20
6174532.77920242
 10
6366871.17712599
 20
6174537.56264159
  0
LWPOLYLINE
  5
20022
330
1F
100
AcDbEntity
  8
banda_minima
100
AcDbPolyline
 90
5
 70
1
 10
6366819.33093999
 20
6174564.63782384
 10
6366827.74076894
 20
6174578.25374051
 10
6366842.82616686
 20
6174568.48205149
 10
6366834.42338493
 20
6174554.86157007
 10
6366819.33093999
 20
6174564.63782384
  0
LWPOLYLINE
  5
20023
330
1F
100
AcDbEntity
  8
banda_minima
100
AcDbPolyline
 90
5
 70
1
 10
6366802.92974861
 20
6174538.18902239
 10
6366794.48910626
 20
6174524.59581094
 10
6366784.98018667
 20
6174530.38497161
 10
6366793.67141268
 20
6174543.8256243
 10
6366802.92974861
 20
6174538.18902239
  0
LWPOLYLINE
  5
20024
330
1F
100
AcDbEntity
  8
banda_minima
100
AcDbPolyline
 90
10
 70
1
 10
6366784.49781068
 20
6174549.40995138
 10
6366775.74377526
 20
6174536.00702515
 10
6366766.75563746
 20
6174541.47762562
 10
6366778.03209388
 20
6174559.30570791
 10
6366774.4223172
 20
6174566.39072323
 10
6366782.2131401
 20
6174570.44386503
 10
6366789.2976081
 20
6174556.76003583
 10
6366788.63852292
 20
6174555.7506104
 10
6366780.7887429
 20
6174551.66656049
 10
6366784.49781068
 20
6174549.40995138
  0
LWPOLYLINE
  5
20025
330
1F
100
AcDbEntity
  8
banda_minima
100
AcDbPolyline
 90
5
 70
1
 10
6366853.27115418
 20
6174542.65220778
 10
6366862.6677103
 20
6174555.63024776
 10
6366870.35023578
 20
6174550.65590068
 10
6366860.62644646
 20
6174537.89135656
 10
6366853.27115418
 20
6174542.65220778
  0
LWPOLYLINE
  5
20026
330
1F
100
AcDbEntity
  8
banda_minima
100
AcDbPolyline
 90
5
 70
1
 10
6366818.03632424
 20
6174510.26421051
 10
6366826.46896447
 20
6174523.86231068
 10
6366835.60983882
 20
6174518.29858891
 10
6366826.19589138
 20
6174505.29777518
 10
6366818.03632424
 20
6174510.26421051
  0
LWPOLYLINE
  5
20027
330
1F
100
AcDbEntity
  8
banda_minima
100
AcDbPolyline
 90
6
 70
1
 10
6366765.28320623
 20
6174561.6368279
 10
6366774.4223172
 20
6174566.39072323
 10
6366778.03209388
 20
6174559.30570791
 10
6366773.24710074
 20
6174551.74096068
 10
6366768.91981155
 20
6174554.42616028
 10
6366765.28320623
 20
6174561.6368279
  0
LWPOLYLINE
  5
20028
330
1F
100
AcDbEntity
  8
banda_minima
100
AcDbPolyline
 90
5
 70
1
 10
6366797.77689932
 20
6174578.54188628
 10
6366805.57922923
 20
6174564.56515297
 10
6366797.21616433
 20
6174560.21308242
 10
6366789.89773306
 20
6174574.44145017
 10
6366797.77689932
 20
6174578.54188628
  0
LWPOLYLINE
  5
20029
330
1F
100
AcDbEntity
  8
banda_minima
100
AcDbPolyline
 90
5
 70
1
 10
6366793.67134001
 20
6174543.82551193
 10
6366784.98018667
 20
6174530.38497161
 10
6366775.74377526
 20
6174536.00702515
 10
6366784.49748537
 20
6174549.40945346
 10
6366793.67134001
 20
6174543.82551193
  0
LWPOLYLINE
  5
2002A
330
1F
100
AcDbEntity
  8
banda_minima
100
AcDbPolyline
 90
6
 70
1
 10
6366885.93309565
 20
6174528.02025921
 10
6366892.16896638
 20
6174536.52331977
 10
6366897.24017561
 20
6174533.23870156
 10
6366898.14575292
 20
6174527.34991263
 10
6366894.52232934
 20
6174522.46485678
 10
6366885.93309565
 20
6174528.02025921
  0
LWPOLYLINE
  5
2002B
330
1F
100
AcDbEntity
  8
banda_minima
100
AcDbPolyline
 90
5
 70
1
 10
6366818.30140853
 20
6174528.8335441
 10
6366809.86864474
 20
6174515.23551652
 10
6366794.48910626
 20
6174524.59581094
 10
6366802.92975581
 20
6174538.18903399
 10
6366818.30140853
 20
6174528.8335441
  0
LWPOLYLINE
  5
2002C
330
1F
100
AcDbEntity
  8
banda_minima
100
AcDbPolyline
 90
6
 70
1
 10
6366819.40486663
 20
6174583.65376431
 10
6366811.51036298
 20
6174571.42847726
 10
6366805.44362034
 20
6174582.53020919
 10
6366811.09590321
 20
6174585.46801818
 10
6366817.04194006
 20
6174585.18403878
 10
6366819.40486663
 20
6174583.65376431
  0
LWPOLYLINE
  5
2002D
330
1F
100
AcDbEntity
  8
banda_minima
100
AcDbPolyline
 90
5
 70
1
 10
6366810.72506146
 20
6174570.21272933
 10
6366819.40486663
 20
6174583.65376431
 10
6366827.74076894
 20
6174578.25374051
 10
6366819.33094191
 20
6174564.63782696
 10
6366810.72506146
 20
6174570.21272933
  0
LWPOLYLINE
  5
2002E
330
1F
100
AcDbEntity
  8
banda_minima
100
AcDbPolyline
 90
5
 70
1
 10
6366826.46893057
 20
6174523.86225602
 10
6366818.03632424
 20
6174510.26421051
 10
6366809.86864474
 20
6174515.23551652
 10
6366818.30135345
 20
6174528.83345527
 10
6366826.46893057
 20
6174523.86225602
  0
LWPOLYLINE
  5
2002F
330
1F
100
AcDbEntity
  8
banda_minima
100
AcDbPolyline
 90
5
 70
1
 10
6366860.62640008
 20
6174537.89129566
 10
6366870.35023578
 20
6174550.65590068
 10
6366877.62887618
 20
6174545.94078842
 10
6366867.83490567
 20
6174533.22147299
 10
6366860.62640008
 20
6174537.89129566
  0
LWPOLYLINE
  5
20030
330
1F
100
AcDbEntity
  8
banda_minima
100
AcDbPolyline
 90
5
 70
1
 10
6366894.52232934
 20
6174522.46485678
 10
6366889.45270199
 20
6174515.62822504
 10
6366875.8748977
 20
6174524.17210709
 10
6366881.05922643
 20
6174531.17145828
 10
6366894.52232934
 20
6174522.46485678
  0
LWPOLYLINE
  5
20031
330
1F
100
AcDbEntity
  8
banda_minima
100
AcDbPolyline
 90
5
 70
1
 10
6366875.87107665
 20
6174524.17451088
 10
6366889.45270199
 20
6174515.62822504
 10
6366884.18191997
 20
6174508.52159252
 10
6366870.72033047
 20
6174517.23036139
 10
6366875.87107665
 20
6174524.17451088
  0
LWPOLYLINE
  5
20032
330
1F
100
AcDbEntity
  8
banda_minima
100
AcDbPolyline
 90
6
 70
1
 10
6366797.77689932
 20
6174578.54188628
 10
6366805.44362034
 20
6174582.53020919
 10
6366811.51036298
 20
6174571.42847726
 10
6366807.8363898
 20
6174565.73915952
 10
6366805.57941359
 20
6174564.56482262
 10
6366797.77689932
 20
6174578.54188628
  0
LWPOLYLINE
  5
20033
330
1F
100
AcDbEntity
  8
banda_minima
100
AcDbPolyline
 90
7
 70
1
 10
6366751.81332815
 20
6174554.6294826
 10
6366765.28320623
 20
6174561.6368279
 10
6366768.91981155
 20
6174554.42616028
 10
6366773.24710074
 20
6174551.74096068
 10
6366766.75563746
 20
6174541.47762562
 10
6366751.6605349
 20
6174550.67598962
 10
6366751.81332815
 20
6174554.6294826
  0
LWPOLYLINE
  5
20034
330
1F
100
AcDbEntity
  8
banda_minima
100
AcDbPolyline
 90
5
 70
1
 10
6366842.82616686
 20
6174568.48205149
 10
6366850.79246295
 20
6174563.32275361
 10
6366842.42952616
 20
6174549.67647414
 10
6366834.42343841
 20
6174554.86165678
 10
6366842.82616686
 20
6174568.48205149
  0
LWPOLYLINE
  5
20035
330
1F
100
AcDbEntity
  8
banda_minima
100
AcDbPolyline
 90
5
 70
1
 10
6366884.18191997
 20
6174508.52159252
 10
6366873.28125477
 20
6174493.82396935
 10
6366864.87199994
 20
6174499.93715835
 10
6366875.37051637
 20
6174514.221824
 10
6366884.18191997
 20
6174508.52159252
  0
LWPOLYLINE
  5
20036
330
1F
100
AcDbEntity
  8
banda_minima
100
AcDbPolyline
 90
5
 70
1
 10
6366892.16896638
 20
6174536.52331977
 10
6366885.93309565
 20
6174528.02025921
 10
6366878.57279397
 20
6174532.77920242
 10
6366884.84893033
 20
6174541.26484059
 10
6366892.16896638
 20
6174536.52331977
  0
LWPOLYLINE
  5
20037
330
1F
100
AcDbEntity
  8
banda_minima
100
AcDbPolyline
 90
6
 70
1
 10
6366866.93516913
 20
6174485.26429285
 10
6366861.04029052
 20
6174484.08853899
 10
6366855.62379462
 20
6174487.38516
 10
6366864.87199994
 20
6174499.93715835
 10
6366873.28125477
 20
6174493.82396935
 10
6366866.93516913
 20
6174485.26429285
  0
LWPOLYLINE
  5
20038
330
1F
100
AcDbEntity
  8
banda_minima
100
AcDbPolyline
 90
5
 70
1
 10
6366850.79246295
 20
6174563.32275361
 10
6366862.6677103
 20
6174555.63024776
 10
6366853.27203674
 20
6174542.65342676
 10
6366842.42955793
 20
6174549.67652598
 10
6366850.79246295
 20
6174563.32275361
  0
LWPOLYLINE
  5
20039
330
1F
100
AcDbEntity
  8
banda_minima
100
AcDbPolyline
 90
5
 70
1
 10
6366865.15110439
 20
6174500.31693687
 10
6366855.62379462
 20
6174487.38516
 10
6366826.19589138
 20
6174505.29777518
 10
6366835.60982185
 20
6174518.29856546
 10
6366865.15110439
 20
6174500.31693687
  0
LWPOLYLINE
  5
2003A
330
1F
100
AcDbEntity
  8
ldf
100
AcDbPolyline
 90
6
 70
0
 10
6366838.61631105
 20
6174543.45399939
 10
6366842.15922311
 20
6174541.26059994
 10
6366842.70531225
 20
6174540.92139894
 10
6366845.05918025
 20
6174539.46401733
 10
6366845.88788023
 20
6174538.95085297
 10
6366849.13504952
 20
6174536.94022966
  0
LWPOLYLINE
  5
2003B
330
1F
100
AcDbEntity
  8
ldf
100
AcDbPolyline
 90
9
 70
0
 10
6366846.27283301
 20
6174533.02451092
 10
6366851.24266433
 20
6174529.82561472
 10
6366853.4166961
 20
6174528.42647098
 10
6366858.83360916
 20
6174524.92180485
 10
6366860.57710689
 20
6174523.79367335
 10
6366866.32482598
 20
6174520.07471211
 10
6366868.4241728
 20
6174518.7166768
 10
6366869.60260674
 20
6174517.95349671
 10
6366875.37051637
 20
6174514.221824
  0
LWPOLYLINE
  5
2003C
330
1F
100
AcDbEntity
  8
ldf
100
AcDbPolyline
 90
5
 70
0
 10
6366865.76616823
 20
6174530.53400416
 10
6366867.88891731
 20
6174533.29163879
 10
6366868.81872525
 20
6174534.49949538
 10
6366869.98811284
 20
6174536.01792213
 10
6366871.17712599
 20
6174537.56264159
  0
LWPOLYLINE
  5
2003D
330
1F
100
AcDbEntity
  8
ldf
100
AcDbPolyline
 90
4
 70
0
 10
6366878.57279397
 20
6174532.77920242
 10
6366875.81608517
 20
6174534.56185485
 10
6366874.47205339
 20
6174535.4316712
 10
6366871.17712599
 20
6174537.56264159
  0
LWPOLYLINE
  5
2003E
330
1F
100
AcDbEntity
  8
ldf
100
AcDbPolyline
 90
5
 70
0
 10
6366811.51036298
 20
6174571.42847726
 10
6366809.69253156
 20
6174568.61424001
 10
6366808.56839384
 20
6174566.87239612
 10
6366807.71524584
 20
6174565.55161307
 10
6366806.27409828
 20
6174563.3200196
  0
LWPOLYLINE
  5
2003F
330
1F
100
AcDbEntity
  8
ldf
100
AcDbPolyline
 90
4
 70
0
 10
6366806.27409828
 20
6174563.3200196
 10
6366804.486546
 20
6174560.55623709
 10
6366801.75680588
 20
6174556.33433749
 10
6366800.33911052
 20
6174554.14109599
  0
LWPOLYLINE
  5
20040
330
1F
100
AcDbEntity
  8
ldf
100
AcDbPolyline
 90
4
 70
0
 10
6366789.2976081
 20
6174556.76003583
 10
6366792.27602408
 20
6174555.00260169
 10
6366795.2473668
 20
6174553.25006674
 10
6366798.51736567
 20
6174551.3207999
  0
LWPOLYLINE
  5
20041
330
1F
100
AcDbEntity
  8
ldf
100
AcDbPolyline
 90
6
 70
0
 10
6366806.27409828
 20
6174563.3200196
 10
6366807.56955976
 20
6174562.48851191
 10
6366807.77958289
 20
6174562.35350986
 10
6366813.43901877
 20
6174558.92836375
 10
6366813.6529699
 20
6174558.79842023
 10
6366815.16067244
 20
6174557.88596015
  0
LWPOLYLINE
  5
20042
330
1F
100
AcDbEntity
  8
ldf
100
AcDbPolyline
 90
6
 70
0
 10
6366830.37929078
 20
6174548.30926418
 10
6366832.79949959
 20
6174546.8298361
 10
6366834.2094521
 20
6174545.96697652
 10
6366835.23385487
 20
6174545.34060976
 10
6366835.61131677
 20
6174545.11000173
 10
6366838.5498681
 20
6174543.34500187
  0
LWPOLYLINE
  5
20043
330
1F
100
AcDbEntity
  8
ldf
100
AcDbPolyline
 90
6
 70
0
 10
6366838.5498681
 20
6174543.34500187
 10
6366835.61131677
 20
6174545.11000173
 10
6366835.23385487
 20
6174545.34060976
 10
6366834.2094521
 20
6174545.96697652
 10
6366832.79949959
 20
6174546.8298361
 10
6366830.37929078
 20
6174548.30926418
  0
LWPOLYLINE
  5
20044
330
1F
100
AcDbEntity
  8
ldf
100
AcDbPolyline
 90
6
 70
0
 10
6366849.13504952
 20
6174536.94022966
 10
6366845.88788023
 20
6174538.95085297
 10
6366845.05918025
 20
6174539.46401733
 10
6366842.70531225
 20
6174540.92139894
 10
6366842.15922311
 20
6174541.26059994
 10
6366838.61631105
 20
6174543.45399939
  0
LWPOLYLINE
  5
20045
330
1F
100
AcDbEntity
  8
ldf
100
AcDbPolyline
 90
5
 70
0
 10
6366864.87199994
 20
6174499.93715835
 10
6366865.39930316
 20
6174500.65466191
 10
6366866.71330963
 20
6174502.44263567
 10
6366873.59296797
 20
6174511.80329836
 10
6366875.37051637
 20
6174514.221824
  0
LWPOLYLINE
  5
20046
330
1F
100
AcDbEntity
  8
ldf
100
AcDbPolyline
 90
4
 70
0
 10
6366860.57710689
 20
6174523.79367335
 10
6366862.74600645
 20
6174526.61099576
 10
6366864.43380444
 20
6174528.80314836
 10
6366865.76616823
 20
6174530.53400416
  0
LWPOLYLINE
  5
20047
330
1F
100
AcDbEntity
  8
ldf
100
AcDbPolyline
 90
6
 70
0
 10
6366885.93309565
 20
6174528.02025921
 10
6366885.38478901
 20
6174528.37443288
 10
6366883.96806809
 20
6174529.29021131
 10
6366883.41368833
 20
6174529.64929861
 10
6366882.54023001
 20
6174530.21383129
 10
6366878.57279397
 20
6174532.77920242
  0
LWPOLYLINE
  5
20048
330
1F
100
AcDbEntity
  8
ldf
100
AcDbPolyline
 90
3
 70
0
 10
6366860.57710689
 20
6174523.79367335
 10
6366858.83360916
 20
6174524.92180485
 10
6366853.4166961
 20
6174528.42647098
  0
LWPOLYLINE
  5
20049
330
1F
100
AcDbEntity
  8
ldf
100
AcDbPolyline
 90
3
 70
0
 10
6366853.4166961
 20
6174528.42647098
 10
6366851.24266433
 20
6174529.82561472
 10
6366846.27283301
 20
6174533.02451092
  0
LWPOLYLINE
  5
2004A
330
1F
100
AcDbEntity
  8
ldf
100
AcDbPolyline
 90
6
 70
0
 10
6366815.16067244
 20
6174557.88596015
 10
6366813.6529699
 20
6174558.79842023
 10
6366813.43901877
 20
6174558.92836375
 10
6366807.77958289
 20
6174562.35350986
 10
6366807.56955976
 20
6174562.48851191
 10
6366806.27409828
 20
6174563.3200196
  0
LWPOLYLINE
  5
20050
330
1F
100
AcDbEntity
  8
tejido
100
AcDbPolyline
 90
8
 70
1
 10
6366860.1940886
 20
6174541.59890061
 10
6366860.06646448
 20
6174541.43199832
 10
6366857.03998877
 20
6174543.74491556
 10
6366858.87284803
 20
6174546.14323564
 10
6366859.6847143
 20
6174547.20633732
 10
6366862.72785865
 20
6174544.91666898
 10
6366862.12117661
 20
6174544.12162558
 10
6366860.1940886
 20
6174541.59890061
  0
LWPOLYLINE
  5
20051
330
1F
100
AcDbEntity
  8
tejido
100
AcDbPolyline
 90
9
 70
1
 10
6366852.69058139
 20
6174550.584094
 10
6366850.72788082
 20
6174547.41267563
 10
6366849.87703399
 20
6174547.93848723
 10
6366849.02611109
 20
6174548.46533567
 10
6366848.17518818
 20
6174548.9921841
 10
6366850.13787376
 20
6174552.16464021
 10
6366850.98879665
 20
6174551.63779176
 10
6366851.83971955
 20
6174551.11094332
 10
6366852.69058139
 20
6174550.584094
  0
LWPOLYLINE
  5
20052
330
1F
100
AcDbEntity
  8
tejido
100
AcDbPolyline
 90
23
 70
1
 10
6366789.09124517
 20
6174545.99727387
 10
6366786.50461415
 20
6174542.04395066
 10
6366790.73092265
 20
6174539.27870744
 10
6366788.8193945
 20
6174536.3235105
 10
6366784.98015645
 20
6174530.38498648
 10
6366784.12533741
 20
6174530.90577513
 10
6366781.56190938
 20
6174532.46615535
 10
6366778.73508992
 20
6174534.18577259
 10
6366776.59856408
 20
6174535.48625134
 10
6366775.74374503
 20
6174536.00704002
 10
6366776.94842867
 20
6174537.8510838
 10
6366777.24984237
 20
6174538.31259843
 10
6366777.6324834
 20
6174538.89832963
 10
6366779.29806405
 20
6174541.45027748
 10
6366781.7563649
 20
6174545.21309782
 10
6366781.8268228
 20
6174545.3211532
 10
6366782.19380974
 20
6174545.88264983
 10
6366782.63125459
 20
6174546.55220185
 10
6366783.1763358
 20
6174547.38736631
 10
6366783.215329
 20
6174547.4470492
 10
6366786.02792139
 20
6174545.60679017
 10
6366787.12511196
 20
6174547.28370073
 10
6366789.09124517
 20
6174545.99727387
  0
LWPOLYLINE
  5
20053
330
1F
100
AcDbEntity
  8
tejido
100
AcDbPolyline
 90
6
 70
1
 10
6366873.51200803
 20
6174507.79184384
 10
6366868.57570079
 20
6174501.07418067
 10
6366866.7132794
 20
6174502.44265054
 10
6366873.59293775
 20
6174511.80331323
 10
6366875.4453724
 20
6174510.43369834
 10
6366873.51200803
 20
6174507.79184384
  0
LWPOLYLINE
  5
20054
330
1F
100
AcDbEntity
  8
tejido
100
AcDbPolyline
 90
7
 70
1
 10
6366822.73351466
 20
6174570.14761607
 10
6366822.25851426
 20
6174569.37748774
 10
6366820.38679152
 20
6174566.34740026
 10
6366818.62148103
 20
6174567.43418599
 10
6366819.70728115
 20
6174569.19848187
 10
6366820.96114544
 20
6174571.23830085
 10
6366822.73351466
 20
6174570.14761607
  0
LWPOLYLINE
  5
20055
330
1F
100
AcDbEntity
  8
tejido
100
AcDbPolyline
 90
7
 70
1
 10
6366815.52325541
 20
6174574.42357799
 10
6366817.02478294
 20
6174573.45400992
 10
6366815.82038902
 20
6174571.58996425
 10
6366814.47597997
 20
6174572.41676156
 10
6366812.81060801
 20
6174573.44097445
 10
6366814.05606497
 20
6174575.37063605
 10
6366815.52325541
 20
6174574.42357799
  0
LWPOLYLINE
  5
20056
330
1F
100
AcDbEntity
  8
tejido
100
AcDbPolyline
 90
9
 70
1
 10
6366813.65293968
 20
6174558.7984351
 10
6366813.43898854
 20
6174558.92837862
 10
6366807.77955266
 20
6174562.35352472
 10
6366807.56952954
 20
6174562.48852677
 10
6366808.97586185
 20
6174564.77563399
 10
6366809.10681998
 20
6174564.9885995
 10
6366812.21653962
 20
6174563.07501647
 10
6366815.16677789
 20
6174561.26015575
 10
6366813.65293968
 20
6174558.7984351
  0
LWPOLYLINE
  5
20057
330
1F
100
AcDbEntity
  8
tejido
100
AcDbPolyline
 90
7
 70
1
 10
6366820.14822266
 20
6174557.681141
 10
6366818.78380869
 20
6174555.46966538
 10
6366818.48403651
 20
6174555.65438373
 10
6366815.07950182
 20
6174557.75575777
 10
6366815.16064221
 20
6174557.88597502
 10
6366816.44593053
 20
6174559.96626227
 10
6366820.14822266
 20
6174557.681141
  0
LWPOLYLINE
  5
20058
330
1F
100
AcDbEntity
  8
tejido
100
AcDbPolyline
 90
7
 70
1
 10
6366846.71385392
 20
6174565.96455542
 10
6366844.75048234
 20
6174562.77008769
 10
6366843.18604917
 20
6174563.73174202
 10
6366840.80003274
 20
6174565.19866132
 10
6366842.82613664
 20
6174568.48206636
 10
6366845.17794593
 20
6174566.95963369
 10
6366846.71385392
 20
6174565.96455542
  0
LWPOLYLINE
  5
20059
330
1F
100
AcDbEntity
  8
tejido
100
AcDbPolyline
 90
12
 70
1
 10
6366839.18134798
 20
6174550.91659842
 10
6366837.55513385
 20
6174548.27119101
 10
6366837.17668633
 20
6174548.50078444
 10
6366836.78512143
 20
6174548.73819042
 10
6366835.33384182
 20
6174546.37740855
 10
6366834.70100396
 20
6174546.76636934
 10
6366834.20942188
 20
6174545.96699139
 10
6366832.79946937
 20
6174546.82985097
 10
6366830.37926055
 20
6174548.30927905
 10
6366831.74663129
 20
6174550.52379842
 10
6366833.96723723
 20
6174554.12212241
 10
6366839.18134798
 20
6174550.91659842
  0
LWPOLYLINE
  5
2005A
330
1F
100
AcDbEntity
  8
tejido
100
AcDbPolyline
 90
7
 70
1
 10
6366857.25788376
 20
6174533.46874733
 10
6366855.97485912
 20
6174531.78462117
 10
6366854.90288898
 20
6174530.37764124
 10
6366851.47281827
 20
6174532.99881306
 10
6366852.357302
 20
6174534.1589979
 10
6366853.8298568
 20
6174536.08694781
 10
6366857.25788376
 20
6174533.46874733
  0
LWPOLYLINE
  5
2005B
330
1F
100
AcDbEntity
  8
tejido
100
AcDbPolyline
 90
8
 70
1
 10
6366866.92258034
 20
6174536.95084258
 10
6366866.32073195
 20
6174537.4102749
 10
6366864.92485476
 20
6174538.47540361
 10
6366865.12903885
 20
6174538.7434474
 10
6366867.52338619
 20
6174541.88013799
 10
6366870.24232098
 20
6174539.80484373
 10
6366867.64378959
 20
6174536.40010937
 10
6366866.92258034
 20
6174536.95084258
  0
LWPOLYLINE
  5
2005C
330
1F
100
AcDbEntity
  8
tejido
100
AcDbPolyline
 90
8
 70
1
 10
6366862.03637914
 20
6174532.78172972
 10
6366863.41608068
 20
6174531.72837057
 10
6366860.70068015
 20
6174528.17389507
 10
6366860.52871932
 20
6174528.30544719
 10
6366858.42475017
 20
6174529.91349653
 10
6366858.21536496
 20
6174530.07351586
 10
6366860.92977991
 20
6174533.62697678
 10
6366862.03637914
 20
6174532.78172972
  0
LWPOLYLINE
  5
2005D
330
1F
100
AcDbEntity
  8
tejido
100
AcDbPolyline
 90
12
 70
1
 10
6366885.3584257
 20
6174530.9890952
 10
6366885.21863276
 20
6174533.38322046
 10
6366881.05299168
 20
6174536.13326438
 10
6366884.84890011
 20
6174541.26485546
 10
6366885.35278156
 20
6174540.93904756
 10
6366887.36733621
 20
6174539.63380126
 10
6366892.16893616
 20
6174536.52333464
 10
6366889.07895343
 20
6174532.31022165
 10
6366888.31873098
 20
6174531.27287629
 10
6366887.3524836
 20
6174529.95645693
 10
6366887.21229033
 20
6174529.76522379
 10
6366885.3584257
 20
6174530.9890952
  0
LWPOLYLINE
  5
2005E
330
1F
100
AcDbEntity
  8
tejido
100
AcDbPolyline
 90
19
 70
1
 10
6366896.64749807
 20
6174525.32957618
 10
6366894.52229912
 20
6174522.46487165
 10
6366893.10456363
 20
6174523.38163566
 10
6366891.96855474
 20
6174524.11642094
 10
6366891.50506903
 20
6174524.4158053
 10
6366887.84862376
 20
6174526.78161568
 10
6366886.59750076
 20
6174527.5907579
 10
6366885.93306542
 20
6174528.02027408
 10
6366887.21229033
 20
6174529.76522379
 10
6366887.3524836
 20
6174529.95645692
 10
6366888.31873098
 20
6174531.27287629
 10
6366889.07895343
 20
6174532.31022165
 10
6366892.16893616
 20
6174536.52333464
 10
6366892.6728176
 20
6174536.19752676
 10
6366895.47299476
 20
6174534.3834938
 10
6366895.97689068
 20
6174534.05668581
 10
6366897.24014539
 20
6174533.23871643
 10
6366898.14572269
 20
6174527.34992749
 10
6366896.64749807
 20
6174525.32957618
  0
LWPOLYLINE
  5
2005F
330
1F
100
AcDbEntity
  8
tejido
100
AcDbPolyline
 90
6
 70
1
 10
6366867.90885583
 20
6174526.26515726
 10
6366864.51039918
 20
6174521.24870058
 10
6366860.57707666
 20
6174523.79368822
 10
6366862.74597622
 20
6174526.61101063
 10
6366864.34078579
 20
6174528.68238763
 10
6366867.90885583
 20
6174526.26515726
  0
LWPOLYLINE
  5
20060
330
1F
100
AcDbEntity
  8
tejido
100
AcDbPolyline
 90
10
 70
1
 10
6366834.20942188
 20
6174545.96699139
 10
6366835.23382465
 20
6174545.34062462
 10
6366835.61128654
 20
6174545.11001659
 10
6366838.54979901
 20
6174543.3450025
 10
6366833.42776506
 20
6174535.08515042
 10
6366825.28263525
 20
6174540.0908082
 10
6366825.75770802
 20
6174540.855936
 10
6366830.37926055
 20
6174548.30927905
 10
6366832.79946937
 20
6174546.82985097
 10
6366834.20942188
 20
6174545.96699139
  0
LWPOLYLINE
  5
20061
330
1F
100
AcDbEntity
  8
tejido
100
AcDbPolyline
 90
17
 70
1
 10
6366807.56952954
 20
6174562.48852677
 10
6366807.77955266
 20
6174562.35352472
 10
6366813.43898854
 20
6174558.92837862
 10
6366813.65293968
 20
6174558.7984351
 10
6366815.16064221
 20
6174557.88597502
 10
6366815.07950182
 20
6174557.75575777
 10
6366810.43923642
 20
6174550.28213693
 10
6366807.50473126
 20
6174545.55610867
 10
6366803.95135443
 20
6174547.85038952
 10
6366804.60589833
 20
6174548.86319669
 10
6366803.46284491
 20
6174549.60088121
 10
6366799.18949022
 20
6174552.36088583
 10
6366800.33908029
 20
6174554.14111086
 10
6366801.75677565
 20
6174556.33435236
 10
6366804.48651578
 20
6174560.55625196
 10
6366806.27406806
 20
6174563.32003446
 10
6366807.56952954
 20
6174562.48852677
  0
LWPOLYLINE
  5
20062
330
1F
100
AcDbEntity
  8
tejido
100
AcDbPolyline
 90
8
 70
1
 10
6366803.21830659
 20
6174538.65379685
 10
6366801.33169825
 20
6174535.61549074
 10
6366800.53990543
 20
6174534.340611
 10
6366800.3581005
 20
6174534.04688294
 10
6366798.95822138
 20
6174534.90488688
 10
6366800.26194671
 20
6174537.02445407
 10
6366801.82074686
 20
6174539.55884961
 10
6366803.21830659
 20
6174538.65379685
  0
LWPOLYLINE
  5
20063
330
1F
100
AcDbEntity
  8
tejido
100
AcDbPolyline
 90
5
 70
1
 10
6366790.96700521
 20
6174539.64368792
 10
6366792.48450983
 20
6174541.99042473
 10
6366794.79386571
 20
6174540.498387
 10
6366793.30572703
 20
6174538.19608988
 10
6366790.96700521
 20
6174539.64368792
  0
LWPOLYLINE
  5
20064
330
1F
100
AcDbEntity
  8
tejido
100
AcDbPolyline
 90
33
 70
1
 10
6366767.83263888
 20
6174556.58110787
 10
6366768.00935449
 20
6174556.23057413
 10
6366768.27712112
 20
6174555.70028036
 10
6366768.38717283
 20
6174555.48209746
 10
6366768.91978133
 20
6174554.42617515
 10
6366769.13304096
 20
6174554.29384631
 10
6366765.45937403
 20
6174552.44528888
 10
6366766.61145165
 20
6174550.15574718
 10
6366767.16746037
 20
6174549.79400481
 10
6366769.81839991
 20
6174553.86857712
 10
6366770.1532653
 20
6174553.66079121
 10
6366770.18758792
 20
6174553.63928133
 10
6366770.61884081
 20
6174553.37170345
 10
6366773.24707052
 20
6174551.74097554
 10
6366771.26676951
 20
6174548.61028242
 10
6366768.69481621
 20
6174544.544718
 10
6366768.32126312
 20
6174543.9531165
 10
6366768.02592253
 20
6174543.48668823
 10
6366766.75560724
 20
6174541.47764049
 10
6366765.55966353
 20
6174542.20655625
 10
6366763.85204009
 20
6174543.24716255
 10
6366762.65609638
 20
6174543.97607833
 10
6366761.49649001
 20
6174544.68251309
 10
6366761.27336444
 20
6174544.81846152
 10
6366763.23692267
 20
6174548.01829001
 10
6366758.3637231
 20
6174551.00870377
 10
6366758.90757012
 20
6174551.89496072
 10
6366757.2804851
 20
6174555.18268223
 10
6366762.43273046
 20
6174557.73251526
 10
6366762.00355858
 20
6174558.59970884
 10
6366765.60111716
 20
6174560.38013132
 10
6366767.55037676
 20
6174556.44141707
 10
6366767.83263888
 20
6174556.58110787
  0
LWPOLYLINE
  5
20065
330
1F
100
AcDbEntity
  8
tejido
100
AcDbPolyline
 90
18
 70
1
 10
6366774.77627105
 20
6174558.73845494
 10
6366772.49139845
 20
6174557.57391471
 10
6366770.83851229
 20
6174556.73148155
 10
6366768.38717283
 20
6174555.48209747
 10
6366768.27712112
 20
6174555.70028036
 10
6366768.00935449
 20
6174556.23057413
 10
6366767.83263888
 20
6174556.58110787
 10
6366767.55927928
 20
6174557.12334498
 10
6366765.283176
 20
6174561.63684277
 10
6366766.16978682
 20
6174562.09783228
 10
6366768.83259062
 20
6174563.48284449
 10
6366774.42228698
 20
6174566.39073811
 10
6366775.29024571
 20
6174564.6867566
 10
6366775.51777633
 20
6174564.24090746
 10
6366775.97904111
 20
6174563.33529451
 10
6366776.35071698
 20
6174562.60644133
 10
6366773.55483135
 20
6174561.24281998
 10
6366774.77627105
 20
6174558.73845494
  0
LWPOLYLINE
  5
20066
330
1F
100
AcDbEntity
  8
tejido
100
AcDbPolyline
 90
7
 70
1
 10
6366793.18120378
 20
6174568.05795618
 10
6366795.2902756
 20
6174563.95717332
 10
6366793.35613683
 20
6174562.95683857
 10
6366791.95623894
 20
6174565.61142389
 10
6366791.01137331
 20
6174567.37631121
 10
6366792.99386569
 20
6174568.42236102
 10
6366793.18120378
 20
6174568.05795618
  0
LWPOLYLINE
  5
20067
330
1F
100
AcDbEntity
  8
tejido
100
AcDbPolyline
 90
16
 70
1
 10
6366796.18330038
 20
6174555.48236354
 10
6366796.65026157
 20
6174554.59783999
 10
6366797.53478513
 20
6174555.06480118
 10
6366798.4677074
 20
6174553.29573961
 10
6366800.33906997
 20
6174554.14111511
 10
6366799.18947991
 20
6174552.36089007
 10
6366798.51732513
 20
6174551.32081901
 10
6366795.24732626
 20
6174553.25008586
 10
6366794.67042196
 20
6174553.59035119
 10
6366792.27598353
 20
6174555.00262081
 10
6366792.08508996
 20
6174555.11525883
 10
6366789.29756755
 20
6174556.76005494
 10
6366788.62967273
 20
6174558.04979967
 10
6366791.70804673
 20
6174559.68090993
 10
6366794.41423878
 20
6174554.54944127
 10
6366796.18330038
 20
6174555.48236354
  0
LWPOLYLINE
  5
20068
330
1F
100
AcDbEntity
  8
tejido
100
AcDbPolyline
 90
9
 70
1
 10
6366800.81556453
 20
6174568.41378629
 10
6366798.76898648
 20
6174567.30657913
 10
6366798.34930001
 20
6174568.1027607
 10
6366797.55010916
 20
6174569.61871572
 10
6366799.63082121
 20
6174570.71719808
 10
6366801.57259218
 20
6174571.74266071
 10
6366802.38600262
 20
6174570.28613497
 10
6366802.8245308
 20
6174569.50005621
 10
6366800.81556453
 20
6174568.41378629
  0
LWPOLYLINE
  5
20069
330
1F
100
AcDbEntity
  8
tejido
100
AcDbPolyline
 90
9
 70
1
 10
6366804.48650546
 20
6174560.55625621
 10
6366801.75676533
 20
6174556.33435661
 10
6366800.48109849
 20
6174558.90671438
 10
6366799.86181769
 20
6174560.15514974
 10
6366799.50220116
 20
6174560.88017628
 10
6366799.24558071
 20
6174561.40062823
 10
6366802.80848941
 20
6174563.28183657
 10
6366802.99511989
 20
6174563.38057139
 10
6366804.48650546
 20
6174560.55625621
  0
LWPOLYLINE
  5
2006A
330
1F
100
AcDbEntity
  8
tejido
100
AcDbPolyline
 90
21
 70
1
 10
6366812.1738822
 20
6174577.03935613
 10
6366809.6669823
 20
6174574.80145749
 10
6366809.56207349
 20
6174574.99343035
 10
6366809.0585722
 20
6174575.91443651
 10
6366807.48885933
 20
6174578.78723304
 10
6366806.52767454
 20
6174580.54618206
 10
6366805.44359011
 20
6174582.53022405
 10
6366806.15347007
 20
6174582.89962433
 10
6366807.92869175
 20
6174583.82163207
 10
6366808.63857171
 20
6174584.19103234
 10
6366810.41377889
 20
6174585.11404018
 10
6366811.09587298
 20
6174585.46803305
 10
6366815.53293901
 20
6174585.25612126
 10
6366813.46560174
 20
6174582.23117046
 10
6366813.03570801
 20
6174582.52497203
 10
6366812.06323621
 20
6174581.10204049
 10
6366813.21589514
 20
6174580.31428067
 10
6366812.56407606
 20
6174579.36053174
 10
6366813.06127361
 20
6174579.02073283
 10
6366811.85574042
 20
6174577.25678324
 10
6366812.1738822
 20
6174577.03935613
  0
LWPOLYLINE
  5
2006B
330
1F
100
AcDbEntity
  8
tejido
100
AcDbPolyline
 90
5
 70
1
 10
6366864.68824481
 20
6174535.26693919
 10
6366863.65358353
 20
6174533.90851535
 10
6366863.17513993
 20
6174534.2737044
 10
6366864.21183041
 20
6174535.630157
 10
6366864.68824481
 20
6174535.26693919
  0
LWPOLYLINE
  5
2006C
330
1F
100
AcDbEntity
  8
tejido
100
AcDbPolyline
 90
11
 70
1
 10
6366824.32388054
 20
6174509.87323292
 10
6366823.00856396
 20
6174510.66626896
 10
6366823.21811096
 20
6174511.0071826
 10
6366827.64997573
 20
6174518.22568056
 10
6366829.61470574
 20
6174521.42558036
 10
6366830.5827921
 20
6174520.8440146
 10
6366832.39375022
 20
6174519.75612039
 10
6366835.05558895
 20
6174518.15694619
 10
6366835.37044126
 20
6174517.96784136
 10
6366827.93298515
 20
6174507.69677054
 10
6366824.32388054
 20
6174509.87323292
  0
LWPOLYLINE
  5
2006D
330
1F
100
AcDbEntity
  8
tejido
100
AcDbPolyline
 90
10
 70
1
 10
6366806.84682968
 20
6174572.66405335
 10
6366807.54427831
 20
6174571.59910943
 10
6366805.69962476
 20
6174570.53274936
 10
6366804.21364402
 20
6174569.74557406
 10
6366803.54455283
 20
6174570.91766335
 10
6366801.71071832
 20
6174574.26248757
 10
6366806.48307431
 20
6174576.82343138
 10
6366807.44729693
 20
6174575.02741437
 10
6366806.03622609
 20
6174574.22741983
 10
6366806.84682968
 20
6174572.66405335
  0
LWPOLYLINE
  5
2006E
330
1F
100
AcDbEntity
  8
tejido
100
AcDbPolyline
 90
7
 70
1
 10
6366840.47883292
 20
6174546.49295808
 10
6366839.4888998
 20
6174544.87809898
 10
6366838.61624195
 20
6174543.45400002
 10
6366838.54979901
 20
6174543.3450025
 10
6366835.61128654
 20
6174545.11001659
 10
6366837.55513385
 20
6174548.27119101
 10
6366840.47883292
 20
6174546.49295808
  0
LWPOLYLINE
  5
2006F
330
1F
100
AcDbEntity
  8
tejido
100
AcDbPolyline
 90
9
 70
1
 10
6366889.52033343
 20
6174515.72023883
 10
6366889.45261072
 20
6174515.62840802
 10
6366888.08935641
 20
6174516.4853455
 10
6366889.83362766
 20
6174518.88375804
 10
6366893.10450309
 20
6174523.38180183
 10
6366894.5222915
 20
6174522.46502687
 10
6366893.33014935
 20
6174520.85825283
 10
6366891.15394137
 20
6174517.92277147
 10
6366889.52033343
 20
6174515.72023883
  0
LWPOLYLINE
  5
20070
330
1F
100
AcDbEntity
  8
tejido
100
AcDbPolyline
 90
7
 70
1
 10
6366889.83362766
 20
6174518.88375804
 10
6366888.08935641
 20
6174516.4853455
 10
6366888.08578148
 20
6174516.48767485
 10
6366886.94094118
 20
6174517.20832717
 10
6366891.9684972
 20
6174524.11638055
 10
6366893.10450309
 20
6174523.38180183
 10
6366889.83362766
 20
6174518.88375804
  0
LWPOLYLINE
  5
20071
330
1F
100
AcDbEntity
  8
tejido
100
AcDbPolyline
 90
5
 70
1
 10
6366823.78422348
 20
6174571.84838315
 10
6366822.73351466
 20
6174570.14761607
 10
6366820.96114544
 20
6174571.23830085
 10
6366822.00882496
 20
6174572.9410247
 10
6366823.78422348
 20
6174571.84838315
  0
LWPOLYLINE
  5
20072
330
1F
100
AcDbEntity
  8
tejido
100
AcDbPolyline
 90
19
 70
1
 10
6366827.74073871
 20
6174578.25375537
 10
6366824.75967669
 20
6174573.42702082
 10
6366823.78422348
 20
6174571.84838314
 10
6366822.00882496
 20
6174572.9410247
 10
6366820.96114544
 20
6174571.23830085
 10
6366819.70728116
 20
6174569.19848187
 10
6366817.00634581
 20
6174570.85990349
 10
6366815.82038902
 20
6174571.58996425
 10
6366817.02478294
 20
6174573.45400993
 10
6366815.52325541
 20
6174574.42357799
 10
6366816.73646202
 20
6174576.30075553
 10
6366815.26925712
 20
6174577.24881371
 10
6366815.38707645
 20
6174577.43121322
 10
6366816.95989908
 20
6174579.86614514
 10
6366817.03602454
 20
6174579.98407674
 10
6366819.40483641
 20
6174583.65377918
 10
6366822.93105033
 20
6174581.37010809
 10
6366824.44172372
 20
6174580.39066928
 10
6366827.74073871
 20
6174578.25375537
  0
LWPOLYLINE
  5
20073
330
1F
100
AcDbEntity
  8
tejido
100
AcDbPolyline
 90
7
 70
1
 10
6366815.52325541
 20
6174574.42357799
 10
6366814.05606497
 20
6174575.37063606
 10
6366814.22741753
 20
6174575.63591188
 10
6366814.25369789
 20
6174575.67659726
 10
6366815.26925712
 20
6174577.24881371
 10
6366816.73646202
 20
6174576.30075553
 10
6366815.52325541
 20
6174574.42357799
  0
LWPOLYLINE
  5
20074
330
1F
100
AcDbEntity
  8
tejido
100
AcDbPolyline
 90
12
 70
1
 10
6366815.82038902
 20
6174571.58996425
 10
6366817.00634581
 20
6174570.85990349
 10
6366819.70728115
 20
6174569.19848187
 10
6366818.62148103
 20
6174567.43418599
 10
6366820.38679152
 20
6174566.34740026
 10
6366819.45728601
 20
6174564.84245182
 10
6366817.87194631
 20
6174562.27566172
 10
6366813.4127881
 20
6174565.01796977
 10
6366815.92056014
 20
6174569.09460749
 10
6366813.35182775
 20
6174570.67591782
 10
6366814.47597997
 20
6174572.41676156
 10
6366815.82038902
 20
6174571.58996425
  0
LWPOLYLINE
  5
20075
330
1F
100
AcDbEntity
  8
tejido
100
AcDbPolyline
 90
5
 70
1
 10
6366814.47597997
 20
6174572.41676156
 10
6366813.35182775
 20
6174570.67591782
 10
6366811.68645578
 20
6174571.70013071
 10
6366812.81060801
 20
6174573.44097445
 10
6366814.47597997
 20
6174572.41676156
  0
LWPOLYLINE
  5
20076
330
1F
100
AcDbEntity
  8
tejido
100
AcDbPolyline
 90
19
 70
1
 10
6366813.35182775
 20
6174570.67591782
 10
6366815.92056014
 20
6174569.09460749
 10
6366813.4127881
 20
6174565.01796977
 10
6366817.87194631
 20
6174562.27566172
 10
6366816.44593053
 20
6174559.96626227
 10
6366815.16064221
 20
6174557.88597502
 10
6366813.65293968
 20
6174558.7984351
 10
6366815.16677789
 20
6174561.26015575
 10
6366812.21653962
 20
6174563.07501647
 10
6366809.10681998
 20
6174564.9885995
 10
6366808.97586185
 20
6174564.77563399
 10
6366807.56952954
 20
6174562.48852677
 10
6366806.27406806
 20
6174563.32003446
 10
6366807.71521562
 20
6174565.55162793
 10
6366808.56836361
 20
6174566.87241099
 10
6366809.69250134
 20
6174568.61425488
 10
6366811.51033275
 20
6174571.42849213
 10
6366811.68645578
 20
6174571.70013071
 10
6366813.35182775
 20
6174570.67591782
  0
LWPOLYLINE
  5
20077
330
1F
100
AcDbEntity
  8
tejido
100
AcDbPolyline
 90
6
 70
1
 10
6366823.83435355
 20
6174555.40678922
 10
6366822.46993962
 20
6174553.19531362
 10
6366821.48280183
 20
6174553.80421448
 10
6366818.78380869
 20
6174555.46966538
 10
6366820.14822266
 20
6174557.681141
 10
6366823.83435355
 20
6174555.40678922
  0
LWPOLYLINE
  5
20078
330
1F
100
AcDbEntity
  8
tejido
100
AcDbPolyline
 90
22
 70
1
 10
6366842.82613664
 20
6174568.48206636
 10
6366840.80003274
 20
6174565.19866132
 10
6366840.05331785
 20
6174563.98845558
 10
6366837.55417039
 20
6174559.93795149
 10
6366837.4613329
 20
6174559.786558
 10
6366835.87505118
 20
6174557.21575308
 10
6366834.76476992
 20
6174555.41509094
 10
6366833.96723723
 20
6174554.12212241
 10
6366831.74663129
 20
6174550.52379842
 10
6366827.39735491
 20
6174553.20767862
 10
6366823.83435355
 20
6174555.40678922
 10
6366820.14822266
 20
6174557.681141
 10
6366816.44593053
 20
6174559.96626227
 10
6366817.87194631
 20
6174562.27566172
 10
6366819.45728601
 20
6174564.84245182
 10
6366820.38679152
 20
6174566.34740026
 10
6366822.25851426
 20
6174569.37748774
 10
6366822.73351466
 20
6174570.14761607
 10
6366823.78422348
 20
6174571.84838315
 10
6366824.75967669
 20
6174573.42702082
 10
6366827.74073872
 20
6174578.25375537
 10
6366842.82613664
 20
6174568.48206636
  0
LWPOLYLINE
  5
20079
330
1F
100
AcDbEntity
  8
tejido
100
AcDbPolyline
 90
6
 70
1
 10
6366850.79256197
 20
6174563.32286445
 10
6366850.15950099
 20
6174562.28913085
 10
6366848.8926368
 20
6174560.2223245
 10
6366844.75039417
 20
6174562.77015365
 10
6366846.71398152
 20
6174565.96466358
 10
6366850.79256197
 20
6174563.32286445
  0
LWPOLYLINE
  5
2007A
330
1F
100
AcDbEntity
  8
tejido
100
AcDbPolyline
 90
5
 70
1
 10
6366842.09221941
 20
6174549.12617575
 10
6366840.47883292
 20
6174546.49295808
 10
6366837.55513385
 20
6174548.27119101
 10
6366839.18134798
 20
6174550.91659842
 10
6366842.09221941
 20
6174549.12617575
  0
LWPOLYLINE
  5
2007B
330
1F
100
AcDbEntity
  8
tejido
100
AcDbPolyline
 90
5
 70
1
 10
6366835.87505118
 20
6174557.21575308
 10
6366837.4613329
 20
6174559.786558
 10
6366839.22367194
 20
6174558.69772868
 10
6366837.63737575
 20
6174556.12792389
 10
6366835.87505118
 20
6174557.21575308
  0
LWPOLYLINE
  5
2007C
330
1F
100
AcDbEntity
  8
tejido
100
AcDbPolyline
 90
9
 70
1
 10
6366837.55513385
 20
6174548.27119101
 10
6366835.61128654
 20
6174545.11001659
 10
6366835.23382465
 20
6174545.34062462
 10
6366834.20942188
 20
6174545.96699139
 10
6366834.70100396
 20
6174546.76636934
 10
6366835.33384182
 20
6174546.37740855
 10
6366836.78512143
 20
6174548.73819042
 10
6366837.17668633
 20
6174548.50078444
 10
6366837.55513385
 20
6174548.27119101
  0
LWPOLYLINE
  5
2007D
330
1F
100
AcDbEntity
  8
tejido
100
AcDbPolyline
 90
11
 70
1
 10
6366862.16429431
 20
6174554.93461391
 10
6366860.61519419
 20
6174552.79472678
 10
6366860.37982823
 20
6174552.4701682
 10
6366857.29922609
 20
6174554.37618227
 10
6366855.96586361
 20
6174555.20113291
 10
6366851.58313648
 20
6174557.91258528
 10
6366851.29450306
 20
6174558.09144642
 10
6366848.60651603
 20
6174559.75502132
 10
6366848.89287065
 20
6174560.22233229
 10
6366850.15949067
 20
6174562.2891351
 10
6366862.16429431
 20
6174554.93461391
  0
LWPOLYLINE
  5
2007E
330
1F
100
AcDbEntity
  8
tejido
100
AcDbPolyline
 90
7
 70
1
 10
6366851.24355582
 20
6174539.85171228
 10
6366850.19126876
 20
6174538.3980023
 10
6366847.67906446
 20
6174539.94411947
 10
6366846.827188
 20
6174540.46895197
 10
6366847.77433313
 20
6174541.99916398
 10
6366848.62523845
 20
6174541.47231678
 10
6366851.24355582
 20
6174539.85171228
  0
LWPOLYLINE
  5
2007F
330
1F
100
AcDbEntity
  8
tejido
100
AcDbPolyline
 90
6
 70
1
 10
6366850.19126876
 20
6174538.3980023
 10
6366849.1350392
 20
6174536.9402339
 10
6366845.88786992
 20
6174538.95085721
 10
6366846.827188
 20
6174540.46895197
 10
6366847.67906446
 20
6174539.94411947
 10
6366850.19126876
 20
6174538.3980023
  0
LWPOLYLINE
  5
20080
330
1F
100
AcDbEntity
  8
tejido
100
AcDbPolyline
 90
9
 70
1
 10
6366847.77433313
 20
6174541.99916398
 10
6366846.827188
 20
6174540.46895197
 10
6366845.88786992
 20
6174538.95085721
 10
6366845.05926995
 20
6174539.46402303
 10
6366842.70540194
 20
6174540.92140463
 10
6366842.15921279
 20
6174541.26060419
 10
6366843.03387085
 20
6174542.68473212
 10
6366844.03573287
 20
6174544.30476564
 10
6366847.77433313
 20
6174541.99916398
  0
LWPOLYLINE
  5
20081
330
1F
100
AcDbEntity
  8
tejido
100
AcDbPolyline
 90
14
 70
1
 10
6366851.58311388
 20
6174557.91246671
 10
6366855.96577998
 20
6174555.20101346
 10
6366853.21128927
 20
6174550.74886298
 10
6366857.3011661
 20
6174548.21850663
 10
6366851.24355573
 20
6174539.85165803
 10
6366848.62524128
 20
6174541.47246576
 10
6366847.77431836
 20
6174541.99931418
 10
6366844.03574113
 20
6174544.30474179
 10
6366843.18388486
 20
6174544.82858502
 10
6366840.47891295
 20
6174546.49295172
 10
6366842.09230029
 20
6174549.12617819
 10
6366848.60649255
 20
6174559.75496379
 10
6366851.29441942
 20
6174558.09132697
 10
6366851.58311388
 20
6174557.91246671
  0
LWPOLYLINE
  5
20082
330
1F
100
AcDbEntity
  8
tejido
100
AcDbPolyline
 90
13
 70
1
 10
6366848.76956964
 20
6174553.01191918
 10
6366846.81586086
 20
6174549.85620006
 10
6366848.18514964
 20
6174549.00838586
 10
6366848.17518818
 20
6174548.9921841
 10
6366849.02611109
 20
6174548.46533567
 10
6366849.87703399
 20
6174547.93848723
 10
6366850.72788082
 20
6174547.41267563
 10
6366852.69058139
 20
6174550.584094
 10
6366851.83971955
 20
6174551.11094332
 10
6366851.49951601
 20
6174551.32158015
 10
6366853.08795587
 20
6174553.88681405
 10
6366850.35805149
 20
6174555.57722088
 10
6366848.76956964
 20
6174553.01191918
  0
LWPOLYLINE
  5
20083
330
1F
100
AcDbEntity
  8
tejido
100
AcDbPolyline
 90
7
 70
1
 10
6366844.03573287
 20
6174544.30476564
 10
6366843.03387085
 20
6174542.68473212
 10
6366842.18298001
 20
6174543.21057923
 10
6366839.48895858
 20
6174544.8781026
 10
6366840.4788917
 20
6174546.4929617
 10
6366843.18387089
 20
6174544.82859804
 10
6366844.03573287
 20
6174544.30476564
  0
LWPOLYLINE
  5
20084
330
1F
100
AcDbEntity
  8
tejido
100
AcDbPolyline
 90
6
 70
1
 10
6366843.03387085
 20
6174542.68473212
 10
6366842.15921279
 20
6174541.26060419
 10
6366838.61630073
 20
6174543.45400363
 10
6366839.48895858
 20
6174544.8781026
 10
6366842.18298001
 20
6174543.21057923
 10
6366843.03387085
 20
6174542.68473212
  0
LWPOLYLINE
  5
20085
330
1F
100
AcDbEntity
  8
tejido
100
AcDbPolyline
 90
9
 70
1
 10
6366867.70368269
 20
6174547.18046337
 10
6366865.08362683
 20
6174543.74240653
 10
6366864.17657515
 20
6174542.55188513
 10
6366863.54033171
 20
6174543.03782792
 10
6366862.40743978
 20
6174543.90270057
 10
6366863.38226776
 20
6174545.17923137
 10
6366862.09662003
 20
6174546.16192985
 10
6366864.6549438
 20
6174549.51106391
 10
6366867.70368269
 20
6174547.18046337
  0
LWPOLYLINE
  5
20086
330
1F
100
AcDbEntity
  8
tejido
100
AcDbPolyline
 90
29
 70
1
 10
6366870.35031551
 20
6174550.65602736
 10
6366869.98711773
 20
6174550.17856705
 10
6366867.70380928
 20
6174547.18054026
 10
6366864.65509299
 20
6174549.51116457
 10
6366862.09675166
 20
6174546.16199509
 10
6366863.38239515
 20
6174545.17931999
 10
6366862.40758656
 20
6174543.90276554
 10
6366863.54047334
 20
6174543.03791137
 10
6366864.17668399
 20
6174542.551973
 10
6366862.48827754
 20
6174540.33478696
 10
6366862.25267901
 20
6174540.02628245
 10
6366859.82089039
 20
6174536.83402572
 10
6366857.25801869
 20
6174533.46885512
 10
6366853.82977062
 20
6174536.08704457
 10
6366852.35721591
 20
6174534.1590888
 10
6366849.76184643
 20
6174536.14313924
 10
6366848.98604015
 20
6174536.73609935
 10
6366849.13510873
 20
6174536.94028962
 10
6366850.19112024
 20
6174538.39807147
 10
6366851.24340552
 20
6174539.8517697
 10
6366857.33477812
 20
6174548.26473062
 10
6366860.37983855
 20
6174552.47016396
 10
6366860.61520451
 20
6174552.79472253
 10
6366862.16430462
 20
6174554.93460966
 10
6366862.66781907
 20
6174555.63035924
 10
6366863.00408102
 20
6174555.41317402
 10
6366864.68334538
 20
6174554.32514244
 10
6366869.88886025
 20
6174550.95541042
 10
6366870.35031551
 20
6174550.65602736
  0
LWPOLYLINE
  5
20087
330
1F
100
AcDbEntity
  8
tejido
100
AcDbPolyline
 90
8
 70
1
 10
6366857.04009292
 20
6174543.74502388
 10
6366860.06657329
 20
6174541.43208863
 10
6366860.19420261
 20
6174541.59896902
 10
6366862.12130305
 20
6174544.12171272
 10
6366862.72796589
 20
6174544.9167666
 10
6366859.68484925
 20
6174547.20644315
 10
6366858.87295698
 20
6174546.14331569
 10
6366857.04009292
 20
6174543.74502388
  0
LWPOLYLINE
  5
20088
330
1F
100
AcDbEntity
  8
tejido
100
AcDbPolyline
 90
10
 70
1
 10
6366852.357302
 20
6174534.1589979
 10
6366851.47281827
 20
6174532.99881306
 10
6366854.90288898
 20
6174530.37764124
 10
6366853.41666587
 20
6174528.42648585
 10
6366851.24269915
 20
6174529.82565392
 10
6366846.27276392
 20
6174533.02451154
 10
6366847.34987853
 20
6174534.49758739
 10
6366848.98588989
 20
6174536.73600502
 10
6366849.76172834
 20
6174536.14304929
 10
6366852.357302
 20
6174534.1589979
  0
LWPOLYLINE
  5
20089
330
1F
100
AcDbEntity
  8
tejido
100
AcDbPolyline
 90
5
 70
1
 10
6366866.92258034
 20
6174536.95084258
 10
6366865.28807848
 20
6174534.80847801
 10
6366864.68824481
 20
6174535.26693919
 10
6366866.32073195
 20
6174537.4102749
 10
6366866.92258034
 20
6174536.95084258
  0
LWPOLYLINE
  5
2008A
330
1F
100
AcDbEntity
  8
tejido
100
AcDbPolyline
 90
8
 70
1
 10
6366867.52338619
 20
6174541.88013799
 10
6366865.12903885
 20
6174538.7434474
 10
6366864.92485476
 20
6174538.47540361
 10
6366863.12842653
 20
6174539.8458301
 10
6366862.48813916
 20
6174540.33471527
 10
6366864.17657515
 20
6174542.55188513
 10
6366865.08362683
 20
6174543.74240653
 10
6366867.52338619
 20
6174541.88013799
  0
LWPOLYLINE
  5
2008B
330
1F
100
AcDbEntity
  8
tejido
100
AcDbPolyline
 90
29
 70
1
 10
6366877.62884595
 20
6174545.94080329
 10
6366874.83352284
 20
6174542.31014597
 10
6366872.90918446
 20
6174539.81141602
 10
6366872.68719117
 20
6174539.52316044
 10
6366871.17709577
 20
6174537.56265645
 10
6366869.98808261
 20
6174536.01793699
 10
6366868.81869502
 20
6174534.49951025
 10
6366867.88888709
 20
6174533.29165365
 10
6366865.766138
 20
6174530.53401903
 10
6366864.43377422
 20
6174528.80316322
 10
6366864.34078579
 20
6174528.68238763
 10
6366862.74597622
 20
6174526.61101063
 10
6366860.70068015
 20
6174528.17389507
 10
6366863.41608068
 20
6174531.72837057
 10
6366862.03637914
 20
6174532.78172972
 10
6366863.17513993
 20
6174534.2737044
 10
6366863.65358353
 20
6174533.90851535
 10
6366864.68824481
 20
6174535.26693919
 10
6366865.28807848
 20
6174534.80847801
 10
6366866.92258034
 20
6174536.95084258
 10
6366867.64378959
 20
6174536.40010937
 10
6366870.24232098
 20
6174539.80484373
 10
6366867.52338619
 20
6174541.88013799
 10
6366865.08362683
 20
6174543.74240654
 10
6366867.70368269
 20
6174547.18046337
 10
6366869.98700222
 20
6174550.17850107
 10
6366870.35020555
 20
6174550.65591554
 10
6366872.02950604
 20
6174549.56788405
 10
6366877.62884595
 20
6174545.94080329
  0
LWPOLYLINE
  5
2008C
330
1F
100
AcDbEntity
  8
tejido
100
AcDbPolyline
 90
8
 70
1
 10
6366863.17513993
 20
6174534.2737044
 10
6366862.03637914
 20
6174532.78172972
 10
6366860.92977991
 20
6174533.62697678
 10
6366858.21536496
 20
6174530.07351586
 10
6366855.97485912
 20
6174531.78462117
 10
6366857.25788376
 20
6174533.46874733
 10
6366859.82097618
 20
6174536.83395581
 10
6366863.17513993
 20
6174534.2737044
  0
LWPOLYLINE
  5
2008D
330
1F
100
AcDbEntity
  8
tejido
100
AcDbPolyline
 90
11
 70
1
 10
6366858.21536496
 20
6174530.07351586
 10
6366858.42475017
 20
6174529.91349653
 10
6366860.52871932
 20
6174528.30544719
 10
6366860.70068015
 20
6174528.17389507
 10
6366862.74597622
 20
6174526.61101063
 10
6366860.57707666
 20
6174523.79368822
 10
6366858.83357475
 20
6174524.92180277
 10
6366853.41666587
 20
6174528.42648585
 10
6366854.90288898
 20
6174530.37764124
 10
6366855.97485912
 20
6174531.78462117
 10
6366858.21536496
 20
6174530.07351586
  0
LWPOLYLINE
  5
2008E
330
1F
100
AcDbEntity
  8
tejido
100
AcDbPolyline
 90
13
 70
1
 10
6366880.68184198
 20
6174535.63133701
 10
6366877.85862951
 20
6174537.77946901
 10
6366877.70252079
 20
6174537.57430095
 10
6366876.37164292
 20
6174538.58694218
 10
6366877.60203221
 20
6174540.20519788
 10
6366874.83352284
 20
6174542.31014597
 10
6366877.62884595
 20
6174545.94080329
 10
6366882.330464
 20
6174542.89590969
 10
6366884.34501866
 20
6174541.59066336
 10
6366884.84890011
 20
6174541.26485546
 10
6366881.05299168
 20
6174536.13326439
 10
6366880.79790259
 20
6174535.788416
 10
6366880.68184198
 20
6174535.63133701
  0
LWPOLYLINE
  5
2008F
330
1F
100
AcDbEntity
  8
tejido
100
AcDbPolyline
 90
10
 70
1
 10
6366881.35719174
 20
6174522.17526998
 10
6366881.1009101
 20
6174521.77726462
 10
6366880.25388246
 20
6174522.30917586
 10
6366875.63034278
 20
6174525.21532304
 10
6366876.97478266
 20
6174527.35548116
 10
6366877.28569899
 20
6174527.15990857
 10
6366879.63585885
 20
6174525.68248072
 10
6366881.62260458
 20
6174524.43368936
 10
6366882.46957117
 20
6174523.90177724
 10
6366881.35719174
 20
6174522.17526998
  0
LWPOLYLINE
  5
20090
330
1F
100
AcDbEntity
  8
tejido
100
AcDbPolyline
 90
8
 70
1
 10
6366881.1009101
 20
6174521.77726462
 10
6366880.70207084
 20
6174521.13443972
 10
6366879.85507506
 20
6174521.66836623
 10
6366879.13262238
 20
6174522.12283295
 10
6366875.22940687
 20
6174524.57814586
 10
6366875.63034278
 20
6174525.21532304
 10
6366880.25388246
 20
6174522.30917586
 10
6366881.1009101
 20
6174521.77726462
  0
LWPOLYLINE
  5
20091
330
1F
100
AcDbEntity
  8
tejido
100
AcDbPolyline
 90
5
 70
1
 10
6366874.47192706
 20
6174535.43170443
 10
6366873.46186144
 20
6174533.82555672
 10
6366869.98798651
 20
6174536.01795535
 10
6366871.17699966
 20
6174537.56267481
 10
6366874.47192706
 20
6174535.43170443
  0
LWPOLYLINE
  5
20092
330
1F
100
AcDbEntity
  8
tejido
100
AcDbPolyline
 90
9
 70
1
 10
6366871.64026651
 20
6174530.93117472
 10
6366869.79413851
 20
6174527.99870458
 10
6366865.76612768
 20
6174530.53402327
 10
6366867.88886476
 20
6174533.29160986
 10
6366868.81869109
 20
6174534.49968066
 10
6366869.98806067
 20
6174536.01790053
 10
6366873.46191467
 20
6174533.8254972
 10
6366872.44988723
 20
6174532.21852393
 10
6366871.64026651
 20
6174530.93117472
  0
LWPOLYLINE
  5
20093
330
1F
100
AcDbEntity
  8
tejido
100
AcDbPolyline
 90
6
 70
1
 10
6366868.57570079
 20
6174501.07418067
 10
6366873.51200803
 20
6174507.79184384
 10
6366876.80709348
 20
6174505.37378324
 10
6366871.77367315
 20
6174498.52367082
 10
6366868.47858759
 20
6174500.94173138
 10
6366868.57570079
 20
6174501.07418067
  0
LWPOLYLINE
  5
20094
330
1F
100
AcDbEntity
  8
tejido
100
AcDbPolyline
 90
20
 70
1
 10
6366884.18188974
 20
6174508.52160739
 10
6366879.71663992
 20
6174502.50099203
 10
6366877.21369976
 20
6174499.12665168
 10
6366873.28122455
 20
6174493.82398422
 10
6366867.63698286
 20
6174497.92656757
 10
6366867.36583188
 20
6174498.12373759
 10
6366864.87196972
 20
6174499.93717322
 10
6366865.39934945
 20
6174500.65464311
 10
6366866.7132794
 20
6174502.44265054
 10
6366868.57570079
 20
6174501.07418067
 10
6366868.47858759
 20
6174500.94173138
 10
6366871.77367315
 20
6174498.52367082
 10
6366876.80709348
 20
6174505.37378324
 10
6366873.51200803
 20
6174507.79184384
 10
6366875.4453724
 20
6174510.43369834
 10
6366873.59293775
 20
6174511.80331323
 10
6366875.37048614
 20
6174514.22183886
 10
6366875.9828024
 20
6174513.82572212
 10
6366878.19388502
 20
6174512.39533901
 10
6366884.18188974
 20
6174508.52160739
  0
LWPOLYLINE
  5
20095
330
1F
100
AcDbEntity
  8
tejido
100
AcDbPolyline
 90
20
 70
1
 10
6366858.38846269
 20
6174491.13712379
 10
6366859.47709389
 20
6174490.33592694
 10
6366860.54911963
 20
6174491.79254854
 10
6366862.67495298
 20
6174490.22800493
 10
6366863.02033562
 20
6174490.69729574
 10
6366865.69647583
 20
6174494.33351777
 10
6366866.83952954
 20
6174495.90464123
 10
6366866.1215446
 20
6174496.43305461
 10
6366867.36583188
 20
6174498.12373759
 10
6366867.63698286
 20
6174497.92656757
 10
6366873.28122455
 20
6174493.82398422
 10
6366868.18904403
 20
6174486.95601475
 10
6366866.93513891
 20
6174485.26430772
 10
6366861.04026029
 20
6174484.08855386
 10
6366859.75855373
 20
6174484.86824351
 10
6366855.74284999
 20
6174487.31287615
 10
6366855.62376439
 20
6174487.38517487
 10
6366856.82926233
 20
6174489.02106283
 10
6366858.28796336
 20
6174491.00072902
 10
6366858.38846269
 20
6174491.13712379
  0
LWPOLYLINE
  5
20096
330
1F
100
AcDbEntity
  8
tejido
100
AcDbPolyline
 90
11
 70
1
 10
6366833.42776506
 20
6174535.08515042
 10
6366833.07851209
 20
6174534.52171007
 10
6366830.68797839
 20
6174530.66604168
 10
6366830.36433146
 20
6174530.14418561
 10
6366826.69439063
 20
6174532.40576738
 10
6366826.24678498
 20
6174531.67804947
 10
6366825.4008222
 20
6174532.20896959
 10
6366827.28011081
 20
6174535.26917655
 10
6366823.66878511
 20
6174537.48959398
 10
6366825.28263525
 20
6174540.0908082
 10
6366833.42776506
 20
6174535.08515042
  0
LWPOLYLINE
  5
20097
330
1F
100
AcDbEntity
  8
tejido
100
AcDbPolyline
 90
11
 70
1
 10
6366830.36423913
 20
6174530.1442691
 10
6366827.31001399
 20
6174525.21862073
 10
6366826.40835139
 20
6174523.76490646
 10
6366823.61375115
 20
6174525.48402301
 10
6366822.76189567
 20
6174526.00780517
 10
6366825.20023266
 20
6174529.97445564
 10
6366824.35328095
 20
6174530.50533016
 10
6366825.4009674
 20
6174532.20904284
 10
6366826.24669826
 20
6174531.67815062
 10
6366826.69449472
 20
6174532.4058796
 10
6366830.36423913
 20
6174530.1442691
  0
LWPOLYLINE
  5
20098
330
1F
100
AcDbEntity
  8
tejido
100
AcDbPolyline
 90
5
 70
1
 10
6366825.4008222
 20
6174532.20896959
 10
6366821.79494656
 20
6174534.46747825
 10
6366823.66878511
 20
6174537.48959398
 10
6366827.28011081
 20
6174535.26917655
 10
6366825.4008222
 20
6174532.20896959
  0
LWPOLYLINE
  5
20099
330
1F
100
AcDbEntity
  8
tejido
100
AcDbPolyline
 90
9
 70
1
 10
6366826.40844069
 20
6174523.76483026
 10
6366826.22193811
 20
6174523.46393187
 10
6366825.66466691
 20
6174522.56567052
 10
6366824.2576669
 20
6174520.29705954
 10
6366823.45162753
 20
6174518.99746553
 10
6366822.92466584
 20
6174518.14755877
 10
6366820.15208465
 20
6174519.85195621
 10
6366823.61363973
 20
6174525.48391069
 10
6366826.40844069
 20
6174523.76483026
  0
LWPOLYLINE
  5
2009A
330
1F
100
AcDbEntity
  8
tejido
100
AcDbPolyline
 90
19
 70
1
 10
6366825.4008222
 20
6174532.20896959
 10
6366824.35315741
 20
6174530.5052455
 10
6366825.20012032
 20
6174529.97433988
 10
6366822.76177766
 20
6174526.00774306
 10
6366823.61363973
 20
6174525.48391069
 10
6366820.15208465
 20
6174519.85195621
 10
6366819.30022257
 20
6174520.37578858
 10
6366817.55713174
 20
6174521.4478911
 10
6366812.6540669
 20
6174513.54032331
 10
6366810.26120857
 20
6174514.99613969
 10
6366809.86861451
 20
6174515.23553139
 10
6366810.39646183
 20
6174516.08645134
 10
6366816.51457431
 20
6174525.95124946
 10
6366817.04143602
 20
6174526.80115478
 10
6366817.3571559
 20
6174527.31089214
 10
6366820.42548873
 20
6174532.25893043
 10
6366820.74122311
 20
6174532.76766767
 10
6366821.79494656
 20
6174534.46747825
 10
6366825.4008222
 20
6174532.20896959
  0
LWPOLYLINE
  5
2009B
330
1F
100
AcDbEntity
  8
tejido
100
AcDbPolyline
 90
7
 70
1
 10
6366803.95135443
 20
6174547.85038952
 10
6366802.8083155
 20
6174548.58707392
 10
6366798.51733545
 20
6174551.32081477
 10
6366799.18949022
 20
6174552.36088583
 10
6366803.46284491
 20
6174549.60088121
 10
6366804.60589833
 20
6174548.86319669
 10
6366803.95135443
 20
6174547.85038952
  0
LWPOLYLINE
  5
2009C
330
1F
100
AcDbEntity
  8
tejido
100
AcDbPolyline
 90
5
 70
1
 10
6366800.3581005
 20
6174534.04688294
 10
6366798.68556193
 20
6174531.35378878
 10
6366797.30458354
 20
6174532.21906879
 10
6366798.95822138
 20
6174534.90488688
 10
6366800.3581005
 20
6174534.04688294
  0
LWPOLYLINE
  5
2009D
330
1F
100
AcDbEntity
  8
tejido
100
AcDbPolyline
 90
7
 70
1
 10
6366800.26194671
 20
6174537.02445407
 10
6366798.95822138
 20
6174534.90488688
 10
6366797.30458354
 20
6174532.21906879
 10
6366793.15151679
 20
6174534.82376502
 10
6366794.78264468
 20
6174537.47524602
 10
6366796.08638454
 20
6174539.59381311
 10
6366800.26194671
 20
6174537.02445407
  0
LWPOLYLINE
  5
2009E
330
1F
100
AcDbEntity
  8
tejido
100
AcDbPolyline
 90
27
 70
1
 10
6366803.95135443
 20
6174547.85038952
 10
6366807.50473126
 20
6174545.55610867
 10
6366806.0276804
 20
6174543.17894802
 10
6366805.50081862
 20
6174542.32904271
 10
6366803.21830659
 20
6174538.65379685
 10
6366801.82074686
 20
6174539.55884961
 10
6366800.26194671
 20
6174537.02445407
 10
6366796.08638454
 20
6174539.59381311
 10
6366794.78264468
 20
6174537.47524602
 10
6366793.15151679
 20
6174534.82376502
 10
6366797.30458354
 20
6174532.21906879
 10
6366798.68556193
 20
6174531.35378878
 10
6366796.49395969
 20
6174527.82490672
 10
6366795.01693789
 20
6174525.44574567
 10
6366794.48907603
 20
6174524.59582581
 10
6366784.98015645
 20
6174530.38498648
 10
6366788.8193945
 20
6174536.3235105
 10
6366790.73092265
 20
6174539.27870744
 10
6366790.96700521
 20
6174539.64368792
 10
6366793.30572703
 20
6174538.19608988
 10
6366794.79386571
 20
6174540.49838701
 10
6366792.48450983
 20
6174541.99042473
 10
6366794.12627605
 20
6174544.52902322
 10
6366794.77787757
 20
6174545.53778652
 10
6366798.51733545
 20
6174551.32081477
 10
6366802.80831549
 20
6174548.58707392
 10
6366803.95135443
 20
6174547.85038952
  0
LWPOLYLINE
  5
2009F
330
1F
100
AcDbEntity
  8
tejido
100
AcDbPolyline
 90
30
 70
1
 10
6366791.18750323
 20
6174571.93326399
 10
6366792.99393937
 20
6174568.42233941
 10
6366791.01143547
 20
6174567.37644378
 10
6366791.95631032
 20
6174565.61135828
 10
6366793.35623044
 20
6174562.9568231
 10
6366795.29036483
 20
6174563.95732582
 10
6366795.95837923
 20
6174562.65841337
 10
6366797.43437518
 20
6174559.78884595
 10
6366798.16621771
 20
6174558.36593984
 10
6366798.4410687
 20
6174557.83196677
 10
6366800.33912991
 20
6174554.14109769
 10
6366798.46777252
 20
6174553.29566805
 10
6366797.5348672
 20
6174555.06477334
 10
6366796.65035302
 20
6174554.59777174
 10
6366796.18335054
 20
6174555.48234695
 10
6366795.71738666
 20
6174556.36687616
 10
6366795.24883759
 20
6174556.11916553
 10
6366792.32355621
 20
6174561.66660859
 10
6366789.66896263
 20
6174560.26650443
 10
6366787.02264767
 20
6174565.26983797
 10
6366787.48429367
 20
6174565.51360213
 10
6366785.52596725
 20
6174569.22160957
 10
6366783.42133183
 20
6174568.10977588
 10
6366783.08377269
 20
6174568.76208079
 10
6366782.21318737
 20
6174570.44386469
 10
6366782.56762984
 20
6174570.62801254
 10
6366789.54332884
 20
6174574.25725056
 10
6366789.8977713
 20
6174574.44139841
 10
6366791.05676488
 20
6174572.18749536
 10
6366791.18750323
 20
6174571.93326399
  0
LWPOLYLINE
  5
200A0
330
1F
100
AcDbEntity
  8
tejido
100
AcDbPolyline
 90
15
 70
1
 10
6366796.18330038
 20
6174555.48236354
 10
6366794.41423878
 20
6174554.54944127
 10
6366791.70804673
 20
6174559.68090993
 10
6366788.62967273
 20
6174558.04979967
 10
6366788.02968346
 20
6174559.20948574
 10
6366787.33914863
 20
6174560.54291674
 10
6366786.8791158
 20
6174561.43254231
 10
6366785.34984251
 20
6174564.38635088
 10
6366786.60664148
 20
6174565.04976708
 10
6366787.02258861
 20
6174565.26986224
 10
6366789.66890495
 20
6174560.26656779
 10
6366792.32349029
 20
6174561.66646571
 10
6366795.24877735
 20
6174556.11903544
 10
6366795.7173393
 20
6174556.36690158
 10
6366796.18330038
 20
6174555.48236354
  0
LWPOLYLINE
  5
200A1
330
1F
100
AcDbEntity
  8
tejido
100
AcDbPolyline
 90
7
 70
1
 10
6366806.27405773
 20
6174563.32003871
 10
6366804.48650546
 20
6174560.55625621
 10
6366802.99511989
 20
6174563.38057139
 10
6366802.80848941
 20
6174563.28183657
 10
6366802.68299822
 20
6174563.52009627
 10
6366805.32101697
 20
6174565.02778906
 10
6366806.27405773
 20
6174563.32003871
  0
LWPOLYLINE
  5
200A2
330
1F
100
AcDbEntity
  8
tejido
100
AcDbPolyline
 90
15
 70
1
 10
6366799.63082121
 20
6174570.71719808
 10
6366797.55010916
 20
6174569.61871572
 10
6366797.37214326
 20
6174569.95523653
 10
6366796.57499915
 20
6174569.53455925
 10
6366796.44436338
 20
6174569.78170972
 10
6366793.18128436
 20
6174568.05793027
 10
6366792.99393937
 20
6174568.42233941
 10
6366791.18750323
 20
6174571.93326399
 10
6366791.05676488
 20
6174572.18749536
 10
6366794.269262
 20
6174573.88373889
 10
6366798.98671417
 20
6174576.37565581
 10
6366799.98781828
 20
6174574.5812238
 10
6366800.89896673
 20
6174572.94844418
 10
6366801.57259218
 20
6174571.74266071
 10
6366799.63082121
 20
6174570.71719808
  0
LWPOLYLINE
  5
200A3
330
1F
100
AcDbEntity
  8
tejido
100
AcDbPolyline
 90
5
 70
1
 10
6366801.75676533
 20
6174556.33435661
 10
6366800.33906997
 20
6174554.1411151
 10
6366798.44100526
 20
6174557.831821
 10
6366800.48109849
 20
6174558.90671438
 10
6366801.75676533
 20
6174556.33435661
  0
LWPOLYLINE
  5
200A4
330
1F
100
AcDbEntity
  8
tejido
100
AcDbPolyline
 90
7
 70
1
 10
6366800.48109849
 20
6174558.90671438
 10
6366798.44100526
 20
6174557.831821
 10
6366798.16617991
 20
6174558.36601375
 10
6366799.33067816
 20
6174558.97907692
 10
6366798.95730635
 20
6174559.68689868
 10
6366799.86181769
 20
6174560.15514974
 10
6366800.48109849
 20
6174558.90671438
  0
LWPOLYLINE
  5
200A5
330
1F
100
AcDbEntity
  8
tejido
100
AcDbPolyline
 90
7
 70
1
 10
6366799.86181769
 20
6174560.15514974
 10
6366798.95730635
 20
6174559.68689868
 10
6366799.33067816
 20
6174558.97907692
 10
6366798.16617991
 20
6174558.36601375
 10
6366797.43433656
 20
6174559.7888754
 10
6366799.50220116
 20
6174560.88017628
 10
6366799.86181769
 20
6174560.15514974
  0
LWPOLYLINE
  5
200A6
330
1F
100
AcDbEntity
  8
tejido
100
AcDbPolyline
 90
13
 70
1
 10
6366805.09641399
 20
6174565.43036655
 10
6366805.32101697
 20
6174565.02778906
 10
6366802.68299822
 20
6174563.52009627
 10
6366802.80848941
 20
6174563.28183657
 10
6366799.24558071
 20
6174561.40062823
 10
6366799.50220116
 20
6174560.88017628
 10
6366797.43433656
 20
6174559.7888754
 10
6366795.95830078
 20
6174562.65842758
 10
6366799.27697812
 20
6174564.41205759
 10
6366802.10526485
 20
6174565.90550131
 10
6366804.20984388
 20
6174567.01734048
 10
6366805.05194562
 20
6174565.51004833
 10
6366805.09641399
 20
6174565.43036655
  0
LWPOLYLINE
  5
200A7
330
1F
100
AcDbEntity
  8
tejido
100
AcDbPolyline
 90
7
 70
1
 10
6366798.98662174
 20
6174576.37572453
 10
6366794.26918677
 20
6174573.88359832
 10
6366791.05671013
 20
6174572.18752506
 10
6366789.89769251
 20
6174574.44146928
 10
6366797.48198378
 20
6174578.38858528
 10
6366797.77685878
 20
6174578.54190539
 10
6366798.98662174
 20
6174576.37572453
  0
LWPOLYLINE
  5
200A8
330
1F
100
AcDbEntity
  8
tejido
100
AcDbPolyline
 90
10
 70
1
 10
6366864.92485476
 20
6174538.47540361
 10
6366866.32073195
 20
6174537.4102749
 10
6366864.68824481
 20
6174535.26693919
 10
6366864.21183041
 20
6174535.630157
 10
6366863.17513993
 20
6174534.2737044
 10
6366859.82097618
 20
6174536.83395581
 10
6366862.25253097
 20
6174540.0262033
 10
6366862.48813916
 20
6174540.33471527
 10
6366863.12842653
 20
6174539.8458301
 10
6366864.92485476
 20
6174538.47540361
  0
LWPOLYLINE
  5
200A9
330
1F
100
AcDbEntity
  8
tejido
100
AcDbPolyline
 90
10
 70
1
 10
6366884.22119747
 20
6174526.58902495
 10
6366883.2338272
 20
6174525.07539553
 10
6366881.82642904
 20
6174525.96612851
 10
6366880.38981658
 20
6174526.87579267
 10
6366881.36421409
 20
6174528.38721935
 10
6366882.54016723
 20
6174530.21380075
 10
6366883.41361528
 20
6174529.6493026
 10
6366883.96800368
 20
6174529.29039419
 10
6366885.3847429
 20
6174528.37439769
 10
6366884.22119747
 20
6174526.58902495
  0
LWPOLYLINE
  5
200AA
330
1F
100
AcDbEntity
  8
tejido
100
AcDbPolyline
 90
20
 70
1
 10
6366881.62256142
 20
6174524.43369788
 10
6366882.3696584
 20
6174525.62232224
 10
6366883.2338272
 20
6174525.07539553
 10
6366884.22119747
 20
6174526.58902495
 10
6366885.3847429
 20
6174528.37439769
 10
6366885.93301828
 20
6174528.02022407
 10
6366886.59747047
 20
6174527.59092646
 10
6366887.84861018
 20
6174526.78157494
 10
6366891.50502668
 20
6174524.4157954
 10
6366891.9684972
 20
6174524.11638055
 10
6366886.94094118
 20
6174517.20832717
 10
6366885.51143432
 20
6174518.1079591
 10
6366884.543312
 20
6174518.7173042
 10
6366882.17354091
 20
6174520.20824626
 10
6366881.95591159
 20
6174520.34515335
 10
6366880.70207084
 20
6174521.13443972
 10
6366881.1009101
 20
6174521.77726462
 10
6366881.35719174
 20
6174522.17526998
 10
6366882.46957117
 20
6174523.90177724
 10
6366881.62256142
 20
6174524.43369788
  0
LWPOLYLINE
  5
200AB
330
1F
100
AcDbEntity
  8
tejido
100
AcDbPolyline
 90
20
 70
1
 10
6366881.36421409
 20
6174528.38721935
 10
6366880.38981658
 20
6174526.87579267
 10
6366880.08261124
 20
6174526.39798348
 10
6366879.63585885
 20
6174525.68248072
 10
6366877.28569899
 20
6174527.15990857
 10
6366876.97478266
 20
6174527.35548116
 10
6366875.63034278
 20
6174525.21532304
 10
6366875.22940687
 20
6174524.57814586
 10
6366874.39900031
 20
6174525.10065123
 10
6366872.27556674
 20
6174526.43696888
 10
6366870.98802643
 20
6174527.24713631
 10
6366869.79413851
 20
6174527.99870458
 10
6366871.64026651
 20
6174530.93117472
 10
6366872.44988723
 20
6174532.21852393
 10
6366873.46191467
 20
6174533.8254972
 10
6366874.47200026
 20
6174535.43164862
 10
6366875.81602271
 20
6174534.56203825
 10
6366878.57271494
 20
6174532.77918092
 10
6366882.54016723
 20
6174530.21380075
 10
6366881.36421409
 20
6174528.38721935
  0
LWPOLYLINE
  5
200AC
330
1F
100
AcDbEntity
  8
tejido
100
AcDbPolyline
 90
26
 70
1
 10
6366842.52618559
 20
6174516.98146607
 10
6366841.95482126
 20
6174516.03408476
 10
6366844.70472603
 20
6174514.37587401
 10
6366845.27609035
 20
6174515.32325531
 10
6366859.54976594
 20
6174506.7157907
 10
6366858.42921258
 20
6174504.8577612
 10
6366865.39933913
 20
6174500.65464735
 10
6366864.8719594
 20
6174499.93717746
 10
6366857.98109937
 20
6174504.0615138
 10
6366856.16066008
 20
6174501.01996527
 10
6366855.83684755
 20
6174501.21383833
 10
6366844.75167528
 20
6174507.84844234
 10
6366840.18373053
 20
6174500.21631756
 10
6366851.21653358
 20
6174493.61296539
 10
6366851.93038926
 20
6174494.80578975
 10
6366851.98276026
 20
6174494.77443808
 10
6366856.10805166
 20
6174492.30548456
 10
6366858.28795304
 20
6174491.00073327
 10
6366856.82925201
 20
6174489.02106707
 10
6366827.44091218
 20
6174507.01726869
 10
6366827.9329298
 20
6174507.69681425
 10
6366835.37038658
 20
6174517.96775086
 10
6366835.69921341
 20
6174518.42206009
 10
6366837.52373932
 20
6174517.32172792
 10
6366838.70719766
 20
6174519.28440238
 10
6366842.52618559
 20
6174516.98146607
  0
LWPOLYLINE
  5
200AD
330
1F
100
AcDbEntity
  8
tejido
100
AcDbPolyline
 90
11
 70
1
 10
6366820.15208465
 20
6174519.85195621
 10
6366822.92466584
 20
6174518.14755877
 10
6366820.95121962
 20
6174514.9649484
 10
6366819.79544029
 20
6174513.10100661
 10
6366818.03635516
 20
6174510.26421258
 10
6366817.09665869
 20
6174510.83678863
 10
6366814.43332126
 20
6174512.45774117
 10
6366812.6540669
 20
6174513.54032331
 10
6366817.55713174
 20
6174521.4478911
 10
6366819.30022257
 20
6174520.37578858
 10
6366820.15208465
 20
6174519.85195621
  0
LWPOLYLINE
  5
200AE
330
1F
100
AcDbEntity
  8
tejido
100
AcDbPolyline
 90
5
 70
1
 10
6366825.24517173
 20
6174542.74512887
 10
6366822.12434942
 20
6174544.66555303
 10
6366824.47787022
 20
6174548.479872
 10
6366827.5967647
 20
6174546.55441827
 10
6366825.24517173
 20
6174542.74512887
  0
LWPOLYLINE
  5
200AF
330
1F
100
AcDbEntity
  8
tejido
100
AcDbPolyline
 90
15
 70
1
 10
6366831.74662097
 20
6174550.52380267
 10
6366830.37925023
 20
6174548.30928329
 10
6366825.7576977
 20
6174540.85594025
 10
6366825.29034184
 20
6174541.14626571
 10
6366826.02332999
 20
6174542.26824423
 10
6366825.24517173
 20
6174542.74512887
 10
6366827.5967647
 20
6174546.55441827
 10
6366824.47787022
 20
6174548.479872
 10
6366822.15032382
 20
6174549.91562798
 10
6366819.92876009
 20
6174551.28589768
 10
6366821.48279151
 20
6174553.80421872
 10
6366822.4699293
 20
6174553.19531786
 10
6366823.83434324
 20
6174555.40679347
 10
6366827.39734459
 20
6174553.20768287
 10
6366831.74662097
 20
6174550.52380267
  0
LWPOLYLINE
  5
200B0
330
1F
100
AcDbEntity
  8
tejido
100
AcDbPolyline
 90
5
 70
1
 10
6366824.47787022
 20
6174548.479872
 10
6366822.12434942
 20
6174544.66555303
 10
6366819.79580286
 20
6174546.1012945
 10
6366822.15032382
 20
6174549.91562798
 10
6366824.47787022
 20
6174548.479872
  0
LWPOLYLINE
  5
200B1
330
1F
100
AcDbEntity
  8
tejido
100
AcDbPolyline
 90
10
 70
1
 10
6366818.78379837
 20
6174555.46966963
 10
6366821.48279151
 20
6174553.80421872
 10
6366819.92876009
 20
6174551.28589768
 10
6366822.15032382
 20
6174549.91562798
 10
6366819.79580286
 20
6174546.1012945
 10
6366813.27359097
 20
6174550.11313504
 10
6366815.62460419
 20
6174553.89340674
 10
6366816.90142611
 20
6174553.10564333
 10
6366818.48402619
 20
6174555.65438797
 10
6366818.78379837
 20
6174555.46966963
  0
LWPOLYLINE
  5
200B2
330
1F
100
AcDbEntity
  8
tejido
100
AcDbPolyline
 90
10
 70
1
 10
6366817.35717006
 20
6174527.31089235
 10
6366817.04145132
 20
6174526.80121116
 10
6366812.93252761
 20
6174529.25745202
 10
6366815.30575141
 20
6174533.2303027
 10
6366814.45878465
 20
6174533.76221498
 10
6366815.74109024
 20
6174535.90947153
 10
6366816.58805965
 20
6174535.37737613
 10
6366820.74121228
 20
6174532.76767338
 10
6366820.42547673
 20
6174532.25915201
 10
6366817.35717006
 20
6174527.31089235
  0
LWPOLYLINE
  5
200B3
330
1F
100
AcDbEntity
  8
tejido
100
AcDbPolyline
 90
5
 70
1
 10
6366817.04136602
 20
6174526.80122626
 10
6366816.5145043
 20
6174525.95132095
 10
6366812.42948821
 20
6174528.41595715
 10
6366812.93246311
 20
6174529.25751382
 10
6366817.04136602
 20
6174526.80122626
  0
LWPOLYLINE
  5
200B4
330
1F
100
AcDbEntity
  8
tejido
100
AcDbPolyline
 90
6
 70
1
 10
6366815.30569707
 20
6174533.23016976
 10
6366812.93246311
 20
6174529.25751382
 10
6366812.42948821
 20
6174528.41595715
 10
6366811.57372709
 20
6174528.9327308
 10
6366814.45871965
 20
6174533.76207553
 10
6366815.30569707
 20
6174533.23016976
  0
LWPOLYLINE
  5
200B5
330
1F
100
AcDbEntity
  8
tejido
100
AcDbPolyline
 90
9
 70
1
 10
6366818.48402619
 20
6174555.65438797
 10
6366816.90142611
 20
6174553.10564333
 10
6366815.62460419
 20
6174553.89340674
 10
6366813.27359097
 20
6174550.11313504
 10
6366811.93725521
 20
6174550.93504759
 10
6366811.23457468
 20
6174549.79250133
 10
6366810.43922611
 20
6174550.28214118
 10
6366815.0794915
 20
6174557.75576202
 10
6366818.48402619
 20
6174555.65438797
  0
LWPOLYLINE
  5
200B6
330
1F
100
AcDbEntity
  8
tejido
100
AcDbPolyline
 90
14
 70
1
 10
6366813.68031701
 20
6174540.19882448
 10
6366817.07030846
 20
6174538.13525272
 10
6366815.74109024
 20
6174535.90947153
 10
6366814.45878465
 20
6174533.76221498
 10
6366811.5738154
 20
6174528.93267667
 10
6366808.77564889
 20
6174524.25184342
 10
6366809.37306327
 20
6174523.89416881
 10
6366808.84860507
 20
6174523.01733205
 10
6366804.64784146
 20
6174525.52926771
 10
6366807.32876011
 20
6174530.01357618
 10
6366810.15131106
 20
6174534.73493679
 10
6366812.22474025
 20
6174538.20309927
 10
6366812.41947893
 20
6174538.08692445
 10
6366813.68031701
 20
6174540.19882448
  0
LWPOLYLINE
  5
200B7
330
1F
100
AcDbEntity
  8
tejido
100
AcDbPolyline
 90
11
 70
1
 10
6366810.3964432
 20
6174516.08645596
 10
6366809.86861723
 20
6174515.23557979
 10
6366806.70771312
 20
6174517.15941853
 10
6366806.19404645
 20
6174517.47208783
 10
6366802.36904897
 20
6174519.80044123
 10
6366798.52391735
 20
6174522.14046977
 10
6366794.69295449
 20
6174524.47178961
 10
6366794.48906571
 20
6174524.59583005
 10
6366795.01690501
 20
6174525.44579062
 10
6366807.23456243
 20
6174518.01028055
 10
6366810.3964432
 20
6174516.08645596
  0
LWPOLYLINE
  5
200B8
330
1F
100
AcDbEntity
  8
tejido
100
AcDbPolyline
 90
11
 70
1
 10
6366813.27353128
 20
6174550.11320228
 10
6366812.56782144
 20
6174548.97261277
 10
6366808.15626547
 20
6174541.86942389
 10
6366807.62840359
 20
6174541.01950409
 10
6366805.50074861
 20
6174542.3291142
 10
6366806.02761039
 20
6174543.17901951
 10
6366807.50466125
 20
6174545.55618016
 10
6366810.43916642
 20
6174550.28220842
 10
6366811.23451499
 20
6174549.79256857
 10
6366811.93719552
 20
6174550.93511484
 10
6366813.27353128
 20
6174550.11320228
  0
LWPOLYLINE
  5
200B9
330
1F
100
AcDbEntity
  8
tejido
100
AcDbPolyline
 90
6
 70
1
 10
6366805.3456943
 20
6174533.14589668
 10
6366805.60859614
 20
6174533.57284233
 10
6366809.48656506
 20
6174539.87604484
 10
6366810.33842714
 20
6174539.3522124
 10
6366806.1975564
 20
6174532.62206426
 10
6366805.3456943
 20
6174533.14589668
  0
LWPOLYLINE
  5
200BA
330
1F
100
AcDbEntity
  8
tejido
100
AcDbPolyline
 90
42
 70
1
 10
6366813.27360123
 20
6174550.1131347
 10
6366819.79578528
 20
6174546.10149646
 10
6366822.12433859
 20
6174544.66576095
 10
6366825.24520496
 20
6174542.7451274
 10
6366826.02335631
 20
6174542.26844975
 10
6366825.29034772
 20
6174541.14626482
 10
6366825.75771623
 20
6174540.85594247
 10
6366825.28262044
 20
6174540.09081873
 10
6366823.66876882
 20
6174537.48963917
 10
6366821.7949357
 20
6174534.46768812
 10
6366820.74121228
 20
6174532.76767338
 10
6366816.58805965
 20
6174535.37737613
 10
6366815.74109024
 20
6174535.90947153
 10
6366817.07030846
 20
6174538.13525272
 10
6366813.68031701
 20
6174540.19882448
 10
6366812.41947893
 20
6174538.08692445
 10
6366812.22474025
 20
6174538.20309927
 10
6366810.15131106
 20
6174534.73493679
 10
6366807.32876011
 20
6174530.01357618
 10
6366804.64784146
 20
6174525.52926771
 10
6366808.84860507
 20
6174523.01733205
 10
6366809.37306327
 20
6174523.89416881
 10
6366808.77564889
 20
6174524.25184342
 10
6366811.5738154
 20
6174528.93267667
 10
6366812.42953517
 20
6174528.41609389
 10
6366816.51458874
 20
6174525.95126481
 10
6366810.3964432
 20
6174516.08645596
 10
6366807.23456243
 20
6174518.01028055
 10
6366795.01690501
 20
6174525.44579062
 10
6366796.4939716
 20
6174527.82513011
 10
6366798.6855813
 20
6174531.35380078
 10
6366800.35811532
 20
6174534.04710784
 10
6366800.53989678
 20
6174534.34066802
 10
6366801.33168715
 20
6174535.61554822
 10
6366805.34574086
 20
6174533.14602707
 10
6366806.19759991
 20
6174532.62200069
 10
6366810.33846708
 20
6174539.35236174
 10
6366809.48661336
 20
6174539.87602188
 10
6366807.62844606
 20
6174541.01964712
 10
6366808.15634996
 20
6174541.86936434
 10
6366812.5679066
 20
6174548.97254053
 10
6366813.27360123
 20
6174550.1131347
  0
LWPOLYLINE
  5
200BB
330
1F
100
AcDbEntity
  8
tejido
100
AcDbPolyline
 90
11
 70
1
 10
6366816.24058678
 20
6174547.64180763
 10
6366813.7892853
 20
6174543.65996422
 10
6366812.76617623
 20
6174544.28981036
 10
6366812.39797024
 20
6174543.69170415
 10
6366813.78946577
 20
6174542.83507203
 10
6366814.07481963
 20
6174543.29859494
 10
6366821.35789604
 20
6174538.81498942
 10
6366822.11711001
 20
6174540.04824094
 10
6366821.02751853
 20
6174540.71901496
 10
6366822.80244464
 20
6174543.60216828
 10
6366816.24058678
 20
6174547.64180763
  0
LWPOLYLINE
  5
200BC
330
1F
100
AcDbEntity
  8
tejido
100
AcDbPolyline
 90
8
 70
1
 10
6366805.60868783
 20
6174533.57282489
 10
6366805.34574086
 20
6174533.14602707
 10
6366801.33168715
 20
6174535.61554822
 10
6366803.21828892
 20
6174538.65380294
 10
6366805.50082216
 20
6174542.32910137
 10
6366807.62844606
 20
6174541.01964712
 10
6366809.48661336
 20
6174539.87602188
 10
6366805.60868783
 20
6174533.57282489
  0
LWPOLYLINE
  5
200BD
330
1F
100
AcDbEntity
  8
tejido
100
AcDbPolyline
 90
10
 70
1
 10
6366783.2152466
 20
6174547.44695742
 10
6366783.17630495
 20
6174547.38717
 10
6366782.59360801
 20
6174547.76990725
 10
6366784.42355191
 20
6174550.57630946
 10
6366785.9941425
 20
6174552.98600488
 10
6366786.58289939
 20
6174552.60219537
 10
6366786.31178342
 20
6174552.18718491
 10
6366785.00923901
 20
6174550.19367657
 10
6366784.78030438
 20
6174549.84240798
 10
6366783.2152466
 20
6174547.44695742
  0
LWPOLYLINE
  5
200BE
330
1F
100
AcDbEntity
  8
tejido
100
AcDbPolyline
 90
6
 70
1
 10
6366787.82298993
 20
6174554.50164333
 10
6366784.06256539
 20
6174556.95694115
 10
6366788.02960711
 20
6174559.20935444
 10
6366788.62959638
 20
6174558.04966836
 10
6366789.2974912
 20
6174556.75992363
 10
6366787.82298993
 20
6174554.50164333
  0
LWPOLYLINE
  5
200BF
330
1F
100
AcDbEntity
  8
tejido
100
AcDbPolyline
 90
14
 70
1
 10
6366785.49765756
 20
6174564.10081337
 10
6366781.73077813
 20
6174561.96000281
 10
6366779.9895412
 20
6174560.97041486
 10
6366778.5767437
 20
6174560.16874981
 10
6366778.50725328
 20
6174560.05985905
 10
6366778.03206189
 20
6174559.30554057
 10
6366777.80551946
 20
6174559.75003541
 10
6366777.52650086
 20
6174560.29774656
 10
6366776.81505771
 20
6174561.69487784
 10
6366780.37421927
 20
6174563.55586339
 10
6366781.9686703
 20
6174564.39019908
 10
6366784.62737674
 20
6174565.78034981
 10
6366785.34982514
 20
6174564.38636967
 10
6366785.49765756
 20
6174564.10081337
  0
LWPOLYLINE
  5
200C0
330
1F
100
AcDbEntity
  8
tejido
100
AcDbPolyline
 90
8
 70
1
 10
6366784.42355191
 20
6174550.57630946
 10
6366782.59360801
 20
6174547.76990725
 10
6366779.23171668
 20
6174549.96307866
 10
6366781.06167477
 20
6174552.76850422
 10
6366782.36029746
 20
6174554.75878089
 10
6366782.63330577
 20
6174555.17803157
 10
6366785.9941425
 20
6174552.98600488
 10
6366784.42355191
 20
6174550.57630946
  0
LWPOLYLINE
  5
200C1
330
1F
100
AcDbEntity
  8
tejido
100
AcDbPolyline
 90
33
 70
1
 10
6366781.97213193
 20
6174557.80010327
 10
6366779.60682693
 20
6174554.17178797
 10
6366780.70261255
 20
6174553.45744346
 10
6366782.06782108
 20
6174555.55163725
 10
6366782.63557919
 20
6174555.18151477
 10
6366782.63330577
 20
6174555.17803157
 10
6366782.36029746
 20
6174554.75878089
 10
6366781.06167477
 20
6174552.76850422
 10
6366779.23171668
 20
6174549.96307866
 10
6366778.76111297
 20
6174550.27020537
 10
6366780.1126251
 20
6174552.33945964
 10
6366778.9169217
 20
6174553.11939248
 10
6366776.47645315
 20
6174554.71115074
 10
6366774.05291912
 20
6174550.99540582
 10
6366776.66116354
 20
6174549.2942866
 10
6366776.4766007
 20
6174549.01149283
 10
6366776.31420342
 20
6174548.76223406
 10
6366773.85884062
 20
6174545.00145788
 10
6366774.36075706
 20
6174544.67384297
 10
6366774.86267703
 20
6174544.3459839
 10
6366775.52917565
 20
6174543.91030498
 10
6366779.29801737
 20
6174541.45029683
 10
6366777.63247371
 20
6174538.89818882
 10
6366773.82639685
 20
6174541.3028302
 10
6366768.69477937
 20
6174544.54456361
 10
6366771.26673523
 20
6174548.61028876
 10
6366773.24706046
 20
6174551.74099543
 10
6366774.9319853
 20
6174554.40505363
 10
6366775.28545586
 20
6174554.96394254
 10
6366778.03206189
 20
6174559.30554057
 10
6366778.50725328
 20
6174560.05985905
 10
6366781.30256886
 20
6174558.23659259
 10
6366781.97213193
 20
6174557.80010327
  0
LWPOLYLINE
  5
200C2
330
1F
100
AcDbEntity
  8
tejido
100
AcDbPolyline
 90
12
 70
1
 10
6366781.73077813
 20
6174561.96000281
 10
6366783.54807872
 20
6174558.39031756
 10
6366787.33911779
 20
6174560.54271945
 10
6366788.02967249
 20
6174559.20933221
 10
6366784.06256539
 20
6174556.95694115
 10
6366783.6363972
 20
6174556.71490684
 10
6366781.97213193
 20
6174557.80010327
 10
6366781.30256886
 20
6174558.23659259
 10
6366778.50725328
 20
6174560.05985905
 10
6366778.5767437
 20
6174560.16874981
 10
6366779.9895412
 20
6174560.97041486
 10
6366781.73077813
 20
6174561.96000281
  0
LWPOLYLINE
  5
200C3
330
1F
100
AcDbEntity
  8
tejido
100
AcDbPolyline
 90
8
 70
1
 10
6366778.76106709
 20
6174550.27022982
 10
6366779.23166967
 20
6174549.96294583
 10
6366782.59351829
 20
6174547.76992375
 10
6366783.17624914
 20
6174547.38723925
 10
6366782.63116792
 20
6174546.55207479
 10
6366777.18898864
 20
6174550.10240795
 10
6366777.73504101
 20
6174550.93958714
 10
6366778.76106709
 20
6174550.27022982
  0
LWPOLYLINE
  5
200C4
330
1F
100
AcDbEntity
  8
tejido
100
AcDbPolyline
 90
5
 70
1
 10
6366782.63116792
 20
6174546.55207479
 10
6366782.19372308
 20
6174545.88252277
 10
6366776.75154379
 20
6174549.43285593
 10
6366777.18898864
 20
6174550.10240795
 10
6366782.63116792
 20
6174546.55207479
  0
LWPOLYLINE
  5
200C5
330
1F
100
AcDbEntity
  8
tejido
100
AcDbPolyline
 90
8
 70
1
 10
6366782.19372308
 20
6174545.88252277
 10
6366781.82673614
 20
6174545.32102614
 10
6366781.75627824
 20
6174545.21297076
 10
6366777.31894876
 20
6174548.1056437
 10
6366776.8170239
 20
6174548.43448105
 10
6366776.31411341
 20
6174548.76230379
 10
6366776.75154379
 20
6174549.43285593
 10
6366782.19372308
 20
6174545.88252277
  0
LWPOLYLINE
  5
200C6
330
1F
100
AcDbEntity
  8
tejido
100
AcDbPolyline
 90
11
 70
1
 10
6366784.62734401
 20
6174565.78020839
 10
6366781.96861324
 20
6174564.39025366
 10
6366780.37418066
 20
6174563.55589235
 10
6366776.81498237
 20
6174561.69474411
 10
6366776.35063031
 20
6174562.60631427
 10
6366775.97895444
 20
6174563.33516745
 10
6366779.52823854
 20
6174565.19017011
 10
6366780.43069177
 20
6174565.66239266
 10
6366781.12267114
 20
6174566.02453141
 10
6366783.78140192
 20
6174567.41448613
 10
6366784.62734401
 20
6174565.78020839
  0
LWPOLYLINE
  5
200C7
330
1F
100
AcDbEntity
  8
tejido
100
AcDbPolyline
 90
10
 70
1
 10
6366783.42121994
 20
6174568.10949481
 10
6366783.78140192
 20
6174567.41448613
 10
6366781.12267114
 20
6174566.02453141
 10
6366780.43069177
 20
6174565.66239266
 10
6366779.52823854
 20
6174565.19017011
 10
6366775.97895444
 20
6174563.33516745
 10
6366775.51768966
 20
6174564.2407804
 10
6366775.29015904
 20
6174564.68662954
 10
6366783.08366348
 20
6174568.76181734
 10
6366783.42121994
 20
6174568.10949481
  0
LWPOLYLINE
  5
200C8
330
1F
100
AcDbEntity
  8
tejido
100
AcDbPolyline
 90
6
 70
1
 10
6366781.75627824
 20
6174545.21297076
 10
6366779.29797738
 20
6174541.45015042
 10
6366775.52912731
 20
6174543.91036457
 10
6366774.86260459
 20
6174544.34585266
 10
6366777.31894876
 20
6174548.1056437
 10
6366781.75627824
 20
6174545.21297076
  0
LWPOLYLINE
  5
200C9
330
1F
100
AcDbEntity
  8
tejido
100
AcDbPolyline
 90
7
 70
1
 10
6366783.08366348
 20
6174568.76181734
 10
6366775.29015904
 20
6174564.68662954
 10
6366774.42220031
 20
6174566.39061104
 10
6366774.62175985
 20
6174566.49453479
 10
6366781.87943353
 20
6174570.26986537
 10
6366782.21302321
 20
6174570.44375283
 10
6366783.08366348
 20
6174568.76181734
  0
LWPOLYLINE
  5
200CA
330
1F
100
AcDbEntity
  8
tejido
100
AcDbPolyline
 90
5
 70
1
 10
6366777.31894876
 20
6174548.1056437
 10
6366774.86260459
 20
6174544.34585266
 10
6366774.36069421
 20
6174544.67368989
 10
6366776.8170239
 20
6174548.43448105
 10
6366777.31894876
 20
6174548.1056437
  0
LWPOLYLINE
  5
200CB
330
1F
100
AcDbEntity
  8
tejido
100
AcDbPolyline
 90
5
 70
1
 10
6366776.8170239
 20
6174548.43448105
 10
6366774.36069421
 20
6174544.67368989
 10
6366773.85878384
 20
6174545.00152712
 10
6366776.31411341
 20
6174548.76230379
 10
6366776.8170239
 20
6174548.43448105
  0
LWPOLYLINE
  5
200CC
330
1F
100
AcDbEntity
  8
tejido
100
AcDbPolyline
 90
9
 70
1
 10
6366776.94838404
 20
6174537.85089413
 10
6366775.74374056
 20
6174536.00704533
 10
6366775.55396306
 20
6174536.12213198
 10
6366771.89658196
 20
6174538.34789968
 10
6366767.24807942
 20
6174541.17748999
 10
6366766.75559692
 20
6174541.47764474
 10
6366768.02592624
 20
6174543.48649975
 10
6366773.13843758
 20
6174540.24870235
 10
6366776.94838404
 20
6174537.85089413
  0
LWPOLYLINE
  5
200CD
330
1F
100
AcDbEntity
  8
tejido
100
AcDbPolyline
 90
9
 70
1
 10
6366777.24983907
 20
6174538.31262378
 10
6366776.94838404
 20
6174537.85089413
 10
6366773.13843758
 20
6174540.24870235
 10
6366768.02592624
 20
6174543.48649975
 10
6366768.32126826
 20
6174543.95296418
 10
6366768.69477937
 20
6174544.54456361
 10
6366773.82639685
 20
6174541.3028302
 10
6366777.63247371
 20
6174538.89818882
 10
6366777.24983907
 20
6174538.31262378
  0
LWPOLYLINE
  5
200CE
330
1F
100
AcDbEntity
  8
tejido
100
AcDbPolyline
 90
9
 70
1
 10
6366787.48420774
 20
6174565.51362649
 10
6366787.02258861
 20
6174565.26986224
 10
6366786.60664148
 20
6174565.04976708
 10
6366785.34984251
 20
6174564.38635088
 10
6366784.62742036
 20
6174565.78033969
 10
6366783.78147827
 20
6174567.41461744
 10
6366783.42129629
 20
6174568.10962611
 10
6366785.52587546
 20
6174569.22146534
 10
6366787.48420774
 20
6174565.51362649
  0
LWPOLYLINE
  5
200CF
330
1F
100
AcDbEntity
  8
tejido
100
AcDbPolyline
 90
8
 70
1
 10
6366802.10535751
 20
6174565.90565287
 10
6366799.27701375
 20
6174564.41199879
 10
6366797.9759233
 20
6174566.87814593
 10
6366798.76898648
 20
6174567.30657913
 10
6366800.81556453
 20
6174568.41378629
 10
6366802.8245308
 20
6174569.50005621
 10
6366804.20993175
 20
6174567.01748563
 10
6366802.10535751
 20
6174565.90565287
  0
LWPOLYLINE
  5
200D0
330
1F
100
AcDbEntity
  8
tejido
100
AcDbPolyline
 90
7
 70
1
 10
6366797.55001406
 20
6174569.61873215
 10
6366798.34922682
 20
6174568.10281603
 10
6366798.76889324
 20
6174567.30663612
 10
6366797.97584406
 20
6174566.87801214
 10
6366796.57491714
 20
6174569.53458318
 10
6366797.37208269
 20
6174569.95526419
 10
6366797.55001406
 20
6174569.61873215
  0
LWPOLYLINE
  5
200D1
330
1F
100
AcDbEntity
  8
tejido
100
AcDbPolyline
 90
8
 70
1
 10
6366796.57491714
 20
6174569.53458318
 10
6366797.97584406
 20
6174566.87801214
 10
6366799.27697812
 20
6174564.41205759
 10
6366795.95830078
 20
6174562.65842758
 10
6366795.2902756
 20
6174563.95717332
 10
6366793.18120378
 20
6174568.05795618
 10
6366796.44429499
 20
6174569.78177146
 10
6366796.57491714
 20
6174569.53458318
  0
LWPOLYLINE
  5
200D2
330
1F
100
AcDbEntity
  8
tejido
100
AcDbPolyline
 90
8
 70
1
 10
6366817.03602454
 20
6174579.98407674
 10
6366816.95989908
 20
6174579.86614514
 10
6366815.38707645
 20
6174577.43121322
 10
6366813.06127361
 20
6174579.02073283
 10
6366812.56407606
 20
6174579.36053174
 10
6366813.21589514
 20
6174580.31428067
 10
6366814.27829099
 20
6174581.86879008
 10
6366817.03602454
 20
6174579.98407674
  0
LWPOLYLINE
  5
200D3
330
1F
100
AcDbEntity
  8
tejido
100
AcDbPolyline
 90
8
 70
1
 10
6366814.22741753
 20
6174575.63591188
 10
6366812.1738822
 20
6174577.03935613
 10
6366811.85574042
 20
6174577.25678324
 10
6366813.06127361
 20
6174579.02073283
 10
6366815.38707645
 20
6174577.43121322
 10
6366815.26925712
 20
6174577.24881371
 10
6366814.25369789
 20
6174575.67659726
 10
6366814.22741753
 20
6174575.63591188
  0
LWPOLYLINE
  5
200D4
330
1F
100
AcDbEntity
  8
tejido
100
AcDbPolyline
 90
12
 70
1
 10
6366813.21589514
 20
6174580.31428067
 10
6366812.06323621
 20
6174581.10204049
 10
6366813.03570801
 20
6174582.52497203
 10
6366813.46560174
 20
6174582.23117046
 10
6366815.53293901
 20
6174585.25612126
 10
6366817.04190983
 20
6174585.18405365
 10
6366817.46198502
 20
6174584.91204931
 10
6366818.98476122
 20
6174583.92578353
 10
6366819.40483641
 20
6174583.65377918
 10
6366817.03602454
 20
6174579.98407674
 10
6366814.27829099
 20
6174581.86879008
 10
6366813.21589514
 20
6174580.31428067
  0
LWPOLYLINE
  5
200D5
330
1F
100
AcDbEntity
  8
tejido
100
AcDbPolyline
 90
10
 70
1
 10
6366809.6669823
 20
6174574.80145749
 10
6366812.1738822
 20
6174577.03935613
 10
6366814.22741753
 20
6174575.63591188
 10
6366814.05606497
 20
6174575.37063606
 10
6366812.81060801
 20
6174573.44097445
 10
6366811.68645578
 20
6174571.70013071
 10
6366811.51033275
 20
6174571.42849213
 10
6366810.78898286
 20
6174572.74847242
 10
6366809.82924022
 20
6174574.50454135
 10
6366809.6669823
 20
6174574.80145749
  0
LWPOLYLINE
  5
200D6
330
1F
100
AcDbEntity
  8
tejido
100
AcDbPolyline
 90
9
 70
1
 10
6366778.03206365
 20
6174559.30572278
 10
6366775.2854627
 20
6174554.96393969
 10
6366773.06426414
 20
6174556.39934608
 10
6366772.65515091
 20
6174557.23816671
 10
6366772.49139845
 20
6174557.57391471
 10
6366774.77627105
 20
6174558.73845494
 10
6366774.95978359
 20
6174558.3621921
 10
6366777.80557777
 20
6174559.75015508
 10
6366778.03206365
 20
6174559.30572278
  0
LWPOLYLINE
  5
200D7
330
1F
100
AcDbEntity
  8
tejido
100
AcDbPolyline
 90
8
 70
1
 10
6366777.80557777
 20
6174559.75015508
 10
6366774.95978359
 20
6174558.3621921
 10
6366774.77627105
 20
6174558.73845494
 10
6366773.55483134
 20
6174561.24281998
 10
6366776.35071698
 20
6174562.60644133
 10
6366776.81506904
 20
6174561.69487117
 10
6366777.52653345
 20
6174560.29772261
 10
6366777.80557777
 20
6174559.75015508
  0
LWPOLYLINE
  5
200D8
330
1F
100
AcDbEntity
  8
tejido
100
AcDbPolyline
 90
10
 70
1
 10
6366770.61884081
 20
6174553.37170345
 10
6366770.18758793
 20
6174553.63928133
 10
6366770.1532653
 20
6174553.66079121
 10
6366769.81839991
 20
6174553.86857712
 10
6366769.13304096
 20
6174554.29384631
 10
6366768.91978133
 20
6174554.42617515
 10
6366768.38717283
 20
6174555.48209746
 10
6366770.83851229
 20
6174556.73148154
 10
6366771.70464631
 20
6174555.03209343
 10
6366770.61884081
 20
6174553.37170345
  0
LWPOLYLINE
  5
200D9
330
1F
100
AcDbEntity
  8
tejido
100
AcDbPolyline
 90
10
 70
1
 10
6366774.93203095
 20
6174554.40524039
 10
6366773.24707052
 20
6174551.74097554
 10
6366770.61884081
 20
6174553.37170345
 10
6366771.70464631
 20
6174555.03209343
 10
6366770.83851229
 20
6174556.73148154
 10
6366772.49139845
 20
6174557.57391471
 10
6366772.65515091
 20
6174557.23816671
 10
6366773.06426414
 20
6174556.39934608
 10
6366775.2854627
 20
6174554.96393969
 10
6366774.93203095
 20
6174554.40524039
  0
LWPOLYLINE
  5
200DA
330
1F
100
AcDbEntity
  8
tejido
100
AcDbPolyline
 90
6
 70
1
 10
6366769.81839991
 20
6174553.86857712
 10
6366767.16746037
 20
6174549.79400481
 10
6366766.61145165
 20
6174550.15574718
 10
6366765.45937403
 20
6174552.44528888
 10
6366769.13304096
 20
6174554.29384631
 10
6366769.81839991
 20
6174553.86857712
  0
LWPOLYLINE
  5
200DB
330
1F
100
AcDbEntity
  8
tejido
100
AcDbPolyline
 90
32
 70
1
 10
6366767.83263888
 20
6174556.58110787
 10
6366767.55037676
 20
6174556.44141707
 10
6366765.60111716
 20
6174560.38013132
 10
6366762.00355858
 20
6174558.59970884
 10
6366762.43273046
 20
6174557.73251526
 10
6366757.2804851
 20
6174555.18268223
 10
6366758.90757012
 20
6174551.89496072
 10
6366758.3637231
 20
6174551.00870377
 10
6366763.23692267
 20
6174548.01829001
 10
6366761.27336444
 20
6174544.81846152
 10
6366761.1180279
 20
6174544.91310669
 10
6366760.09366835
 20
6174545.53647327
 10
6366759.77474905
 20
6174545.73091749
 10
6366758.55659998
 20
6174546.47351613
 10
6366757.53222593
 20
6174547.09788284
 10
6366755.99515755
 20
6174548.03492571
 10
6366754.8850059
 20
6174548.71106692
 10
6366753.34693739
 20
6174549.64809533
 10
6366751.66050467
 20
6174550.67600449
 10
6366751.81329792
 20
6174554.62949747
 10
6366754.46418738
 20
6174556.00833526
 10
6366755.36271265
 20
6174556.47549935
 10
6366755.61688728
 20
6174556.60722307
 10
6366757.21336366
 20
6174557.43861311
 10
6366758.36606356
 20
6174558.03750091
 10
6366760.4063454
 20
6174559.09939295
 10
6366761.5590308
 20
6174559.69928085
 10
6366763.15552165
 20
6174560.52967074
 10
6366764.30820703
 20
6174561.12955863
 10
6366765.283176
 20
6174561.63684277
 10
6366767.55927928
 20
6174557.12334498
 10
6366767.83263888
 20
6174556.58110787
  0
LWPOLYLINE
  5
200DC
330
1F
100
AcDbEntity
  8
tejido
100
AcDbPolyline
 90
6
 70
1
 10
6366791.40051166
 20
6174548.59270627
 10
6366788.89153443
 20
6174550.23431211
 10
6366792.08510028
 20
6174555.11525458
 10
6366792.27599385
 20
6174555.00261656
 10
6366794.67043228
 20
6174553.59034695
 10
6366791.40051166
 20
6174548.59270627
  0
LWPOLYLINE
  5
200DD
330
1F
100
AcDbEntity
  8
tejido
100
AcDbPolyline
 90
22
 70
1
 10
6366788.89153443
 20
6174550.23431212
 10
6366791.40051166
 20
6174548.59270627
 10
6366794.67043228
 20
6174553.59034695
 10
6366795.24733658
 20
6174553.25008161
 10
6366798.51733545
 20
6174551.32081477
 10
6366794.77787757
 20
6174545.53778652
 10
6366794.12627605
 20
6174544.52902322
 10
6366792.48450983
 20
6174541.99042473
 10
6366790.96700521
 20
6174539.64368792
 10
6366790.73092265
 20
6174539.27870744
 10
6366786.50461415
 20
6174542.04395066
 10
6366789.09124517
 20
6174545.99727387
 10
6366787.12511196
 20
6174547.28370073
 10
6366786.02792139
 20
6174545.60679017
 10
6366783.215329
 20
6174547.4470492
 10
6366784.78030024
 20
6174549.84239034
 10
6366785.0092848
 20
6174550.19382035
 10
6366786.31183554
 20
6174552.18732976
 10
6366786.5829122
 20
6174552.60238996
 10
6366789.29757787
 20
6174556.7600507
 10
6366792.08510028
 20
6174555.11525458
 10
6366788.89153443
 20
6174550.23431212
  0
LWPOLYLINE
  5
200DE
330
1F
100
AcDbEntity
  8
tejido
100
AcDbPolyline
 90
14
 70
1
 10
6366867.36583188
 20
6174498.12373759
 10
6366866.1215446
 20
6174496.43305461
 10
6366864.72228554
 20
6174497.46286342
 10
6366860.54911963
 20
6174491.79254854
 10
6366859.47709389
 20
6174490.33592694
 10
6366858.38846269
 20
6174491.13712379
 10
6366858.71500775
 20
6174491.58030122
 10
6366859.50159707
 20
6174492.64813851
 10
6366859.79413825
 20
6174493.04540378
 10
6366861.36282069
 20
6174495.17381086
 10
6366862.53416525
 20
6174496.76428945
 10
6366862.75970557
 20
6174497.07035485
 10
6366864.87196971
 20
6174499.93717322
 10
6366867.36583188
 20
6174498.12373759
  0
LWPOLYLINE
  5
200DF
330
1F
100
AcDbEntity
  8
tejido
100
AcDbPolyline
 90
5
 70
1
 10
6366865.69647583
 20
6174494.33351777
 10
6366863.02033562
 20
6174490.69729574
 10
6366861.06524139
 20
6174492.13618096
 10
6366863.74138163
 20
6174495.77240301
 10
6366865.69647583
 20
6174494.33351777
  0
LWPOLYLINE
  5
200E0
330
1F
100
AcDbEntity
  8
tejido
100
AcDbPolyline
 90
10
 70
1
 10
6366865.69647583
 20
6174494.33351777
 10
6366863.74138163
 20
6174495.77240301
 10
6366861.06524139
 20
6174492.13618096
 10
6366863.02033562
 20
6174490.69729574
 10
6366862.67495298
 20
6174490.22800493
 10
6366860.54911963
 20
6174491.79254854
 10
6366864.72228554
 20
6174497.46286342
 10
6366866.1215446
 20
6174496.43305461
 10
6366866.83952954
 20
6174495.90464123
 10
6366865.69647583
 20
6174494.33351777
  0
LWPOLYLINE
  5
200E1
330
1F
100
AcDbEntity
  8
tejido
100
AcDbPolyline
 90
14
 70
1
 10
6366877.91767747
 20
6174520.33534058
 10
6366879.13260264
 20
6174522.12270874
 10
6366879.85509414
 20
6174521.66819555
 10
6366880.70210037
 20
6174521.1342897
 10
6366881.95593397
 20
6174520.34519323
 10
6366882.17363519
 20
6174520.20821122
 10
6366879.91850314
 20
6174516.8905161
 10
6366880.26598723
 20
6174516.65432126
 10
6366878.66312909
 20
6174514.29623553
 10
6366877.19160685
 20
6174515.29647114
 10
6366879.01847051
 20
6174517.98410833
 10
6366877.44008946
 20
6174519.05697895
 10
6366878.18535367
 20
6174520.15339343
 10
6366877.91767747
 20
6174520.33534058
  0
LWPOLYLINE
  5
200E2
330
1F
100
AcDbEntity
  8
tejido
100
AcDbPolyline
 90
8
 70
1
 10
6366864.51039918
 20
6174521.24870058
 10
6366867.90885583
 20
6174526.26515726
 10
6366868.20466263
 20
6174526.06475951
 10
6366868.39183771
 20
6174526.34104835
 10
6366870.07307658
 20
6174525.20207362
 10
6366866.51579352
 20
6174519.95117345
 10
6366866.32479576
 20
6174520.07472698
 10
6366864.51039918
 20
6174521.24870058
  0
LWPOLYLINE
  5
200E3
330
1F
100
AcDbEntity
  8
tejido
100
AcDbPolyline
 90
12
 70
1
 10
6366870.07307658
 20
6174525.20207362
 10
6366868.39183771
 20
6174526.34104835
 10
6366868.20466264
 20
6174526.06475951
 10
6366867.90885583
 20
6174526.26515726
 10
6366864.34078579
 20
6174528.68238763
 10
6366864.43377422
 20
6174528.80316322
 10
6366865.766138
 20
6174530.53401903
 10
6366869.79416099
 20
6174527.99853493
 10
6366870.98812123
 20
6174527.24717023
 10
6366869.83912558
 20
6174525.55113953
 10
6366870.1615687
 20
6174525.33269671
 10
6366870.07307658
 20
6174525.20207362
  0
LWPOLYLINE
  5
200E4
330
1F
100
AcDbEntity
  8
tejido
100
AcDbPolyline
 90
18
 70
1
 10
6366874.09340892
 20
6174522.36177534
 10
6366873.13385295
 20
6174520.9501001
 10
6366872.6837912
 20
6174521.25601991
 10
6366871.00619412
 20
6174519.35610867
 10
6366870.74976127
 20
6174519.53041339
 10
6366869.65489033
 20
6174517.91966603
 10
6366869.60257651
 20
6174517.95351158
 10
6366868.82636879
 20
6174518.45620101
 10
6366868.42414258
 20
6174518.71669167
 10
6366866.51579352
 20
6174519.95117346
 10
6366870.07307658
 20
6174525.20207362
 10
6366870.1615687
 20
6174525.33269671
 10
6366869.83912558
 20
6174525.55113953
 10
6366870.98812123
 20
6174527.24717023
 10
6366872.27557898
 20
6174526.43696711
 10
6366874.39905415
 20
6174525.10070191
 10
6366873.02908026
 20
6174523.08522991
 10
6366874.09340892
 20
6174522.36177534
  0
LWPOLYLINE
  5
200E5
330
1F
100
AcDbEntity
  8
tejido
100
AcDbPolyline
 90
8
 70
1
 10
6366874.09340892
 20
6174522.36177534
 10
6366873.02908026
 20
6174523.08522991
 10
6366874.39905415
 20
6174525.10070191
 10
6366875.22945475
 20
6174524.57814557
 10
6366879.13260264
 20
6174522.12270874
 10
6366877.91767747
 20
6174520.33534058
 10
6366874.35982235
 20
6174522.75371625
 10
6366874.09340892
 20
6174522.36177534
  0
LWPOLYLINE
  5
200E6
330
1F
100
AcDbEntity
  8
tejido
100
AcDbPolyline
 90
17
 70
1
 10
6366878.66312909
 20
6174514.29623553
 10
6366880.26598723
 20
6174516.65432126
 10
6366879.91850314
 20
6174516.8905161
 10
6366882.17363519
 20
6174520.20821122
 10
6366884.54334907
 20
6174518.71713915
 10
6366885.51148457
 20
6174518.10796325
 10
6366886.94097516
 20
6174517.20837504
 10
6366888.08578226
 20
6174516.48772176
 10
6366889.45267177
 20
6174515.62823991
 10
6366888.50193365
 20
6174514.34605618
 10
6366887.30981854
 20
6174512.73927172
 10
6366886.41598586
 20
6174511.53393696
 10
6366885.22487087
 20
6174509.92716696
 10
6366884.18188974
 20
6174508.52160739
 10
6366878.19388502
 20
6174512.39533901
 10
6366879.22594176
 20
6174513.91367571
 10
6366878.66312909
 20
6174514.29623553
  0
LWPOLYLINE
  5
200E7
330
1F
100
AcDbEntity
  8
tejido
100
AcDbPolyline
 90
5
 70
1
 10
6366873.13385295
 20
6174520.9501001
 10
6366871.72039064
 20
6174518.87064892
 10
6366871.00619411
 20
6174519.35610867
 10
6366872.6837912
 20
6174521.25601991
 10
6366873.13385295
 20
6174520.9501001
  0
LWPOLYLINE
  5
200E8
330
1F
100
AcDbEntity
  8
tejido
100
AcDbPolyline
 90
16
 70
1
 10
6366877.19160685
 20
6174515.29647115
 10
6366877.04859045
 20
6174515.39368347
 10
6366875.9828024
 20
6174513.82572212
 10
6366875.37048614
 20
6174514.22183886
 10
6366869.65489033
 20
6174517.91966603
 10
6366870.74976127
 20
6174519.53041339
 10
6366871.00619412
 20
6174519.35610867
 10
6366871.72039064
 20
6174518.87064892
 10
6366873.13385295
 20
6174520.9501001
 10
6366874.09340892
 20
6174522.36177534
 10
6366874.35982235
 20
6174522.75371625
 10
6366877.91767747
 20
6174520.33534058
 10
6366878.18535367
 20
6174520.15339343
 10
6366877.44008946
 20
6174519.05697895
 10
6366879.01847051
 20
6174517.98410833
 10
6366877.19160685
 20
6174515.29647115
  0
LWPOLYLINE
  5
200E9
330
1F
100
AcDbEntity
  8
tejido
100
AcDbPolyline
 90
7
 70
1
 10
6366878.19388502
 20
6174512.39533901
 10
6366875.9828024
 20
6174513.82572212
 10
6366877.04859045
 20
6174515.39368347
 10
6366877.19160685
 20
6174515.29647115
 10
6366878.66312909
 20
6174514.29623553
 10
6366879.22594176
 20
6174513.91367571
 10
6366878.19388502
 20
6174512.39533901
  0
LWPOLYLINE
  5
200EA
330
1F
100
AcDbEntity
  8
tejido
100
AcDbPolyline
 90
14
 70
1
 10
6366887.21229033
 20
6174529.76522379
 10
6366885.93306542
 20
6174528.02027408
 10
6366885.38475878
 20
6174528.37444774
 10
6366883.96803787
 20
6174529.29022618
 10
6366883.41365811
 20
6174529.64931348
 10
6366882.54019979
 20
6174530.21384616
 10
6366878.57276374
 20
6174532.77921729
 10
6366880.61934475
 20
6174535.54675189
 10
6366880.68184198
 20
6174535.63133701
 10
6366880.79790259
 20
6174535.788416
 10
6366881.05299168
 20
6174536.13326439
 10
6366885.21863276
 20
6174533.38322046
 10
6366885.3584257
 20
6174530.9890952
 10
6366887.21229033
 20
6174529.76522379
  0
LWPOLYLINE
  5
200EB
330
1F
100
AcDbEntity
  8
tejido
100
AcDbPolyline
 90
6
 70
1
 10
6366876.37164292
 20
6174538.58694218
 10
6366874.61250153
 20
6174538.51635304
 10
6366872.90918446
 20
6174539.81141602
 10
6366874.83352284
 20
6174542.31014597
 10
6366877.60203221
 20
6174540.20519788
 10
6366876.37164292
 20
6174538.58694218
  0
LWPOLYLINE
  5
200EC
330
1F
100
AcDbEntity
  8
tejido
100
AcDbPolyline
 90
4
 70
1
 10
6366874.61250153
 20
6174538.51635304
 10
6366876.37164292
 20
6174538.58694218
 10
6366875.69290559
 20
6174537.69490218
 10
6366874.61250153
 20
6174538.51635304
  0
LWPOLYLINE
  5
200ED
330
1F
100
AcDbEntity
  8
tejido
100
AcDbPolyline
 90
14
 70
1
 10
6366876.37164292
 20
6174538.58694218
 10
6366877.70252079
 20
6174537.57430095
 10
6366877.85862951
 20
6174537.77946901
 10
6366880.68184198
 20
6174535.63133701
 10
6366880.61934475
 20
6174535.54675188
 10
6366878.57276374
 20
6174532.77921729
 10
6366875.81605495
 20
6174534.56186972
 10
6366874.47202316
 20
6174535.43168607
 10
6366871.17709577
 20
6174537.56265645
 10
6366872.68719117
 20
6174539.52316044
 10
6366872.90918446
 20
6174539.81141602
 10
6366874.61250153
 20
6174538.51635304
 10
6366875.69290559
 20
6174537.69490218
 10
6366876.37164292
 20
6174538.58694218
  0
LWPOLYLINE
  5
200EE
330
1F
100
AcDbEntity
  8
tejido
100
AcDbPolyline
 90
7
 70
1
 10
6366787.82298993
 20
6174554.50164333
 10
6366786.58282554
 20
6174552.6022629
 10
6366785.99407953
 20
6174552.98586058
 10
6366782.63324558
 20
6174555.17789707
 10
6366783.63631044
 20
6174556.71492142
 10
6366784.06256539
 20
6174556.95694115
 10
6366787.82298993
 20
6174554.50164333
  0
LWPOLYLINE
  5
200EF
330
1F
100
AcDbEntity
  8
tejido
100
AcDbPolyline
 90
5
 70
1
 10
6366835.05556987
 20
6174518.15688244
 10
6366832.39365913
 20
6174519.75607137
 10
6366833.04742167
 20
6174520.81017468
 10
6366835.68615401
 20
6174519.17361373
 10
6366835.05556987
 20
6174518.15688244
  0
LWPOLYLINE
  5
200F0
330
1F
100
AcDbEntity
  8
tejido
100
AcDbPolyline
 90
7
 70
1
 10
6366830.58268468
 20
6174520.8440456
 10
6366829.61464567
 20
6174521.42561179
 10
6366826.2219278
 20
6174523.46393612
 10
6366826.40843037
 20
6174523.76483451
 10
6366827.30999054
 20
6174525.21847781
 10
6366831.63290122
 20
6174522.53737715
 10
6366830.58268468
 20
6174520.8440456
  0
LWPOLYLINE
  5
200F1
330
1F
100
AcDbEntity
  8
tejido
100
AcDbPolyline
 90
6
 70
1
 10
6366781.73077813
 20
6174561.96000281
 10
6366785.49765756
 20
6174564.10081337
 10
6366786.87912456
 20
6174561.43234169
 10
6366787.33911779
 20
6174560.54271945
 10
6366783.54807872
 20
6174558.39031756
 10
6366781.73077813
 20
6174561.96000281
  0
LWPOLYLINE
  5
200F2
330
1F
100
AcDbEntity
  8
tejido
100
AcDbPolyline
 90
7
 70
1
 10
6366782.63557919
 20
6174555.18151477
 10
6366782.06782108
 20
6174555.55163725
 10
6366780.70261255
 20
6174553.45744346
 10
6366779.60682693
 20
6174554.17178797
 10
6366781.97213193
 20
6174557.80010327
 10
6366783.6363972
 20
6174556.71490684
 10
6366782.63557919
 20
6174555.18151477
  0
LWPOLYLINE
  5
200F3
330
1F
100
AcDbEntity
  8
tejido
100
AcDbPolyline
 90
11
 70
1
 10
6366816.24058678
 20
6174547.64180763
 10
6366822.80244464
 20
6174543.60216828
 10
6366821.02751853
 20
6174540.71901496
 10
6366822.11711001
 20
6174540.04824094
 10
6366821.35789604
 20
6174538.81498942
 10
6366814.07481963
 20
6174543.29859494
 10
6366813.78946577
 20
6174542.83507203
 10
6366812.39797024
 20
6174543.69170415
 10
6366812.76617623
 20
6174544.28981036
 10
6366813.7892853
 20
6174543.65996422
 10
6366816.24058678
 20
6174547.64180763
  0
LWPOLYLINE
  5
200F4
330
1F
100
AcDbEntity
  8
tejido
100
AcDbPolyline
 90
10
 70
1
 10
6366776.66112314
 20
6174549.294247
 10
6366774.05291173
 20
6174550.99540049
 10
6366776.47642247
 20
6174554.71113111
 10
6366778.91685446
 20
6174553.11940833
 10
6366780.1125369
 20
6174552.33947225
 10
6366778.7610671
 20
6174550.27022982
 10
6366777.73504101
 20
6174550.93958714
 10
6366777.18898864
 20
6174550.10240795
 10
6366776.75154379
 20
6174549.43285593
 10
6366776.66112314
 20
6174549.294247
  0
LWPOLYLINE
  5
200F5
330
1F
100
AcDbEntity
  8
tejido
100
AcDbPolyline
 90
7
 70
1
 10
6366882.3696584
 20
6174525.62232224
 10
6366881.62256142
 20
6174524.43369788
 10
6366879.63585885
 20
6174525.68248072
 10
6366880.08261124
 20
6174526.39798348
 10
6366880.38981658
 20
6174526.87579267
 10
6366881.82642904
 20
6174525.96612851
 10
6366882.3696584
 20
6174525.62232224
  0
LWPOLYLINE
  5
200F6
330
1F
100
AcDbEntity
  8
tejido
100
AcDbPolyline
 90
5
 70
1
 10
6366859.54976594
 20
6174506.7157907
 10
6366856.4902855
 20
6174508.5607513
 10
6366858.97218889
 20
6174512.67608374
 10
6366862.03159315
 20
6174510.83099688
 10
6366859.54976594
 20
6174506.7157907
  0
LWPOLYLINE
  5
200F7
330
1F
100
AcDbEntity
  8
tejido
100
AcDbPolyline
 90
7
 70
1
 10
6366851.49951601
 20
6174551.32158015
 10
6366850.98879665
 20
6174551.63779176
 10
6366850.13787376
 20
6174552.16464021
 10
6366848.76956964
 20
6174553.01191918
 10
6366850.35805149
 20
6174555.57722088
 10
6366853.08795587
 20
6174553.88681405
 10
6366851.49951601
 20
6174551.32158015
  0
LWPOLYLINE
  5
200F8
330
1F
100
AcDbEntity
  8
tejido
100
AcDbPolyline
 90
5
 70
1
 10
6366850.13787376
 20
6174552.16464021
 10
6366848.18514964
 20
6174549.00838586
 10
6366846.81586086
 20
6174549.85620006
 10
6366848.76956964
 20
6174553.01191918
 10
6366850.13787376
 20
6174552.16464021
  0
LWPOLYLINE
  5
200F9
330
1F
100
AcDbEntity
  8
tejido
100
AcDbPolyline
 90
10
 70
1
 10
6366862.16421057
 20
6174554.93469226
 10
6366850.15933955
 20
6174562.28918332
 10
6366850.79252905
 20
6174563.32275013
 10
6366851.42562433
 20
6174562.91277992
 10
6366856.21107663
 20
6174559.81311344
 10
6366856.77053152
 20
6174559.45006555
 10
6366857.51776358
 20
6174558.96671239
 10
6366862.21841098
 20
6174555.9218048
 10
6366862.66772511
 20
6174555.63024403
 10
6366862.16421057
 20
6174554.93469226
  0
LWPOLYLINE
  5
200FA
330
1F
100
AcDbEntity
  8
tejido
100
AcDbPolyline
 90
7
 70
1
 10
6366857.3011661
 20
6174548.21850663
 10
6366853.21128927
 20
6174550.74886298
 10
6366855.96577998
 20
6174555.20101346
 10
6366857.29919665
 20
6174554.37605263
 10
6366860.37980475
 20
6174552.47011068
 10
6366857.33468151
 20
6174548.26479855
 10
6366857.3011661
 20
6174548.21850663
  0
LWPOLYLINE
  5
200FB
330
1F
100
AcDbEntity
  8
tejido
100
AcDbPolyline
 90
9
 70
1
 10
6366827.44095471
 20
6174507.01731344
 10
6366826.19586085
 20
6174505.29791926
 10
6366818.03633266
 20
6174510.26436298
 10
6366819.79538152
 20
6174513.10093707
 10
6366823.21804636
 20
6174511.00725049
 10
6366823.00868249
 20
6174510.6663395
 10
6366824.32381594
 20
6174509.87330081
 10
6366827.93291967
 20
6174507.69689947
 10
6366827.44095471
 20
6174507.01731344
  0
LWPOLYLINE
  5
200FC
330
1F
100
AcDbEntity
  8
tejido
100
AcDbPolyline
 90
6
 70
1
 10
6366829.61464567
 20
6174521.42561179
 10
6366827.64995399
 20
6174518.22562268
 10
6366824.25765659
 20
6174520.29706379
 10
6366825.66465659
 20
6174522.56567477
 10
6366826.2219278
 20
6174523.46393612
 10
6366829.61464567
 20
6174521.42561179
  0
LWPOLYLINE
  5
200FD
330
1F
100
AcDbEntity
  8
tejido
100
AcDbPolyline
 90
14
 70
1
 10
6366842.15914369
 20
6174541.26060482
 10
6366842.70533284
 20
6174540.92140526
 10
6366845.05920085
 20
6174539.46402366
 10
6366845.88780082
 20
6174538.95085784
 10
6366849.13497011
 20
6174536.94023454
 10
6366848.98587957
 20
6174536.73600927
 10
6366847.34986821
 20
6174534.49759164
 10
6366846.2727536
 20
6174533.02451579
 10
6366842.97034294
 20
6174528.46331303
 10
6366833.07850177
 20
6174534.52171432
 10
6366833.42775474
 20
6174535.08515467
 10
6366838.54978869
 20
6174543.34500674
 10
6366838.61623163
 20
6174543.45400427
 10
6366842.15914369
 20
6174541.26060482
  0
LWPOLYLINE
  5
200FE
330
1F
100
AcDbEntity
  8
tejido
100
AcDbPolyline
 90
17
 70
1
 10
6366835.05558895
 20
6174518.15694619
 10
6366835.68627173
 20
6174519.17361116
 10
6366833.04751775
 20
6174520.81030223
 10
6366832.39375022
 20
6174519.75612039
 10
6366830.5827921
 20
6174520.8440146
 10
6366831.63300945
 20
6174522.53738461
 10
6366827.31000367
 20
6174525.21862498
 10
6366830.36422881
 20
6174530.14427335
 10
6366830.68801313
 20
6174530.66616022
 10
6366833.078504
 20
6174534.52179116
 10
6366842.97047156
 20
6174528.46332362
 10
6366838.4056931
 20
6174522.15915164
 10
6366837.59054494
 20
6174521.0341893
 10
6366837.0478129
 20
6174520.28505896
 10
6366835.69935625
 20
6174518.42215373
 10
6366835.37044126
 20
6174517.96784136
 10
6366835.05558895
 20
6174518.15694619
  0
LWPOLYLINE
  5
200FF
330
1F
100
AcDbEntity
  8
tejido
100
AcDbPolyline
 90
8
 70
1
 10
6366827.64995399
 20
6174518.22562268
 10
6366823.21796122
 20
6174511.00720043
 10
6366819.79542997
 20
6174513.10101086
 10
6366820.9512093
 20
6174514.96495265
 10
6366822.92465552
 20
6174518.14756302
 10
6366823.45161721
 20
6174518.99746978
 10
6366824.25765659
 20
6174520.29706379
 10
6366827.64995399
 20
6174518.22562268
  0
LWPOLYLINE
  5
20100
330
1F
100
AcDbEntity
  8
tejido
100
AcDbPolyline
 90
5
 70
1
 10
6366807.48885933
 20
6174578.78723304
 10
6366799.98784588
 20
6174574.58113942
 10
6366798.98663206
 20
6174576.37572029
 10
6366806.52767454
 20
6174580.54618206
 10
6366807.48885933
 20
6174578.78723304
  0
LWPOLYLINE
  5
20101
330
1F
100
AcDbEntity
  8
tejido
100
AcDbPolyline
 90
9
 70
1
 10
6366806.52767454
 20
6174580.54618206
 10
6366798.98663206
 20
6174576.37572029
 10
6366797.7768691
 20
6174578.54190115
 10
6366798.04295813
 20
6174578.67979937
 10
6366799.37435993
 20
6174579.37230533
 10
6366800.70476161
 20
6174580.0647968
 10
6366802.8344015
 20
6174581.17299764
 10
6366805.44359011
 20
6174582.53022405
 10
6366806.52767454
 20
6174580.54618206
  0
LWPOLYLINE
  5
20102
330
1F
100
AcDbEntity
  8
tejido
100
AcDbPolyline
 90
17
 70
1
 10
6366811.51033275
 20
6174571.42849213
 10
6366809.69250134
 20
6174568.61425488
 10
6366808.56836361
 20
6174566.87241099
 10
6366807.71521562
 20
6174565.55162793
 10
6366806.27406806
 20
6174563.32003446
 10
6366805.32102729
 20
6174565.02778481
 10
6366805.09642431
 20
6174565.43036231
 10
6366806.7436488
 20
6174566.3562177
 10
6366807.28917921
 20
6174566.91179808
 10
6366807.4489629
 20
6174567.47579465
 10
6366807.11525143
 20
6174568.31153217
 10
6366805.69962476
 20
6174570.53274936
 10
6366807.54427831
 20
6174571.59910943
 10
6366806.84682968
 20
6174572.66405335
 10
6366809.82924022
 20
6174574.50454135
 10
6366810.78898286
 20
6174572.74847242
 10
6366811.51033275
 20
6174571.42849213
  0
LWPOLYLINE
  5
20103
330
1F
100
AcDbEntity
  8
tejido
100
AcDbPolyline
 90
16
 70
1
 10
6366809.5620735
 20
6174574.99343035
 10
6366809.6669823
 20
6174574.80145748
 10
6366809.82924022
 20
6174574.50454135
 10
6366806.84682968
 20
6174572.66405335
 10
6366806.03622609
 20
6174574.22741983
 10
6366807.44729693
 20
6174575.02741437
 10
6366806.48307431
 20
6174576.82343138
 10
6366801.71071832
 20
6174574.26248757
 10
6366803.54455283
 20
6174570.91766335
 10
6366802.38592614
 20
6174570.28597924
 10
6366801.57256653
 20
6174571.7426713
 10
6366800.89888806
 20
6174572.94830502
 10
6366799.98784588
 20
6174574.58113942
 10
6366807.48885933
 20
6174578.78723304
 10
6366809.0585722
 20
6174575.91443651
 10
6366809.5620735
 20
6174574.99343035
  0
LWPOLYLINE
  5
20104
330
1F
100
AcDbEntity
  8
tejido
100
AcDbPolyline
 90
13
 70
1
 10
6366805.69962476
 20
6174570.53274936
 10
6366807.11525143
 20
6174568.31153217
 10
6366807.4489629
 20
6174567.47579465
 10
6366807.28917921
 20
6174566.91179808
 10
6366806.7436488
 20
6174566.3562177
 10
6366805.09642431
 20
6174565.43036231
 10
6366805.05195594
 20
6174565.51004408
 10
6366804.2098542
 20
6174567.01733624
 10
6366802.82444982
 20
6174569.50007576
 10
6366802.38592614
 20
6174570.28597924
 10
6366803.54455283
 20
6174570.91766335
 10
6366804.21364402
 20
6174569.74557406
 10
6366805.69962476
 20
6174570.53274936
  0
LWPOLYLINE
  5
20105
330
1F
100
AcDbEntity
  8
tejido
100
AcDbPolyline
 90
7
 70
1
 10
6366859.50158675
 20
6174492.64814276
 10
6366858.71499743
 20
6174491.58030547
 10
6366858.38845237
 20
6174491.13712804
 10
6366858.28795304
 20
6174491.00073327
 10
6366856.10805166
 20
6174492.30548456
 10
6366857.15407849
 20
6174494.05319911
 10
6366859.50158675
 20
6174492.64814276
  0
LWPOLYLINE
  5
20106
330
1F
100
AcDbEntity
  8
tejido
100
AcDbPolyline
 90
7
 70
1
 10
6366855.83684755
 20
6174501.21383833
 10
6366851.98276026
 20
6174494.77443808
 10
6366851.93038926
 20
6174494.80578975
 10
6366851.21653358
 20
6174493.61296539
 10
6366840.18373053
 20
6174500.21631756
 10
6366844.75167528
 20
6174507.84844234
 10
6366855.83684755
 20
6174501.21383833
  0
LWPOLYLINE
  5
20107
330
1F
100
AcDbEntity
  8
tejido
100
AcDbPolyline
 90
5
 70
1
 10
6366841.43527805
 20
6174520.48600069
 10
6366840.22191931
 20
6174519.33055435
 10
6366837.59039634
 20
6174521.03409431
 10
6366838.40556765
 20
6174522.15906402
 10
6366841.43527805
 20
6174520.48600069
  0
LWPOLYLINE
  5
20108
330
1F
100
AcDbEntity
  8
tejido
100
AcDbPolyline
 90
5
 70
1
 10
6366856.82925201
 20
6174489.02106707
 10
6366855.62375408
 20
6174487.38517911
 10
6366826.19591198
 20
6174505.2977815
 10
6366827.44091218
 20
6174507.01726869
 10
6366856.82925201
 20
6174489.02106707
  0
LWPOLYLINE
  5
20109
330
1F
100
AcDbEntity
  8
tejido
100
AcDbPolyline
 90
11
 70
1
 10
6366856.16066008
 20
6174501.01996527
 10
6366862.75969525
 20
6174497.0703591
 10
6366862.53415493
 20
6174496.76429369
 10
6366861.36281038
 20
6174495.17381511
 10
6366859.79412793
 20
6174493.04540802
 10
6366859.50158675
 20
6174492.64814276
 10
6366857.15407849
 20
6174494.05319911
 10
6366856.10805166
 20
6174492.30548456
 10
6366851.98276026
 20
6174494.77443808
 10
6366855.83684755
 20
6174501.21383833
 10
6366856.16066008
 20
6174501.01996527
  0
LWPOLYLINE
  5
2010A
330
1F
100
AcDbEntity
  8
tejido
100
AcDbPolyline
 90
5
 70
1
 10
6366864.8719594
 20
6174499.93717746
 10
6366862.75969525
 20
6174497.0703591
 10
6366856.16066008
 20
6174501.01996527
 10
6366857.98109937
 20
6174504.0615138
 10
6366864.8719594
 20
6174499.93717746
  0
LWPOLYLINE
  5
2010B
330
1F
100
AcDbEntity
  8
tejido
100
AcDbPolyline
 90
5
 70
1
 10
6366838.70719766
 20
6174519.28440238
 10
6366837.52373932
 20
6174517.32172792
 10
6366835.69921341
 20
6174518.42206009
 10
6366837.04776823
 20
6174520.28509335
 10
6366838.70719766
 20
6174519.28440238
  0
LWPOLYLINE
  5
2010C
330
1F
100
AcDbEntity
  8
tejido
100
AcDbPolyline
 90
5
 70
1
 10
6366845.27609035
 20
6174515.32325531
 10
6366844.70472603
 20
6174514.37587401
 10
6366841.95482126
 20
6174516.03408476
 10
6366842.52618559
 20
6174516.98146607
 10
6366845.27609035
 20
6174515.32325531
  0
LWPOLYLINE
  5
2010D
330
1F
100
AcDbEntity
  8
tejido
100
AcDbPolyline
 90
7
 70
1
 10
6366851.24268884
 20
6174529.82565817
 10
6366848.24111608
 20
6174526.96716315
 10
6366841.43527805
 20
6174520.48600069
 10
6366838.40556765
 20
6174522.15906402
 10
6366842.97034294
 20
6174528.46331303
 10
6366846.2727536
 20
6174533.02451579
 10
6366851.24268884
 20
6174529.82565817
  0
LWPOLYLINE
  5
2010E
330
1F
100
AcDbEntity
  8
tejido
100
AcDbPolyline
 90
27
 70
1
 10
6366859.54976594
 20
6174506.7157907
 10
6366862.03159315
 20
6174510.83099688
 10
6366858.97218889
 20
6174512.67608374
 10
6366856.4902855
 20
6174508.5607513
 10
6366845.27609035
 20
6174515.32325531
 10
6366842.52618559
 20
6174516.98146607
 10
6366838.70719766
 20
6174519.28440239
 10
6366837.04776823
 20
6174520.28509336
 10
6366837.59039634
 20
6174521.03409431
 10
6366840.22191931
 20
6174519.33055435
 10
6366841.43527805
 20
6174520.48600069
 10
6366848.24111608
 20
6174526.96716315
 10
6366856.64044301
 20
6174521.53234871
 10
6366858.83356443
 20
6174524.92180702
 10
6366860.57706635
 20
6174523.79369246
 10
6366864.51038887
 20
6174521.24870483
 10
6366866.32478544
 20
6174520.07473123
 10
6366866.5157832
 20
6174519.9511777
 10
6366868.42413226
 20
6174518.71669591
 10
6366869.6025662
 20
6174517.95351583
 10
6366869.65488001
 20
6174517.91967028
 10
6366875.37047582
 20
6174514.22184311
 10
6366873.59292743
 20
6174511.80331748
 10
6366866.71326908
 20
6174502.44265479
 10
6366865.39933913
 20
6174500.65464735
 10
6366858.42921258
 20
6174504.8577612
 10
6366859.54976594
 20
6174506.7157907
  0
LWPOLYLINE
  5
2010F
330
1F
100
AcDbEntity
  8
tejido
100
AcDbPolyline
 90
6
 70
1
 10
6366853.41665556
 20
6174528.4264901
 10
6366858.83356444
 20
6174524.92180702
 10
6366856.64044301
 20
6174521.53234871
 10
6366848.24111608
 20
6174526.96716315
 10
6366851.24268884
 20
6174529.82565817
 10
6366853.41665556
 20
6174528.4264901
  0
LWPOLYLINE
  5
20110
330
1F
100
AcDbEntity
  8
tejido
100
AcDbPolyline
 90
16
 70
1
 10
6366844.75048234
 20
6174562.77008769
 10
6366848.89272114
 20
6174560.22225311
 10
6366848.60639612
 20
6174559.75495527
 10
6366842.09221941
 20
6174549.12617575
 10
6366839.18134798
 20
6174550.91659842
 10
6366833.96723723
 20
6174554.12212241
 10
6366834.76476992
 20
6174555.41509094
 10
6366835.87505118
 20
6174557.21575308
 10
6366837.63737575
 20
6174556.12792389
 10
6366839.22367194
 20
6174558.69772868
 10
6366837.4613329
 20
6174559.786558
 10
6366837.55417039
 20
6174559.93795149
 10
6366840.05331785
 20
6174563.98845558
 10
6366840.80003274
 20
6174565.19866132
 10
6366843.18604917
 20
6174563.73174202
 10
6366844.75048234
 20
6174562.77008769
  0
HATCH
  5
20128
330
1F
100
AcDbEntity
  8
mdr_tejidoconsolidado
 62
7
100
AcDbHatch
 10
0.0
 20
0.0
 30
0.0
210
0.0
220
0.0
230
1.0
  2
SOLID
 70
0
 71
0
 91
1
 92
3
 72
0
 73
1
 93
104
 10
6366766.75567831
 20
6174541.47766377
 10
6366766.75625984
 20
6174541.47869306
 10
6366768.02591896
 20
6174543.48648824
 10
6366768.32125118
 20
6174543.95293722
 10
6366768.32128539
 20
6174543.95299132
 10
6366768.69476716
 20
6174544.54454427
 10
6366771.26673523
 20
6174548.61028876
 10
6366773.24705919
 20
6174551.74099341
 10
6366774.9319853
 20
6174554.40505363
 10
6366775.2854543
 20
6174554.96394008
 10
6366778.01683791
 20
6174559.28147581
 10
6366778.01916332
 20
6174559.28556562
 10
6366778.02109403
 20
6174559.28985588
 10
6366778.02261295
 20
6174559.29430862
 10
6366778.02370664
 20
6174559.29888442
 10
6366778.02436541
 20
6174559.30354275
 10
6366778.02458344
 20
6174559.30824237
 10
6366778.02435878
 20
6174559.31294169
 10
6366778.02369343
 20
6174559.31759908
 10
6366778.02259328
 20
6174559.32217332
 10
6366778.02106807
 20
6174559.32662391
 10
6366778.0191313
 20
6174559.33091145
 10
6366777.80552039
 20
6174559.75003358
 10
6366777.52650237
 20
6174560.29774358
 10
6366776.81626879
 20
6174561.69249953
 10
6366776.81508998
 20
6174561.69467916
 10
6366776.81442146
 20
6174561.69584524
 10
6366776.35063507
 20
6174562.60630494
 10
6366775.97895953
 20
6174563.33515749
 10
6366775.51769861
 20
6174564.24076284
 10
6366775.2901677
 20
6174564.68661256
 10
6366774.42275422
 20
6174566.3895236
 10
6366774.42227655
 20
6174566.39058664
 10
6366774.42328272
 20
6174566.39117472
 10
6366774.62174847
 20
6174566.49452886
 10
6366781.87941522
 20
6174570.26985585
 10
6366782.21193279
 20
6174570.44318444
 10
6366782.21299858
 20
6174570.44367496
 10
6366782.21358849
 20
6174570.4426608
 10
6366783.08366156
 20
6174568.76182106
 10
6366783.42121332
 20
6174568.1095076
 10
6366783.78139562
 20
6174567.4144983
 10
6366784.62641232
 20
6174565.78200832
 10
6366784.62760912
 20
6174565.77983056
 10
6366784.62794283
 20
6174565.77925752
 10
6366785.34982022
 20
6174564.38637917
 10
6366785.49765756
 20
6174564.10081337
 10
6366786.87911917
 20
6174561.4323521
 10
6366787.33911045
 20
6174560.54273364
 10
6366788.02912186
 20
6174559.21039542
 10
6366788.02959952
 20
6174559.20935385
 10
6366788.02863129
 20
6174559.20874105
 10
6366784.13389843
 20
6174556.99744167
 10
6366784.12978444
 20
6174556.994833
 10
6366784.12594383
 20
6174556.99183638
 10
6366784.12241305
 20
6174556.98848024
 10
6366784.11922561
 20
6174556.98479644
 10
6366784.11641179
 20
6174556.98081995
 10
6366784.11399827
 20
6174556.97658852
 10
6366784.11200797
 20
6174556.97214231
 10
6366784.11045979
 20
6174556.96752352
 10
6366784.10936841
 20
6174556.96277599
 10
6366784.10874421
 20
6174556.9579448
 10
6366784.10859309
 20
6174556.95307579
 10
6366784.10891651
 20
6174556.94821518
 10
6366784.10971138
 20
6174556.94340912
 10
6366784.11097016
 20
6174556.93870321
 10
6366784.11268091
 20
6174556.93414214
 10
6366784.11482738
 20
6174556.92976918
 10
6366784.11738921
 20
6174556.92562586
 10
6366784.12034207
 20
6174556.92175149
 10
6366784.12365793
 20
6174556.91818286
 10
6366784.12730533
 20
6174556.91495384
 10
6366784.13124963
 20
6174556.91209507
 10
6366787.82196217
 20
6174554.50231439
 10
6366787.82291038
 20
6174554.50162663
 10
6366787.82231887
 20
6174554.50061557
 10
6366786.58391385
 20
6174552.6039297
 10
6366786.58262831
 20
6174552.60185162
 10
6366786.58222768
 20
6174552.60116715
 10
6366786.31178342
 20
6174552.18718491
 10
6366785.00925485
 20
6174550.19370081
 10
6366785.00922311
 20
6174550.19365216
 10
6366784.78031999
 20
6174549.84243193
 10
6366783.21526587
 20
6174547.44698691
 10
6366783.21522734
 20
6174547.44692785
 10
6366783.17631914
 20
6174547.38719179
 10
6366782.63117279
 20
6174546.55208224
 10
6366782.19372568
 20
6174545.88252675
 10
6366781.82675084
 20
6174545.32104863
 10
6366781.82672145
 20
6174545.32100361
 10
6366781.75629043
 20
6174545.21298946
 10
6366779.29798387
 20
6174541.45016035
 10
6366777.6324811
 20
6174538.89820013
 10
6366777.24984434
 20
6174538.31263183
 10
6366776.9483873
 20
6174537.85089912
 10
6366775.74439754
 20
6174536.00805092
 10
6366775.74372354
 20
6174536.00712018
 10
6366775.74271347
 20
6174536.00766818
 10
6366775.55399639
 20
6174536.12211177
 10
6366771.8965847
 20
6174538.34789802
 10
6366767.24809148
 20
6174541.17748265
 10
6366766.75665605
 20
6174541.47699922
 10
6366766.75567831
 20
6174541.47766377
 97
0
 75
1
 76
1
 52
0.0
 41
1.0
 77
0
 78
1
 53
45.0
 43
0.0
 44
0.0
 45
-0.0034798562
 46
0.0034798562
 79
0
 98
0
  0
HATCH
  5
20129
330
1F
100
AcDbEntity
  8
mdr_tejidoconsolidado
 62
7
100
AcDbHatch
 10
0.0
 20
0.0
 30
0.0
210
0.0
220
0.0
230
1.0
  2
SOLID
 70
0
 71
0
 91
1
 92
3
 72
0
 73
1
 93
88
 10
6366869.79421777
 20
6174527.9987226
 10
6366869.79479244
 20
6174527.99974331
 10
6366871.64026111
 20
6174530.93116614
 10
6366872.44987883
 20
6174532.21851057
 10
6366873.46190666
 20
6174533.82548449
 10
6366874.47134146
 20
6174535.43060105
 10
6366874.47201819
 20
6174535.4315675
 10
6366874.47303925
 20
6174535.43097637
 10
6366875.81601902
 20
6174534.56204064
 10
6366878.57271494
 20
6174532.77918092
 10
6366882.53913782
 20
6174530.21446637
 10
6366882.54008804
 20
6174530.21378367
 10
6366882.53950364
 20
6174530.21277
 10
6366881.36422268
 20
6174528.38723269
 10
6366880.41713075
 20
6174526.91816075
 10
6366880.41466596
 20
6174526.91388856
 10
6366880.41263407
 20
6174526.9093943
 10
6366880.41105487
 20
6174526.90472173
 10
6366880.40994372
 20
6174526.89991629
 10
6366880.40931142
 20
6174526.89502477
 10
6366880.40916413
 20
6174526.89009474
 10
6366880.40950329
 20
6174526.88517419
 10
6366880.4103256
 20
6174526.88031099
 10
6366880.41162304
 20
6174526.87555248
 10
6366880.41338301
 20
6174526.87094494
 10
6366880.41558836
 20
6174526.86653322
 10
6366880.41821765
 20
6174526.86236025
 10
6366880.42124529
 20
6174526.85846663
 10
6366880.42464181
 20
6174526.85489025
 10
6366880.42837417
 20
6174526.85166592
 10
6366880.43240604
 20
6174526.84882499
 10
6366881.82642435
 20
6174525.96613148
 10
6366882.3696584
 20
6174525.62232224
 10
6366883.19215477
 20
6174525.10176974
 10
6366883.19638632
 20
6174525.09937159
 10
6366883.20083085
 20
6174525.09739593
 10
6366883.20544631
 20
6174525.09586147
 10
6366883.21018902
 20
6174525.09478271
 10
6366883.21501411
 20
6174525.09416986
 10
6366883.21987592
 20
6174525.09402873
 10
6366883.22472844
 20
6174525.09436065
 10
6366883.22952574
 20
6174525.09516248
 10
6366883.23422244
 20
6174525.09642663
 10
6366883.23877409
 20
6174525.09814114
 10
6366883.24313762
 20
6174525.10028978
 10
6366883.24727174
 20
6174525.10285223
 10
6366883.25113733
 20
6174525.10580424
 10
6366883.2546978
 20
6174525.10911786
 10
6366883.25791947
 20
6174525.11276175
 10
6366883.26077185
 20
6174525.11670142
 10
6366884.22119144
 20
6174526.5890157
 10
6366885.38407446
 20
6174528.37337202
 10
6366885.38475972
 20
6174528.37431874
 10
6366885.38577127
 20
6174528.37373339
 10
6366885.93301735
 20
6174528.02022467
 10
6366886.59745801
 20
6174527.59093451
 10
6366887.84861018
 20
6174526.78157494
 10
6366891.50501203
 20
6174524.41580488
 10
6366891.96848718
 20
6174524.11638702
 10
6366893.10450309
 20
6174523.38180183
 10
6366894.52128168
 20
6174522.46567984
 10
6366894.5222123
 20
6174522.46501252
 10
6366894.52157497
 20
6174522.46406113
 10
6366893.33015457
 20
6174520.85825985
 10
6366891.15394601
 20
6174517.92277772
 10
6366889.52037407
 20
6174515.72029363
 10
6366889.52029292
 20
6174515.7201839
 10
6366889.45335107
 20
6174515.62941193
 10
6366889.45259561
 20
6174515.62848782
 10
6366889.45155465
 20
6174515.62907186
 10
6366888.089529
 20
6174516.48523701
 10
6366888.08918565
 20
6174516.48545677
 10
6366888.08610973
 20
6174516.48746097
 10
6366888.0854499
 20
6174516.48788357
 10
6366886.94094118
 20
6174517.20832717
 10
6366885.51143432
 20
6174518.1079591
 10
6366884.54331521
 20
6174518.71730218
 10
6366882.17354091
 20
6174520.20824626
 10
6366881.95591842
 20
6174520.34514906
 10
6366880.70208479
 20
6174521.13443094
 10
6366879.85509499
 20
6174521.66835366
 10
6366879.13262238
 20
6174522.12283295
 10
6366875.2294069
 20
6174524.57814584
 10
6366874.39900229
 20
6174525.10064998
 10
6366872.27556781
 20
6174526.43696821
 10
6366870.98802901
 20
6174527.24713468
 10
6366869.79517728
 20
6174527.99805066
 10
6366869.79421777
 20
6174527.9987226
 97
0
 75
1
 76
1
 52
0.0
 41
1.0
 77
0
 78
1
 53
45.0
 43
0.0
 44
0.0
 45
-0.0034798562
 46
0.0034798562
 79
0
 98
0
  0
HATCH
  5
2012A
330
1F
100
AcDbEntity
  8
mdr_tejidoparairregular
 62
7
100
AcDbHatch
 10
0.0
 20
0.0
 30
0.0
210
0.0
220
0.0
230
1.0
  2
SOLID
 70
0
 71
0
 91
1
 92
3
 72
0
 73
1
 93
14
 10
6366784.06267106
 20
6174556.95693787
 10
6366784.06362504
 20
6174556.9575428
 10
6366788.02851326
 20
6174559.20873337
 10
6366788.02958241
 20
6174559.20927121
 10
6366788.03018512
 20
6174559.20823723
 10
6366788.62959233
 20
6174558.04967619
 10
6366789.29693914
 20
6174556.7609897
 10
6366789.29742633
 20
6174556.7599269
 10
6366789.29683486
 20
6174556.7589184
 10
6366787.82366099
 20
6174554.50267109
 10
6366787.82297323
 20
6174554.50172288
 10
6366787.82196217
 20
6174554.50231439
 10
6366784.0635857
 20
6174556.95627495
 10
6366784.06267106
 20
6174556.95693787
 97
0
 75
1
 76
1
 52
0.0
 41
1.0
 77
0
 78
1
 53
45.0
 43
0.0
 44
0.0
 45
-0.0034798562
 46
0.0034798562
 79
0
 98
0
  0
HATCH
  5
2012B
330
1F
100
AcDbEntity
  8
mdr_tejidoparairregular
 62
7
100
AcDbHatch
 10
0.0
 20
0.0
 30
0.0
210
0.0
220
0.0
230
1.0
  2
SOLID
 70
0
 71
0
 91
1
 92
3
 72
0
 73
1
 93
18
 10
6366880.38989707
 20
6174526.8758104
 10
6366880.39048512
 20
6174526.87682966
 10
6366881.36420546
 20
6174528.38720597
 10
6366882.53950206
 20
6174530.21276755
 10
6366882.54018443
 20
6174530.21372105
 10
6366882.54119926
 20
6174530.21313376
 10
6366883.41359934
 20
6174529.6493129
 10
6366883.96799241
 20
6174529.29040149
 10
6366885.38370975
 20
6174528.37506568
 10
6366885.38466291
 20
6174528.37438067
 10
6366885.38407118
 20
6174528.37336699
 10
6366884.22120312
 20
6174526.58903361
 10
6366883.23449194
 20
6174525.07641457
 10
6366883.23381032
 20
6174525.07547312
 10
6366883.23279912
 20
6174525.0760462
 10
6366881.82643363
 20
6174525.96612561
 10
6366880.39085899
 20
6174526.87513262
 10
6366880.38989707
 20
6174526.8758104
 97
0
 75
1
 76
1
 52
0.0
 41
1.0
 77
0
 78
1
 53
45.0
 43
0.0
 44
0.0
 45
-0.0034798562
 46
0.0034798562
 79
0
 98
0
  0
HATCH
  5
2012C
330
1F
100
AcDbEntity
  8
mdr_tejidoparairregular
 62
7
100
AcDbHatch
 10
0.0
 20
0.0
 30
0.0
210
0.0
220
0.0
230
1.0
  2
SOLID
 70
0
 71
0
 91
1
 92
3
 72
0
 73
1
 93
23
 10
6366865.76621099
 20
6174530.53403813
 10
6366865.76687464
 20
6174530.53499363
 10
6366867.88886476
 20
6174533.29160986
 10
6366868.81868602
 20
6174534.49967408
 10
6366869.98690856
 20
6174536.01640472
 10
6366869.98836248
 20
6174536.01839173
 10
6366869.98873288
 20
6174536.01892501
 10
6366871.17624271
 20
6174537.56169141
 10
6366871.17701325
 20
6174537.56259583
 10
6366871.17804171
 20
6174537.56200088
 10
6366874.47090472
 20
6174535.43236562
 10
6366874.47184939
 20
6174535.43168725
 10
6366874.47127892
 20
6174535.43067379
 10
6366873.46267564
 20
6174533.82685141
 10
6366873.46143707
 20
6174533.82477185
 10
6366873.46126098
 20
6174533.82445923
 10
6366872.44989494
 20
6174532.21853618
 10
6366871.64027335
 20
6174530.9311856
 10
6366869.7947924
 20
6174527.99974325
 10
6366869.79412049
 20
6174527.99878383
 10
6366869.79309978
 20
6174527.99935838
 10
6366865.76716405
 20
6174530.53337096
 10
6366865.76621099
 20
6174530.53403813
 97
0
 75
1
 76
1
 52
0.0
 41
1.0
 77
0
 78
1
 53
45.0
 43
0.0
 44
0.0
 45
-0.0034798562
 46
0.0034798562
 79
0
 98
0
  0
TEXT
  5
2012E
330
1F
100
AcDbEntity
  8
tejido
 62
8
100
AcDbText
 10
6366859.881523605
 20
6174544.32353657
 30
0.0
 40
0.375
  1
0.0
  7
ArialBold
 72
1
 11
6366859.881523605
 21
6174544.32353657
 31
0.0
100
AcDbText
 73
2
  0
TEXT
  5
2012F
330
1F
100
AcDbEntity
  8
tejido
 62
8
100
AcDbText
 10
6366850.43280178
 20
6174549.788357066
 30
0.0
 40
0.375
  1
0.0
  7
ArialBold
 72
1
 11
6366850.43280178
 21
6174549.788357066
 31
0.0
100
AcDbText
 73
2
  0
TEXT
  5
20130
330
1F
100
AcDbEntity
  8
tejido
 62
8
100
AcDbText
 10
6366783.597952803
 20
6174538.801465952
 30
0.0
 40
0.375
  1
9.2
  7
ArialBold
 72
1
 11
6366783.597952803
 21
6174538.801465952
 31
0.0
100
AcDbText
 73
2
  0
TEXT
  5
20131
330
1F
100
AcDbEntity
  8
tejido
 62
8
100
AcDbText
 10
6366871.081323455
 20
6174506.436033426
 30
0.0
 40
0.375
  1
0.0
  7
ArialBold
 72
1
 11
6366871.081323455
 21
6174506.436033426
 31
0.0
100
AcDbText
 73
2
  0
TEXT
  5
20132
330
1F
100
AcDbEntity
  8
tejido
 62
8
100
AcDbText
 10
6366820.676764101
 20
6174568.793006059
 30
0.0
 40
0.375
  1
0.0
  7
ArialBold
 72
1
 11
6366820.676764101
 21
6174568.793006059
 31
0.0
100
AcDbText
 73
2
  0
TEXT
  5
20133
330
1F
100
AcDbEntity
  8
tejido
 62
8
100
AcDbText
 10
6366814.919471362
 20
6174573.469355128
 30
0.0
 40
0.375
  1
0.0
  7
ArialBold
 72
1
 11
6366814.919471362
 21
6174573.469355128
 31
0.0
100
AcDbText
 73
2
  0
TEXT
  5
20134
330
1F
100
AcDbEntity
  8
tejido
 62
8
100
AcDbText
 10
6366811.364262081
 20
6174561.888014419
 30
0.0
 40
0.375
  1
0.0
  7
ArialBold
 72
1
 11
6366811.364262081
 21
6174561.888014419
 31
0.0
100
AcDbText
 73
2
  0
TEXT
  5
20135
330
1F
100
AcDbEntity
  8
tejido
 62
8
100
AcDbText
 10
6366817.614402177
 20
6174557.718011387
 30
0.0
 40
0.375
  1
0.0
  7
ArialBold
 72
1
 11
6366817.614402177
 21
6174557.718011387
 31
0.0
100
AcDbText
 73
2
  0
TEXT
  5
20136
330
1F
100
AcDbEntity
  8
tejido
 62
8
100
AcDbText
 10
6366843.763103963
 20
6174565.609401853
 30
0.0
 40
0.375
  1
0.0
  7
ArialBold
 72
1
 11
6366843.763103963
 21
6174565.609401853
 31
0.0
100
AcDbText
 73
2
  0
TEXT
  5
20137
330
1F
100
AcDbEntity
  8
tejido
 62
8
100
AcDbText
 10
6366834.65850201
 20
6174549.915349905
 30
0.0
 40
0.375
  1
0.0
  7
ArialBold
 72
1
 11
6366834.65850201
 21
6174549.915349905
 31
0.0
100
AcDbText
 73
2
  0
TEXT
  5
20138
330
1F
100
AcDbEntity
  8
tejido
 62
8
100
AcDbText
 10
6366854.365622905
 20
6174533.232876797
 30
0.0
 40
0.375
  1
0.0
  7
ArialBold
 72
1
 11
6366854.365622905
 21
6174533.232876797
 31
0.0
100
AcDbText
 73
2
  0
TEXT
  5
20139
330
1F
100
AcDbEntity
  8
tejido
 62
8
100
AcDbText
 10
6366867.583549011
 20
6174539.14020653
 30
0.0
 40
0.375
  1
0.0
  7
ArialBold
 72
1
 11
6366867.583549011
 21
6174539.14020653
 31
0.0
100
AcDbText
 73
2
  0
TEXT
  5
2013A
330
1F
100
AcDbEntity
  8
tejido
 62
8
100
AcDbText
 10
6366860.815540099
 20
6174530.90064307
 30
0.0
 40
0.375
  1
0.0
  7
ArialBold
 72
1
 11
6366860.815540099
 21
6174530.90064307
 31
0.0
100
AcDbText
 73
2
  0
TEXT
  5
2013B
330
1F
100
AcDbEntity
  8
tejido
 62
8
100
AcDbText
 10
6366886.606322292
 20
6174535.852004293
 30
0.0
 40
0.375
  1
7.7
  7
ArialBold
 72
1
 11
6366886.606322292
 21
6174535.852004293
 31
0.0
100
AcDbText
 73
2
  0
TEXT
  5
2013C
330
1F
100
AcDbEntity
  8
tejido
 62
8
100
AcDbText
 10
6366892.84424406
 20
6174529.391685763
 30
0.0
 40
0.375
  1
10.5
  7
ArialBold
 72
1
 11
6366892.84424406
 21
6174529.391685763
 31
0.0
100
AcDbText
 73
2
  0
TEXT
  5
2013D
330
1F
100
AcDbEntity
  8
tejido
 62
8
100
AcDbText
 10
6366864.304773001
 20
6174524.966647939
 30
0.0
 40
0.375
  1
3.8
  7
ArialBold
 72
1
 11
6366864.304773001
 21
6174524.966647939
 31
0.0
100
AcDbText
 73
2
  0
TEXT
  5
2013E
330
1F
100
AcDbEntity
  8
tejido
 62
8
100
AcDbText
 10
6366831.910741389
 20
6174541.701971128
 30
0.0
 40
0.375
  1
0.0
  7
ArialBold
 72
1
 11
6366831.910741389
 21
6174541.701971128
 31
0.0
100
AcDbText
 73
2
  0
TEXT
  5
2013F
330
1F
100
AcDbEntity
  8
tejido
 62
8
100
AcDbText
 10
6366807.148020834
 20
6174554.722058056
 30
0.0
 40
0.375
  1
0.0
  7
ArialBold
 72
1
 11
6366807.148020834
 21
6174554.722058056
 31
0.0
100
AcDbText
 73
2
  0
TEXT
  5
20140
330
1F
100
AcDbEntity
  8
tejido
 62
8
100
AcDbText
 10
6366801.091231877
 20
6174536.79710864
 30
0.0
 40
0.375
  1
0.0
  7
ArialBold
 72
1
 11
6366801.091231877
 21
6174536.79710864
 31
0.0
100
AcDbText
 73
2
  0
TEXT
  5
20141
330
1F
100
AcDbEntity
  8
tejido
 62
8
100
AcDbText
 10
6366792.884026343
 20
6174540.084466471
 30
0.0
 40
0.375
  1
0.0
  7
ArialBold
 72
1
 11
6366792.884026343
 21
6174540.084466471
 31
0.0
100
AcDbText
 73
2
  0
TEXT
  5
20142
330
1F
100
AcDbEntity
  8
tejido
 62
8
100
AcDbText
 10
6366765.046092365
 20
6174551.092787017
 30
0.0
 40
0.375
  1
12.0
  7
ArialBold
 72
1
 11
6366765.046092365
 21
6174551.092787017
 31
0.0
100
AcDbText
 73
2
  0
TEXT
  5
20143
330
1F
100
AcDbEntity
  8
tejido
 62
8
100
AcDbText
 10
6366770.8626111215
 20
6174560.956833651
 30
0.0
 40
0.375
  1
8.1
  7
ArialBold
 72
1
 11
6366770.8626111215
 21
6174560.956833651
 31
0.0
100
AcDbText
 73
2
  0
TEXT
  5
20144
330
1F
100
AcDbEntity
  8
tejido
 62
8
100
AcDbText
 10
6366793.159673613
 20
6174565.689826125
 30
0.0
 40
0.375
  1
0.0
  7
ArialBold
 72
1
 11
6366793.159673613
 21
6174565.689826125
 31
0.0
100
AcDbText
 73
2
  0
TEXT
  5
20145
330
1F
100
AcDbEntity
  8
tejido
 62
8
100
AcDbText
 10
6366793.948708064
 20
6174555.451081447
 30
0.0
 40
0.375
  1
0.0
  7
ArialBold
 72
1
 11
6366793.948708064
 21
6174555.451081447
 31
0.0
100
AcDbText
 73
2
  0
TEXT
  5
20146
330
1F
100
AcDbEntity
  8
tejido
 62
8
100
AcDbText
 10
6366800.174562113
 20
6174569.536304085
 30
0.0
 40
0.375
  1
0.0
  7
ArialBold
 72
1
 11
6366800.174562113
 21
6174569.536304085
 31
0.0
100
AcDbText
 73
2
  0
TEXT
  5
20147
330
1F
100
AcDbEntity
  8
tejido
 62
8
100
AcDbText
 10
6366801.976527598
 20
6174560.267890305
 30
0.0
 40
0.375
  1
0.0
  7
ArialBold
 72
1
 11
6366801.976527598
 21
6174560.267890305
 31
0.0
100
AcDbText
 73
2
  0
TEXT
  5
20148
330
1F
100
AcDbEntity
  8
tejido
 62
8
100
AcDbText
 10
6366810.261569004
 20
6174581.058059991
 30
0.0
 40
0.375
  1
11.6
  7
ArialBold
 72
1
 11
6366810.261569004
 21
6174581.058059991
 31
0.0
100
AcDbText
 73
2
  0
TEXT
  5
20149
330
1F
100
AcDbEntity
  8
tejido
 62
8
100
AcDbText
 10
6366863.931803783
 20
6174534.769293844
 30
0.0
 40
0.375
  1
8.4
  7
ArialBold
 72
1
 11
6366863.931803783
 21
6174534.769293844
 31
0.0
100
AcDbText
 73
2
  0
TEXT
  5
2014A
330
1F
100
AcDbEntity
  8
tejido
 62
8
100
AcDbText
 10
6366829.07256406
 20
6174514.574407035
 30
0.0
 40
0.375
  1
42.4
  7
ArialBold
 72
1
 11
6366829.07256406
 21
6174514.574407035
 31
0.0
100
AcDbText
 73
2
  0
TEXT
  5
2014B
330
1F
100
AcDbEntity
  8
tejido
 62
8
100
AcDbText
 10
6366804.850077232
 20
6174573.283550518
 30
0.0
 40
0.375
  1
29.3
  7
ArialBold
 72
1
 11
6366804.850077232
 21
6174573.283550518
 31
0.0
100
AcDbText
 73
2
  0
TEXT
  5
2014C
330
1F
100
AcDbEntity
  8
tejido
 62
8
100
AcDbText
 10
6366838.047159454
 20
6174545.805188854
 30
0.0
 40
0.375
  1
5.6
  7
ArialBold
 72
1
 11
6366838.047159454
 21
6174545.805188854
 31
0.0
100
AcDbText
 73
2
  0
TEXT
  5
2014D
330
1F
100
AcDbEntity
  8
tejido
 62
8
100
AcDbText
 10
6366891.312062832
 20
6174519.517938731
 30
0.0
 40
0.375
  1
20.3
  7
ArialBold
 72
1
 11
6366891.312062832
 21
6174519.517938731
 31
0.0
100
AcDbText
 73
2
  0
TEXT
  5
2014E
330
1F
100
AcDbEntity
  8
tejido
 62
8
100
AcDbText
 10
6366890.024668183
 20
6174520.296700946
 30
0.0
 40
0.375
  1
22.8
  7
ArialBold
 72
1
 11
6366890.024668183
 21
6174520.296700946
 31
0.0
100
AcDbText
 73
2
  0
TEXT
  5
2014F
330
1F
100
AcDbEntity
  8
tejido
 62
8
100
AcDbText
 10
6366822.372072659
 20
6174571.544080258
 30
0.0
 40
0.375
  1
2.8
  7
ArialBold
 72
1
 11
6366822.372072659
 21
6174571.544080258
 31
0.0
100
AcDbText
 73
2
  0
TEXT
  5
20150
330
1F
100
AcDbEntity
  8
tejido
 62
8
100
AcDbText
 10
6366820.826698828
 20
6174576.531063156
 30
0.0
 40
0.375
  1
8.4
  7
ArialBold
 72
1
 11
6366820.826698828
 21
6174576.531063156
 31
0.0
100
AcDbText
 73
2
  0
TEXT
  5
20151
330
1F
100
AcDbEntity
  8
tejido
 62
8
100
AcDbText
 10
6366815.396246482
 20
6174575.836024935
 30
0.0
 40
0.375
  1
2.8
  7
ArialBold
 72
1
 11
6366815.396246482
 21
6174575.836024935
 31
0.0
100
AcDbText
 73
2
  0
TEXT
  5
20152
330
1F
100
AcDbEntity
  8
tejido
 62
8
100
AcDbText
 10
6366816.776892887
 20
6174567.117406621
 30
0.0
 40
0.375
  1
8.4
  7
ArialBold
 72
1
 11
6366816.776892887
 21
6174567.117406621
 31
0.0
100
AcDbText
 73
2
  0
TEXT
  5
20153
330
1F
100
AcDbEntity
  8
tejido
 62
8
100
AcDbText
 10
6366813.081217875
 20
6174572.058446134
 30
0.0
 40
0.375
  1
2.8
  7
ArialBold
 72
1
 11
6366813.081217875
 21
6174572.058446134
 31
0.0
100
AcDbText
 73
2
  0
TEXT
  5
20154
330
1F
100
AcDbEntity
  8
tejido
 62
8
100
AcDbText
 10
6366812.529724285
 20
6174565.45820562
 30
0.0
 40
0.375
  1
5.6
  7
ArialBold
 72
1
 11
6366812.529724285
 21
6174565.45820562
 31
0.0
100
AcDbText
 73
2
  0
TEXT
  5
20155
330
1F
100
AcDbEntity
  8
tejido
 62
8
100
AcDbText
 10
6366821.3090703655
 20
6174555.438192556
 30
0.0
 40
0.375
  1
2.8
  7
ArialBold
 72
1
 11
6366821.3090703655
 21
6174555.438192556
 31
0.0
100
AcDbText
 73
2
  0
TEXT
  5
20156
330
1F
100
AcDbEntity
  8
tejido
 62
8
100
AcDbText
 10
6366829.6657631565
 20
6174564.320349305
 30
0.0
 40
0.375
  1
5.6
  7
ArialBold
 72
1
 11
6366829.6657631565
 21
6174564.320349305
 31
0.0
100
AcDbText
 73
2
  0
TEXT
  5
20157
330
1F
100
AcDbEntity
  8
tejido
 62
8
100
AcDbText
 10
6366847.776773279
 20
6174563.076331655
 30
0.0
 40
0.375
  1
2.8
  7
ArialBold
 72
1
 11
6366847.776773279
 21
6174563.076331655
 31
0.0
100
AcDbText
 73
2
  0
TEXT
  5
20158
330
1F
100
AcDbEntity
  8
tejido
 62
8
100
AcDbText
 10
6366839.82536187
 20
6174548.702258434
 30
0.0
 40
0.375
  1
8.4
  7
ArialBold
 72
1
 11
6366839.82536187
 21
6174548.702258434
 31
0.0
100
AcDbText
 73
2
  0
TEXT
  5
20159
330
1F
100
AcDbEntity
  8
tejido
 62
8
100
AcDbText
 10
6366837.549351245
 20
6174557.957071825
 30
0.0
 40
0.375
  1
2.8
  7
ArialBold
 72
1
 11
6366837.549351245
 21
6174557.957071825
 31
0.0
100
AcDbText
 73
2
  0
TEXT
  5
2015A
330
1F
100
AcDbEntity
  8
tejido
 62
8
100
AcDbText
 10
6366835.952580464
 20
6174546.794996313
 30
0.0
 40
0.375
  1
2.8
  7
ArialBold
 72
1
 11
6366835.952580464
 21
6174546.794996313
 31
0.0
100
AcDbText
 73
2
  0
TEXT
  5
2015B
330
1F
100
AcDbEntity
  8
tejido
 62
8
100
AcDbText
 10
6366855.350226555
 20
6174557.353004891
 30
0.0
 40
0.375
  1
23.7
  7
ArialBold
 72
1
 11
6366855.350226555
 21
6174557.353004891
 31
0.0
100
AcDbText
 73
2
  0
TEXT
  5
2015C
330
1F
100
AcDbEntity
  8
tejido
 62
8
100
AcDbText
 10
6366849.0101374565
 20
6174540.184363876
 30
0.0
 40
0.375
  1
23.7
  7
ArialBold
 72
1
 11
6366849.0101374565
 21
6174540.184363876
 31
0.0
100
AcDbText
 73
2
  0
TEXT
  5
2015D
330
1F
100
AcDbEntity
  8
tejido
 62
8
100
AcDbText
 10
6366848.014670788
 20
6174538.692637184
 30
0.0
 40
0.375
  1
10.4
  7
ArialBold
 72
1
 11
6366848.014670788
 21
6174538.692637184
 31
0.0
100
AcDbText
 73
2
  0
TEXT
  5
2015E
330
1F
100
AcDbEntity
  8
tejido
 62
8
100
AcDbText
 10
6366844.9645174695
 20
6174541.629001455
 30
0.0
 40
0.375
  1
0.0
  7
ArialBold
 72
1
 11
6366844.9645174695
 21
6174541.629001455
 31
0.0
100
AcDbText
 73
2
  0
TEXT
  5
2015F
330
1F
100
AcDbEntity
  8
tejido
 62
8
100
AcDbText
 10
6366849.141685023
 20
6174549.120858318
 30
0.0
 40
0.375
  1
26.3
  7
ArialBold
 72
1
 11
6366849.141685023
 21
6174549.120858318
 31
0.0
100
AcDbText
 73
2
  0
TEXT
  5
20160
330
1F
100
AcDbEntity
  8
tejido
 62
8
100
AcDbText
 10
6366841.761102922
 20
6174544.589181564
 30
0.0
 40
0.375
  1
23.7
  7
ArialBold
 72
1
 11
6366841.761102922
 21
6174544.589181564
 31
0.0
100
AcDbText
 73
2
  0
TEXT
  5
20161
330
1F
100
AcDbEntity
  8
tejido
 62
8
100
AcDbText
 10
6366840.824686188
 20
6174543.0692070555
 30
0.0
 40
0.375
  1
10.4
  7
ArialBold
 72
1
 11
6366840.824686188
 21
6174543.0692070555
 31
0.0
100
AcDbText
 73
2
  0
TEXT
  5
20162
330
1F
100
AcDbEntity
  8
tejido
 62
8
100
AcDbText
 10
6366864.69794339
 20
6174546.163021205
 30
0.0
 40
0.375
  1
11.2
  7
ArialBold
 72
1
 11
6366864.69794339
 21
6174546.163021205
 31
0.0
100
AcDbText
 73
2
  0
TEXT
  5
20163
330
1F
100
AcDbEntity
  8
tejido
 62
8
100
AcDbText
 10
6366859.186029692
 20
6174544.013165695
 30
0.0
 40
0.375
  1
8.4
  7
ArialBold
 72
1
 11
6366859.186029692
 21
6174544.013165695
 31
0.0
100
AcDbText
 73
2
  0
TEXT
  5
20164
330
1F
100
AcDbEntity
  8
tejido
 62
8
100
AcDbText
 10
6366850.475389686
 20
6174532.548739817
 30
0.0
 40
0.375
  1
5.6
  7
ArialBold
 72
1
 11
6366850.475389686
 21
6174532.548739817
 31
0.0
100
AcDbText
 73
2
  0
TEXT
  5
20165
330
1F
100
AcDbEntity
  8
tejido
 62
8
100
AcDbText
 10
6366865.805311754
 20
6174536.109644744
 30
0.0
 40
0.375
  1
11.2
  7
ArialBold
 72
1
 11
6366865.805311754
 21
6174536.109644744
 31
0.0
100
AcDbText
 73
2
  0
TEXT
  5
20166
330
1F
100
AcDbEntity
  8
tejido
 62
8
100
AcDbText
 10
6366865.005147537
 20
6174541.108639556
 30
0.0
 40
0.375
  1
11.2
  7
ArialBold
 72
1
 11
6366865.005147537
 21
6174541.108639556
 31
0.0
100
AcDbText
 73
2
  0
TEXT
  5
20167
330
1F
100
AcDbEntity
  8
tejido
 62
8
100
AcDbText
 10
6366869.36324021
 20
6174540.590011304
 30
0.0
 40
0.375
  1
8.4
  7
ArialBold
 72
1
 11
6366869.36324021
 21
6174540.590011304
 31
0.0
100
AcDbText
 73
2
  0
TEXT
  5
20168
330
1F
100
AcDbEntity
  8
tejido
 62
8
100
AcDbText
 10
6366859.4067389835
 20
6174533.51695601
 30
0.0
 40
0.375
  1
11.2
  7
ArialBold
 72
1
 11
6366859.4067389835
 21
6174533.51695601
 31
0.0
100
AcDbText
 73
2
  0
TEXT
  5
20169
330
1F
100
AcDbEntity
  8
tejido
 62
8
100
AcDbText
 10
6366858.079571316
 20
6174527.724789897
 30
0.0
 40
0.375
  1
5.6
  7
ArialBold
 72
1
 11
6366858.079571316
 21
6174527.724789897
 31
0.0
100
AcDbText
 73
2
  0
TEXT
  5
2016A
330
1F
100
AcDbEntity
  8
tejido
 62
8
100
AcDbText
 10
6366879.690701768
 20
6174540.905598574
 30
0.0
 40
0.375
  1
7.5
  7
ArialBold
 72
1
 11
6366879.690701768
 21
6174540.905598574
 31
0.0
100
AcDbText
 73
2
  0
TEXT
  5
2016B
330
1F
100
AcDbEntity
  8
tejido
 62
8
100
AcDbText
 10
6366879.044220105
 20
6174524.563112994
 30
0.0
 40
0.375
  1
33.8
  7
ArialBold
 72
1
 11
6366879.044220105
 21
6174524.563112994
 31
0.0
100
AcDbText
 73
2
  0
TEXT
  5
2016C
330
1F
100
AcDbEntity
  8
tejido
 62
8
100
AcDbText
 10
6366878.167451762
 20
6174523.175260995
 30
0.0
 40
0.375
  1
31.0
  7
ArialBold
 72
1
 11
6366878.167451762
 21
6174523.175260995
 31
0.0
100
AcDbText
 73
2
  0
TEXT
  5
2016D
330
1F
100
AcDbEntity
  8
tejido
 62
8
100
AcDbText
 10
6366872.2639935035
 20
6174535.707702497
 30
0.0
 40
0.375
  1
0.0
  7
ArialBold
 72
1
 11
6366872.2639935035
 21
6174535.707702497
 31
0.0
100
AcDbText
 73
2
  0
TEXT
  5
2016E
330
1F
100
AcDbEntity
  8
tejido
 62
8
100
AcDbText
 10
6366869.703920782
 20
6174532.024982967
 30
0.0
 40
0.375
  1
3.9
  7
ArialBold
 72
1
 11
6366869.703920782
 21
6174532.024982967
 31
0.0
100
AcDbText
 73
2
  0
TEXT
  5
2016F
330
1F
100
AcDbEntity
  8
tejido
 62
8
100
AcDbText
 10
6366872.642789814
 20
6174503.157759618
 30
0.0
 40
0.375
  1
11.2
  7
ArialBold
 72
1
 11
6366872.642789814
 21
6174503.157759618
 31
0.0
100
AcDbText
 73
2
  0
TEXT
  5
20170
330
1F
100
AcDbEntity
  8
tejido
 62
8
100
AcDbText
 10
6366875.669913481
 20
6174503.892469813
 30
0.0
 40
0.375
  1
8.4
  7
ArialBold
 72
1
 11
6366875.669913481
 21
6174503.892469813
 31
0.0
100
AcDbText
 73
2
  0
TEXT
  5
20171
330
1F
100
AcDbEntity
  8
tejido
 62
8
100
AcDbText
 10
6366864.959655736
 20
6174490.033390355
 30
0.0
 40
0.375
  1
30.4
  7
ArialBold
 72
1
 11
6366864.959655736
 21
6174490.033390355
 31
0.0
100
AcDbText
 73
2
  0
TEXT
  5
20172
330
1F
100
AcDbEntity
  8
tejido
 62
8
100
AcDbText
 10
6366828.591874308
 20
6174535.041831055
 30
0.0
 40
0.375
  1
5.6
  7
ArialBold
 72
1
 11
6366828.591874308
 21
6174535.041831055
 31
0.0
100
AcDbText
 73
2
  0
TEXT
  5
20173
330
1F
100
AcDbEntity
  8
tejido
 62
8
100
AcDbText
 10
6366826.485994253
 20
6174528.259910248
 30
0.0
 40
0.375
  1
8.4
  7
ArialBold
 72
1
 11
6366826.485994253
 21
6174528.259910248
 31
0.0
100
AcDbText
 73
2
  0
TEXT
  5
20174
330
1F
100
AcDbEntity
  8
tejido
 62
8
100
AcDbText
 10
6366824.53856584
 20
6174534.856047433
 30
0.0
 40
0.375
  1
2.8
  7
ArialBold
 72
1
 11
6366824.53856584
 21
6174534.856047433
 31
0.0
100
AcDbText
 73
2
  0
TEXT
  5
20175
330
1F
100
AcDbEntity
  8
tejido
 62
8
100
AcDbText
 10
6366823.277021606
 20
6174521.815932437
 30
0.0
 40
0.375
  1
2.8
  7
ArialBold
 72
1
 11
6366823.277021606
 21
6174521.815932437
 31
0.0
100
AcDbText
 73
2
  0
TEXT
  5
20176
330
1F
100
AcDbEntity
  8
tejido
 62
8
100
AcDbText
 10
6366818.525493904
 20
6174524.441128504
 30
0.0
 40
0.375
  1
5.6
  7
ArialBold
 72
1
 11
6366818.525493904
 21
6174524.441128504
 31
0.0
100
AcDbText
 73
2
  0
TEXT
  5
20177
330
1F
100
AcDbEntity
  8
tejido
 62
8
100
AcDbText
 10
6366801.55340462
 20
6174550.108479123
 30
0.0
 40
0.375
  1
2.8
  7
ArialBold
 72
1
 11
6366801.55340462
 21
6174550.108479123
 31
0.0
100
AcDbText
 73
2
  0
TEXT
  5
20178
330
1F
100
AcDbEntity
  8
tejido
 62
8
100
AcDbText
 10
6366798.82824606
 20
6174533.132468569
 30
0.0
 40
0.375
  1
2.8
  7
ArialBold
 72
1
 11
6366798.82824606
 21
6174533.132468569
 31
0.0
100
AcDbText
 73
2
  0
TEXT
  5
20179
330
1F
100
AcDbEntity
  8
tejido
 62
8
100
AcDbText
 10
6366796.703814888
 20
6174535.913676248
 30
0.0
 40
0.375
  1
8.4
  7
ArialBold
 72
1
 11
6366796.703814888
 21
6174535.913676248
 31
0.0
100
AcDbText
 73
2
  0
TEXT
  5
2017A
330
1F
100
AcDbEntity
  8
tejido
 62
8
100
AcDbText
 10
6366796.138645646
 20
6174538.228812532
 30
0.0
 40
0.375
  1
5.6
  7
ArialBold
 72
1
 11
6366796.138645646
 21
6174538.228812532
 31
0.0
100
AcDbText
 73
2
  0
TEXT
  5
2017B
330
1F
100
AcDbEntity
  8
tejido
 62
8
100
AcDbText
 10
6366791.177533467
 20
6174564.914314381
 30
0.0
 40
0.375
  1
10.4
  7
ArialBold
 72
1
 11
6366791.177533467
 21
6174564.914314381
 31
0.0
100
AcDbText
 73
2
  0
TEXT
  5
2017C
330
1F
100
AcDbEntity
  8
tejido
 62
8
100
AcDbText
 10
6366790.407556253
 20
6174560.004822734
 30
0.0
 40
0.375
  1
7.8
  7
ArialBold
 72
1
 11
6366790.407556253
 21
6174560.004822734
 31
0.0
100
AcDbText
 73
2
  0
TEXT
  5
2017D
330
1F
100
AcDbEntity
  8
tejido
 62
8
100
AcDbText
 10
6366804.628227784
 20
6174563.035417693
 30
0.0
 40
0.375
  1
24.1
  7
ArialBold
 72
1
 11
6366804.628227784
 21
6174563.035417693
 31
0.0
100
AcDbText
 73
2
  0
TEXT
  5
2017E
330
1F
100
AcDbEntity
  8
tejido
 62
8
100
AcDbText
 10
6366796.343809261
 20
6174572.132637486
 30
0.0
 40
0.375
  1
23.6
  7
ArialBold
 72
1
 11
6366796.343809261
 21
6174572.132637486
 31
0.0
100
AcDbText
 73
2
  0
TEXT
  5
2017F
330
1F
100
AcDbEntity
  8
tejido
 62
8
100
AcDbText
 10
6366800.198514712
 20
6174556.759007258
 30
0.0
 40
0.375
  1
17.2
  7
ArialBold
 72
1
 11
6366800.198514712
 21
6174556.759007258
 31
0.0
100
AcDbText
 73
2
  0
TEXT
  5
20180
330
1F
100
AcDbEntity
  8
tejido
 62
8
100
AcDbText
 10
6366799.422382437
 20
6174558.978421555
 30
0.0
 40
0.375
  1
23.6
  7
ArialBold
 72
1
 11
6366799.422382437
 21
6174558.978421555
 31
0.0
100
AcDbText
 73
2
  0
TEXT
  5
20181
330
1F
100
AcDbEntity
  8
tejido
 62
8
100
AcDbText
 10
6366798.619607521
 20
6174559.63602823
 30
0.0
 40
0.375
  1
26.7
  7
ArialBold
 72
1
 11
6366798.619607521
 21
6174559.63602823
 31
0.0
100
AcDbText
 73
2
  0
TEXT
  5
20182
330
1F
100
AcDbEntity
  8
tejido
 62
8
100
AcDbText
 10
6366800.450660651
 20
6174563.484331997
 30
0.0
 40
0.375
  1
25.6
  7
ArialBold
 72
1
 11
6366800.450660651
 21
6174563.484331997
 31
0.0
100
AcDbText
 73
2
  0
TEXT
  5
20183
330
1F
100
AcDbEntity
  8
tejido
 62
8
100
AcDbText
 10
6366794.416247239
 20
6174575.377327861
 30
0.0
 40
0.375
  1
20.5
  7
ArialBold
 72
1
 11
6366794.416247239
 21
6174575.377327861
 31
0.0
100
AcDbText
 73
2
  0
TEXT
  5
20184
330
1F
100
AcDbEntity
  8
tejido
 62
8
100
AcDbText
 10
6366863.027097824
 20
6174537.241260982
 30
0.0
 40
0.375
  1
11.2
  7
ArialBold
 72
1
 11
6366863.027097824
 21
6174537.241260982
 31
0.0
100
AcDbText
 73
2
  0
TEXT
  5
20185
330
1F
100
AcDbEntity
  8
tejido
 62
8
100
AcDbText
 10
6366882.886527991
 20
6174527.637716168
 30
0.0
 40
0.375
  1
0.0
  7
ArialBold
 72
1
 11
6366882.886527991
 21
6174527.637716168
 31
0.0
100
AcDbText
 73
2
  0
TEXT
  5
20186
330
1F
100
AcDbEntity
  8
tejido
 62
8
100
AcDbText
 10
6366886.181295806
 20
6174522.793634954
 30
0.0
 40
0.375
  1
26.7
  7
ArialBold
 72
1
 11
6366886.181295806
 21
6174522.793634954
 31
0.0
100
AcDbText
 73
2
  0
TEXT
  5
20187
330
1F
100
AcDbEntity
  8
tejido
 62
8
100
AcDbText
 10
6366875.982471242
 20
6174529.714769271
 30
0.0
 40
0.375
  1
29.5
  7
ArialBold
 72
1
 11
6366875.982471242
 21
6174529.714769271
 31
0.0
100
AcDbText
 73
2
  0
TEXT
  5
20188
330
1F
100
AcDbEntity
  8
tejido
 62
8
100
AcDbText
 10
6366843.250517244
 20
6174507.533059225
 30
0.0
 40
0.375
  1
41.9
  7
ArialBold
 72
1
 11
6366843.250517244
 21
6174507.533059225
 31
0.0
100
AcDbText
 73
2
  0
TEXT
  5
20189
330
1F
100
AcDbEntity
  8
tejido
 62
8
100
AcDbText
 10
6366817.791737882
 20
6174515.850916883
 30
0.0
 40
0.375
  1
5.6
  7
ArialBold
 72
1
 11
6366817.791737882
 21
6174515.850916883
 31
0.0
100
AcDbText
 73
2
  0
TEXT
  5
2018A
330
1F
100
AcDbEntity
  8
tejido
 62
8
100
AcDbText
 10
6366824.860785342
 20
6174545.611519165
 30
0.0
 40
0.375
  1
2.8
  7
ArialBold
 72
1
 11
6366824.860785342
 21
6174545.611519165
 31
0.0
100
AcDbText
 73
2
  0
TEXT
  5
2018B
330
1F
100
AcDbEntity
  8
tejido
 62
8
100
AcDbText
 10
6366826.114952783
 20
6174549.934811863
 30
0.0
 40
0.375
  1
5.6
  7
ArialBold
 72
1
 11
6366826.114952783
 21
6174549.934811863
 31
0.0
100
AcDbText
 73
2
  0
TEXT
  5
2018C
330
1F
100
AcDbEntity
  8
tejido
 62
8
100
AcDbText
 10
6366822.137002825
 20
6174547.2905032
 30
0.0
 40
0.375
  1
8.4
  7
ArialBold
 72
1
 11
6366822.137002825
 21
6174547.2905032
 31
0.0
100
AcDbText
 73
2
  0
TEXT
  5
2018D
330
1F
100
AcDbEntity
  8
tejido
 62
8
100
AcDbText
 10
6366818.064643969
 20
6174550.81689449
 30
0.0
 40
0.375
  1
2.8
  7
ArialBold
 72
1
 11
6366818.064643969
 21
6174550.81689449
 31
0.0
100
AcDbText
 73
2
  0
TEXT
  5
2018E
330
1F
100
AcDbEntity
  8
tejido
 62
8
100
AcDbText
 10
6366816.739211783
 20
6174531.30462551
 30
0.0
 40
0.375
  1
8.3
  7
ArialBold
 72
1
 11
6366816.739211783
 21
6174531.30462551
 31
0.0
100
AcDbText
 73
2
  0
TEXT
  5
2018F
330
1F
100
AcDbEntity
  8
tejido
 62
8
100
AcDbText
 10
6366814.73630807
 20
6174527.602712598
 30
0.0
 40
0.375
  1
9.1
  7
ArialBold
 72
1
 11
6366814.73630807
 21
6174527.602712598
 31
0.0
100
AcDbText
 73
2
  0
TEXT
  5
20190
330
1F
100
AcDbEntity
  8
tejido
 62
8
100
AcDbText
 10
6366813.441749411
 20
6174531.085392556
 30
0.0
 40
0.375
  1
35.2
  7
ArialBold
 72
1
 11
6366813.441749411
 21
6174531.085392556
 31
0.0
100
AcDbText
 73
2
  0
TEXT
  5
20191
330
1F
100
AcDbEntity
  8
tejido
 62
8
100
AcDbText
 10
6366814.555479889
 20
6174553.918543584
 30
0.0
 40
0.375
  1
5.6
  7
ArialBold
 72
1
 11
6366814.555479889
 21
6174553.918543584
 31
0.0
100
AcDbText
 73
2
  0
TEXT
  5
20192
330
1F
100
AcDbEntity
  8
tejido
 62
8
100
AcDbText
 10
6366810.827067658
 20
6174531.70030675
 30
0.0
 40
0.375
  1
46.2
  7
ArialBold
 72
1
 11
6366810.827067658
 21
6174531.70030675
 31
0.0
100
AcDbText
 73
2
  0
TEXT
  5
20193
330
1F
100
AcDbEntity
  8
tejido
 62
8
100
AcDbText
 10
6366802.443720779
 20
6174520.340350891
 30
0.0
 40
0.375
  1
38.3
  7
ArialBold
 72
1
 11
6366802.443720779
 21
6174520.340350891
 31
0.0
100
AcDbText
 73
2
  0
TEXT
  5
20194
330
1F
100
AcDbEntity
  8
tejido
 62
8
100
AcDbText
 10
6366809.299404936
 20
6174546.005600924
 30
0.0
 40
0.375
  1
39.2
  7
ArialBold
 72
1
 11
6366809.299404936
 21
6174546.005600924
 31
0.0
100
AcDbText
 73
2
  0
TEXT
  5
20195
330
1F
100
AcDbEntity
  8
tejido
 62
8
100
AcDbText
 10
6366807.842154538
 20
6174536.249119987
 30
0.0
 40
0.375
  1
34.6
  7
ArialBold
 72
1
 11
6366807.842154538
 21
6174536.249119987
 31
0.0
100
AcDbText
 73
2
  0
TEXT
  5
20196
330
1F
100
AcDbEntity
  8
tejido
 62
8
100
AcDbText
 10
6366809.759356454
 20
6174531.800039575
 30
0.0
 40
0.375
  1
41.3
  7
ArialBold
 72
1
 11
6366809.759356454
 21
6174531.800039575
 31
0.0
100
AcDbText
 73
2
  0
TEXT
  5
20197
330
1F
100
AcDbEntity
  8
tejido
 62
8
100
AcDbText
 10
6366805.413785915
 20
6174537.737745918
 30
0.0
 40
0.375
  1
7.8
  7
ArialBold
 72
1
 11
6366805.413785915
 21
6174537.737745918
 31
0.0
100
AcDbText
 73
2
  0
TEXT
  5
20198
330
1F
100
AcDbEntity
  8
tejido
 62
8
100
AcDbText
 10
6366784.589038993
 20
6174550.189713092
 30
0.0
 40
0.375
  1
42.0
  7
ArialBold
 72
1
 11
6366784.589038993
 21
6174550.189713092
 31
0.0
100
AcDbText
 73
2
  0
TEXT
  5
20199
330
1F
100
AcDbEntity
  8
tejido
 62
8
100
AcDbText
 10
6366787.096048818
 20
6174556.872054227
 30
0.0
 40
0.375
  1
0.0
  7
ArialBold
 72
1
 11
6366787.096048818
 21
6174556.872054227
 31
0.0
100
AcDbText
 73
2
  0
TEXT
  5
2019A
330
1F
100
AcDbEntity
  8
tejido
 62
8
100
AcDbText
 10
6366781.057428586
 20
6174562.739289313
 30
0.0
 40
0.375
  1
28.5
  7
ArialBold
 72
1
 11
6366781.057428586
 21
6174562.739289313
 31
0.0
100
AcDbText
 73
2
  0
TEXT
  5
2019B
330
1F
100
AcDbEntity
  8
tejido
 62
8
100
AcDbText
 10
6366782.613190202
 20
6174551.473976247
 30
0.0
 40
0.375
  1
46.0
  7
ArialBold
 72
1
 11
6366782.613190202
 21
6174551.473976247
 31
0.0
100
AcDbText
 73
2
  0
TEXT
  5
2019C
330
1F
100
AcDbEntity
  8
tejido
 62
8
100
AcDbText
 10
6366775.564347098
 20
6174549.053596557
 30
0.0
 40
0.375
  1
44.3
  7
ArialBold
 72
1
 11
6366775.564347098
 21
6174549.053596557
 31
0.0
100
AcDbText
 73
2
  0
TEXT
  5
2019D
330
1F
100
AcDbEntity
  8
tejido
 62
8
100
AcDbText
 10
6366783.038154147
 20
6174559.213011937
 30
0.0
 40
0.375
  1
30.9
  7
ArialBold
 72
1
 11
6366783.038154147
 21
6174559.213011937
 31
0.0
100
AcDbText
 73
2
  0
TEXT
  5
2019E
330
1F
100
AcDbEntity
  8
tejido
 62
8
100
AcDbText
 10
6366780.182778428
 20
6174548.745905288
 30
0.0
 40
0.375
  1
38.9
  7
ArialBold
 72
1
 11
6366780.182778428
 21
6174548.745905288
 31
0.0
100
AcDbText
 73
2
  0
TEXT
  5
2019F
330
1F
100
AcDbEntity
  8
tejido
 62
8
100
AcDbText
 10
6366779.691355851
 20
6174547.992465367
 30
0.0
 40
0.375
  1
38.4
  7
ArialBold
 72
1
 11
6366779.691355851
 21
6174547.992465367
 31
0.0
100
AcDbText
 73
2
  0
TEXT
  5
201A0
330
1F
100
AcDbEntity
  8
tejido
 62
8
100
AcDbText
 10
6366779.253075128
 20
6174547.322928095
 30
0.0
 40
0.375
  1
19.6
  7
ArialBold
 72
1
 11
6366779.253075128
 21
6174547.322928095
 31
0.0
100
AcDbText
 73
2
  0
TEXT
  5
201A1
330
1F
100
AcDbEntity
  8
tejido
 62
8
100
AcDbText
 10
6366780.300543818
 20
6174564.555796927
 30
0.0
 40
0.375
  1
25.4
  7
ArialBold
 72
1
 11
6366780.300543818
 21
6174564.555796927
 31
0.0
100
AcDbText
 73
2
  0
TEXT
  5
201A2
330
1F
100
AcDbEntity
  8
tejido
 62
8
100
AcDbText
 10
6366779.533712622
 20
6174566.049355837
 30
0.0
 40
0.375
  1
22.5
  7
ArialBold
 72
1
 11
6366779.533712622
 21
6174566.049355837
 31
0.0
100
AcDbText
 73
2
  0
TEXT
  5
201A3
330
1F
100
AcDbEntity
  8
tejido
 62
8
100
AcDbText
 10
6366778.309193211
 20
6174544.778411039
 30
0.0
 40
0.375
  1
8.3
  7
ArialBold
 72
1
 11
6366778.309193211
 21
6174544.778411039
 31
0.0
100
AcDbText
 73
2
  0
TEXT
  5
201A4
330
1F
100
AcDbEntity
  8
tejido
 62
8
100
AcDbText
 10
6366778.746013187
 20
6174567.567132689
 30
0.0
 40
0.375
  1
19.5
  7
ArialBold
 72
1
 11
6366778.746013187
 21
6174567.567132689
 31
0.0
100
AcDbText
 73
2
  0
TEXT
  5
201A5
330
1F
100
AcDbEntity
  8
tejido
 62
8
100
AcDbText
 10
6366775.840000953
 20
6174546.390213968
 30
0.0
 40
0.375
  1
28.1
  7
ArialBold
 72
1
 11
6366775.840000953
 21
6174546.390213968
 31
0.0
100
AcDbText
 73
2
  0
TEXT
  5
201A6
330
1F
100
AcDbEntity
  8
tejido
 62
8
100
AcDbText
 10
6366775.337942011
 20
6174546.718430383
 30
0.0
 40
0.375
  1
35.6
  7
ArialBold
 72
1
 11
6366775.337942011
 21
6174546.718430383
 31
0.0
100
AcDbText
 73
2
  0
TEXT
  5
201A7
330
1F
100
AcDbEntity
  8
tejido
 62
8
100
AcDbText
 10
6366771.810237951
 20
6174539.739906535
 30
0.0
 40
0.375
  1
35.7
  7
ArialBold
 72
1
 11
6366771.810237951
 21
6174539.739906535
 31
0.0
100
AcDbText
 73
2
  0
TEXT
  5
201A8
330
1F
100
AcDbEntity
  8
tejido
 62
8
100
AcDbText
 10
6366772.824652117
 20
6174541.193602402
 30
0.0
 40
0.375
  1
38.9
  7
ArialBold
 72
1
 11
6366772.824652117
 21
6174541.193602402
 31
0.0
100
AcDbText
 73
2
  0
TEXT
  5
201A9
330
1F
100
AcDbEntity
  8
tejido
 62
8
100
AcDbText
 10
6366785.447591116
 20
6174566.803323898
 30
0.0
 40
0.375
  1
12.7
  7
ArialBold
 72
1
 11
6366785.447591116
 21
6174566.803323898
 31
0.0
100
AcDbText
 73
2
  0
TEXT
  5
201AA
330
1F
100
AcDbEntity
  8
tejido
 62
8
100
AcDbText
 10
6366801.081134592
 20
6174566.9536044905
 30
0.0
 40
0.375
  1
23.5
  7
ArialBold
 72
1
 11
6366801.081134592
 21
6174566.9536044905
 31
0.0
100
AcDbText
 73
2
  0
TEXT
  5
201AB
330
1F
100
AcDbEntity
  8
tejido
 62
8
100
AcDbText
 10
6366797.6728088185
 20
6174568.418621168
 30
0.0
 40
0.375
  1
20.6
  7
ArialBold
 72
1
 11
6366797.6728088185
 21
6174568.418621168
 31
0.0
100
AcDbText
 73
2
  0
TEXT
  5
201AC
330
1F
100
AcDbEntity
  8
tejido
 62
8
100
AcDbText
 10
6366796.2190874
 20
6174566.219945393
 30
0.0
 40
0.375
  1
27.1
  7
ArialBold
 72
1
 11
6366796.2190874
 21
6174566.219945393
 31
0.0
100
AcDbText
 73
2
  0
TEXT
  5
201AD
330
1F
100
AcDbEntity
  8
tejido
 62
8
100
AcDbText
 10
6366814.81309936
 20
6174579.656217022
 30
0.0
 40
0.375
  1
18.5
  7
ArialBold
 72
1
 11
6366814.81309936
 21
6174579.656217022
 31
0.0
100
AcDbText
 73
2
  0
TEXT
  5
201AE
330
1F
100
AcDbEntity
  8
tejido
 62
8
100
AcDbText
 10
6366813.630952184
 20
6174577.333263738
 30
0.0
 40
0.375
  1
15.7
  7
ArialBold
 72
1
 11
6366813.630952184
 21
6174577.333263738
 31
0.0
100
AcDbText
 73
2
  0
TEXT
  5
201AF
330
1F
100
AcDbEntity
  8
tejido
 62
8
100
AcDbText
 10
6366816.075578365
 20
6174582.70618617
 30
0.0
 40
0.375
  1
15.1
  7
ArialBold
 72
1
 11
6366816.075578365
 21
6174582.70618617
 31
0.0
100
AcDbText
 73
2
  0
TEXT
  5
201B0
330
1F
100
AcDbEntity
  8
tejido
 62
8
100
AcDbText
 10
6366811.873361625
 20
6174574.561239434
 30
0.0
 40
0.375
  1
6.0
  7
ArialBold
 72
1
 11
6366811.873361625
 21
6174574.561239434
 31
0.0
100
AcDbText
 73
2
  0
TEXT
  5
201B1
330
1F
100
AcDbEntity
  8
tejido
 62
8
100
AcDbText
 10
6366775.201483732
 20
6174557.37860176
 30
0.0
 40
0.375
  1
0.0
  7
ArialBold
 72
1
 11
6366775.201483732
 21
6174557.37860176
 31
0.0
100
AcDbText
 73
2
  0
TEXT
  5
201B2
330
1F
100
AcDbEntity
  8
tejido
 62
8
100
AcDbText
 10
6366775.669818383
 20
6174560.486176424
 30
0.0
 40
0.375
  1
9.4
  7
ArialBold
 72
1
 11
6366775.669818383
 21
6174560.486176424
 31
0.0
100
AcDbText
 73
2
  0
TEXT
  5
201B3
330
1F
100
AcDbEntity
  8
tejido
 62
8
100
AcDbText
 10
6366770.17599837
 20
6174555.0797323845
 30
0.0
 40
0.375
  1
10.7
  7
ArialBold
 72
1
 11
6366770.17599837
 21
6174555.0797323845
 31
0.0
100
AcDbText
 73
2
  0
TEXT
  5
201B4
330
1F
100
AcDbEntity
  8
tejido
 62
8
100
AcDbText
 10
6366772.773662288
 20
6174554.581593503
 30
0.0
 40
0.375
  1
9.2
  7
ArialBold
 72
1
 11
6366772.773662288
 21
6174554.581593503
 31
0.0
100
AcDbText
 73
2
  0
TEXT
  5
201B5
330
1F
100
AcDbEntity
  8
tejido
 62
8
100
AcDbText
 10
6366767.534839374
 20
6174552.216111714
 30
0.0
 40
0.375
  1
0.0
  7
ArialBold
 72
1
 11
6366767.534839374
 21
6174552.216111714
 31
0.0
100
AcDbText
 73
2
  0
TEXT
  5
201B6
330
1F
100
AcDbEntity
  8
tejido
 62
8
100
AcDbText
 10
6366757.7230576025
 20
6174552.552562329
 30
0.0
 40
0.375
  1
8.9
  7
ArialBold
 72
1
 11
6366757.7230576025
 21
6174552.552562329
 31
0.0
100
AcDbText
 73
2
  0
TEXT
  5
201B7
330
1F
100
AcDbEntity
  8
tejido
 62
8
100
AcDbText
 10
6366791.766905769
 20
6174551.880029259
 30
0.0
 40
0.375
  1
9.2
  7
ArialBold
 72
1
 11
6366791.766905769
 21
6174551.880029259
 31
0.0
100
AcDbText
 73
2
  0
TEXT
  5
201B8
330
1F
100
AcDbEntity
  8
tejido
 62
8
100
AcDbText
 10
6366790.652522946
 20
6174548.077602277
 30
0.0
 40
0.375
  1
12.3
  7
ArialBold
 72
1
 11
6366790.652522946
 21
6174548.077602277
 31
0.0
100
AcDbText
 73
2
  0
TEXT
  5
201B9
330
1F
100
AcDbEntity
  8
tejido
 62
8
100
AcDbText
 10
6366862.938280096
 20
6174495.661204031
 30
0.0
 40
0.375
  1
0.0
  7
ArialBold
 72
1
 11
6366862.938280096
 21
6174495.661204031
 31
0.0
100
AcDbText
 73
2
  0
TEXT
  5
201BA
330
1F
100
AcDbEntity
  8
tejido
 62
8
100
AcDbText
 10
6366863.380858613
 20
6174493.234849369
 30
0.0
 40
0.375
  1
36.7
  7
ArialBold
 72
1
 11
6366863.380858613
 21
6174493.234849369
 31
0.0
100
AcDbText
 73
2
  0
TEXT
  5
201BB
330
1F
100
AcDbEntity
  8
tejido
 62
8
100
AcDbText
 10
6366864.152309453
 20
6174494.722348659
 30
0.0
 40
0.375
  1
34.4
  7
ArialBold
 72
1
 11
6366864.152309453
 21
6174494.722348659
 31
0.0
100
AcDbText
 73
2
  0
TEXT
  5
201BC
330
1F
100
AcDbEntity
  8
tejido
 62
8
100
AcDbText
 10
6366879.441157946
 20
6174518.572241606
 30
0.0
 40
0.375
  1
0.0
  7
ArialBold
 72
1
 11
6366879.441157946
 21
6174518.572241606
 31
0.0
100
AcDbText
 73
2
  0
TEXT
  5
201BD
330
1F
100
AcDbEntity
  8
tejido
 62
8
100
AcDbText
 10
6366867.290765056
 20
6174523.212481022
 30
0.0
 40
0.375
  1
0.0
  7
ArialBold
 72
1
 11
6366867.290765056
 21
6174523.212481022
 31
0.0
100
AcDbText
 73
2
  0
TEXT
  5
201BE
330
1F
100
AcDbEntity
  8
tejido
 62
8
100
AcDbText
 10
6366867.661135759
 20
6174527.942451799
 30
0.0
 40
0.375
  1
4.5
  7
ArialBold
 72
1
 11
6366867.661135759
 21
6174527.942451799
 31
0.0
100
AcDbText
 73
2
  0
TEXT
  5
201BF
330
1F
100
AcDbEntity
  8
tejido
 62
8
100
AcDbText
 10
6366870.66316604
 20
6174522.469792991
 30
0.0
 40
0.375
  1
6.2
  7
ArialBold
 72
1
 11
6366870.66316604
 21
6174522.469792991
 31
0.0
100
AcDbText
 73
2
  0
TEXT
  5
201C0
330
1F
100
AcDbEntity
  8
tejido
 62
8
100
AcDbText
 10
6366876.096536209
 20
6174522.743751249
 30
0.0
 40
0.375
  1
9.4
  7
ArialBold
 72
1
 11
6366876.096536209
 21
6174522.743751249
 31
0.0
100
AcDbText
 73
2
  0
TEXT
  5
201C1
330
1F
100
AcDbEntity
  8
tejido
 62
8
100
AcDbText
 10
6366883.508060689
 20
6174514.363861406
 30
0.0
 40
0.375
  1
11.1
  7
ArialBold
 72
1
 11
6366883.508060689
 21
6174514.363861406
 31
0.0
100
AcDbText
 73
2
  0
TEXT
  5
201C2
330
1F
100
AcDbEntity
  8
tejido
 62
8
100
AcDbText
 10
6366872.077618285
 20
6174520.032986383
 30
0.0
 40
0.375
  1
11.6
  7
ArialBold
 72
1
 11
6366872.077618285
 21
6174520.032986383
 31
0.0
100
AcDbText
 73
2
  0
TEXT
  5
201C3
330
1F
100
AcDbEntity
  8
tejido
 62
8
100
AcDbText
 10
6366874.7550925575
 20
6174518.206065287
 30
0.0
 40
0.375
  1
12.5
  7
ArialBold
 72
1
 11
6366874.7550925575
 21
6174518.206065287
 31
0.0
100
AcDbText
 73
2
  0
TEXT
  5
201C4
330
1F
100
AcDbEntity
  8
tejido
 62
8
100
AcDbText
 10
6366877.606924762
 20
6174513.886004765
 30
0.0
 40
0.375
  1
13.5
  7
ArialBold
 72
1
 11
6366877.606924762
 21
6174513.886004765
 31
0.0
100
AcDbText
 73
2
  0
TEXT
  5
201C5
330
1F
100
AcDbEntity
  8
tejido
 62
8
100
AcDbText
 10
6366882.879983228
 20
6174532.187285873
 30
0.0
 40
0.375
  1
11.0
  7
ArialBold
 72
1
 11
6366882.879983228
 21
6174532.187285873
 31
0.0
100
AcDbText
 73
2
  0
TEXT
  5
201C6
330
1F
100
AcDbEntity
  8
tejido
 62
8
100
AcDbText
 10
6366875.236263282
 20
6174540.133365861
 30
0.0
 40
0.375
  1
0.0
  7
ArialBold
 72
1
 11
6366875.236263282
 21
6174540.133365861
 31
0.0
100
AcDbText
 73
2
  0
TEXT
  5
201C7
330
1F
100
AcDbEntity
  8
tejido
 62
8
100
AcDbText
 10
6366875.559016681
 20
6174538.266065801
 30
0.0
 40
0.375
  1
8.6
  7
ArialBold
 72
1
 11
6366875.559016681
 21
6174538.266065801
 31
0.0
100
AcDbText
 73
2
  0
TEXT
  5
201C8
330
1F
100
AcDbEntity
  8
tejido
 62
8
100
AcDbText
 10
6366876.12863802
 20
6174536.346998531
 30
0.0
 40
0.375
  1
10.3
  7
ArialBold
 72
1
 11
6366876.12863802
 21
6174536.346998531
 31
0.0
100
AcDbText
 73
2
  0
TEXT
  5
201C9
330
1F
100
AcDbEntity
  8
tejido
 62
8
100
AcDbText
 10
6366785.234282543
 20
6174554.8310469445
 30
0.0
 40
0.375
  1
9.9
  7
ArialBold
 72
1
 11
6366785.234282543
 21
6174554.8310469445
 31
0.0
100
AcDbText
 73
2
  0
TEXT
  5
201CA
330
1F
100
AcDbEntity
  8
tejido
 62
8
100
AcDbText
 10
6366834.037729513
 20
6174519.479051811
 30
0.0
 40
0.375
  1
33.6
  7
ArialBold
 72
1
 11
6366834.037729513
 21
6174519.479051811
 31
0.0
100
AcDbText
 73
2
  0
TEXT
  5
201CB
330
1F
100
AcDbEntity
  8
tejido
 62
8
100
AcDbText
 10
6366828.924022422
 20
6174523.02380234
 30
0.0
 40
0.375
  1
33.6
  7
ArialBold
 72
1
 11
6366828.924022422
 21
6174523.02380234
 31
0.0
100
AcDbText
 73
2
  0
TEXT
  5
201CC
330
1F
100
AcDbEntity
  8
tejido
 62
8
100
AcDbText
 10
6366784.530082704
 20
6174561.246747726
 30
0.0
 40
0.375
  1
31.5
  7
ArialBold
 72
1
 11
6366784.530082704
 21
6174561.246747726
 31
0.0
100
AcDbText
 73
2
  0
TEXT
  5
201CD
330
1F
100
AcDbEntity
  8
tejido
 62
8
100
AcDbText
 10
6366781.6096935775
 20
6174555.719522316
 30
0.0
 40
0.375
  1
41.8
  7
ArialBold
 72
1
 11
6366781.6096935775
 21
6174555.719522316
 31
0.0
100
AcDbText
 73
2
  0
TEXT
  5
201CE
330
1F
100
AcDbEntity
  8
tejido
 62
8
100
AcDbText
 10
6366818.255150353
 20
6174543.388792329
 30
0.0
 40
0.375
  1
43.7
  7
ArialBold
 72
1
 11
6366818.255150353
 21
6174543.388792329
 31
0.0
100
AcDbText
 73
2
  0
TEXT
  5
201CF
330
1F
100
AcDbEntity
  8
tejido
 62
8
100
AcDbText
 10
6366776.992474797
 20
6174551.9373615775
 30
0.0
 40
0.375
  1
41.7
  7
ArialBold
 72
1
 11
6366776.992474797
 21
6174551.9373615775
 31
0.0
100
AcDbText
 73
2
  0
TEXT
  5
201D0
330
1F
100
AcDbEntity
  8
tejido
 62
8
100
AcDbText
 10
6366881.0025426615
 20
6174525.654618222
 30
0.0
 40
0.375
  1
22.7
  7
ArialBold
 72
1
 11
6366881.0025426615
 21
6174525.654618222
 31
0.0
100
AcDbText
 73
2
  0
TEXT
  5
201D1
330
1F
100
AcDbEntity
  8
tejido
 62
8
100
AcDbText
 10
6366859.260950543
 20
6174509.69591037
 30
0.0
 40
0.375
  1
15.0
  7
ArialBold
 72
1
 11
6366859.260950543
 21
6174509.69591037
 31
0.0
100
AcDbText
 73
2
  0
TEXT
  5
201D2
330
1F
100
AcDbEntity
  8
tejido
 62
8
100
AcDbText
 10
6366850.928761985
 20
6174553.44937879
 30
0.0
 40
0.375
  1
29.1
  7
ArialBold
 72
1
 11
6366850.928761985
 21
6174553.44937879
 31
0.0
100
AcDbText
 73
2
  0
TEXT
  5
201D3
330
1F
100
AcDbEntity
  8
tejido
 62
8
100
AcDbText
 10
6366848.476998403
 20
6174551.010104744
 30
0.0
 40
0.375
  1
23.7
  7
ArialBold
 72
1
 11
6366848.476998403
 21
6174551.010104744
 31
0.0
100
AcDbText
 73
2
  0
TEXT
  5
201D4
330
1F
100
AcDbEntity
  8
tejido
 62
8
100
AcDbText
 10
6366856.105097764
 20
6174559.259699482
 30
0.0
 40
0.375
  1
20.7
  7
ArialBold
 72
1
 11
6366856.105097764
 21
6174559.259699482
 31
0.0
100
AcDbText
 73
2
  0
TEXT
  5
201D5
330
1F
100
AcDbEntity
  8
tejido
 62
8
100
AcDbText
 10
6366856.733038812
 20
6174551.687272949
 30
0.0
 40
0.375
  1
27.4
  7
ArialBold
 72
1
 11
6366856.733038812
 21
6174551.687272949
 31
0.0
100
AcDbText
 73
2
  0
TEXT
  5
201D6
330
1F
100
AcDbEntity
  8
tejido
 62
8
100
AcDbText
 10
6366822.859872982
 20
6174509.158131706
 30
0.0
 40
0.375
  1
39.4
  7
ArialBold
 72
1
 11
6366822.859872982
 21
6174509.158131706
 31
0.0
100
AcDbText
 73
2
  0
TEXT
  5
201D7
330
1F
100
AcDbEntity
  8
tejido
 62
8
100
AcDbText
 10
6366826.937480376
 20
6174520.850628617
 30
0.0
 40
0.375
  1
39.4
  7
ArialBold
 72
1
 11
6366826.937480376
 21
6174520.850628617
 31
0.0
100
AcDbText
 73
2
  0
TEXT
  5
201D8
330
1F
100
AcDbEntity
  8
tejido
 62
8
100
AcDbText
 10
6366840.974370707
 20
6174535.896019383
 30
0.0
 40
0.375
  1
0.0
  7
ArialBold
 72
1
 11
6366840.974370707
 21
6174535.896019383
 31
0.0
100
AcDbText
 73
2
  0
TEXT
  5
201D9
330
1F
100
AcDbEntity
  8
tejido
 62
8
100
AcDbText
 10
6366834.905246939
 20
6174526.627877787
 30
0.0
 40
0.375
  1
6.2
  7
ArialBold
 72
1
 11
6366834.905246939
 21
6174526.627877787
 31
0.0
100
AcDbText
 73
2
  0
TEXT
  5
201DA
330
1F
100
AcDbEntity
  8
tejido
 62
8
100
AcDbText
 10
6366823.726867254
 20
6174515.652049341
 30
0.0
 40
0.375
  1
46.1
  7
ArialBold
 72
1
 11
6366823.726867254
 21
6174515.652049341
 31
0.0
100
AcDbText
 73
2
  0
TEXT
  5
201DB
330
1F
100
AcDbEntity
  8
tejido
 62
8
100
AcDbText
 10
6366803.231957071
 20
6174577.564173019
 30
0.0
 40
0.375
  1
23.0
  7
ArialBold
 72
1
 11
6366803.231957071
 21
6174577.564173019
 31
0.0
100
AcDbText
 73
2
  0
TEXT
  5
201DC
330
1F
100
AcDbEntity
  8
tejido
 62
8
100
AcDbText
 10
6366802.12489313
 20
6174579.467435631
 30
0.0
 40
0.375
  1
20.3
  7
ArialBold
 72
1
 11
6366802.12489313
 21
6174579.467435631
 31
0.0
100
AcDbText
 73
2
  0
TEXT
  5
201DD
330
1F
100
AcDbEntity
  8
tejido
 62
8
100
AcDbText
 10
6366808.344944648
 20
6174569.734943804
 30
0.0
 40
0.375
  1
0.0
  7
ArialBold
 72
1
 11
6366808.344944648
 21
6174569.734943804
 31
0.0
100
AcDbText
 73
2
  0
TEXT
  5
201DE
330
1F
100
AcDbEntity
  8
tejido
 62
8
100
AcDbText
 10
6366805.134295479
 20
6174574.977870024
 30
0.0
 40
0.375
  1
25.8
  7
ArialBold
 72
1
 11
6366805.134295479
 21
6174574.977870024
 31
0.0
100
AcDbText
 73
2
  0
TEXT
  5
201DF
330
1F
100
AcDbEntity
  8
tejido
 62
8
100
AcDbText
 10
6366805.12366316
 20
6174568.2762918575
 30
0.0
 40
0.375
  1
28.3
  7
ArialBold
 72
1
 11
6366805.12366316
 21
6174568.2762918575
 31
0.0
100
AcDbText
 73
2
  0
TEXT
  5
201E0
330
1F
100
AcDbEntity
  8
tejido
 62
8
100
AcDbText
 10
6366857.769902172
 20
6174492.5123537835
 30
0.0
 40
0.375
  1
45.5
  7
ArialBold
 72
1
 11
6366857.769902172
 21
6174492.5123537835
 31
0.0
100
AcDbText
 73
2
  0
TEXT
  5
201E1
330
1F
100
AcDbEntity
  8
tejido
 62
8
100
AcDbText
 10
6366848.00763477
 20
6174500.719873752
 30
0.0
 40
0.375
  1
45.5
  7
ArialBold
 72
1
 11
6366848.00763477
 21
6174500.719873752
 31
0.0
100
AcDbText
 73
2
  0
TEXT
  5
201E2
330
1F
100
AcDbEntity
  8
tejido
 62
8
100
AcDbText
 10
6366839.456750309
 20
6174520.738963155
 30
0.0
 40
0.375
  1
8.9
  7
ArialBold
 72
1
 11
6366839.456750309
 21
6174520.738963155
 31
0.0
100
AcDbText
 73
2
  0
TEXT
  5
201E3
330
1F
100
AcDbEntity
  8
tejido
 62
8
100
AcDbText
 10
6366841.413685434
 20
6174497.246834758
 30
0.0
 40
0.375
  1
38.8
  7
ArialBold
 72
1
 11
6366841.413685434
 21
6174497.246834758
 31
0.0
100
AcDbText
 73
2
  0
TEXT
  5
201E4
330
1F
100
AcDbEntity
  8
tejido
 62
8
100
AcDbText
 10
6366857.195917813
 20
6174496.427187512
 30
0.0
 40
0.375
  1
48.0
  7
ArialBold
 72
1
 11
6366857.195917813
 21
6174496.427187512
 31
0.0
100
AcDbText
 73
2
  0
TEXT
  5
201E5
330
1F
100
AcDbEntity
  8
tejido
 62
8
100
AcDbText
 10
6366860.4504347155
 20
6174500.532911842
 30
0.0
 40
0.375
  1
45.5
  7
ArialBold
 72
1
 11
6366860.4504347155
 21
6174500.532911842
 31
0.0
100
AcDbText
 73
2
  0
TEXT
  5
201E6
330
1F
100
AcDbEntity
  8
tejido
 62
8
100
AcDbText
 10
6366837.234482819
 20
6174518.81320735
 30
0.0
 40
0.375
  1
15.6
  7
ArialBold
 72
1
 11
6366837.234482819
 21
6174518.81320735
 31
0.0
100
AcDbText
 73
2
  0
TEXT
  5
201E7
330
1F
100
AcDbEntity
  8
tejido
 62
8
100
AcDbText
 10
6366843.615455806
 20
6174515.678670041
 30
0.0
 40
0.375
  1
38.7
  7
ArialBold
 72
1
 11
6366843.615455806
 21
6174515.678670041
 31
0.0
100
AcDbText
 73
2
  0
TEXT
  5
201E8
330
1F
100
AcDbEntity
  8
tejido
 62
8
100
AcDbText
 10
6366844.725102419
 20
6174526.828020042
 30
0.0
 40
0.375
  1
0.0
  7
ArialBold
 72
1
 11
6366844.725102419
 21
6174526.828020042
 31
0.0
100
AcDbText
 73
2
  0
TEXT
  5
201E9
330
1F
100
AcDbEntity
  8
tejido
 62
8
100
AcDbText
 10
6366858.42668457
 20
6174515.186659943
 30
0.0
 40
0.375
  1
13.1
  7
ArialBold
 72
1
 11
6366858.42668457
 21
6174515.186659943
 31
0.0
100
AcDbText
 73
2
  0
TEXT
  5
201EA
330
1F
100
AcDbEntity
  8
tejido
 62
8
100
AcDbText
 10
6366853.718994395
 20
6174525.785542255
 30
0.0
 40
0.375
  1
5.2
  7
ArialBold
 72
1
 11
6366853.718994395
 21
6174525.785542255
 31
0.0
100
AcDbText
 73
2
  0
TEXT
  5
201EB
330
1F
100
AcDbEntity
  8
tejido
 62
8
100
AcDbText
 10
6366841.642516013
 20
6174557.121755545
 30
0.0
 40
0.375
  1
5.6
  7
ArialBold
 72
1
 11
6366841.642516013
 21
6174557.121755545
 31
0.0
100
AcDbText
 73
2
  0
ENDSEC
  0
SECTION
  2
OBJECTS
  0
DICTIONARY
  5
C
330
0
100
AcDbDictionary
281
1
  3
ACAD_GROUP
350
D
  3
ACAD_LAYOUT
350
1A
  3
ACAD_MLEADERSTYLE
350
43
  3
ACAD_PLOTSETTINGS
350
19
  3
ACAD_PLOTSTYLENAME
350
E
  3
ACAD_TABLESTYLE
350
42
  3
ACAD_COLOR
350
2011C
  3
ACAD_MATERIAL
350
2011D
  3
ACAD_MLINESTYLE
350
2011E
  3
ACAD_SCALELIST
350
2011F
  3
ACAD_VISUALSTYLE
350
20120
  3
EZDXF_META
350
201EE
  0
DICTIONARY
  5
D
102
{ACAD_REACTORS
330
C
102
}
330
C
100
AcDbDictionary
281
1
  0
DICTIONARY
  5
1A
102
{ACAD_REACTORS
330
C
102
}
330
C
100
AcDbDictionary
281
1
  3
Layout1
350
1E
  3
Model
350
22
  0
DICTIONARY
  5
43
102
{ACAD_REACTORS
330
C
102
}
330
C
100
AcDbDictionary
281
1
  3
Standard
350
20126
  0
DICTIONARY
  5
19
102
{ACAD_REACTORS
330
C
102
}
330
C
100
AcDbDictionary
281
1
  0
ACDBDICTIONARYWDFLT
  5
E
102
{ACAD_REACTORS
330
C
102
}
330
C
100
AcDbDictionary
281
1
  3
Normal
350
F
100
AcDbDictionaryWithDefault
340
F
  0
DICTIONARY
  5
42
102
{ACAD_REACTORS
330
C
102
}
330
C
100
AcDbDictionary
281
1
  0
LAYOUT
  5
1E
102
{ACAD_REACTORS
330
1A
102
}
330
1A
100
AcDbPlotSettings
  1

  2
none_device
  4

  6

 40
0.0
 41
0.0
 42
0.0
 43
0.0
 44
0.0
 45
0.0
 46
0.0
 47
0.0
 48
0.0
 49
0.0
140
0.0
141
0.0
142
1.0
143
1.0
 70
688
 72
0
 73
0
 74
5
  7

 75
16
 76
0
 77
2
 78
300
147
1.0
148
0.0
149
0.0
100
AcDbLayout
  1
Layout1
 70
1
 71
1
 10
0.0
 20
0.0
 11
12.0
 21
9.0
 12
0.0
 22
0.0
 32
0.0
 14
1e+20
 24
1e+20
 34
1e+20
 15
-1e+20
 25
-1e+20
 35
-1e+20
146
0.0
 13
0.0
 23
0.0
 33
0.0
 16
1.0
 26
0.0
 36
0.0
 17
0.0
 27
1.0
 37
0.0
 76
0
330
1B
  0
LAYOUT
  5
22
102
{ACAD_REACTORS
330
1A
102
}
330
1A
100
AcDbPlotSettings
  1

  2
none_device
  4

  6

 40
0.0
 41
0.0
 42
0.0
 43
0.0
 44
0.0
 45
0.0
 46
0.0
 47
0.0
 48
0.0
 49
0.0
140
0.0
141
0.0
142
1.0
143
1.0
 70
1712
 72
0
 73
0
 74
0
  7

 75
0
 76
0
 77
2
 78
300
147
1.0
148
0.0
149
0.0
100
AcDbLayout
  1
Model
 70
1
 71
0
 10
0.0
 20
0.0
 11
12.0
 21
9.0
 12
0.0
 22
0.0
 32
0.0
 14
30.0
 24
49.75
 34
0.0
 15
130.5
 25
163.1318914119703
 35
0.0
146
0.0
 13
0.0
 23
0.0
 33
0.0
 16
1.0
 26
0.0
 36
0.0
 17
0.0
 27
1.0
 37
0.0
 76
0
330
1F
331
29
  0
ACDBPLACEHOLDER
  5
F
102
{ACAD_REACTORS
330
E
102
}
330
E
  0
DICTIONARY
  5
2011C
330
C
100
AcDbDictionary
281
1
  0
DICTIONARY
  5
2011D
330
C
100
AcDbDictionary
281
1
  3
ByBlock
350
20121
  3
ByLayer
350
20122
  3
Global
350
20123
  0
DICTIONARY
  5
2011E
330
C
100
AcDbDictionary
281
1
  3
Standard
350
20124
  0
DICTIONARY
  5
2011F
330
C
100
AcDbDictionary
281
1
  0
DICTIONARY
  5
20120
330
C
100
AcDbDictionary
281
1
  0
MATERIAL
  5
20121
102
{ACAD_REACTORS
330
2011D
102
}
330
2011D
100
AcDbMaterial
  1
ByBlock
  2

 70
0
 40
1.0
 71
1
 41
1.0
 91
-1023410177
 42
1.0
 72
1
  3

 73
1
 74
1
 75
1
 44
0.5
 73
0
 45
1.0
 46
1.0
 77
1
  4

 78
1
 79
1
170
1
 48
1.0
171
1
  6

172
1
173
1
174
1
140
1.0
141
1.0
175
1
  7

176
1
177
1
178
1
143
1.0
179
1
  8

270
1
271
1
272
1
145
1.0
146
1.0
273
1
  9

274
1
275
1
276
1
 42
1.0
 72
1
  3

 73
1
 74
1
 75
1
 94
63
  0
MATERIAL
  5
20122
102
{ACAD_REACTORS
330
2011D
102
}
330
2011D
100
AcDbMaterial
  1
ByLayer
  2

 70
0
 40
1.0
 71
1
 41
1.0
 91
-1023410177
 42
1.0
 72
1
  3

 73
1
 74
1
 75
1
 44
0.5
 73
0
 45
1.0
 46
1.0
 77
1
  4

 78
1
 79
1
170
1
 48
1.0
171
1
  6

172
1
173
1
174
1
140
1.0
141
1.0
175
1
  7

176
1
177
1
178
1
143
1.0
179
1
  8

270
1
271
1
272
1
145
1.0
146
1.0
273
1
  9

274
1
275
1
276
1
 42
1.0
 72
1
  3

 73
1
 74
1
 75
1
 94
63
  0
MATERIAL
  5
20123
102
{ACAD_REACTORS
330
2011D
102
}
330
2011D
100
AcDbMaterial
  1
Global
  2

 70
0
 40
1.0
 71
1
 41
1.0
 91
-1023410177
 42
1.0
 72
1
  3

 73
1
 74
1
 75
1
 44
0.5
 73
0
 45
1.0
 46
1.0
 77
1
  4

 78
1
 79
1
170
1
 48
1.0
171
1
  6

172
1
173
1
174
1
140
1.0
141
1.0
175
1
  7

176
1
177
1
178
1
143
1.0
179
1
  8

270
1
271
1
272
1
145
1.0
146
1.0
273
1
  9

274
1
275
1
276
1
 42
1.0
 72
1
  3

 73
1
 74
1
 75
1
 94
63
  0
MLINESTYLE
  5
20124
102
{ACAD_REACTORS
330
2011E
102
}
330
2011E
100
AcDbMlineStyle
  2
Standard
 70
0
  3

 62
256
 51
90.0
 52
90.0
 71
2
 49
0.5
 62
256
  6
BYLAYER
 49
-0.5
 62
256
  6
BYLAYER
  0
MLEADERSTYLE
  5
20126
102
{ACAD_REACTORS
330
43
102
}
330
43
100
AcDbMLeaderStyle
179
2
170
2
171
1
172
0
 90
2
 40
0.0
 41
0.0
173
1
 91
-1056964608
 92
-2
290
1
 42
2.0
291
1
 43
8.0
  3
Standard
 44
4.0
300

342
11
174
1
175
1
176
0
178
1
 93
-1056964608
 45
4.0
292
0
297
0
 46
4.0
 94
-1056964608
 47
1.0
 49
1.0
140
1.0
294
1
141
0.0
177
0
142
1.0
295
0
296
0
143
3.75
271
0
272
9
273
9
  0
DICTIONARY
  5
201EE
330
C
100
AcDbDictionary
280
1
281
1
  3
WRITTEN_BY_EZDXF
350
201EF
  0
DICTIONARYVAR
  5
201EF
330
201EE
100
DictionaryVariables
280
0
  1
1.4.4 @ 2026-07-21T05:30:34.457438+00:00
  0
ENDSEC
  0
EOF
