  0
SECTION
  2
HEADER
  9
$ACADVER
  1
AC1018
  9
$ACADMAINTVER
 70
0
  9
$DWGCODEPAGE
  3
ANSI_1252
  9
$EXTMIN
 10
30.0
 20
49.75
 30
0.0
  9
$EXTMAX
 10
130.5
 20
163.1318914119703
 30
0.0
  9
$LIMMIN
 10
0.0
 20
0.0
  9
$LIMMAX
 10
12.0
 20
9.0
  9
$ORTHOMODE
 70
0
  9
$REGENMODE
 70
1
  9
$FILLMODE
 70
1
  9
$QTEXTMODE
 70
0
  9
$MIRRTEXT
 70
1
  9
$LTSCALE
 40
1.0
  9
$ATTMODE
 70
1
  9
$TEXTSIZE
 40
0.2
  9
$TRACEWID
 40
0.05
  9
$TEXTSTYLE
  7
Standard
  9
$CLAYER
  8
0
  9
$CELTYPE
  6
ByLayer
  9
$CECOLOR
 62
256
  9
$CELTSCALE
 40
1.0
  9
$DISPSILH
 70
0
  9
$LUNITS
 70
2
  9
$LUPREC
 70
4
  9
$SKETCHINC
 40
0.1
  9
$FILLETRAD
 40
0.5
  9
$AUNITS
 70
0
  9
$AUPREC
 70
0
  9
$MENU
  1
.
  9
$ELEVATION
 40
0.0
  9
$PELEVATION
 40
0.0
  9
$THICKNESS
 40
0.0
  9
$LIMCHECK
 70
0
  9
$CHAMFERA
 40
0.5
  9
$CHAMFERB
 40
0.5
  9
$CHAMFERC
 40
1.0
  9
$CHAMFERD
 40
0.0
  9
$SKPOLY
 70
0
  9
$TDCREATE
 40
2461252.6407060185
  9
$TDUPDATE
 40
2461252.6407175926
  9
$ANGBASE
 50
0.0
  9
$ANGDIR
 70
0
  9
$PDMODE
 70
0
  9
$PDSIZE
 40
0.0
  9
$PLINEWID
 40
0.0
  9
$SPLFRAME
 70
0
  9
$SPLINETYPE
 70
6
  9
$SPLINESEGS
 70
8
  9
$HANDSEED
  5
201DE
  9
$SURFTAB1
 70
6
  9
$SURFTAB2
 70
6
  9
$SURFTYPE
 70
6
  9
$SURFU
 70
6
  9
$SURFV
 70
6
  9
$UCSBASE
  2

  9
$UCSNAME
  2

  9
$UCSORG
 10
0.0
 20
0.0
 30
0.0
  9
$UCSXDIR
 10
1.0
 20
0.0
 30
0.0
  9
$UCSYDIR
 10
0.0
 20
1.0
 30
0.0
  9
$UCSORTHOREF
  2

  9
$UCSORTHOVIEW
 70
0
  9
$UCSORGTOP
 10
0.0
 20
0.0
 30
0.0
  9
$UCSORGBOTTOM
 10
0.0
 20
0.0
 30
0.0
  9
$UCSORGLEFT
 10
0.0
 20
0.0
 30
0.0
  9
$UCSORGRIGHT
 10
0.0
 20
0.0
 30
0.0
  9
$UCSORGFRONT
 10
0.0
 20
0.0
 30
0.0
  9
$UCSORGBACK
 10
0.0
 20
0.0
 30
0.0
  9
$PUCSBASE
  2

  9
$PUCSNAME
  2

  9
$PUCSORG
 10
0.0
 20
0.0
 30
0.0
  9
$PUCSXDIR
 10
1.0
 20
0.0
 30
0.0
  9
$PUCSYDIR
 10
0.0
 20
1.0
 30
0.0
  9
$PUCSORTHOREF
  2

  9
$PUCSORTHOVIEW
 70
0
  9
$PUCSORGTOP
 10
0.0
 20
0.0
 30
0.0
  9
$PUCSORGBOTTOM
 10
0.0
 20
0.0
 30
0.0
  9
$PUCSORGLEFT
 10
0.0
 20
0.0
 30
0.0
  9
$PUCSORGRIGHT
 10
0.0
 20
0.0
 30
0.0
  9
$PUCSORGFRONT
 10
0.0
 20
0.0
 30
0.0
  9
$PUCSORGBACK
 10
0.0
 20
0.0
 30
0.0
  9
$WORLDVIEW
 70
1
  9
$SHADEDGE
 70
3
  9
$SHADEDIF
 70
70
  9
$TILEMODE
 70
1
  9
$MAXACTVP
 70
64
  9
$PINSBASE
 10
0.0
 20
0.0
 30
0.0
  9
$PLIMCHECK
 70
0
  9
$PEXTMIN
 10
1e+20
 20
1e+20
 30
1e+20
  9
$PEXTMAX
 10
-1e+20
 20
-1e+20
 30
-1e+20
  9
$PLIMMIN
 10
0.0
 20
0.0
  9
$PLIMMAX
 10
12.0
 20
9.0
  9
$UNITMODE
 70
0
  9
$VISRETAIN
 70
1
  9
$PLINEGEN
 70
0
  9
$PSLTSCALE
 70
1
  9
$TREEDEPTH
 70
3020
  9
$CMLSTYLE
  2
Standard
  9
$CMLJUST
 70
0
  9
$CMLSCALE
 40
1.0
  9
$PROXYGRAPHICS
 70
1
  9
$MEASUREMENT
 70
0
  9
$CELWEIGHT
370
-1
  9
$ENDCAPS
280
0
  9
$JOINSTYLE
280
0
  9
$LWDISPLAY
290
0
  9
$INSUNITS
 70
6
  9
$HYPERLINKBASE
  1

  9
$STYLESHEET
  1

  9
$XEDIT
290
1
  9
$CEPSNTYPE
380
0
  9
$PSTYLEMODE
290
1
  9
$FINGERPRINTGUID
  2
{65F7F5AE-225B-417B-BF86-BC63256EE387}
  9
$VERSIONGUID
  2
{0B7DAB3F-812A-466F-861A-B08770F19801}
  9
$EXTNAMES
290
1
  9
$PSVPSCALE
 40
0.0
  9
$OLESTARTUP
290
0
  9
$SORTENTS
280
127
  9
$INDEXCTL
280
0
  9
$HIDETEXT
280
1
  9
$XCLIPFRAME
290
0
  9
$HALOGAP
280
0
  9
$OBSCOLOR
 70
257
  9
$OBSLTYPE
280
0
  9
$INTERSECTIONDISPLAY
280
0
  9
$INTERSECTIONCOLOR
 70
257
  9
$DIMASSOC
280
2
  9
$PROJECTNAME
  1

  0
ENDSEC
  0
SECTION
  2
CLASSES
  0
CLASS
  1
ACDBDICTIONARYWDFLT
  2
AcDbDictionaryWithDefault
  3
ObjectDBX Classes
 90
0
 91
4
280
0
281
0
  0
CLASS
  1
SUN
  2
AcDbSun
  3
SCENEOE
 90
1153
 91
0
280
0
281
0
  0
CLASS
  1
VISUALSTYLE
  2
AcDbVisualStyle
  3
ObjectDBX Classes
 90
4095
 91
0
280
0
281
0
  0
CLASS
  1
MATERIAL
  2
AcDbMaterial
  3
ObjectDBX Classes
 90
1153
 91
0
280
0
281
0
  0
CLASS
  1
SCALE
  2
AcDbScale
  3
ObjectDBX Classes
 90
1153
 91
0
280
0
281
0
  0
CLASS
  1
TABLESTYLE
  2
AcDbTableStyle
  3
ObjectDBX Classes
 90
4095
 91
0
280
0
281
0
  0
CLASS
  1
MLEADERSTYLE
  2
AcDbMLeaderStyle
  3
ACDB_MLEADERSTYLE_CLASS
 90
4095
 91
0
280
0
281
0
  0
CLASS
  1
DICTIONARYVAR
  2
AcDbDictionaryVar
  3
ObjectDBX Classes
 90
0
 91
0
280
0
281
0
  0
CLASS
  1
CELLSTYLEMAP
  2
AcDbCellStyleMap
  3
ObjectDBX Classes
 90
1152
 91
0
280
0
281
0
  0
CLASS
  1
MENTALRAYRENDERSETTINGS
  2
AcDbMentalRayRenderSettings
  3
SCENEOE
 90
1024
 91
0
280
0
281
0
  0
CLASS
  1
ACDBDETAILVIEWSTYLE
  2
AcDbDetailViewStyle
  3
ObjectDBX Classes
 90
1025
 91
0
280
0
281
0
  0
CLASS
  1
ACDBSECTIONVIEWSTYLE
  2
AcDbSectionViewStyle
  3
ObjectDBX Classes
 90
1025
 91
0
280
0
281
0
  0
CLASS
  1
RASTERVARIABLES
  2
AcDbRasterVariables
  3
ISM
 90
0
 91
0
280
0
281
0
  0
CLASS
  1
ACDBPLACEHOLDER
  2
AcDbPlaceHolder
  3
ObjectDBX Classes
 90
0
 91
0
280
0
281
0
  0
CLASS
  1
LAYOUT
  2
AcDbLayout
  3
ObjectDBX Classes
 90
0
 91
0
280
0
281
0
  0
ENDSEC
  0
SECTION
  2
TABLES
  0
TABLE
  2
VPORT
  5
8
330
0
100
AcDbSymbolTable
 70
1
  0
VPORT
  5
29
330
8
100
AcDbSymbolTableRecord
100
AcDbViewportTableRecord
  2
*Active
 70
0
 10
0.0
 20
0.0
 11
1.0
 21
1.0
 12
80.25
 22
106.4409457059851
 13
0.0
 23
0.0
 14
0.5
 24
0.5
 15
0.5
 25
0.5
 16
0.0
 26
0.0
 36
1.0
 17
0.0
 27
0.0
 37
0.0
 40
113.3818914119703
 41
0.8863849310366128
 42
50.0
 43
0.0
 44
0.0
 50
0.0
 51
0.0
 71
0
 72
1000
 73
1
 74
3
 75
0
 76
0
 77
0
 78
0
281
0
 65
1
110
0.0
120
0.0
130
0.0
111
1.0
121
0.0
131
0.0
112
0.0
122
1.0
132
0.0
 79
0
146
0.0
  0
ENDTAB
  0
TABLE
  2
LTYPE
  5
5
330
0
100
AcDbSymbolTable
 70
4
  0
LTYPE
  5
14
330
5
100
AcDbSymbolTableRecord
100
AcDbLinetypeTableRecord
  2
ByBlock
 70
0
  3

 72
65
 73
0
 40
0.0
  0
LTYPE
  5
15
330
5
100
AcDbSymbolTableRecord
100
AcDbLinetypeTableRecord
  2
ByLayer
 70
0
  3

 72
65
 73
0
 40
0.0
  0
LTYPE
  5
16
330
5
100
AcDbSymbolTableRecord
100
AcDbLinetypeTableRecord
  2
Continuous
 70
0
  3
Solid line
 72
65
 73
0
 40
0.0
  0
LTYPE
  5
20100
330
5
100
AcDbSymbolTableRecord
100
AcDbLinetypeTableRecord
  2
DASHED
 70
0
  3
Dashed line - - -
 72
65
 73
2
 40
10.0
 49
5.0
 74
0
 49
-5.0
 74
0
  0
ENDTAB
  0
TABLE
  2
LAYER
  5
2
330
0
100
AcDbSymbolTable
 70
15
  0
LAYER
  5
10
330
2
100
AcDbSymbolTableRecord
100
AcDbLayerTableRecord
  2
0
 70
0
 62
7
  6
Continuous
370
-3
390
F
  0
LAYER
  5
200EA
330
2
100
AcDbSymbolTableRecord
100
AcDbLayerTableRecord
  2
manzanas
 70
0
 62
250
420
4210752
  6
Continuous
370
-3
390
F
  0
LAYER
  5
200EB
330
2
100
AcDbSymbolTableRecord
100
AcDbLayerTableRecord
  2
parcelas
 70
0
 62
252
420
6316128
  6
Continuous
370
-3
390
F
  0
LAYER
  5
200EC
330
2
100
AcDbSymbolTableRecord
100
AcDbLayerTableRecord
  2
lfi
 70
0
 62
141
420
3504561
  6
Continuous
370
-3
390
F
  0
LAYER
  5
200ED
330
2
100
AcDbSymbolTableRecord
100
AcDbLayerTableRecord
  2
lib
 70
0
 62
2
420
16765702
  6
Continuous
370
-3
390
F
  0
LAYER
  5
200EE
330
2
100
AcDbSymbolTableRecord
100
AcDbLayerTableRecord
  2
Tronera SI
 70
0
 62
141
420
3504561
  6
Continuous
370
-3
390
F
  0
LAYER
  5
200EF
330
2
100
AcDbSymbolTableRecord
100
AcDbLayerTableRecord
  2
Irregular
 70
0
 62
1
420
14948892
  6
Continuous
370
-3
390
F
  0
LAYER
  5
200F0
330
2
100
AcDbSymbolTableRecord
100
AcDbLayerTableRecord
  2
banda_minima
 70
0
 62
1
420
14948892
  6
Continuous
370
-3
390
F
  0
LAYER
  5
200F1
330
2
100
AcDbSymbolTableRecord
100
AcDbLayerTableRecord
  2
ldf
 70
0
 62
7
  6
Continuous
370
-3
390
F
  0
LAYER
  5
200F2
330
2
100
AcDbSymbolTableRecord
100
AcDbLayerTableRecord
  2
tejido
 70
0
 62
8
420
8421504
  6
Continuous
370
-3
390
F
  0
LAYER
  5
200F3
330
2
100
AcDbSymbolTableRecord
100
AcDbLayerTableRecord
  2
mdr_tejidoconsolidado
 70
0
 62
9
420
12632256
  6
Continuous
370
-3
390
F
1001
AcCmTransparency
1071
33554585
  0
LAYER
  5
200F4
330
2
100
AcDbSymbolTableRecord
100
AcDbLayerTableRecord
  2
mdr_tejidoparairregular
 70
0
 62
8
420
8421504
  6
Continuous
370
-3
390
F
1001
AcCmTransparency
1071
33554585
  0
LAYER
  5
200FE
330
2
100
AcDbSymbolTableRecord
100
AcDbLayerTableRecord
  2
Defpoints
 70
0
 62
7
  6
Continuous
290
0
370
-3
390
F
  0
LAYER
  5
201AA
330
2
100
AcDbSymbolTableRecord
100
AcDbLayerTableRecord
  2
parcelas_etiquetas
 70
0
 62
252
420
6316128
  6
Continuous
370
-3
390
F
  0
LAYER
  5
201D5
330
2
100
AcDbSymbolTableRecord
100
AcDbLayerTableRecord
  2
calles_etiquetas
 70
0
 62
7
420
2631720
  6
Continuous
370
-3
390
F
  0
ENDTAB
  0
TABLE
  2
STYLE
  5
3
330
0
100
AcDbSymbolTable
 70
2
  0
STYLE
  5
11
330
3
100
AcDbSymbolTableRecord
100
AcDbTextStyleTableRecord
  2
Standard
 70
0
 40
0.0
 41
1.0
 50
0.0
 71
0
 42
0.2
  3
arial.ttf
  4

  0
STYLE
  5
20111
330
3
100
AcDbSymbolTableRecord
100
AcDbTextStyleTableRecord
  2
ARIAL
 70
0
 40
0.0
 41
1.0
 50
0.0
 71
0
 42
2.5
  3
arial.ttf
  4

1001
ACAD
1000
Arial
1071
33554466
  0
ENDTAB
  0
TABLE
  2
VIEW
  5
6
330
0
100
AcDbSymbolTable
 70
0
  0
ENDTAB
  0
TABLE
  2
UCS
  5
7
330
0
100
AcDbSymbolTable
 70
0
  0
ENDTAB
  0
TABLE
  2
APPID
  5
9
330
0
100
AcDbSymbolTable
 70
4
  0
APPID
  5
12
330
9
100
AcDbSymbolTableRecord
100
AcDbRegAppTableRecord
  2
ACAD
 70
0
  0
APPID
  5
20101
330
9
100
AcDbSymbolTableRecord
100
AcDbRegAppTableRecord
  2
AcCmTransparency
 70
0
  0
APPID
  5
201DA
330
9
100
AcDbSymbolTableRecord
100
AcDbRegAppTableRecord
  2
HATCHBACKGROUNDCOLOR
 70
0
  0
APPID
  5
201DB
330
9
100
AcDbSymbolTableRecord
100
AcDbRegAppTableRecord
  2
EZDXF
 70
0
  0
ENDTAB
  0
TABLE
  2
DIMSTYLE
  5
A
330
0
100
AcDbSymbolTable
 70
1
100
AcDbDimStyleTable
  0
DIMSTYLE
105
27
330
A
100
AcDbSymbolTableRecord
100
AcDbDimStyleTableRecord
  2
Standard
 70
0
  3

  4

 40
1.0
 41
2.5
 42
0.625
 43
3.75
 44
1.25
 45
0.0
 46
0.0
 47
0.0
 48
0.0
140
2.5
141
2.5
142
0.0
143
0.03937007874
144
1.0
145
0.0
146
1.0
147
0.625
148
0.0
 71
0
 72
0
 73
0
 74
0
 75
0
 76
0
 77
1
 78
8
 79
3
170
0
171
3
172
1
173
0
174
0
175
0
176
0
177
0
178
0
179
2
271
2
272
2
273
2
274
3
275
0
276
0
277
2
278
44
279
0
280
0
281
0
282
0
283
0
284
8
285
0
286
0
288
0
289
3
340
11
371
-2
372
-2
  0
ENDTAB
  0
TABLE
  2
BLOCK_RECORD
  5
1
330
0
100
AcDbSymbolTable
 70
2
  0
BLOCK_RECORD
  5
1F
330
1
100
AcDbSymbolTableRecord
100
AcDbBlockTableRecord
  2
*Model_Space
340
22
  0
BLOCK_RECORD
  5
1B
330
1
100
AcDbSymbolTableRecord
100
AcDbBlockTableRecord
  2
*Paper_Space
340
1E
  0
ENDTAB
  0
ENDSEC
  0
SECTION
  2
BLOCKS
  0
BLOCK
  5
20
330
1F
100
AcDbEntity
  8
0
100
AcDbBlockBegin
  2
*Model_Space
 70
0
 10
0.0
 20
0.0
 30
0.0
  3
*Model_Space
  1

  0
ENDBLK
  5
21
330
1F
100
AcDbEntity
  8
0
100
AcDbBlockEnd
  0
BLOCK
  5
1C
330
1B
100
AcDbEntity
 67
1
  8
0
100
AcDbBlockBegin
  2
*Paper_Space
 70
0
 10
0.0
 20
0.0
 30
0.0
  3
*Paper_Space
  1

  0
ENDBLK
  5
1D
330
1B
100
AcDbEntity
 67
1
  8
0
100
AcDbBlockEnd
  0
ENDSEC
  0
SECTION
  2
ENTITIES
  0
LWPOLYLINE
  5
20000
330
1F
100
AcDbEntity
  8
manzanas
100
AcDbPolyline
 90
5
 70
1
 10
6366559.90908267
 20
6174686.67389051
 10
6366630.71581474
 20
6174739.62229927
 10
6366701.15977976
 20
6174654.94407059
 10
6366647.92879608
 20
6174615.12340889
 10
6366559.90908267
 20
6174686.67389051
  0
LWPOLYLINE
  5
20001
330
1F
100
AcDbEntity
  8
parcelas
100
AcDbPolyline
 90
23
 70
1
 10
6366625.45767526
 20
6174669.23270222
 10
6366640.87902838
 20
6174680.60172043
 10
6366643.84831034
 20
6174678.30097581
 10
6366646.41449033
 20
6174676.34350477
 10
6366649.39133853
 20
6174674.07287957
 10
6366645.35793187
 20
6174671.04148502
 10
6366643.01414642
 20
6174669.3169832
 10
6366638.89468641
 20
6174666.28734286
 10
6366636.10648587
 20
6174664.23629907
 10
6366632.83822832
 20
6174661.83318888
 10
6366627.58251741
 20
6174657.96682178
 10
6366625.28425904
 20
6174656.27599001
 10
6366621.6349417
 20
6174653.59227012
 10
6366619.41783787
 20
6174651.96163309
 10
6366611.58770521
 20
6174646.20236878
 10
6366610.75530202
 20
6174645.59011528
 10
6366602.54167709
 20
6174652.21631336
 10
6366603.936843
 20
6174653.2718606
 10
6366613.06111583
 20
6174660.08620884
 10
6366613.82806205
 20
6174660.6595017
 10
6366617.40405203
 20
6174663.29514405
 10
6366622.24097437
 20
6174666.86134894
 10
6366625.45767526
 20
6174669.23270222
  0
LWPOLYLINE
  5
20002
330
1F
100
AcDbEntity
  8
parcelas
100
AcDbPolyline
 90
33
 70
1
 10
6366660.8050836
 20
6174703.76179593
 10
6366664.72345891
 20
6174699.05901749
 10
6366661.63328054
 20
6174696.79253112
 10
6366661.32050429
 20
6174696.5629271
 10
6366660.42373118
 20
6174695.90572707
 10
6366660.18023851
 20
6174695.72714294
 10
6366658.76778101
 20
6174694.69135208
 10
6366657.55724601
 20
6174693.8035334
 10
6366656.90595132
 20
6174693.32594658
 10
6366655.11043384
 20
6174692.00951727
 10
6366654.39481266
 20
6174691.48398333
 10
6366653.65839191
 20
6174690.94414353
 10
6366653.45745502
 20
6174690.79718593
 10
6366646.79999805
 20
6174685.91519032
 10
6366645.90125368
 20
6174685.25596102
 10
6366643.26044741
 20
6174683.31908902
 10
6366640.38383761
 20
6174687.16367624
 10
6366638.13661349
 20
6174690.16710559
 10
6366635.93529281
 20
6174693.10917987
 10
6366638.4296615
 20
6174694.93489509
 10
6366638.91368999
 20
6174695.28901957
 10
6366639.39771849
 20
6174695.64314405
 10
6366642.04452555
 20
6174697.58010289
 10
6366643.91926991
 20
6174698.95169746
 10
6366646.13944659
 20
6174700.57737691
 10
6366648.83970925
 20
6174702.55312238
 10
6366653.23059293
 20
6174705.7667525
 10
6366653.90762983
 20
6174706.26271805
 10
6366654.43818558
 20
6174706.65052722
 10
6366655.28053197
 20
6174707.2669258
 10
6366655.68537713
 20
6174707.56288466
 10
6366656.8979124
 20
6174708.45073226
 10
6366660.8050836
 20
6174703.76179593
  0
LWPOLYLINE
  5
20003
330
1F
100
AcDbEntity
  8
parcelas
100
AcDbPolyline
 90
64
 70
1
 10
6366643.26044741
 20
6174683.31908902
 10
6366649.88809319
 20
6174674.44619459
 10
6366649.39133853
 20
6174674.07287957
 10
6366646.41449033
 20
6174676.34350477
 10
6366643.84831034
 20
6174678.30097581
 10
6366640.87902838
 20
6174680.60172043
 10
6366640.2336098
 20
6174681.09953485
 10
6366636.27711808
 20
6174684.15222652
 10
6366627.27362371
 20
6174691.09708951
 10
6366624.17196479
 20
6174693.48994717
 10
6366621.09962791
 20
6174695.86122252
 10
6366618.01618835
 20
6174698.23933935
 10
6366617.8502861
 20
6174698.36697815
 10
6366616.8710193
 20
6174699.12304161
 10
6366613.87304371
 20
6174695.18734892
 10
6366604.91171759
 20
6174688.5874311
 10
6366602.43741138
 20
6174691.93668437
 10
6366600.21820472
 20
6174694.9395197
 10
6366600.09984433
 20
6174695.0998576
 10
6366600.02432907
 20
6174695.20279738
 10
6366599.92230374
 20
6174695.34036446
 10
6366599.80392886
 20
6174695.50170249
 10
6366598.90196353
 20
6174696.72203602
 10
6366598.70913145
 20
6174696.98232784
 10
6366598.19894686
 20
6174697.67416374
 10
6366596.65314506
 20
6174699.76645606
 10
6366595.55833318
 20
6174701.24808156
 10
6366595.04917768
 20
6174701.93793174
 10
6366594.42677827
 20
6174702.78019134
 10
6366592.61773115
 20
6174705.22878697
 10
6366590.80971313
 20
6174707.6753969
 10
6366590.59135662
 20
6174707.97133065
 10
6366589.94241818
 20
6174708.85021783
 10
6366589.6995808
 20
6174709.17880766
 10
6366611.79845679
 20
6174725.56415478
 10
6366612.27288391
 20
6174724.92381774
 10
6366612.62996525
 20
6174724.44283298
 10
6366612.69220373
 20
6174724.35870703
 10
6366612.91664783
 20
6174724.05685953
 10
6366613.46860491
 20
6174723.31261157
 10
6366613.82570074
 20
6174722.8306267
 10
6366616.29674539
 20
6174719.4993319
 10
6366616.43244093
 20
6174719.31623766
 10
6366617.82200859
 20
6174717.44375408
 10
6366618.77290653
 20
6174716.16010867
 10
6366618.99327773
 20
6174715.8632038
 10
6366621.02968212
 20
6174713.11880498
 10
6366621.12253254
 20
6174712.99310887
 10
6366621.21232467
 20
6174712.87136976
 10
6366622.15300414
 20
6174711.60258122
 10
6366622.22544661
 20
6174711.50459856
 10
6366622.28562691
 20
6174711.4244441
 10
6366622.40398729
 20
6174711.26410619
 10
6366623.35484177
 20
6174709.98346117
 10
6366623.89353659
 20
6174709.25702698
 10
6366625.41268323
 20
6174707.20936325
 10
6366626.96244182
 20
6174705.12012939
 10
6366627.10322488
 20
6174704.93110691
 10
6366628.63667739
 20
6174702.86264366
 10
6366632.29465992
 20
6174697.97403349
 10
6366635.93529281
 20
6174693.10917987
 10
6366638.13661349
 20
6174690.16710559
 10
6366640.38383761
 20
6174687.16367624
 10
6366643.26044741
 20
6174683.31908902
  0
LWPOLYLINE
  5
20004
330
1F
100
AcDbEntity
  8
parcelas
100
AcDbPolyline
 90
34
 70
1
 10
6366565.02129225
 20
6174683.16597988
 10
6366563.67936493
 20
6174684.65002754
 10
6366563.77750983
 20
6174689.95917126
 10
6366566.22698984
 20
6174691.77623404
 10
6366568.48744734
 20
6174693.45251371
 10
6366573.66058487
 20
6174697.28767499
 10
6366589.6995808
 20
6174709.17880766
 10
6366589.94241818
 20
6174708.85021783
 10
6366590.59135662
 20
6174707.97133065
 10
6366590.80971313
 20
6174707.6753969
 10
6366592.61773115
 20
6174705.22878697
 10
6366594.42677827
 20
6174702.78019134
 10
6366595.04917768
 20
6174701.93793174
 10
6366595.55833318
 20
6174701.24808156
 10
6366596.65314506
 20
6174699.76645606
 10
6366598.19894686
 20
6174697.67416374
 10
6366598.70913145
 20
6174696.98232784
 10
6366598.90196353
 20
6174696.72203602
 10
6366599.80392886
 20
6174695.50170249
 10
6366599.92230374
 20
6174695.34036446
 10
6366600.02432907
 20
6174695.20279738
 10
6366600.09984433
 20
6174695.0998576
 10
6366600.21820472
 20
6174694.9395197
 10
6366602.43741138
 20
6174691.93668437
 10
6366604.91171759
 20
6174688.5874311
 10
6366601.6048897
 20
6174686.15375245
 10
6366601.32478394
 20
6174685.94762911
 10
6366593.56004921
 20
6174680.23132637
 10
6366589.16548323
 20
6174676.99563478
 10
6366588.98731712
 20
6174676.86501221
 10
6366580.16945702
 20
6174670.37420638
 10
6366566.69871953
 20
6174681.30967017
 10
6366566.3164754
 20
6174681.7322716
 10
6366565.02129225
 20
6174683.16597988
  0
LWPOLYLINE
  5
20005
330
1F
100
AcDbEntity
  8
parcelas
100
AcDbPolyline
 90
22
 70
1
 10
6366601.32478394
 20
6174685.94762911
 10
6366601.6048897
 20
6174686.15375245
 10
6366604.91171759
 20
6174688.5874311
 10
6366613.87304371
 20
6174695.18734892
 10
6366616.8710193
 20
6174699.12304161
 10
6366617.8502861
 20
6174698.36697815
 10
6366618.01618835
 20
6174698.23933935
 10
6366621.09962791
 20
6174695.86122252
 10
6366624.17196479
 20
6174693.48994717
 10
6366627.27362371
 20
6174691.09708951
 10
6366623.84989814
 20
6174688.58469263
 10
6366613.25308843
 20
6174680.80770807
 10
6366612.44541275
 20
6174680.21481906
 10
6366608.9910023
 20
6174677.67997027
 10
6366608.20609744
 20
6174677.1034163
 10
6366604.15286218
 20
6174674.12875262
 10
6366589.12867088
 20
6174663.10259565
 10
6366580.16945702
 20
6174670.37420638
 10
6366588.98731712
 20
6174676.86501221
 10
6366589.16548323
 20
6174676.99563478
 10
6366593.56004921
 20
6174680.23132637
 10
6366601.32478394
 20
6174685.94762911
  0
LWPOLYLINE
  5
20006
330
1F
100
AcDbEntity
  8
parcelas
100
AcDbPolyline
 90
21
 70
1
 10
6366640.87902838
 20
6174680.60172043
 10
6366625.45767526
 20
6174669.23270222
 10
6366622.24097437
 20
6174666.86134894
 10
6366617.40405203
 20
6174663.29514405
 10
6366613.82806205
 20
6174660.6595017
 10
6366613.06111583
 20
6174660.08620884
 10
6366603.936843
 20
6174653.2718606
 10
6366602.54167709
 20
6174652.21631336
 10
6366598.71951909
 20
6174655.31796636
 10
6366592.33945756
 20
6174660.49624917
 10
6366589.12867088
 20
6174663.10259565
 10
6366604.15286218
 20
6174674.12875262
 10
6366608.20609744
 20
6174677.1034163
 10
6366608.9910023
 20
6174677.67997027
 10
6366612.44541275
 20
6174680.21481906
 10
6366613.25308843
 20
6174680.80770807
 10
6366623.84989814
 20
6174688.58469263
 10
6366627.27362371
 20
6174691.09708951
 10
6366636.27711808
 20
6174684.15222652
 10
6366640.2336098
 20
6174681.09953485
 10
6366640.87902838
 20
6174680.60172043
  0
LWPOLYLINE
  5
20007
330
1F
100
AcDbEntity
  8
parcelas
100
AcDbPolyline
 90
28
 70
1
 10
6366651.44775487
 20
6174663.24915237
 10
6366648.82769041
 20
6174661.33058653
 10
6366644.17945777
 20
6174657.92816756
 10
6366641.81377128
 20
6174656.1963461
 10
6366638.63543764
 20
6174653.8695629
 10
6366637.71687937
 20
6174653.19704223
 10
6366635.91341899
 20
6174651.87649624
 10
6366635.60062826
 20
6174651.64789226
 10
6366633.37153766
 20
6174650.01608131
 10
6366625.17873933
 20
6174644.01848776
 10
6366620.94920838
 20
6174640.92223123
 10
6366619.42091106
 20
6174639.80373556
 10
6366619.25461596
 20
6174639.68228787
 10
6366618.58649318
 20
6174639.1924532
 10
6366610.75530202
 20
6174645.59011528
 10
6366611.58770521
 20
6174646.20236878
 10
6366619.41783787
 20
6174651.96163309
 10
6366621.6349417
 20
6174653.59227012
 10
6366625.28425904
 20
6174656.27599001
 10
6366627.58251741
 20
6174657.96682178
 10
6366632.83822832
 20
6174661.83318888
 10
6366636.10648587
 20
6174664.23629907
 10
6366638.89468641
 20
6174666.28734286
 10
6366643.01414642
 20
6174669.3169832
 10
6366645.35793187
 20
6174671.04148502
 10
6366646.61641352
 20
6174669.37917157
 10
6366648.99691378
 20
6174666.35966735
 10
6366651.44775487
 20
6174663.24915237
  0
LWPOLYLINE
  5
20008
330
1F
100
AcDbEntity
  8
parcelas
100
AcDbPolyline
 90
38
 70
1
 10
6366648.82769041
 20
6174661.33058653
 10
6366651.44775487
 20
6174663.24915237
 10
6366651.95933117
 20
6174662.59935043
 10
6366652.97738178
 20
6174661.30667492
 10
6366653.64791707
 20
6174660.45610997
 10
6366657.26662188
 20
6174655.86202735
 10
6366654.32556263
 20
6174653.65972084
 10
6366650.0574328
 20
6174650.46587411
 10
6366649.44982444
 20
6174650.01092719
 10
6366643.39053991
 20
6174645.47570583
 10
6366642.93434082
 20
6174645.13398832
 10
6366641.89328969
 20
6174644.35465906
 10
6366641.28765257
 20
6174643.90174132
 10
6366641.09270189
 20
6174643.75587073
 10
6366639.89925586
 20
6174642.86229742
 10
6366636.24270579
 20
6174640.12545553
 10
6366635.44114685
 20
6174639.52465247
 10
6366632.20319718
 20
6174637.10097426
 10
6366628.82076658
 20
6174634.56916855
 10
6366627.97663737
 20
6174633.93773902
 10
6366627.12063717
 20
6174633.29713459
 10
6366626.70697936
 20
6174632.98804372
 10
6366626.45958766
 20
6174632.80240076
 10
6366624.77524371
 20
6174634.16945103
 10
6366620.22326672
 20
6174637.86372637
 10
6366618.58649318
 20
6174639.1924532
 10
6366619.25461596
 20
6174639.68228787
 10
6366619.42091106
 20
6174639.80373556
 10
6366620.94920838
 20
6174640.92223123
 10
6366625.17873933
 20
6174644.01848776
 10
6366633.37153766
 20
6174650.01608131
 10
6366635.60062826
 20
6174651.64789226
 10
6366635.91341899
 20
6174651.87649624
 10
6366637.71687937
 20
6174653.19704223
 10
6366638.63543764
 20
6174653.8695629
 10
6366641.81377128
 20
6174656.1963461
 10
6366644.17945777
 20
6174657.92816756
 10
6366648.82769041
 20
6174661.33058653
  0
LWPOLYLINE
  5
20009
330
1F
100
AcDbEntity
  8
parcelas
100
AcDbPolyline
 90
38
 70
1
 10
6366657.80180572
 20
6174639.91060791
 10
6366660.45756699
 20
6174636.4649523
 10
6366657.56067232
 20
6174634.25228186
 10
6366655.60764333
 20
6174632.76051426
 10
6366653.70112709
 20
6174631.30343149
 10
6366653.54183282
 20
6174631.18208523
 10
6366652.25565111
 20
6174630.19913992
 10
6366651.52549194
 20
6174629.64138484
 10
6366650.38474779
 20
6174628.7695818
 10
6366647.72234468
 20
6174626.73536501
 10
6366646.92787353
 20
6174626.12866267
 10
6366642.54890425
 20
6174622.78316111
 10
6366640.61863154
 20
6174621.30872855
 10
6366640.07506475
 20
6174621.74999955
 10
6366638.0091138
 20
6174623.42662354
 10
6366636.83897112
 20
6174624.37698539
 10
6366634.77302016
 20
6174626.05360942
 10
6366634.22945337
 20
6174626.49488044
 10
6366634.47685955
 20
6174626.67952328
 10
6366635.7603887
 20
6174627.63842245
 10
6366636.66984447
 20
6174628.31781361
 10
6366638.00384338
 20
6174629.31445591
 10
6366639.42788197
 20
6174630.37942433
 10
6366640.66391272
 20
6174631.30262402
 10
6366641.68915034
 20
6174632.06872003
 10
6366642.00483998
 20
6174632.30436829
 10
6366642.76387209
 20
6174632.87154458
 10
6366642.98752182
 20
6174633.03883774
 10
6366649.32401294
 20
6174637.77313844
 10
6366649.70304342
 20
6174638.05571922
 10
6366651.2418927
 20
6174639.20537771
 10
6366652.17113341
 20
6174639.90006028
 10
6366652.8420826
 20
6174640.40193973
 10
6366654.08305595
 20
6174641.32921224
 10
6366655.38935588
 20
6174642.30444635
 10
6366655.74957254
 20
6174642.57375034
 10
6366657.01476532
 20
6174640.93154078
 10
6366657.80180572
 20
6174639.91060791
  0
LWPOLYLINE
  5
2000A
330
1F
100
AcDbEntity
  8
parcelas
100
AcDbPolyline
 90
22
 70
1
 10
6366660.45756699
 20
6174636.4649523
 10
6366661.79002784
 20
6174634.73668908
 10
6366662.28957384
 20
6174634.08871358
 10
6366666.20849875
 20
6174629.00281985
 10
6366663.58468048
 20
6174627.06719391
 10
6366657.52444033
 20
6174622.59797984
 10
6366655.91411898
 20
6174621.41027388
 10
6366650.79810665
 20
6174617.63695967
 10
6366644.94807754
 20
6174617.92233077
 10
6366644.78191367
 20
6174617.92992681
 10
6366640.61863154
 20
6174621.30872855
 10
6366642.54890425
 20
6174622.78316111
 10
6366646.92787353
 20
6174626.12866267
 10
6366647.72234468
 20
6174626.73536501
 10
6366650.38474779
 20
6174628.7695818
 10
6366651.52549194
 20
6174629.64138484
 10
6366652.25565111
 20
6174630.19913992
 10
6366653.54183282
 20
6174631.18208523
 10
6366653.70112709
 20
6174631.30343149
 10
6366655.60764333
 20
6174632.76051426
 10
6366657.56067232
 20
6174634.25228186
 10
6366660.45756699
 20
6174636.4649523
  0
LWPOLYLINE
  5
2000B
330
1F
100
AcDbEntity
  8
parcelas
100
AcDbPolyline
 90
14
 70
1
 10
6366673.83060509
 20
6174634.62102521
 10
6366666.20849875
 20
6174629.00281985
 10
6366662.28957384
 20
6174634.08871358
 10
6366661.79002784
 20
6174634.73668908
 10
6366660.45756699
 20
6174636.4649523
 10
6366657.80180572
 20
6174639.91060791
 10
6366657.01476532
 20
6174640.93154078
 10
6366655.74957254
 20
6174642.57375034
 10
6366663.25579652
 20
6174648.18127387
 10
6366663.98048247
 20
6174647.25246784
 10
6366666.16474432
 20
6174644.45219307
 10
6366671.44249539
 20
6174637.68243231
 10
6366672.56978949
 20
6174636.23728964
 10
6366673.83060509
 20
6174634.62102521
  0
LWPOLYLINE
  5
2000C
330
1F
100
AcDbEntity
  8
parcelas
100
AcDbPolyline
 90
45
 70
1
 10
6366683.90796001
 20
6174644.69623174
 10
6366684.35347121
 20
6174644.11849649
 10
6366685.20880865
 20
6174643.00952428
 10
6366684.76737952
 20
6174642.68402597
 10
6366677.80149601
 20
6174637.54848094
 10
6366674.26906285
 20
6174634.94447985
 10
6366673.83060509
 20
6174634.62102521
 10
6366672.56978949
 20
6174636.23728964
 10
6366671.44249539
 20
6174637.68243231
 10
6366666.16474432
 20
6174644.45219307
 10
6366663.98048247
 20
6174647.25246784
 10
6366663.25579652
 20
6174648.18127387
 10
6366661.06743282
 20
6174650.98849154
 10
6366660.26324564
 20
6174652.01917926
 10
6366657.26662188
 20
6174655.86202735
 10
6366653.64791707
 20
6174660.45610997
 10
6366652.97738178
 20
6174661.30667492
 10
6366651.95933117
 20
6174662.59935043
 10
6366651.44775487
 20
6174663.24915237
 10
6366648.99691378
 20
6174666.35966735
 10
6366646.61641352
 20
6174669.37917157
 10
6366645.35793187
 20
6174671.04148502
 10
6366649.39133853
 20
6174674.07287957
 10
6366649.88809319
 20
6174674.44619459
 10
6366650.89445911
 20
6174675.20301412
 10
6366653.2911496
 20
6174677.00430691
 10
6366656.97425374
 20
6174679.77254293
 10
6366658.615979
 20
6174677.61862032
 10
6366661.49463286
 20
6174673.84008444
 10
6366662.19215628
 20
6174672.92188841
 10
6366662.68571599
 20
6174672.2728258
 10
6366664.36016935
 20
6174670.06936119
 10
6366664.9659149
 20
6174669.27187517
 10
6366665.69199208
 20
6174668.3160805
 10
6366668.05206934
 20
6174665.25626766
 10
6366669.01954912
 20
6174664.00187225
 10
6366670.93105691
 20
6174661.52375176
 10
6366672.14931702
 20
6174659.94488304
 10
6366672.33078561
 20
6174659.70943478
 10
6366673.52153553
 20
6174658.16517889
 10
6366674.62155117
 20
6174656.73864714
 10
6366678.13263505
 20
6174652.18501941
 10
6366680.6517438
 20
6174648.91944325
 10
6366682.78959457
 20
6174646.14650536
 10
6366683.90796001
 20
6174644.69623174
  0
LWPOLYLINE
  5
2000D
330
1F
100
AcDbEntity
  8
parcelas
100
AcDbPolyline
 90
18
 70
1
 10
6366690.5772564
 20
6174646.96555264
 10
6366685.20880865
 20
6174643.00952428
 10
6366684.35347121
 20
6174644.11849649
 10
6366683.90796001
 20
6174644.69623174
 10
6366682.78959457
 20
6174646.14650536
 10
6366680.6517438
 20
6174648.91944325
 10
6366678.13263505
 20
6174652.18501941
 10
6366674.62155117
 20
6174656.73864714
 10
6366676.21961038
 20
6174657.94418103
 10
6366678.18179977
 20
6174659.42507751
 10
6366679.78777296
 20
6174660.63672796
 10
6366681.57515188
 20
6174658.37187904
 10
6366681.76673751
 20
6174658.12857477
 10
6366682.88663949
 20
6174656.71033374
 10
6366684.77897164
 20
6174654.31296187
 10
6366689.27085627
 20
6174648.62116962
 10
6366689.83336551
 20
6174647.9080849
 10
6366690.5772564
 20
6174646.96555264
  0
LWPOLYLINE
  5
2000E
330
1F
100
AcDbEntity
  8
parcelas
100
AcDbPolyline
 90
26
 70
1
 10
6366670.84100432
 20
6174680.99775847
 10
6366671.07052435
 20
6174681.17413954
 10
6366676.29328982
 20
6174685.17407186
 10
6366678.8648111
 20
6174682.08831272
 10
6366680.14751344
 20
6174680.54939015
 10
6366680.78785726
 20
6174679.78041445
 10
6366679.8320626
 20
6174679.05433734
 10
6366675.34595017
 20
6174675.64726532
 10
6366674.86309573
 20
6174675.28115396
 10
6366674.46535284
 20
6174674.9782957
 10
6366673.83210373
 20
6174674.49796931
 10
6366672.47359458
 20
6174673.46696123
 10
6366669.45087328
 20
6174671.17044183
 10
6366668.74242683
 20
6174670.63300791
 10
6366668.65437289
 20
6174670.56571091
 10
6366665.69199208
 20
6174668.3160805
 10
6366664.9659149
 20
6174669.27187517
 10
6366664.36016935
 20
6174670.06936119
 10
6366662.68571599
 20
6174672.2728258
 10
6366662.19215628
 20
6174672.92188841
 10
6366661.49463286
 20
6174673.84008444
 10
6366662.56906488
 20
6174674.66291107
 10
6366664.35088531
 20
6174676.02715758
 10
6366664.69912959
 20
6174676.29428744
 10
6366668.22220039
 20
6174678.99218297
 10
6366670.84100432
 20
6174680.99775847
  0
LWPOLYLINE
  5
2000F
330
1F
100
AcDbEntity
  8
parcelas
100
AcDbPolyline
 90
24
 70
1
 10
6366670.15722348
 20
6174689.39157611
 10
6366670.88873054
 20
6174689.92534276
 10
6366671.78751832
 20
6174690.58157164
 10
6366674.37125827
 20
6174687.48098456
 10
6366675.6519459
 20
6174685.94303309
 10
6366676.29328982
 20
6174685.17407186
 10
6366671.07052435
 20
6174681.17413954
 10
6366670.84100432
 20
6174680.99775847
 10
6366668.22220039
 20
6174678.99218297
 10
6366664.69912959
 20
6174676.29428744
 10
6366664.35088531
 20
6174676.02715758
 10
6366662.56906488
 20
6174674.66291107
 10
6366661.49463286
 20
6174673.84008444
 10
6366658.615979
 20
6174677.61862032
 10
6366656.97425374
 20
6174679.77254293
 10
6366659.77852847
 20
6174681.81881768
 10
6366660.54764871
 20
6174682.38013801
 10
6366661.65233049
 20
6174683.18639732
 10
6366663.50337617
 20
6174684.53664177
 10
6366664.09530147
 20
6174684.96935427
 10
6366665.7117541
 20
6174686.14814576
 10
6366666.34032142
 20
6174686.60639718
 10
6366668.73082239
 20
6174688.35158196
 10
6366670.15722348
 20
6174689.39157611
  0
LWPOLYLINE
  5
20010
330
1F
100
AcDbEntity
  8
parcelas
100
AcDbPolyline
 90
47
 70
1
 10
6366641.19288634
 20
6174727.29740271
 10
6366643.1352678
 20
6174724.96677651
 10
6366643.54247073
 20
6174724.4785153
 10
6366649.08458468
 20
6174717.82761967
 10
6366647.46818979
 20
6174716.64482782
 10
6366646.16458567
 20
6174715.69063987
 10
6366641.88059855
 20
6174712.55558336
 10
6366641.3777707
 20
6174712.18718203
 10
6366638.77550506
 20
6174710.28287895
 10
6366637.51644245
 20
6174709.36134657
 10
6366636.70973792
 20
6174708.7704724
 10
6366634.61724296
 20
6174707.23867247
 10
6366632.20402874
 20
6174705.47315212
 10
6366631.72198597
 20
6174705.12005674
 10
6366631.23795745
 20
6174704.76593227
 10
6366628.63667739
 20
6174702.86264366
 10
6366627.10322488
 20
6174704.93110691
 10
6366626.96244182
 20
6174705.12012939
 10
6366625.41268323
 20
6174707.20936325
 10
6366623.89353659
 20
6174709.25702698
 10
6366623.35484177
 20
6174709.98346117
 10
6366622.40398729
 20
6174711.26410619
 10
6366622.28562691
 20
6174711.4244441
 10
6366622.22544661
 20
6174711.50459856
 10
6366622.15300414
 20
6174711.60258122
 10
6366621.21232467
 20
6174712.87136976
 10
6366621.12253254
 20
6174712.99310887
 10
6366621.02968212
 20
6174713.11880498
 10
6366618.99327773
 20
6174715.8632038
 10
6366618.77290653
 20
6174716.16010867
 10
6366617.82200859
 20
6174717.44375408
 10
6366616.43244093
 20
6174719.31623766
 10
6366616.29674539
 20
6174719.4993319
 10
6366613.82570074
 20
6174722.8306267
 10
6366613.46860491
 20
6174723.31261157
 10
6366612.91664783
 20
6174724.05685953
 10
6366612.69220373
 20
6174724.35870703
 10
6366612.62996525
 20
6174724.44283298
 10
6366612.27288391
 20
6174724.92381774
 10
6366611.79845679
 20
6174725.56415478
 10
6366623.87964769
 20
6174734.52201722
 10
6366627.55834615
 20
6174737.24917567
 10
6366633.52105218
 20
6174736.50528537
 10
6366635.4817689
 20
6174734.15191722
 10
6366636.98233502
 20
6174732.35106437
 10
6366639.67499953
 20
6174729.12001172
 10
6366641.19288634
 20
6174727.29740271
  0
LWPOLYLINE
  5
20011
330
1F
100
AcDbEntity
  8
parcelas
100
AcDbPolyline
 90
33
 70
1
 10
6366651.00865985
 20
6174715.5177352
 10
6366653.01925152
 20
6174713.10507038
 10
6366656.44795127
 20
6174708.99039087
 10
6366656.8979124
 20
6174708.45073226
 10
6366655.68537713
 20
6174707.56288466
 10
6366655.28053197
 20
6174707.2669258
 10
6366654.43818558
 20
6174706.65052722
 10
6366653.90762983
 20
6174706.26271805
 10
6366653.23059293
 20
6174705.7667525
 10
6366648.83970925
 20
6174702.55312238
 10
6366646.13944659
 20
6174700.57737691
 10
6366643.91926991
 20
6174698.95169746
 10
6366642.04452555
 20
6174697.58010289
 10
6366639.39771849
 20
6174695.64314405
 10
6366638.91368999
 20
6174695.28901957
 10
6366638.4296615
 20
6174694.93489509
 10
6366635.93529281
 20
6174693.10917987
 10
6366632.29465992
 20
6174697.97403349
 10
6366628.63667739
 20
6174702.86264366
 10
6366631.23795745
 20
6174704.76593227
 10
6366631.72198597
 20
6174705.12005674
 10
6366632.20402874
 20
6174705.47315212
 10
6366634.61724296
 20
6174707.23867247
 10
6366636.70973792
 20
6174708.7704724
 10
6366637.51644245
 20
6174709.36134657
 10
6366638.77550506
 20
6174710.28287895
 10
6366641.3777707
 20
6174712.18718203
 10
6366641.88059855
 20
6174712.55558336
 10
6366646.16458567
 20
6174715.69063987
 10
6366647.46818979
 20
6174716.64482782
 10
6366649.08458468
 20
6174717.82761967
 10
6366649.33807553
 20
6174717.52319201
 10
6366651.00865985
 20
6174715.5177352
  0
LWPOLYLINE
  5
20012
330
1F
100
AcDbEntity
  8
parcelas
100
AcDbPolyline
 90
42
 70
1
 10
6366654.32556263
 20
6174653.65972084
 10
6366657.26662188
 20
6174655.86202735
 10
6366660.26324564
 20
6174652.01917926
 10
6366661.06743282
 20
6174650.98849154
 10
6366663.25579652
 20
6174648.18127387
 10
6366655.74957254
 20
6174642.57375034
 10
6366655.38935588
 20
6174642.30444635
 10
6366654.08305595
 20
6174641.32921224
 10
6366652.8420826
 20
6174640.40193973
 10
6366652.17113341
 20
6174639.90006028
 10
6366651.2418927
 20
6174639.20537771
 10
6366649.70304342
 20
6174638.05571922
 10
6366649.32401294
 20
6174637.77313844
 10
6366642.98752182
 20
6174633.03883774
 10
6366642.76387209
 20
6174632.87154458
 10
6366642.00483998
 20
6174632.30436829
 10
6366641.68915034
 20
6174632.06872003
 10
6366640.66391272
 20
6174631.30262402
 10
6366639.42788197
 20
6174630.37942433
 10
6366638.00384338
 20
6174629.31445591
 10
6366636.66984447
 20
6174628.31781361
 10
6366635.7603887
 20
6174627.63842245
 10
6366634.47685955
 20
6174626.67952328
 10
6366634.22945337
 20
6174626.49488044
 10
6366632.62911863
 20
6174627.7941253
 10
6366626.45958766
 20
6174632.80240076
 10
6366626.70697936
 20
6174632.98804372
 10
6366627.12063717
 20
6174633.29713459
 10
6366627.97663737
 20
6174633.93773902
 10
6366628.82076658
 20
6174634.56916855
 10
6366632.20319718
 20
6174637.10097426
 10
6366635.44114685
 20
6174639.52465247
 10
6366636.24270579
 20
6174640.12545553
 10
6366639.89925586
 20
6174642.86229742
 10
6366641.09270189
 20
6174643.75587073
 10
6366641.28765257
 20
6174643.90174132
 10
6366641.89328969
 20
6174644.35465906
 10
6366642.93434082
 20
6174645.13398832
 10
6366643.39053991
 20
6174645.47570583
 10
6366649.44982444
 20
6174650.01092719
 10
6366650.0574328
 20
6174650.46587411
 10
6366654.32556263
 20
6174653.65972084
  0
LWPOLYLINE
  5
20013
330
1F
100
AcDbEntity
  8
parcelas
100
AcDbPolyline
 90
29
 70
1
 10
6366692.45951091
 20
6174665.77190485
 10
6366693.5233493
 20
6174664.49489768
 10
6366698.66439176
 20
6174658.32335118
 10
6366698.15171374
 20
6174654.077551
 10
6366697.94992711
 20
6174652.40108556
 10
6366697.38675893
 20
6174651.98579516
 10
6366696.74342184
 20
6174651.51132456
 10
6366696.2168667
 20
6174651.12357331
 10
6366695.28748121
 20
6174650.43889202
 10
6366694.52141942
 20
6174649.87361468
 10
6366693.08033562
 20
6174648.81140058
 10
6366692.34891561
 20
6174648.27163319
 10
6366690.5772564
 20
6174646.96555264
 10
6366689.83336551
 20
6174647.9080849
 10
6366689.27085627
 20
6174648.62116962
 10
6366684.77897164
 20
6174654.31296187
 10
6366682.88663949
 20
6174656.71033374
 10
6366681.76673751
 20
6174658.12857477
 10
6366681.57515188
 20
6174658.37187904
 10
6366679.78777296
 20
6174660.63672796
 10
6366683.77449244
 20
6174663.64543885
 10
6366684.44635478
 20
6174664.15333337
 10
6366685.38046562
 20
6174664.85708926
 10
6366686.40460164
 20
6174665.63017135
 10
6366688.3578769
 20
6174667.10493664
 10
6366689.2118188
 20
6174667.74951232
 10
6366690.19439916
 20
6174668.49098235
 10
6366690.32267375
 20
6174668.33679007
 10
6366692.45951091
 20
6174665.77190485
  0
LWPOLYLINE
  5
20014
330
1F
100
AcDbEntity
  8
parcelas
100
AcDbPolyline
 90
29
 70
1
 10
6366680.78785726
 20
6174679.78041445
 10
6366690.19439916
 20
6174668.49098235
 10
6366689.2118188
 20
6174667.74951232
 10
6366688.3578769
 20
6174667.10493664
 10
6366686.40460164
 20
6174665.63017135
 10
6366685.38046562
 20
6174664.85708926
 10
6366684.44635478
 20
6174664.15333337
 10
6366683.77449244
 20
6174663.64543885
 10
6366679.78777296
 20
6174660.63672796
 10
6366678.18179977
 20
6174659.42507751
 10
6366676.21961038
 20
6174657.94418103
 10
6366674.62155117
 20
6174656.73864714
 10
6366673.52153553
 20
6174658.16517889
 10
6366672.33078561
 20
6174659.70943478
 10
6366672.14931702
 20
6174659.94488304
 10
6366670.93105691
 20
6174661.52375176
 10
6366669.01954912
 20
6174664.00187225
 10
6366668.05206934
 20
6174665.25626766
 10
6366665.69199208
 20
6174668.3160805
 10
6366668.65437289
 20
6174670.56571091
 10
6366668.74242683
 20
6174670.63300791
 10
6366669.45087328
 20
6174671.17044183
 10
6366672.47359458
 20
6174673.46696123
 10
6366673.83210373
 20
6174674.49796931
 10
6366674.46535284
 20
6174674.9782957
 10
6366674.86309573
 20
6174675.28115396
 10
6366675.34595017
 20
6174675.64726532
 10
6366679.8320626
 20
6174679.05433734
 10
6366680.78785726
 20
6174679.78041445
  0
LWPOLYLINE
  5
20015
330
1F
100
AcDbEntity
  8
parcelas
100
AcDbPolyline
 90
35
 70
1
 10
6366649.88809319
 20
6174674.44619459
 10
6366643.26044741
 20
6174683.31908902
 10
6366645.90125368
 20
6174685.25596102
 10
6366646.79999805
 20
6174685.91519032
 10
6366653.45745502
 20
6174690.79718593
 10
6366653.65839191
 20
6174690.94414353
 10
6366654.39481266
 20
6174691.48398333
 10
6366655.11043384
 20
6174692.00951727
 10
6366656.90595132
 20
6174693.32594658
 10
6366657.55724601
 20
6174693.8035334
 10
6366658.76778101
 20
6174694.69135208
 10
6366660.18023851
 20
6174695.72714294
 10
6366660.42373118
 20
6174695.90572707
 10
6366661.32050429
 20
6174696.5629271
 10
6366661.63328054
 20
6174696.79253112
 10
6366664.72345891
 20
6174699.05901749
 10
6366666.93460829
 20
6174696.4051792
 10
6366668.02286954
 20
6174695.09951623
 10
6366668.52170546
 20
6174694.50054624
 10
6366671.53708575
 20
6174690.88204226
 10
6366671.78751832
 20
6174690.58157164
 10
6366670.88873054
 20
6174689.92534276
 10
6366670.15722348
 20
6174689.39157611
 10
6366668.73082239
 20
6174688.35158196
 10
6366666.34032142
 20
6174686.60639718
 10
6366665.7117541
 20
6174686.14814576
 10
6366664.09530147
 20
6174684.96935427
 10
6366663.50337617
 20
6174684.53664177
 10
6366661.65233049
 20
6174683.18639732
 10
6366660.54764871
 20
6174682.38013801
 10
6366659.77852847
 20
6174681.81881768
 10
6366656.97425374
 20
6174679.77254293
 10
6366653.2911496
 20
6174677.00430691
 10
6366650.89445911
 20
6174675.20301412
 10
6366649.88809319
 20
6174674.44619459
  0
LWPOLYLINE
  5
20016
330
1F
100
AcDbEntity
  8
lfi
100
AcDbPolyline
 90
5
 70
1
 10
6366597.41872549
 20
6174680.38240391
 10
6366632.82209153
 20
6174706.85660829
 10
6366668.04407404
 20
6174664.51749395
 10
6366641.4285822
 20
6174644.6071631
 10
6366597.41872549
 20
6174680.38240391
  0
LWPOLYLINE
  5
20017
330
1F
100
AcDbEntity
  8
lib
100
AcDbPolyline
 90
5
 70
1
 10
6366609.92193977
 20
6174678.28524171
 10
6366633.52418379
 20
6174695.9347113
 10
6366657.00550546
 20
6174667.70863507
 10
6366639.26184424
 20
6174654.43508117
 10
6366609.92193977
 20
6174678.28524171
  0
LWPOLYLINE
  5
20018
330
1F
100
AcDbEntity
  8
Tronera SI
100
AcDbPolyline
 90
7
 70
1
 10
6366611.38610052
 20
6174669.02844272
 10
6366609.63368403
 20
6174666.87266132
 10
6366587.92390426
 20
6174684.52035793
 10
6366606.44422833
 20
6174698.3696299
 10
6366611.83401816
 20
6174691.16198357
 10
6366597.41872549
 20
6174680.38240391
 10
6366611.38610052
 20
6174669.02844272
  0
LWPOLYLINE
  5
20019
330
1F
100
AcDbEntity
  8
Irregular
100
AcDbPolyline
 90
7
 70
1
 10
6366625.6144452
 20
6174701.46681847
 10
6366620.22465537
 20
6174708.6744648
 10
6366629.73342425
 20
6174715.78500594
 10
6366641.14216296
 20
6174702.07095982
 10
6366638.57790346
 20
6174699.93774791
 10
6366632.82209153
 20
6174706.85660829
 10
6366625.6144452
 20
6174701.46681847
  0
LWPOLYLINE
  5
2001A
330
1F
100
AcDbEntity
  8
Irregular
100
AcDbPolyline
 90
7
 70
1
 10
6366662.28826211
 20
6174671.43635434
 10
6366664.8525216
 20
6174673.56956625
 10
6366676.48205173
 20
6174659.59011448
 10
6366666.22852171
 20
6174651.91972551
 10
6366660.83741365
 20
6174659.12638589
 10
6366668.04407404
 20
6174664.51749395
 10
6366662.28826211
 20
6174671.43635434
  0
LWPOLYLINE
  5
2001B
330
1F
100
AcDbEntity
  8
Irregular
100
AcDbPolyline
 90
7
 70
1
 10
6366648.63524258
 20
6174649.99827116
 10
6366654.02635064
 20
6174642.79161078
 10
6366646.33535396
 20
6174637.03818381
 10
6366632.69247819
 20
6174648.1283623
 10
6366634.44489468
 20
6174650.2841437
 10
6366641.4285822
 20
6174644.6071631
 10
6366648.63524258
 20
6174649.99827116
  0
LWPOLYLINE
  5
2001C
330
1F
100
AcDbEntity
  8
banda_minima
  6
DASHED
 62
1
 48
5.0
100
AcDbPolyline
 90
5
 70
1
 10
6366663.58014178
 20
6174675.43703966
 10
6366676.29328982
 20
6174685.17407186
 10
6366680.78785726
 20
6174679.78041445
 10
6366668.03300477
 20
6174670.09384429
 10
6366663.58014178
 20
6174675.43703966
  0
LWPOLYLINE
  5
2001D
330
1F
100
AcDbEntity
  8
banda_minima
  6
DASHED
 62
1
 48
5.0
100
AcDbPolyline
 90
5
 70
1
 10
6366658.83577397
 20
6174681.13089123
 10
6366671.78751832
 20
6174690.58157164
 10
6366676.29328982
 20
6174685.17407186
 10
6366663.57992823
 20
6174675.43687615
 10
6366658.83577397
 20
6174681.13089123
  0
LWPOLYLINE
  5
2001E
330
1F
100
AcDbEntity
  8
banda_minima
  6
DASHED
 62
1
 48
5.0
100
AcDbPolyline
 90
5
 70
1
 10
6366615.76755263
 20
6174662.08898096
 10
6366602.54167709
 20
6174652.21631336
 10
6366589.12867088
 20
6174663.10259565
 10
6366602.46161383
 20
6174672.88755638
 10
6366615.76755263
 20
6174662.08898096
  0
LWPOLYLINE
  5
2001F
330
1F
100
AcDbEntity
  8
banda_minima
  6
DASHED
 62
1
 48
5.0
100
AcDbPolyline
 90
8
 70
1
 10
6366633.52105218
 20
6174736.50528537
 10
6366649.08458468
 20
6174717.82761967
 10
6366636.14774586
 20
6174708.35906907
 10
6366628.24612638
 20
6174717.8412096
 10
6366621.32978586
 20
6174712.7129381
 10
6366611.79845679
 20
6174725.56415478
 10
6366627.55834615
 20
6174737.24917567
 10
6366633.52105218
 20
6174736.50528537
  0
LWPOLYLINE
  5
20020
330
1F
100
AcDbEntity
  8
banda_minima
  6
DASHED
 62
1
 48
5.0
100
AcDbPolyline
 90
5
 70
1
 10
6366649.08458468
 20
6174717.82761967
 10
6366656.8979124
 20
6174708.45073226
 10
6366643.96084198
 20
6174698.98213776
 10
6366636.14803754
 20
6174708.35928259
 10
6366649.08458468
 20
6174717.82761967
  0
LWPOLYLINE
  5
20021
330
1F
100
AcDbEntity
  8
banda_minima
  6
DASHED
 62
1
 48
5.0
100
AcDbPolyline
 90
5
 70
1
 10
6366639.66776152
 20
6174642.68902935
 10
6366626.45958766
 20
6174632.80240076
 10
6366618.58649318
 20
6174639.1924532
 10
6366631.93533632
 20
6174648.96470039
 10
6366639.66776152
 20
6174642.68902935
  0
LWPOLYLINE
  5
20022
330
1F
100
AcDbEntity
  8
banda_minima
  6
DASHED
 62
1
 48
5.0
100
AcDbPolyline
 90
5
 70
1
 10
6366675.43580726
 20
6174655.68261452
 10
6366685.20880865
 20
6174643.00952428
 10
6366673.83060509
 20
6174634.62102521
 10
6366663.98807665
 20
6174647.24273193
 10
6366675.43580726
 20
6174655.68261452
  0
LWPOLYLINE
  5
20023
330
1F
100
AcDbEntity
  8
banda_minima
  6
DASHED
 62
1
 48
5.0
100
AcDbPolyline
 90
6
 70
1
 10
6366690.19439916
 20
6174668.49098235
 10
6366698.66439176
 20
6174658.32335118
 10
6366697.94992711
 20
6174652.40108556
 10
6366690.5772564
 20
6174646.96555264
 10
6366679.78777296
 20
6174660.63672796
 10
6366690.19439916
 20
6174668.49098235
  0
LWPOLYLINE
  5
20024
330
1F
100
AcDbEntity
  8
banda_minima
  6
DASHED
 62
1
 48
5.0
100
AcDbPolyline
 90
5
 70
1
 10
6366664.72345891
 20
6174699.05901749
 10
6366651.79624149
 20
6174689.57899748
 10
6366643.96101519
 20
6174698.98226459
 10
6366656.8979124
 20
6174708.45073226
 10
6366664.72345891
 20
6174699.05901749
  0
LWPOLYLINE
  5
20025
330
1F
100
AcDbEntity
  8
banda_minima
  6
DASHED
 62
1
 48
5.0
100
AcDbPolyline
 90
5
 70
1
 10
6366631.92431491
 20
6174648.95663209
 10
6366618.58649318
 20
6174639.1924532
 10
6366610.75530202
 20
6174645.59011528
 10
6366624.06366449
 20
6174655.3783608
 10
6366631.92431491
 20
6174648.95663209
  0
LWPOLYLINE
  5
20026
330
1F
100
AcDbEntity
  8
banda_minima
  6
DASHED
 62
1
 48
5.0
100
AcDbPolyline
 90
5
 70
1
 10
6366647.4485589
 20
6174636.37189551
 10
6366634.22945337
 20
6174626.49488044
 10
6366626.45958766
 20
6174632.80240076
 10
6366639.66745327
 20
6174642.68879862
 10
6366647.4485589
 20
6174636.37189551
  0
LWPOLYLINE
  5
20027
330
1F
100
AcDbEntity
  8
banda_minima
  6
DASHED
 62
1
 48
5.0
100
AcDbPolyline
 90
5
 70
1
 10
6366624.08501656
 20
6174655.39406318
 10
6366610.75530202
 20
6174645.59011528
 10
6366602.54167709
 20
6174652.21631336
 10
6366615.77730187
 20
6174662.09616652
 10
6366624.08501656
 20
6174655.39406318
  0
LWPOLYLINE
  5
20028
330
1F
100
AcDbEntity
  8
banda_minima
  6
DASHED
 62
1
 48
5.0
100
AcDbPolyline
 90
5
 70
1
 10
6366685.20880865
 20
6174643.00952428
 10
6366675.43574267
 20
6174655.6826983
 10
6366680.6595145
 20
6174659.53211446
 10
6366690.5772564
 20
6174646.96555264
 10
6366685.20880865
 20
6174643.00952428
  0
LWPOLYLINE
  5
20029
330
1F
100
AcDbEntity
  8
banda_minima
  6
DASHED
 62
1
 48
5.0
100
AcDbPolyline
 90
5
 70
1
 10
6366666.20849875
 20
6174629.00281985
 10
6366656.43915201
 20
6174641.678682
 10
6366663.98797082
 20
6174647.2428676
 10
6366673.83060509
 20
6174634.62102521
 10
6366666.20849875
 20
6174629.00281985
  0
LWPOLYLINE
  5
2002A
330
1F
100
AcDbEntity
  8
banda_minima
  6
DASHED
 62
1
 48
5.0
100
AcDbPolyline
 90
5
 70
1
 10
6366651.79624864
 20
6174689.57900273
 10
6366664.72345891
 20
6174699.05901749
 10
6366671.78751832
 20
6174690.58157164
 10
6366658.83573912
 20
6174681.13086581
 10
6366651.79624864
 20
6174689.57900273
  0
LWPOLYLINE
  5
2002B
330
1F
100
AcDbEntity
  8
banda_minima
  6
DASHED
 62
1
 48
5.0
100
AcDbPolyline
 90
6
 70
1
 10
6366660.45756699
 20
6174636.4649523
 10
6366666.20849875
 20
6174629.00281985
 10
6366650.79810665
 20
6174617.63695967
 10
6366644.78191367
 20
6174617.92992681
 10
6366640.61863154
 20
6174621.30872855
 10
6366660.45756699
 20
6174636.4649523
  0
LWPOLYLINE
  5
2002C
330
1F
100
AcDbEntity
  8
banda_minima
  6
DASHED
 62
1
 48
5.0
100
AcDbPolyline
 90
5
 70
1
 10
6366690.19439916
 20
6174668.49098235
 10
6366677.40844371
 20
6174658.84141302
 10
6366668.0328374
 20
6174670.09371719
 10
6366680.78785726
 20
6174679.78041445
 10
6366690.19439916
 20
6174668.49098235
  0
LWPOLYLINE
  5
2002D
330
1F
100
AcDbEntity
  8
banda_minima
  6
DASHED
 62
1
 48
5.0
100
AcDbPolyline
 90
5
 70
1
 10
6366599.20674575
 20
6174696.30967431
 10
6366589.6995808
 20
6174709.17880766
 10
6366611.79845679
 20
6174725.56415478
 10
6366621.32978587
 20
6174712.71293808
 10
6366599.20674575
 20
6174696.30967431
  0
LWPOLYLINE
  5
2002E
330
1F
100
AcDbEntity
  8
banda_minima
  6
DASHED
 62
1
 48
5.0
100
AcDbPolyline
 90
5
 70
1
 10
6366653.69691713
 20
6174631.30022445
 10
6366640.61863154
 20
6174621.30872855
 10
6366634.22945337
 20
6174626.49488044
 10
6366647.448877
 20
6174636.37213318
 10
6366653.69691713
 20
6174631.30022445
  0
LWPOLYLINE
  5
2002F
330
1F
100
AcDbEntity
  8
banda_minima
  6
DASHED
 62
1
 48
5.0
100
AcDbPolyline
 90
9
 70
1
 10
6366563.67936493
 20
6174684.65002754
 10
6366563.77750983
 20
6174689.95917126
 10
6366589.6995808
 20
6174709.17880766
 10
6366599.20674504
 20
6174696.30967527
 10
6366585.82685332
 20
6174686.3899728
 10
6366593.48310554
 20
6174680.17467323
 10
6366580.16945702
 20
6174670.37420638
 10
6366566.69871953
 20
6174681.30967017
 10
6366563.67936493
 20
6174684.65002754
  0
LWPOLYLINE
  5
20030
330
1F
100
AcDbEntity
  8
banda_minima
  6
DASHED
 62
1
 48
5.0
100
AcDbPolyline
 90
5
 70
1
 10
6366589.12867088
 20
6174663.10259565
 10
6366580.16945702
 20
6174670.37420638
 10
6366593.4834375
 20
6174680.17491765
 10
6366602.46184672
 20
6174672.8877273
 10
6366589.12867088
 20
6174663.10259565
  0
LWPOLYLINE
  5
20031
330
1F
100
AcDbEntity
  8
ldf
100
AcDbPolyline
 90
4
 70
0
 10
6366640.87902838
 20
6174680.60172043
 10
6366643.84831034
 20
6174678.30097581
 10
6366646.41449033
 20
6174676.34350477
 10
6366649.39133853
 20
6174674.07287957
  0
LWPOLYLINE
  5
20032
330
1F
100
AcDbEntity
  8
ldf
100
AcDbPolyline
 90
4
 70
0
 10
6366643.26044741
 20
6174683.31908902
 10
6366640.38383761
 20
6174687.16367624
 10
6366638.13661349
 20
6174690.16710559
 10
6366635.93529281
 20
6174693.10917987
  0
LWPOLYLINE
  5
20033
330
1F
100
AcDbEntity
  8
ldf
100
AcDbPolyline
 90
4
 70
0
 10
6366627.27362371
 20
6174691.09708951
 10
6366636.27711808
 20
6174684.15222652
 10
6366640.2336098
 20
6174681.09953485
 10
6366640.87902838
 20
6174680.60172043
  0
LWPOLYLINE
  5
20034
330
1F
100
AcDbEntity
  8
ldf
100
AcDbPolyline
 90
4
 70
0
 10
6366645.35793187
 20
6174671.04148502
 10
6366646.61641352
 20
6174669.37917157
 10
6366648.99691378
 20
6174666.35966735
 10
6366651.44775487
 20
6174663.24915237
  0
LWPOLYLINE
  5
20035
330
1F
100
AcDbEntity
  8
ldf
100
AcDbPolyline
 90
5
 70
0
 10
6366651.44775487
 20
6174663.24915237
 10
6366651.95933117
 20
6174662.59935043
 10
6366652.97738178
 20
6174661.30667492
 10
6366653.64791707
 20
6174660.45610997
 10
6366657.26662188
 20
6174655.86202735
  0
LWPOLYLINE
  5
20036
330
1F
100
AcDbEntity
  8
ldf
100
AcDbPolyline
 90
4
 70
0
 10
6366655.74957254
 20
6174642.57375034
 10
6366657.01476532
 20
6174640.93154078
 10
6366657.80180572
 20
6174639.91060791
 10
6366660.45756699
 20
6174636.4649523
  0
LWPOLYLINE
  5
20037
330
1F
100
AcDbEntity
  8
ldf
100
AcDbPolyline
 90
2
 70
0
 10
6366655.74957254
 20
6174642.57375034
 10
6366663.25579652
 20
6174648.18127387
  0
LWPOLYLINE
  5
20038
330
1F
100
AcDbEntity
  8
ldf
100
AcDbPolyline
 90
6
 70
0
 10
6366645.35793187
 20
6174671.04148502
 10
6366649.39133853
 20
6174674.07287957
 10
6366649.88809319
 20
6174674.44619459
 10
6366650.89445911
 20
6174675.20301412
 10
6366653.2911496
 20
6174677.00430691
 10
6366656.97425374
 20
6174679.77254293
  0
LWPOLYLINE
  5
20039
330
1F
100
AcDbEntity
  8
ldf
100
AcDbPolyline
 90
4
 70
0
 10
6366674.62155117
 20
6174656.73864714
 10
6366676.21961038
 20
6174657.94418103
 10
6366678.18179977
 20
6174659.42507751
 10
6366679.78777296
 20
6174660.63672796
  0
LWPOLYLINE
  5
2003A
330
1F
100
AcDbEntity
  8
ldf
100
AcDbPolyline
 90
6
 70
0
 10
6366665.69199208
 20
6174668.3160805
 10
6366664.9659149
 20
6174669.27187517
 10
6366664.36016935
 20
6174670.06936119
 10
6366662.68571599
 20
6174672.2728258
 10
6366662.19215628
 20
6174672.92188841
 10
6366661.49463286
 20
6174673.84008444
  0
LWPOLYLINE
  5
2003B
330
1F
100
AcDbEntity
  8
ldf
100
AcDbPolyline
 90
3
 70
0
 10
6366661.49463286
 20
6174673.84008444
 10
6366658.615979
 20
6174677.61862032
 10
6366656.97425374
 20
6174679.77254293
  0
LWPOLYLINE
  5
2003C
330
1F
100
AcDbEntity
  8
ldf
100
AcDbPolyline
 90
3
 70
0
 10
6366635.93529281
 20
6174693.10917987
 10
6366632.29465992
 20
6174697.97403349
 10
6366628.63667739
 20
6174702.86264366
  0
LWPOLYLINE
  5
2003D
330
1F
100
AcDbEntity
  8
ldf
100
AcDbPolyline
 90
4
 70
0
 10
6366657.26662188
 20
6174655.86202735
 10
6366660.26324564
 20
6174652.01917926
 10
6366661.06743282
 20
6174650.98849154
 10
6366663.25579652
 20
6174648.18127387
  0
LWPOLYLINE
  5
2003E
330
1F
100
AcDbEntity
  8
ldf
100
AcDbPolyline
 90
8
 70
0
 10
6366674.62155117
 20
6174656.73864714
 10
6366673.52153553
 20
6174658.16517889
 10
6366672.33078561
 20
6174659.70943478
 10
6366672.14931702
 20
6174659.94488304
 10
6366670.93105691
 20
6174661.52375176
 10
6366669.01954912
 20
6174664.00187225
 10
6366668.05206934
 20
6174665.25626766
 10
6366665.69199208
 20
6174668.3160805
  0
LWPOLYLINE
  5
2003F
330
1F
100
AcDbEntity
  8
ldf
100
AcDbPolyline
 90
2
 70
0
 10
6366649.88809319
 20
6174674.44619459
 10
6366643.26044741
 20
6174683.31908902
  0
LWPOLYLINE
  5
20040
330
1F
100
AcDbEntity
  8
tejido
100
AcDbPolyline
 90
15
 70
1
 10
6366628.63664717
 20
6174702.86265853
 10
6366632.29462969
 20
6174697.97404835
 10
6366635.93526259
 20
6174693.10919474
 10
6366638.13658327
 20
6174690.16712046
 10
6366640.38380738
 20
6174687.1636911
 10
6366636.27708786
 20
6174684.15224139
 10
6366627.27359349
 20
6174691.09710438
 10
6366624.17193456
 20
6174693.48996204
 10
6366621.09959769
 20
6174695.86123739
 10
6366618.01615812
 20
6174698.23935422
 10
6366622.35132556
 20
6174701.4321711
 10
6366623.72016941
 20
6174702.44032148
 10
6366623.80033835
 20
6174702.49950167
 10
6366627.10319465
 20
6174704.93112178
 10
6366628.63664717
 20
6174702.86265853
  0
LWPOLYLINE
  5
20041
330
1F
100
AcDbEntity
  8
tejido
100
AcDbPolyline
 90
9
 70
1
 10
6366622.35132556
 20
6174701.4321711
 10
6366618.01615812
 20
6174698.23935422
 10
6366617.85025587
 20
6174698.36699302
 10
6366616.87098907
 20
6174699.12305647
 10
6366617.42465103
 20
6174699.84931006
 10
6366615.21688047
 20
6174702.82230123
 10
6366619.15387035
 20
6174705.74226322
 10
6366621.45249105
 20
6174702.64354699
 10
6366622.35132556
 20
6174701.4321711
  0
LWPOLYLINE
  5
20042
330
1F
100
AcDbEntity
  8
tejido
100
AcDbPolyline
 90
19
 70
1
 10
6366623.89350636
 20
6174709.25704185
 10
6366619.15387035
 20
6174705.74226322
 10
6366615.21688047
 20
6174702.82230123
 10
6366617.42465103
 20
6174699.84931006
 10
6366616.87098908
 20
6174699.12305648
 10
6366613.87301349
 20
6174695.18736379
 10
6366604.91168737
 20
6174688.58744596
 10
6366602.43738115
 20
6174691.93669924
 10
6366600.27735469
 20
6174694.85936561
 10
6366600.2181745
 20
6174694.93953456
 10
6366600.1589943
 20
6174695.01970352
 10
6366612.90329259
 20
6174704.46832973
 10
6366617.66569951
 20
6174707.99944351
 10
6366622.28559669
 20
6174711.42445896
 10
6366622.34477687
 20
6174711.34429001
 10
6366622.40395706
 20
6174711.26412106
 10
6366623.35481155
 20
6174709.98347604
 10
6366623.38212961
 20
6174709.94663741
 10
6366623.89350636
 20
6174709.25704185
  0
LWPOLYLINE
  5
20043
330
1F
100
AcDbEntity
  8
tejido
100
AcDbPolyline
 90
9
 70
1
 10
6366648.83969711
 20
6174702.5531178
 10
6366646.13946777
 20
6174700.57739871
 10
6366644.52445441
 20
6174702.81871375
 10
6366643.96092885
 20
6174703.60182228
 10
6366644.45390378
 20
6174703.96308252
 10
6366644.31505975
 20
6174704.15308895
 10
6366646.52036353
 20
6174705.77154916
 10
6366646.66022845
 20
6174705.57850477
 10
6366648.83969711
 20
6174702.5531178
  0
LWPOLYLINE
  5
20044
330
1F
100
AcDbEntity
  8
tejido
100
AcDbPolyline
 90
7
 70
1
 10
6366638.42955806
 20
6174694.93480383
 10
6366635.93518937
 20
6174693.10908861
 10
6366632.29455648
 20
6174697.97394222
 10
6366628.63657395
 20
6174702.8625524
 10
6366631.23785401
 20
6174704.76584101
 10
6366634.84952653
 20
6174699.82854441
 10
6366638.42955806
 20
6174694.93480383
  0
LWPOLYLINE
  5
20045
330
1F
100
AcDbEntity
  8
tejido
100
AcDbPolyline
 90
6
 70
1
 10
6366664.72335547
 20
6174699.05892623
 10
6366661.6331771
 20
6174696.79243986
 10
6366658.03865168
 20
6174701.71998114
 10
6366659.59650333
 20
6174702.86991455
 10
6366660.80498016
 20
6174703.76170467
 10
6366664.72335547
 20
6174699.05892623
  0
LWPOLYLINE
  5
20046
330
1F
100
AcDbEntity
  8
tejido
100
AcDbPolyline
 90
13
 70
1
 10
6366647.97768607
 20
6174684.29863186
 10
6366647.33333421
 20
6174683.82514688
 10
6366648.48152833
 20
6174682.24926422
 10
6366650.32578173
 20
6174679.71815229
 10
6366651.47399035
 20
6174678.14126955
 10
6366652.1132402
 20
6174678.6216829
 10
6366653.29104616
 20
6174677.00421565
 10
6366650.89435568
 20
6174675.20292286
 10
6366649.88798976
 20
6174674.44610333
 10
6366643.26034397
 20
6174683.31899776
 10
6366645.90115024
 20
6174685.25586975
 10
6366646.79989462
 20
6174685.91509905
 10
6366647.97768607
 20
6174684.29863186
  0
LWPOLYLINE
  5
20047
330
1F
100
AcDbEntity
  8
tejido
100
AcDbPolyline
 90
16
 70
1
 10
6366668.79138796
 20
6174670.67018808
 10
6366667.30064514
 20
6174672.65307875
 10
6366666.48315158
 20
6174673.74045636
 10
6366670.14567637
 20
6174676.49395275
 10
6366669.28004521
 20
6174677.64535994
 10
6366672.16970521
 20
6174679.81781437
 10
6366673.08468435
 20
6174678.60076761
 10
6366672.62640483
 20
6174678.25623179
 10
6366674.8630655
 20
6174675.28116884
 10
6366674.46532261
 20
6174674.97831057
 10
6366673.83207351
 20
6174674.49798418
 10
6366672.70373374
 20
6174673.64165767
 10
6366672.47356435
 20
6174673.4669761
 10
6366669.62827976
 20
6174671.30526465
 10
6366669.45084305
 20
6174671.17045671
 10
6366668.79138796
 20
6174670.67018808
  0
LWPOLYLINE
  5
20048
330
1F
100
AcDbEntity
  8
tejido
100
AcDbPolyline
 90
40
 70
1
 10
6366680.78782703
 20
6174679.78042932
 10
6366690.19436894
 20
6174668.49099721
 10
6366689.50039284
 20
6174667.96731234
 10
6366689.21178858
 20
6174667.74952719
 10
6366688.35784667
 20
6174667.10495151
 10
6366686.60278726
 20
6174665.77984349
 10
6366684.98291366
 20
6174667.85267666
 10
6366684.09515749
 20
6174667.15891472
 10
6366683.68615938
 20
6174667.68227953
 10
6366682.0377609
 20
6174666.39409233
 10
6366684.03301776
 20
6174663.84090885
 10
6366683.77446221
 20
6174663.64545371
 10
6366679.78774274
 20
6174660.63674283
 10
6366678.32642533
 20
6174659.5342301
 10
6366676.79350375
 20
6174661.59251674
 10
6366678.50543043
 20
6174662.86748458
 10
6366677.25276378
 20
6174664.54946697
 10
6366679.030133
 20
6174665.87317352
 10
6366678.12570587
 20
6174667.08756724
 10
6366681.08602578
 20
6174669.29228347
 10
6366679.66322097
 20
6174671.20271408
 10
6366677.81344949
 20
6174669.82508556
 10
6366677.22343959
 20
6174670.61730455
 10
6366675.12017767
 20
6174669.05088748
 10
6366675.75559621
 20
6174668.19769734
 10
6366674.67136129
 20
6174667.39020679
 10
6366674.48324089
 20
6174666.38090243
 10
6366674.71007966
 20
6174666.07632115
 10
6366672.11925252
 20
6174664.14678687
 10
6366670.41159133
 20
6174666.43970021
 10
6366672.23857869
 20
6174667.80036014
 10
6366669.62827976
 20
6174671.30526465
 10
6366672.47356435
 20
6174673.4669761
 10
6366672.70373375
 20
6174673.64165766
 10
6366674.77076508
 20
6174670.91046903
 10
6366677.41581463
 20
6174672.91230814
 10
6366675.34591995
 20
6174675.64728019
 10
6366679.83203238
 20
6174679.05435221
 10
6366680.10172647
 20
6174679.2592275
 10
6366680.78782703
 20
6174679.78042932
  0
LWPOLYLINE
  5
20049
330
1F
100
AcDbEntity
  8
tejido
100
AcDbPolyline
 90
8
 70
1
 10
6366654.15072863
 20
6174638.79638664
 10
6366653.41442388
 20
6174638.24854579
 10
6366652.17110319
 20
6174639.90007514
 10
6366652.84205237
 20
6174640.4019546
 10
6366653.3234804
 20
6174639.76171919
 10
6366654.57236773
 20
6174640.69510829
 10
6366655.34818954
 20
6174639.68901776
 10
6366654.15072863
 20
6174638.79638664
  0
LWPOLYLINE
  5
2004A
330
1F
100
AcDbEntity
  8
tejido
100
AcDbPolyline
 90
6
 70
1
 10
6366642.9874916
 20
6174633.03885261
 10
6366649.32398271
 20
6174637.77315331
 10
6366649.7030132
 20
6174638.05573408
 10
6366650.4241479
 20
6174637.09586654
 10
6366643.70568394
 20
6174632.07494113
 10
6366642.9874916
 20
6174633.03885261
  0
LWPOLYLINE
  5
2004B
330
1F
100
AcDbEntity
  8
tejido
100
AcDbPolyline
 90
10
 70
1
 10
6366655.74956182
 20
6174642.57374823
 10
6366655.3893922
 20
6174642.30446788
 10
6366649.44981127
 20
6174650.01092603
 10
6366650.05743354
 20
6174650.46585703
 10
6366654.32555103
 20
6174653.65974607
 10
6366657.26665624
 20
6174655.86204983
 10
6366660.26328258
 20
6174652.01919201
 10
6366661.06747111
 20
6174650.98851212
 10
6366663.25580765
 20
6174648.18128136
 10
6366655.74956182
 20
6174642.57374823
  0
LWPOLYLINE
  5
2004C
330
1F
100
AcDbEntity
  8
tejido
100
AcDbPolyline
 90
5
 70
1
 10
6366651.44772465
 20
6174663.24916723
 10
6366648.82766018
 20
6174661.3306014
 10
6366646.4877742
 20
6174664.51574745
 10
6366648.99688355
 20
6174666.35968222
 10
6366651.44772465
 20
6174663.24916723
  0
LWPOLYLINE
  5
2004D
330
1F
100
AcDbEntity
  8
tejido
100
AcDbPolyline
 90
14
 70
1
 10
6366649.39130831
 20
6174674.07289444
 10
6366645.35790165
 20
6174671.04149988
 10
6366643.01411619
 20
6174669.31699807
 10
6366638.89465619
 20
6174666.28735773
 10
6366636.70391596
 20
6174669.18957214
 10
6366634.04542641
 20
6174667.23043663
 10
6366632.20976775
 20
6174669.72065984
 10
6366628.02409679
 20
6174666.63504238
 10
6366627.6539224
 20
6174666.36259316
 10
6366625.45764503
 20
6174669.23271708
 10
6366640.87899815
 20
6174680.6017353
 10
6366643.84828012
 20
6174678.30099068
 10
6366646.41446011
 20
6174676.34351964
 10
6366649.39130831
 20
6174674.07289444
  0
LWPOLYLINE
  5
2004E
330
1F
100
AcDbEntity
  8
tejido
100
AcDbPolyline
 90
17
 70
1
 10
6366636.27708786
 20
6174684.15224139
 10
6366640.23357957
 20
6174681.09954971
 10
6366640.87899815
 20
6174680.6017353
 10
6366625.45764503
 20
6174669.23271708
 10
6366622.24094414
 20
6174666.86136381
 10
6366619.28738473
 20
6174670.97692461
 10
6366615.83809091
 20
6174668.4341473
 10
6366613.6259139
 20
6174671.43508352
 10
6366611.48517927
 20
6174674.33802262
 10
6366614.93447318
 20
6174676.8807999
 10
6366614.22632552
 20
6174677.84185611
 10
6366613.73959268
 20
6174678.50302163
 10
6366614.54525364
 20
6174679.09688178
 10
6366613.2530582
 20
6174680.80772294
 10
6366623.84986792
 20
6174688.58470749
 10
6366627.27359349
 20
6174691.09710438
 10
6366636.27708786
 20
6174684.15224139
  0
LWPOLYLINE
  5
2004F
330
1F
100
AcDbEntity
  8
tejido
100
AcDbPolyline
 90
6
 70
1
 10
6366604.91168737
 20
6174688.58744596
 10
6366601.60485948
 20
6174686.15376731
 10
6366601.32475371
 20
6174685.94764398
 10
6366598.85640466
 20
6174689.29998454
 10
6366602.43738115
 20
6174691.93669924
 10
6366604.91168737
 20
6174688.58744596
  0
LWPOLYLINE
  5
20050
330
1F
100
AcDbEntity
  8
tejido
100
AcDbPolyline
 90
10
 70
1
 10
6366565.02126203
 20
6174683.16599474
 10
6366563.6793347
 20
6174684.6500424
 10
6366563.7774796
 20
6174689.95918613
 10
6366566.22695961
 20
6174691.77624891
 10
6366565.17233947
 20
6174690.69062374
 10
6366563.95638864
 20
6174688.31224278
 10
6366563.92431823
 20
6174686.86630925
 10
6366563.8956406
 20
6174685.60048329
 10
6366564.28599903
 20
6174684.75586244
 10
6366565.02126203
 20
6174683.16599474
  0
LWPOLYLINE
  5
20051
330
1F
100
AcDbEntity
  8
tejido
100
AcDbPolyline
 90
10
 70
1
 10
6366643.26041719
 20
6174683.31910389
 10
6366649.88806297
 20
6174674.44620946
 10
6366649.39130831
 20
6174674.07289444
 10
6366646.41446011
 20
6174676.34351964
 10
6366643.84828012
 20
6174678.30099068
 10
6366640.87899815
 20
6174680.6017353
 10
6366640.23357957
 20
6174681.09954971
 10
6366636.27708786
 20
6174684.15224139
 10
6366640.38380738
 20
6174687.1636911
 10
6366643.26041719
 20
6174683.31910389
  0
LWPOLYLINE
  5
20052
330
1F
100
AcDbEntity
  8
tejido
100
AcDbPolyline
 90
11
 70
1
 10
6366687.07391932
 20
6174661.53477626
 10
6366689.61557731
 20
6174658.3147431
 10
6366690.58086748
 20
6174659.07677215
 10
6366692.27652874
 20
6174656.92857475
 10
6366688.34418996
 20
6174653.82484426
 10
6366686.84401237
 20
6174655.72536519
 10
6366688.03929178
 20
6174656.66894542
 10
6366685.42448905
 20
6174659.98176039
 10
6366685.30239776
 20
6174660.13641444
 10
6366685.35346549
 20
6174660.1767789
 10
6366687.07391932
 20
6174661.53477626
  0
LWPOLYLINE
  5
20053
330
1F
100
AcDbEntity
  8
tejido
100
AcDbPolyline
 90
8
 70
1
 10
6366686.84401568
 20
6174655.72537063
 10
6366684.88478328
 20
6174654.17888935
 10
6366684.77895865
 20
6174654.31298219
 10
6366682.88663171
 20
6174656.71036537
 10
6366682.26972646
 20
6174657.49159166
 10
6366685.42443953
 20
6174659.98170185
 10
6366688.03934789
 20
6174656.66888242
 10
6366686.84401568
 20
6174655.72537063
  0
LWPOLYLINE
  5
20054
330
1F
100
AcDbEntity
  8
tejido
100
AcDbPolyline
 90
8
 70
1
 10
6366685.35335774
 20
6174660.17667589
 10
6366685.30233189
 20
6174660.13639965
 10
6366685.42443953
 20
6174659.98170185
 10
6366682.26972646
 20
6174657.49159166
 10
6366681.76690369
 20
6174658.1287024
 10
6366681.5751569
 20
6174658.37190354
 10
6366684.78137328
 20
6174660.90162088
 10
6366685.35335774
 20
6174660.17667589
  0
LWPOLYLINE
  5
20055
330
1F
100
AcDbEntity
  8
tejido
100
AcDbPolyline
 90
5
 70
1
 10
6366687.57398057
 20
6174663.10499899
 10
6366684.81787116
 20
6174660.93041786
 10
6366683.45560022
 20
6174662.6569884
 10
6366686.21170964
 20
6174664.83156952
 10
6366687.57398057
 20
6174663.10499899
  0
LWPOLYLINE
  5
20056
330
1F
100
AcDbEntity
  8
tejido
100
AcDbPolyline
 90
20
 70
1
 10
6366693.28045434
 20
6174648.95896421
 10
6366693.0803167
 20
6174648.81142571
 10
6366692.15161872
 20
6174650.07096729
 10
6366692.27708737
 20
6174650.16363468
 10
6366692.27137334
 20
6174650.170329
 10
6366697.8821382
 20
6174654.84428552
 10
6366697.74627611
 20
6174656.32460906
 10
6366690.70191187
 20
6174664.7809348
 10
6366692.2267924
 20
6174666.05141569
 10
6366692.45949214
 20
6174665.77191923
 10
6366693.52337437
 20
6174664.49492052
 10
6366698.66440489
 20
6174658.32335528
 10
6366698.15175226
 20
6174654.07755595
 10
6366697.94995206
 20
6174652.4011167
 10
6366697.38675375
 20
6174651.98578238
 10
6366696.74345278
 20
6174651.5113465
 10
6366696.21685424
 20
6174651.12358973
 10
6366695.28750422
 20
6174650.43888844
 10
6366694.52145496
 20
6174649.87365623
 10
6366693.28045434
 20
6174648.95896421
  0
LWPOLYLINE
  5
20057
330
1F
100
AcDbEntity
  8
tejido
100
AcDbPolyline
 90
7
 70
1
 10
6366651.66673667
 20
6174711.60517155
 10
6366653.18848779
 20
6174712.90204382
 10
6366656.44797459
 20
6174708.99039902
 10
6366656.89795263
 20
6174708.45072015
 10
6366655.68538066
 20
6174707.5628769
 10
6366655.2805386
 20
6174707.26694006
 10
6366651.66673667
 20
6174711.60517155
  0
LWPOLYLINE
  5
20058
330
1F
100
AcDbEntity
  8
tejido
100
AcDbPolyline
 90
9
 70
1
 10
6366671.78753481
 20
6174690.5815797
 10
6366670.88872709
 20
6174689.92534515
 10
6366667.62903673
 20
6174693.83839087
 10
6366666.0867125
 20
6174695.68964077
 10
6366666.93459643
 20
6174696.40515461
 10
6366668.02288822
 20
6174695.09950819
 10
6366668.52171464
 20
6174694.50052
 10
6366671.53706929
 20
6174690.88206595
 10
6366671.78753481
 20
6174690.5815797
  0
LWPOLYLINE
  5
20059
330
1F
100
AcDbEntity
  8
tejido
100
AcDbPolyline
 90
19
 70
1
 10
6366661.32050688
 20
6174696.56291639
 10
6366663.46613864
 20
6174693.66904024
 10
6366666.0867125
 20
6174695.68964077
 10
6366667.62903673
 20
6174693.83839087
 10
6366670.88872709
 20
6174689.92534515
 10
6366670.1572065
 20
6174689.39156805
 10
6366668.73082615
 20
6174688.35159227
 10
6366666.34034747
 20
6174686.60638583
 10
6366665.71177002
 20
6174686.14815967
 10
6366664.09532221
 20
6174684.96933894
 10
6366661.95459413
 20
6174687.87030738
 10
6366661.68524133
 20
6174688.23548249
 10
6366661.1128407
 20
6174689.00747249
 10
6366660.5395103
 20
6174689.7804259
 10
6366657.55724636
 20
6174693.80354317
 10
6366658.76780389
 20
6174694.69135729
 10
6366660.18026314
 20
6174695.72716283
 10
6366660.42372766
 20
6174695.90573434
 10
6366661.32050688
 20
6174696.56291639
  0
LWPOLYLINE
  5
2005A
330
1F
100
AcDbEntity
  8
tejido
100
AcDbPolyline
 90
15
 70
1
 10
6366676.2932596
 20
6174685.17408672
 10
6366671.12095225
 20
6174681.21279851
 10
6366671.07049412
 20
6174681.17415441
 10
6366670.84097409
 20
6174680.99777334
 10
6366668.61446194
 20
6174683.88346414
 10
6366668.47599619
 20
6174683.77442353
 10
6366667.57234953
 20
6174684.97272527
 10
6366666.34029119
 20
6174686.60641204
 10
6366668.73079217
 20
6174688.35159683
 10
6366670.15719325
 20
6174689.39159098
 10
6366670.88870032
 20
6174689.92535763
 10
6366671.7874881
 20
6174690.58158651
 10
6366674.37122805
 20
6174687.48099943
 10
6366675.65191567
 20
6174685.94304796
 10
6366676.2932596
 20
6174685.17408672
  0
LWPOLYLINE
  5
2005B
330
1F
100
AcDbEntity
  8
tejido
100
AcDbPolyline
 90
12
 70
1
 10
6366684.77894142
 20
6174654.31297674
 10
6366689.27082604
 20
6174648.62118448
 10
6366689.83333528
 20
6174647.90809977
 10
6366690.57722618
 20
6174646.9655675
 10
6366685.20877842
 20
6174643.00953915
 10
6366684.35344098
 20
6174644.11851136
 10
6366686.03801743
 20
6174645.35930966
 10
6366684.32632797
 20
6174647.57823974
 10
6366685.46256408
 20
6174648.41596629
 10
6366680.47122123
 20
6174654.88777815
 10
6366682.88660927
 20
6174656.71034861
 10
6366684.77894142
 20
6174654.31297674
  0
LWPOLYLINE
  5
2005C
330
1F
100
AcDbEntity
  8
tejido
100
AcDbPolyline
 90
18
 70
1
 10
6366681.57512165
 20
6174658.37189391
 10
6366681.76670729
 20
6174658.12858964
 10
6366682.88660927
 20
6174656.71034861
 10
6366680.47122123
 20
6174654.88777816
 10
6366685.46256408
 20
6174648.41596629
 10
6366684.32632797
 20
6174647.57823974
 10
6366686.03801743
 20
6174645.35930966
 10
6366684.35344098
 20
6174644.11851136
 10
6366683.90792978
 20
6174644.69624661
 10
6366682.78956434
 20
6174646.14652022
 10
6366680.65171357
 20
6174648.91945812
 10
6366678.13260482
 20
6174652.18503428
 10
6366674.62152094
 20
6174656.73866201
 10
6366676.21958016
 20
6174657.9441959
 10
6366678.18176954
 20
6174659.42509237
 10
6366678.32642533
 20
6174659.5342301
 10
6366679.78774274
 20
6174660.63674283
 10
6366681.57512165
 20
6174658.37189391
  0
LWPOLYLINE
  5
2005D
330
1F
100
AcDbEntity
  8
tejido
100
AcDbPolyline
 90
35
 70
1
 10
6366692.2267924
 20
6174666.05141569
 10
6366690.70191187
 20
6174664.7809348
 10
6366697.74627611
 20
6174656.32460906
 10
6366697.8821382
 20
6174654.84428552
 10
6366692.27137334
 20
6174650.170329
 10
6366692.27708737
 20
6174650.16363468
 10
6366692.15161872
 20
6174650.07096729
 10
6366693.0803167
 20
6174648.81142571
 10
6366692.34894129
 20
6174648.27185043
 10
6366690.57724608
 20
6174646.96555689
 10
6366689.83337468
 20
6174647.90809236
 10
6366689.27086336
 20
6174648.62118535
 10
6366684.88475623
 20
6174654.17885079
 10
6366686.84401237
 20
6174655.72536519
 10
6366688.34418996
 20
6174653.82484426
 10
6366692.27652874
 20
6174656.92857475
 10
6366690.58086748
 20
6174659.07677215
 10
6366689.61557731
 20
6174658.3147431
 10
6366687.07391932
 20
6174661.53477626
 10
6366685.35346549
 20
6174660.1767789
 10
6366684.7813795
 20
6174660.90176104
 10
6366681.5751569
 20
6174658.37190354
 10
6366679.78781102
 20
6174660.63673096
 10
6366683.77452201
 20
6174663.64545393
 10
6366684.03294546
 20
6174663.8408491
 10
6366684.44633963
 20
6174664.15333364
 10
6366685.3804812
 20
6174664.85709241
 10
6366686.40459043
 20
6174665.63016972
 10
6366686.60268186
 20
6174665.77987656
 10
6366688.35786406
 20
6174667.10497993
 10
6366689.21184369
 20
6174667.74951415
 10
6366689.50034953
 20
6174667.96720278
 10
6366690.19440515
 20
6174668.49097364
 10
6366690.32265638
 20
6174668.33677516
 10
6366692.2267924
 20
6174666.05141569
  0
LWPOLYLINE
  5
2005E
330
1F
100
AcDbEntity
  8
tejido
100
AcDbPolyline
 90
5
 70
1
 10
6366683.45572404
 20
6174662.65711839
 10
6366684.81796248
 20
6174660.93049839
 10
6366687.57398403
 20
6174663.10508807
 10
6366686.21168457
 20
6174664.83170718
 10
6366683.45572404
 20
6174662.65711839
  0
LWPOLYLINE
  5
2005F
330
1F
100
AcDbEntity
  8
tejido
100
AcDbPolyline
 90
14
 70
1
 10
6366654.43817908
 20
6174706.65053738
 10
6366653.90761266
 20
6174706.26272317
 10
6366650.19296227
 20
6174710.78540603
 10
6366647.69957798
 20
6174713.82144816
 10
6366648.95148508
 20
6174714.86414709
 10
6366647.46818554
 20
6174716.64481799
 10
6366649.08457608
 20
6174717.82760635
 10
6366649.3382706
 20
6174717.52338142
 10
6366651.00909018
 20
6174715.51793632
 10
6366653.01929441
 20
6174713.10504268
 10
6366653.18848779
 20
6174712.90204382
 10
6366651.66673667
 20
6174711.60517155
 10
6366655.2805386
 20
6174707.26694006
 10
6366654.43817908
 20
6174706.65053738
  0
LWPOLYLINE
  5
20060
330
1F
100
AcDbEntity
  8
tejido
100
AcDbPolyline
 90
13
 70
1
 10
6366646.13946777
 20
6174700.57739871
 10
6366643.91931039
 20
6174698.95170196
 10
6366642.37063951
 20
6174701.10196828
 10
6366642.38850277
 20
6174701.25126218
 10
6366642.64072064
 20
6174703.37962815
 10
6366643.60976707
 20
6174704.08889906
 10
6366646.30900563
 20
6174706.06558067
 10
6366646.52036353
 20
6174705.77154916
 10
6366644.31505975
 20
6174704.15308895
 10
6366644.45390378
 20
6174703.96308252
 10
6366643.96092885
 20
6174703.60182228
 10
6366644.52445441
 20
6174702.81871375
 10
6366646.13946777
 20
6174700.57739871
  0
LWPOLYLINE
  5
20061
330
1F
100
AcDbEntity
  8
tejido
100
AcDbPolyline
 90
15
 70
1
 10
6366653.23061613
 20
6174705.76673525
 10
6366648.83969711
 20
6174702.5531178
 10
6366646.66022845
 20
6174705.57850477
 10
6366646.52036353
 20
6174705.77154916
 10
6366646.30900563
 20
6174706.06558067
 10
6366646.51985494
 20
6174706.2196851
 10
6366644.54721271
 20
6174708.91403672
 10
6366641.88063608
 20
6174712.55555508
 10
6366646.16462582
 20
6174715.69063313
 10
6366647.46818554
 20
6174716.64481799
 10
6366648.95148508
 20
6174714.86414709
 10
6366647.69957798
 20
6174713.82144816
 10
6366650.19296227
 20
6174710.78540603
 10
6366653.90761266
 20
6174706.26272317
 10
6366653.23061613
 20
6174705.76673525
  0
LWPOLYLINE
  5
20062
330
1F
100
AcDbEntity
  8
tejido
100
AcDbPolyline
 90
27
 70
1
 10
6366640.47111045
 20
6174705.93100528
 10
6366639.38226342
 20
6174705.13397244
 10
6366638.73690453
 20
6174704.66249847
 10
6366638.26045339
 20
6174705.3058315
 10
6366636.81034146
 20
6174704.24347106
 10
6366636.32431385
 20
6174703.88731796
 10
6366636.80081101
 20
6174703.24502353
 10
6366634.86968049
 20
6174701.83055111
 10
6366635.81975002
 20
6174700.53291517
 10
6366636.84331279
 20
6174699.13529797
 10
6366638.94174547
 20
6174700.67119014
 10
6366639.25650135
 20
6174700.90177531
 10
6366641.37179057
 20
6174702.44993948
 10
6366642.64072064
 20
6174703.37962815
 10
6366642.38850277
 20
6174701.25126218
 10
6366642.37063951
 20
6174701.10196828
 10
6366643.91931039
 20
6174698.95170196
 10
6366642.04452297
 20
6174697.58011262
 10
6366639.39770482
 20
6174695.64314336
 10
6366638.91372348
 20
6174695.28903471
 10
6366635.33470265
 20
6174700.18074484
 10
6366631.72202228
 20
6174705.12007876
 10
6366632.20406533
 20
6174705.47312139
 10
6366634.61726723
 20
6174707.23868308
 10
6366636.7097762
 20
6174708.77045977
 10
6366638.43135871
 20
6174706.4176147
 10
6366640.47111045
 20
6174705.93100528
  0
LWPOLYLINE
  5
20063
330
1F
100
AcDbEntity
  8
tejido
100
AcDbPolyline
 90
10
 70
1
 10
6366639.25641361
 20
6174700.90171261
 10
6366638.94165159
 20
6174700.67107948
 10
6366636.84321395
 20
6174699.13519212
 10
6366635.81964172
 20
6174700.53282188
 10
6366634.86954106
 20
6174701.83048325
 10
6366636.80068349
 20
6174703.24490847
 10
6366636.32422716
 20
6174703.88721668
 10
6366636.81022692
 20
6174704.24337035
 10
6366637.28272626
 20
6174703.59800385
 10
6366639.25641361
 20
6174700.90171261
  0
LWPOLYLINE
  5
20064
330
1F
100
AcDbEntity
  8
tejido
100
AcDbPolyline
 90
7
 70
1
 10
6366638.91358655
 20
6174695.28892831
 10
6366638.42955806
 20
6174694.93480383
 10
6366634.84952653
 20
6174699.82854441
 10
6366631.23785401
 20
6174704.76584101
 10
6366631.72188253
 20
6174705.11996548
 10
6366635.33458413
 20
6174700.18068315
 10
6366638.91358655
 20
6174695.28892831
  0
LWPOLYLINE
  5
20065
330
1F
100
AcDbEntity
  8
tejido
100
AcDbPolyline
 90
8
 70
1
 10
6366660.80498016
 20
6174703.76170467
 10
6366659.59650333
 20
6174702.86991455
 10
6366658.03865168
 20
6174701.71998114
 10
6366654.43808214
 20
6174706.65043595
 10
6366655.28042853
 20
6174707.26683453
 10
6366655.68527369
 20
6174707.5627934
 10
6366656.89780896
 20
6174708.450641
 10
6366660.80498016
 20
6174703.76170467
  0
LWPOLYLINE
  5
20066
330
1F
100
AcDbEntity
  8
tejido
100
AcDbPolyline
 90
25
 70
1
 10
6366658.03876402
 20
6174701.72006472
 10
6366661.63332354
 20
6174696.79249658
 10
6366661.32050688
 20
6174696.56291639
 10
6366660.42372766
 20
6174695.90573434
 10
6366660.18026314
 20
6174695.72716283
 10
6366658.76780389
 20
6174694.69135729
 10
6366657.55724636
 20
6174693.80354317
 10
6366656.90599294
 20
6174693.32593937
 10
6366655.11044927
 20
6174692.00953166
 10
6366654.39480583
 20
6174691.48398274
 10
6366653.65842745
 20
6174690.94415186
 10
6366653.45748825
 20
6174690.79715125
 10
6366646.80001805
 20
6174685.91515886
 10
6366645.90125359
 20
6174685.25593318
 10
6366642.27927313
 20
6174690.28512702
 10
6366645.58389542
 20
6174692.66474949
 10
6366644.22408285
 20
6174694.55265112
 10
6366642.04452297
 20
6174697.58011262
 10
6366643.91931039
 20
6174698.95170196
 10
6366646.13946777
 20
6174700.57739871
 10
6366648.83969711
 20
6174702.5531178
 10
6366653.23061613
 20
6174705.76673525
 10
6366653.90761266
 20
6174706.26272317
 10
6366654.43817908
 20
6174706.65053738
 10
6366658.03876402
 20
6174701.72006472
  0
LWPOLYLINE
  5
20067
330
1F
100
AcDbEntity
  8
tejido
100
AcDbPolyline
 90
10
 70
1
 10
6366647.52863812
 20
6174697.83460362
 10
6366649.34063366
 20
6174695.31803696
 10
6366649.90796348
 20
6174695.72634874
 10
6366651.33919383
 20
6174693.73843581
 10
6366653.56965209
 20
6174695.34425576
 10
6366654.07497579
 20
6174694.64236197
 10
6366654.95111822
 20
6174695.2742736
 10
6366654.44580866
 20
6174695.97519072
 10
6366651.20250766
 20
6174700.48064607
 10
6366647.52863812
 20
6174697.83460362
  0
LWPOLYLINE
  5
20068
330
1F
100
AcDbEntity
  8
tejido
100
AcDbPolyline
 90
13
 70
1
 10
6366645.90115024
 20
6174685.25586975
 10
6366643.26034397
 20
6174683.31899776
 10
6366640.38373417
 20
6174687.16358497
 10
6366638.13651005
 20
6174690.16701433
 10
6366635.93518937
 20
6174693.10908861
 10
6366638.42955806
 20
6174694.93480383
 10
6366638.91358655
 20
6174695.28892831
 10
6366639.39761505
 20
6174695.64305278
 10
6366642.04442211
 20
6174697.58001163
 10
6366644.22397158
 20
6174694.55259442
 10
6366645.58375316
 20
6174692.66467476
 10
6366642.27914365
 20
6174690.28504612
 10
6366645.90115024
 20
6174685.25586975
  0
LWPOLYLINE
  5
20069
330
1F
100
AcDbEntity
  8
tejido
100
AcDbPolyline
 90
9
 70
1
 10
6366661.65222164
 20
6174683.18629122
 10
6366660.5475117
 20
6174682.38005348
 10
6366658.42734485
 20
6174685.24828907
 10
6366659.0656405
 20
6174685.72265243
 10
6366659.52090448
 20
6174686.0613866
 10
6366661.95448199
 20
6174687.87022614
 10
6366664.09521007
 20
6174684.9692577
 10
6366663.50326247
 20
6174684.53653364
 10
6366661.65222164
 20
6174683.18629122
  0
LWPOLYLINE
  5
2006A
330
1F
100
AcDbEntity
  8
tejido
100
AcDbPolyline
 90
24
 70
1
 10
6366661.68524133
 20
6174688.23548249
 10
6366661.95459413
 20
6174687.87030738
 10
6366659.52101662
 20
6174686.06146784
 10
6366659.06575264
 20
6174685.72273367
 10
6366658.42745699
 20
6174685.24837031
 10
6366660.54768488
 20
6174682.3801356
 10
6366659.7785259
 20
6174681.81882692
 10
6366656.97424342
 20
6174679.77254717
 10
6366653.29115426
 20
6174677.00432212
 10
6366652.11335701
 20
6174678.62176166
 10
6366650.96514813
 20
6174680.19866197
 10
6366649.12599496
 20
6174682.7228333
 10
6366647.97780113
 20
6174684.29869594
 10
6366646.80001805
 20
6174685.91515886
 10
6366653.45748825
 20
6174690.79715125
 10
6366653.65842745
 20
6174690.94415186
 10
6366655.85300939
 20
6174687.98394647
 10
6366657.29990988
 20
6174689.05725028
 10
6366659.08828866
 20
6174690.38356722
 10
6366656.90599294
 20
6174693.32593937
 10
6366657.55724636
 20
6174693.80354317
 10
6366660.5395103
 20
6174689.7804259
 10
6366661.1128407
 20
6174689.00747249
 10
6366661.68524133
 20
6174688.23548249
  0
LWPOLYLINE
  5
2006B
330
1F
100
AcDbEntity
  8
tejido
100
AcDbPolyline
 90
5
 70
1
 10
6366652.1132402
 20
6174678.6216829
 10
6366651.47399035
 20
6174678.14126955
 10
6366650.32578173
 20
6174679.71815229
 10
6366650.96503158
 20
6174680.19856563
 10
6366652.1132402
 20
6174678.6216829
  0
LWPOLYLINE
  5
2006C
330
1F
100
AcDbEntity
  8
tejido
100
AcDbPolyline
 90
5
 70
1
 10
6366650.96503158
 20
6174680.19856563
 10
6366650.32578173
 20
6174679.71815229
 10
6366648.48152833
 20
6174682.24926422
 10
6366649.12588019
 20
6174682.7227492
 10
6366650.96503158
 20
6174680.19856563
  0
LWPOLYLINE
  5
2006D
330
1F
100
AcDbEntity
  8
tejido
100
AcDbPolyline
 90
5
 70
1
 10
6366649.12588019
 20
6174682.7227492
 10
6366648.48152833
 20
6174682.24926422
 10
6366647.33333421
 20
6174683.82514688
 10
6366647.97768607
 20
6174684.29863186
 10
6366649.12588019
 20
6174682.7227492
  0
LWPOLYLINE
  5
2006E
330
1F
100
AcDbEntity
  8
tejido
100
AcDbPolyline
 90
7
 70
1
 10
6366667.57234953
 20
6174684.97272527
 10
6366664.85549005
 20
6174682.83068551
 10
6366663.50334595
 20
6174684.53665664
 10
6366664.09527125
 20
6174684.96936914
 10
6366665.71172387
 20
6174686.14816062
 10
6366666.34029119
 20
6174686.60641204
 10
6366667.57234953
 20
6174684.97272527
  0
LWPOLYLINE
  5
2006F
330
1F
100
AcDbEntity
  8
tejido
100
AcDbPolyline
 90
13
 70
1
 10
6366670.84097409
 20
6174680.99777334
 10
6366668.25093001
 20
6174679.01422317
 10
6366668.22217017
 20
6174678.99219783
 10
6366664.69909937
 20
6174676.29430231
 10
6366664.61288308
 20
6174676.22816786
 10
6366664.35085508
 20
6174676.02717245
 10
6366662.17723216
 20
6174678.78358732
 10
6366665.79708312
 20
6174681.63693479
 10
6366664.85549005
 20
6174682.83068551
 10
6366667.57234953
 20
6174684.97272527
 10
6366668.47599619
 20
6174683.77442353
 10
6366668.61446194
 20
6174683.88346414
 10
6366670.84097409
 20
6174680.99777334
  0
LWPOLYLINE
  5
20070
330
1F
100
AcDbEntity
  8
tejido
100
AcDbPolyline
 90
9
 70
1
 10
6366664.85549005
 20
6174682.83068551
 10
6366665.79708312
 20
6174681.63693479
 10
6366662.17723215
 20
6174678.78358732
 10
6366661.41702071
 20
6174679.74789046
 10
6366659.77849825
 20
6174681.81883255
 10
6366660.54761848
 20
6174682.38015287
 10
6366661.65230026
 20
6174683.18641219
 10
6366663.50334595
 20
6174684.53665664
 10
6366664.85549005
 20
6174682.83068551
  0
LWPOLYLINE
  5
20071
330
1F
100
AcDbEntity
  8
tejido
100
AcDbPolyline
 90
9
 70
1
 10
6366662.17723215
 20
6174678.78358732
 10
6366664.35085508
 20
6174676.02717245
 10
6366662.56903466
 20
6174674.66292594
 10
6366661.49460263
 20
6174673.8400993
 10
6366658.61594877
 20
6174677.61863518
 10
6366656.97422352
 20
6174679.7725578
 10
6366659.77849825
 20
6174681.81883255
 10
6366661.41702071
 20
6174679.74789046
 10
6366662.17723215
 20
6174678.78358732
  0
LWPOLYLINE
  5
20072
330
1F
100
AcDbEntity
  8
tejido
100
AcDbPolyline
 90
15
 70
1
 10
6366663.98045225
 20
6174647.25248271
 10
6366666.16471409
 20
6174644.45220794
 10
6366671.44246516
 20
6174637.68244718
 10
6366672.56975927
 20
6174636.23730451
 10
6366673.83057486
 20
6174634.62104008
 10
6366666.20846852
 20
6174629.00283472
 10
6366662.28954361
 20
6174634.08872844
 10
6366662.06037757
 20
6174634.38598633
 10
6366661.78999762
 20
6174634.73670395
 10
6366660.45753677
 20
6174636.46496716
 10
6366657.80177549
 20
6174639.91062278
 10
6366657.0147351
 20
6174640.93155565
 10
6366655.74954231
 20
6174642.57376521
 10
6366663.2557663
 20
6174648.18128874
 10
6366663.98045225
 20
6174647.25248271
  0
LWPOLYLINE
  5
20073
330
1F
100
AcDbEntity
  8
tejido
100
AcDbPolyline
 90
16
 70
1
 10
6366663.62709796
 20
6174627.09852303
 10
6366663.58465025
 20
6174627.06720878
 10
6366657.5244101
 20
6174622.59799471
 10
6366655.91408876
 20
6174621.41028875
 10
6366650.79807643
 20
6174617.63697454
 10
6366644.94804732
 20
6174617.92234564
 10
6366644.78188345
 20
6174617.92994167
 10
6366640.61860131
 20
6174621.30874341
 10
6366642.54887402
 20
6174622.78317598
 10
6366644.28446908
 20
6174620.57888551
 10
6366649.39009364
 20
6174624.59890768
 10
6366651.47275162
 20
6174621.95389208
 10
6366654.13113774
 20
6174624.04702897
 10
6366654.23213092
 20
6174623.91876271
 10
6366661.77780333
 20
6174629.5684323
 10
6366663.62709796
 20
6174627.09852303
  0
LWPOLYLINE
  5
20074
330
1F
100
AcDbEntity
  8
tejido
100
AcDbPolyline
 90
6
 70
1
 10
6366660.45753677
 20
6174636.46496716
 10
6366658.81710408
 20
6174635.21199206
 10
6366657.56064209
 20
6174634.25229673
 10
6366654.93105801
 20
6174637.75535006
 10
6366657.80177549
 20
6174639.91062278
 10
6366660.45753677
 20
6174636.46496716
  0
LWPOLYLINE
  5
20075
330
1F
100
AcDbEntity
  8
tejido
100
AcDbPolyline
 90
12
 70
1
 10
6366657.80177549
 20
6174639.91062278
 10
6366654.93105801
 20
6174637.75535006
 10
6366654.15072863
 20
6174638.79638664
 10
6366655.34818954
 20
6174639.68901776
 10
6366654.57236773
 20
6174640.69510829
 10
6366653.3234804
 20
6174639.76171919
 10
6366652.84205237
 20
6174640.4019546
 10
6366654.08302572
 20
6174641.32922711
 10
6366655.38932565
 20
6174642.30446122
 10
6366655.74954231
 20
6174642.57376521
 10
6366657.0147351
 20
6174640.93155565
 10
6366657.80177549
 20
6174639.91062278
  0
LWPOLYLINE
  5
20076
330
1F
100
AcDbEntity
  8
tejido
100
AcDbPolyline
 90
12
 70
1
 10
6366657.56064209
 20
6174634.25229673
 10
6366657.20838275
 20
6174633.9832331
 10
6366655.71272071
 20
6174632.8408127
 10
6366655.6076131
 20
6174632.76052913
 10
6366653.70109687
 20
6174631.30344636
 10
6366653.54180259
 20
6174631.1821001
 10
6366652.25562088
 20
6174630.19915479
 10
6366651.52546172
 20
6174629.64139971
 10
6366648.85717773
 20
6174633.191908
 10
6366653.26761422
 20
6174636.50585482
 10
6366654.93105801
 20
6174637.75535006
 10
6366657.56064209
 20
6174634.25229673
  0
LWPOLYLINE
  5
20077
330
1F
100
AcDbEntity
  8
tejido
100
AcDbPolyline
 90
12
 70
1
 10
6366641.68912011
 20
6174632.0687349
 10
6366642.00480975
 20
6174632.30438315
 10
6366642.76384187
 20
6174632.87155944
 10
6366642.9874916
 20
6174633.03885261
 10
6366643.70568394
 20
6174632.07494113
 10
6366650.4241479
 20
6174637.09586654
 10
6366649.7030132
 20
6174638.05573408
 10
6366651.24186248
 20
6174639.20539257
 10
6366652.48218284
 20
6174637.55381976
 10
6366644.21472361
 20
6174631.3930921
 10
6366642.91432293
 20
6174630.42494564
 10
6366641.68912011
 20
6174632.0687349
  0
LWPOLYLINE
  5
20078
330
1F
100
AcDbEntity
  8
tejido
100
AcDbPolyline
 90
33
 70
1
 10
6366654.15072863
 20
6174638.79638664
 10
6366654.93105801
 20
6174637.75535006
 10
6366653.26761422
 20
6174636.50585482
 10
6366648.85717773
 20
6174633.191908
 10
6366651.52546172
 20
6174629.64139971
 10
6366650.4022023
 20
6174628.78295921
 10
6366650.38471757
 20
6174628.76959667
 10
6366647.72231446
 20
6174626.73537988
 10
6366647.71331062
 20
6174626.72850405
 10
6366646.92784331
 20
6174626.12867753
 10
6366642.54887402
 20
6174622.78317598
 10
6366640.61860132
 20
6174621.30874341
 10
6366640.07503453
 20
6174621.75001442
 10
6366638.00908357
 20
6174623.42663841
 10
6366637.97770332
 20
6174623.45219224
 10
6366636.8389409
 20
6174624.37700026
 10
6366634.77298994
 20
6174626.05362429
 10
6366634.74668271
 20
6174626.07424999
 10
6366634.22942315
 20
6174626.49489531
 10
6366634.47682932
 20
6174626.67953815
 10
6366635.76035848
 20
6174627.63843732
 10
6366636.66981425
 20
6174628.31782847
 10
6366638.00381315
 20
6174629.31447078
 10
6366639.42785174
 20
6174630.3794392
 10
6366640.66388249
 20
6174631.30263888
 10
6366641.68912011
 20
6174632.0687349
 10
6366642.91432293
 20
6174630.42494564
 10
6366644.21472361
 20
6174631.3930921
 10
6366652.48218284
 20
6174637.55381976
 10
6366651.24186248
 20
6174639.20539257
 10
6366652.17110319
 20
6174639.90007514
 10
6366653.41442388
 20
6174638.24854579
 10
6366654.15072863
 20
6174638.79638664
  0
LWPOLYLINE
  5
20079
330
1F
100
AcDbEntity
  8
tejido
100
AcDbPolyline
 90
10
 70
1
 10
6366651.95930095
 20
6174662.59936529
 10
6366652.97735155
 20
6174661.30668979
 10
6366653.64788684
 20
6174660.45612484
 10
6366657.26659166
 20
6174655.86204222
 10
6366654.3255324
 20
6174653.6597357
 10
6366650.05740258
 20
6174650.46588898
 10
6366644.17942754
 20
6174657.92818243
 10
6366648.82766018
 20
6174661.3306014
 10
6366651.44772465
 20
6174663.24916723
 10
6366651.95930095
 20
6174662.59936529
  0
LWPOLYLINE
  5
2007A
330
1F
100
AcDbEntity
  8
tejido
100
AcDbPolyline
 90
31
 70
1
 10
6366650.05740258
 20
6174650.46588898
 10
6366649.44979421
 20
6174650.01094206
 10
6366643.39050968
 20
6174645.47572069
 10
6366642.93431059
 20
6174645.13400319
 10
6366641.89325946
 20
6174644.35467392
 10
6366641.28762235
 20
6174643.90175619
 10
6366641.09267167
 20
6174643.7558856
 10
6366639.89922563
 20
6174642.86231229
 10
6366636.24267556
 20
6174640.1254704
 10
6366635.44111662
 20
6174639.52466734
 10
6366632.20316696
 20
6174637.10098913
 10
6366628.82073635
 20
6174634.56918342
 10
6366627.97660714
 20
6174633.93775389
 10
6366627.12060695
 20
6174633.29714946
 10
6366626.70694914
 20
6174632.98805859
 10
6366626.45955744
 20
6174632.80241563
 10
6366624.77521348
 20
6174634.1694659
 10
6366620.22323649
 20
6174637.86374124
 10
6366618.58646296
 20
6174639.19246806
 10
6366619.25458574
 20
6174639.68230274
 10
6366619.42088083
 20
6174639.80375042
 10
6366620.94917816
 20
6174640.9222461
 10
6366625.1787091
 20
6174644.01850263
 10
6366633.37150744
 20
6174650.01609618
 10
6366635.60059803
 20
6174651.64790712
 10
6366635.91338877
 20
6174651.8765111
 10
6366637.71684914
 20
6174653.19705709
 10
6366638.63540741
 20
6174653.86957776
 10
6366641.81374105
 20
6174656.19636096
 10
6366644.17942754
 20
6174657.92818243
 10
6366650.05740258
 20
6174650.46588898
  0
LWPOLYLINE
  5
2007B
330
1F
100
AcDbEntity
  8
tejido
100
AcDbPolyline
 90
7
 70
1
 10
6366648.99688355
 20
6174666.35968222
 10
6366646.4877742
 20
6174664.51574745
 10
6366644.21317053
 20
6174667.61381074
 10
6366643.01411619
 20
6174669.31699807
 10
6366645.35790165
 20
6174671.04149988
 10
6366646.61638329
 20
6174669.37918643
 10
6366648.99688355
 20
6174666.35968222
  0
LWPOLYLINE
  5
2007C
330
1F
100
AcDbEntity
  8
tejido
100
AcDbPolyline
 90
13
 70
1
 10
6366646.4877742
 20
6174664.51574745
 10
6366648.82766018
 20
6174661.3306014
 10
6366644.17942754
 20
6174657.92818243
 10
6366641.81374105
 20
6174656.19636096
 10
6366638.63540741
 20
6174653.86957776
 10
6366636.60775733
 20
6174656.63110836
 10
6366638.00589446
 20
6174657.68869916
 10
6366639.84533041
 20
6174659.0807893
 10
6366636.10645564
 20
6174664.23631393
 10
6366638.89465619
 20
6174666.28735773
 10
6366643.01411619
 20
6174669.31699807
 10
6366644.21317053
 20
6174667.61381074
 10
6366646.4877742
 20
6174664.51574745
  0
LWPOLYLINE
  5
2007D
330
1F
100
AcDbEntity
  8
tejido
100
AcDbPolyline
 90
6
 70
1
 10
6366638.63540741
 20
6174653.86957776
 10
6366637.71684914
 20
6174653.19705709
 10
6366635.91338877
 20
6174651.8765111
 10
6366633.88681121
 20
6174654.63305563
 10
6366636.60775733
 20
6174656.63110836
 10
6366638.63540741
 20
6174653.86957776
  0
LWPOLYLINE
  5
2007E
330
1F
100
AcDbEntity
  8
tejido
100
AcDbPolyline
 90
7
 70
1
 10
6366636.60775733
 20
6174656.63110836
 10
6366634.57299055
 20
6174659.4005385
 10
6366632.83819809
 20
6174661.83320375
 10
6366636.10645564
 20
6174664.23631393
 10
6366639.84533041
 20
6174659.0807893
 10
6366638.00589446
 20
6174657.68869916
 10
6366636.60775733
 20
6174656.63110836
  0
LWPOLYLINE
  5
2007F
330
1F
100
AcDbEntity
  8
tejido
100
AcDbPolyline
 90
10
 70
1
 10
6366636.60775733
 20
6174656.63110836
 10
6366633.88681121
 20
6174654.63305563
 10
6366635.91338877
 20
6174651.8765111
 10
6366635.60059803
 20
6174651.64790712
 10
6366633.37150744
 20
6174650.01609618
 10
6366629.31422141
 20
6174655.53812837
 10
6366627.58248718
 20
6174657.96683665
 10
6366632.83819809
 20
6174661.83320375
 10
6366634.57299055
 20
6174659.4005385
 10
6366636.60775733
 20
6174656.63110836
  0
LWPOLYLINE
  5
20080
330
1F
100
AcDbEntity
  8
tejido
100
AcDbPolyline
 90
9
 70
1
 10
6366625.1787091
 20
6174644.01850263
 10
6366620.94917816
 20
6174640.9222461
 10
6366619.42088083
 20
6174639.80375042
 10
6366619.25458574
 20
6174639.68230274
 10
6366618.58646296
 20
6174639.19246806
 10
6366610.75527179
 20
6174645.59013015
 10
6366611.58767499
 20
6174646.20238365
 10
6366619.41780765
 20
6174651.96164796
 10
6366625.1787091
 20
6174644.01850263
  0
LWPOLYLINE
  5
20081
330
1F
100
AcDbEntity
  8
tejido
100
AcDbPolyline
 90
5
 70
1
 10
6366625.28422881
 20
6174656.27600488
 10
6366621.63491147
 20
6174653.59228499
 10
6366619.45947698
 20
6174656.47371439
 10
6366623.10370686
 20
6174659.16336251
 10
6366625.28422881
 20
6174656.27600488
  0
LWPOLYLINE
  5
20082
330
1F
100
AcDbEntity
  8
tejido
100
AcDbPolyline
 90
6
 70
1
 10
6366613.82803183
 20
6174660.65951657
 10
6366617.4040218
 20
6174663.29515892
 10
6366619.59928468
 20
6174660.42602058
 10
6366617.31789779
 20
6174658.74443612
 10
6366616.02329475
 20
6174657.79037822
 10
6366613.82803183
 20
6174660.65951657
  0
LWPOLYLINE
  5
20083
330
1F
100
AcDbEntity
  8
tejido
100
AcDbPolyline
 90
27
 70
1
 10
6366638.89465619
 20
6174666.28735773
 10
6366636.10645564
 20
6174664.23631393
 10
6366632.83819809
 20
6174661.83320375
 10
6366627.58248718
 20
6174657.96683665
 10
6366625.28422881
 20
6174656.27600488
 10
6366623.10370686
 20
6174659.16336251
 10
6366619.45947698
 20
6174656.47371439
 10
6366621.63491147
 20
6174653.59228499
 10
6366619.41780765
 20
6174651.96164796
 10
6366611.58767499
 20
6174646.20238365
 10
6366610.75527179
 20
6174645.59013015
 10
6366602.54164686
 20
6174652.21632823
 10
6366603.93681277
 20
6174653.27187547
 10
6366613.0610856
 20
6174660.0862237
 10
6366613.82803183
 20
6174660.65951657
 10
6366616.02329475
 20
6174657.79037822
 10
6366617.31789779
 20
6174658.74443612
 10
6366619.59928468
 20
6174660.42602058
 10
6366617.4040218
 20
6174663.29515892
 10
6366622.24094414
 20
6174666.86136381
 10
6366625.45764503
 20
6174669.23271708
 10
6366627.6539224
 20
6174666.36259316
 10
6366628.02409679
 20
6174666.63504238
 10
6366632.20976775
 20
6174669.72065984
 10
6366634.04542641
 20
6174667.23043663
 10
6366636.70391596
 20
6174669.18957214
 10
6366638.89465619
 20
6174666.28735773
  0
LWPOLYLINE
  5
20084
330
1F
100
AcDbEntity
  8
tejido
100
AcDbPolyline
 90
23
 70
1
 10
6366622.24094414
 20
6174666.86136381
 10
6366617.4040218
 20
6174663.29515892
 10
6366613.82803183
 20
6174660.65951657
 10
6366613.0610856
 20
6174660.0862237
 10
6366603.93681277
 20
6174653.27187547
 10
6366602.54164686
 20
6174652.21632823
 10
6366598.71948887
 20
6174655.31798122
 10
6366592.33942734
 20
6174660.49626403
 10
6366589.12864066
 20
6174663.10261051
 10
6366604.15283196
 20
6174674.12876749
 10
6366608.20606721
 20
6174677.10343117
 10
6366608.99097208
 20
6174677.67998514
 10
6366612.44538253
 20
6174680.21483392
 10
6366613.2530582
 20
6174680.80772294
 10
6366614.54525364
 20
6174679.09688178
 10
6366613.73959268
 20
6174678.50302163
 10
6366614.22632552
 20
6174677.84185611
 10
6366614.93447318
 20
6174676.8807999
 10
6366611.48517927
 20
6174674.33802262
 10
6366613.6259139
 20
6174671.43508352
 10
6366615.83809091
 20
6174668.4341473
 10
6366619.28738473
 20
6174670.97692461
 10
6366622.24094414
 20
6174666.86136381
  0
LWPOLYLINE
  5
20085
330
1F
100
AcDbEntity
  8
tejido
100
AcDbPolyline
 90
22
 70
1
 10
6366618.01615812
 20
6174698.23935422
 10
6366621.09959769
 20
6174695.86123739
 10
6366624.17193456
 20
6174693.48996204
 10
6366627.27359349
 20
6174691.09710438
 10
6366623.84986792
 20
6174688.58470749
 10
6366613.2530582
 20
6174680.80772294
 10
6366612.44538253
 20
6174680.21483392
 10
6366608.99097208
 20
6174677.67998514
 10
6366608.20606721
 20
6174677.10343117
 10
6366604.15283196
 20
6174674.12876749
 10
6366589.12864066
 20
6174663.10261051
 10
6366580.1694268
 20
6174670.37422125
 10
6366588.98728689
 20
6174676.86502707
 10
6366589.165453
 20
6174676.99564965
 10
6366593.56001899
 20
6174680.23134124
 10
6366601.32475371
 20
6174685.94764398
 10
6366601.60485948
 20
6174686.15376731
 10
6366604.91168737
 20
6174688.58744596
 10
6366613.87301349
 20
6174695.18736378
 10
6366616.87098907
 20
6174699.12305647
 10
6366617.85025587
 20
6174698.36699302
 10
6366618.01615812
 20
6174698.23935422
  0
LWPOLYLINE
  5
20086
330
1F
100
AcDbEntity
  8
tejido
100
AcDbPolyline
 90
12
 70
1
 10
6366590.5913264
 20
6174707.97134552
 10
6366590.80968291
 20
6174707.67541176
 10
6366592.61770093
 20
6174705.22880184
 10
6366575.47716841
 20
6174692.5214519
 10
6366575.20373355
 20
6174692.89061177
 10
6366576.31218432
 20
6174693.71293106
 10
6366575.39497088
 20
6174694.9500493
 10
6366573.66055465
 20
6174697.28768985
 10
6366589.69955058
 20
6174709.17882252
 10
6366589.94238795
 20
6174708.8502327
 10
6366589.99646615
 20
6174708.7769921
 10
6366590.5913264
 20
6174707.97134552
  0
LWPOLYLINE
  5
20087
330
1F
100
AcDbEntity
  8
tejido
100
AcDbPolyline
 90
36
 70
1
 10
6366595.04914745
 20
6174701.9379466
 10
6366595.10832765
 20
6174701.85777765
 10
6366595.55830295
 20
6174701.24809643
 10
6366596.65311484
 20
6174699.76647093
 10
6366598.19891663
 20
6174697.6741786
 10
6366598.24789285
 20
6174697.60786637
 10
6366598.25809683
 20
6174697.59400965
 10
6366598.70910123
 20
6174696.98234271
 10
6366598.9019333
 20
6174696.72205088
 10
6366599.80389863
 20
6174695.50171735
 10
6366599.92227352
 20
6174695.34037933
 10
6366599.98145371
 20
6174695.26021038
 10
6366600.02429884
 20
6174695.20281225
 10
6366600.0998141
 20
6174695.09987247
 10
6366600.1589943
 20
6174695.01970352
 10
6366600.2181745
 20
6174694.93953456
 10
6366600.27735469
 20
6174694.85936561
 10
6366602.43738115
 20
6174691.93669924
 10
6366598.85640466
 20
6174689.29998454
 10
6366601.32475371
 20
6174685.94764398
 10
6366593.56001899
 20
6174680.23134124
 10
6366589.165453
 20
6174676.99564965
 10
6366581.86626196
 20
6174682.92186483
 10
6366579.74337171
 20
6174681.3476105
 10
6366579.11986275
 20
6174680.88543092
 10
6366575.85744726
 20
6174683.53404376
 10
6366574.77076723
 20
6174682.728045
 10
6366573.36836846
 20
6174681.68839822
 10
6366569.97335868
 20
6174684.44412563
 10
6366571.36190074
 20
6174685.47356843
 10
6366577.39012539
 20
6174689.943319
 10
6366577.30749342
 20
6174690.05415828
 10
6366575.47716841
 20
6174692.5214519
 10
6366592.61770093
 20
6174705.22880184
 10
6366594.42674804
 20
6174702.78020621
 10
6366595.04914745
 20
6174701.9379466
  0
LWPOLYLINE
  5
20088
330
1F
100
AcDbEntity
  8
tejido
100
AcDbPolyline
 90
13
 70
1
 10
6366589.165453
 20
6174676.99564965
 10
6366588.98728689
 20
6174676.86502707
 10
6366580.1694268
 20
6174670.37422125
 10
6366566.6986893
 20
6174681.30968504
 10
6366566.31644518
 20
6174681.73228647
 10
6366569.97335868
 20
6174684.44412563
 10
6366573.36836846
 20
6174681.68839822
 10
6366574.77076723
 20
6174682.728045
 10
6366575.85744726
 20
6174683.53404376
 10
6366579.11986275
 20
6174680.88543092
 10
6366579.74337171
 20
6174681.3476105
 10
6366581.86626196
 20
6174682.92186483
 10
6366589.165453
 20
6174676.99564965
  0
LWPOLYLINE
  5
20089
330
1F
100
AcDbEntity
  8
tejido
100
AcDbPolyline
 90
5
 70
1
 10
6366638.6328566
 20
6174636.91593986
 10
6366637.83128319
 20
6174636.31613691
 10
6366635.44104341
 20
6174639.5245612
 10
6366636.24260235
 20
6174640.12536427
 10
6366638.6328566
 20
6174636.91593986
  0
LWPOLYLINE
  5
2008A
330
1F
100
AcDbEntity
  8
tejido
100
AcDbPolyline
 90
5
 70
1
 10
6366644.54709632
 20
6174708.91392915
 10
6366644.04328285
 20
6174708.54451322
 10
6366641.37766726
 20
6174712.18709077
 10
6366641.88049511
 20
6174712.55549209
 10
6366644.54709632
 20
6174708.91392915
  0
LWPOLYLINE
  5
2008B
330
1F
100
AcDbEntity
  8
tejido
100
AcDbPolyline
 90
5
 70
1
 10
6366644.04328285
 20
6174708.54451322
 10
6366641.44001714
 20
6174706.64019562
 10
6366638.77540162
 20
6174710.28278768
 10
6366641.37766726
 20
6174712.18709077
 10
6366644.04328285
 20
6174708.54451322
  0
LWPOLYLINE
  5
2008C
330
1F
100
AcDbEntity
  8
tejido
100
AcDbPolyline
 90
7
 70
1
 10
6366641.44015688
 20
6174706.64027618
 10
6366640.47111045
 20
6174705.93100528
 10
6366638.43135871
 20
6174706.4176147
 10
6366636.7097762
 20
6174708.77045977
 10
6366637.51648347
 20
6174709.36131347
 10
6366638.77551852
 20
6174710.28286058
 10
6366641.44015688
 20
6174706.64027618
  0
LWPOLYLINE
  5
2008D
330
1F
100
AcDbEntity
  8
tejido
100
AcDbPolyline
 90
16
 70
1
 10
6366646.30891786
 20
6174706.0655204
 10
6366643.60966976
 20
6174704.08878932
 10
6366642.64062713
 20
6174703.3795258
 10
6366641.37167933
 20
6174702.44984761
 10
6366639.25641361
 20
6174700.90171261
 10
6366637.28272626
 20
6174703.59800385
 10
6366636.81022692
 20
6174704.24337035
 10
6366638.26031222
 20
6174705.30571477
 10
6366638.73678303
 20
6174704.66240645
 10
6366639.38216402
 20
6174705.13390566
 10
6366640.47097451
 20
6174705.9309321
 10
6366641.44001714
 20
6174706.64019562
 10
6366644.04328285
 20
6174708.54451322
 10
6366644.54709632
 20
6174708.91392915
 10
6366646.51975449
 20
6174706.21962368
 10
6366646.30891786
 20
6174706.0655204
  0
LWPOLYLINE
  5
2008E
330
1F
100
AcDbEntity
  8
tejido
100
AcDbPolyline
 90
10
 70
1
 10
6366647.52851413
 20
6174697.8345145
 10
6366651.20238485
 20
6174700.48057699
 10
6366654.44568442
 20
6174695.97508597
 10
6366654.95099874
 20
6174695.27417673
 10
6366654.07486582
 20
6174694.6422838
 10
6366653.569537
 20
6174695.34419315
 10
6366651.33906949
 20
6174693.73837111
 10
6366649.90781662
 20
6174695.7262881
 10
6366649.34054642
 20
6174695.31794056
 10
6366647.52851413
 20
6174697.8345145
  0
LWPOLYLINE
  5
2008F
330
1F
100
AcDbEntity
  8
tejido
100
AcDbPolyline
 90
7
 70
1
 10
6366666.0867125
 20
6174695.68964077
 10
6366663.46613864
 20
6174693.66904024
 10
6366661.32050688
 20
6174696.56291639
 10
6366661.63332354
 20
6174696.79249658
 10
6366664.72345002
 20
6174699.0589905
 10
6366666.93459643
 20
6174696.40515461
 10
6366666.0867125
 20
6174695.68964077
  0
LWPOLYLINE
  5
20090
330
1F
100
AcDbEntity
  8
tejido
100
AcDbPolyline
 90
8
 70
1
 10
6366657.29979774
 20
6174689.05716904
 10
6366655.8528362
 20
6174687.98386434
 10
6366653.65825427
 20
6174690.94406973
 10
6366654.39469369
 20
6174691.4839015
 10
6366655.11033712
 20
6174692.00945042
 10
6366656.90581976
 20
6174693.32585724
 10
6366659.08817652
 20
6174690.38348597
 10
6366657.29979774
 20
6174689.05716904
  0
LWPOLYLINE
  5
20091
330
1F
100
AcDbEntity
  8
tejido
100
AcDbPolyline
 90
24
 70
1
 10
6366652.17115637
 20
6174639.90002593
 10
6366651.24188934
 20
6174639.20537375
 10
6366649.70304759
 20
6174638.0557012
 10
6366649.32402118
 20
6174637.77314296
 10
6366648.09169381
 20
6174639.42483794
 10
6366647.76317777
 20
6174639.17897279
 10
6366647.39899887
 20
6174639.66689885
 10
6366641.16327702
 20
6174635.01807839
 10
6366640.74504264
 20
6174635.5791589
 10
6366637.40694689
 20
6174633.09104463
 10
6366637.12745221
 20
6174633.46510892
 10
6366638.94643437
 20
6174634.81989384
 10
6366642.1370437
 20
6174637.19688839
 10
6366645.4097869
 20
6174639.63606663
 10
6366644.76913446
 20
6174640.49602489
 10
6366644.28452394
 20
6174641.14626093
 10
6366641.89328994
 20
6174644.35467518
 10
6366642.93434336
 20
6174645.13398152
 10
6366643.39054067
 20
6174645.47572098
 10
6366649.44981127
 20
6174650.01092603
 10
6366655.3893922
 20
6174642.30446788
 10
6366654.08308573
 20
6174641.32917897
 10
6366652.84208401
 20
6174640.40190947
 10
6366652.17115637
 20
6174639.90002593
  0
LWPOLYLINE
  5
20092
330
1F
100
AcDbEntity
  8
tejido
100
AcDbPolyline
 90
6
 70
1
 10
6366644.28442604
 20
6174641.14615802
 10
6366643.48383825
 20
6174640.54736969
 10
6366641.09259845
 20
6174643.75577947
 10
6366641.28754913
 20
6174643.90165006
 10
6366641.89318625
 20
6174644.35456779
 10
6366644.28442604
 20
6174641.14615802
  0
LWPOLYLINE
  5
20093
330
1F
100
AcDbEntity
  8
tejido
100
AcDbPolyline
 90
7
 70
1
 10
6366642.00473654
 20
6174632.30427702
 10
6366641.6890469
 20
6174632.06862876
 10
6366640.66380928
 20
6174631.30253275
 10
6366639.42777853
 20
6174630.37933306
 10
6366638.85648586
 20
6174631.14630814
 10
6366641.43548757
 20
6174633.06828073
 10
6366642.00473654
 20
6174632.30427702
  0
LWPOLYLINE
  5
20094
330
1F
100
AcDbEntity
  8
tejido
100
AcDbPolyline
 90
10
 70
1
 10
6366642.1370437
 20
6174637.19688839
 10
6366638.94643437
 20
6174634.81989384
 10
6366638.30578102
 20
6174635.67991315
 10
6366637.83138566
 20
6174636.31619348
 10
6366638.63295645
 20
6174636.9160091
 10
6366643.48397672
 20
6174640.54743704
 10
6366644.28452394
 20
6174641.14626093
 10
6366644.76913446
 20
6174640.49602489
 10
6366645.4097869
 20
6174639.63606663
 10
6366642.1370437
 20
6174637.19688839
  0
LWPOLYLINE
  5
20095
330
1F
100
AcDbEntity
  8
tejido
100
AcDbPolyline
 90
6
 70
1
 10
6366643.48383825
 20
6174640.54736969
 10
6366638.6328566
 20
6174636.91593986
 10
6366636.24260235
 20
6174640.12536427
 10
6366639.89915242
 20
6174642.86220616
 10
6366641.09259845
 20
6174643.75577947
 10
6366643.48383825
 20
6174640.54736969
  0
LWPOLYLINE
  5
20096
330
1F
100
AcDbEntity
  8
tejido
100
AcDbPolyline
 90
17
 70
1
 10
6366649.3239095
 20
6174637.77304718
 10
6366642.98741839
 20
6174633.03874648
 10
6366642.76376865
 20
6174632.87145331
 10
6366642.00473654
 20
6174632.30427702
 10
6366641.43548757
 20
6174633.06828073
 10
6366638.85648586
 20
6174631.14630814
 10
6366639.42777853
 20
6174630.37933306
 10
6366638.00373994
 20
6174629.31436465
 10
6366635.70326327
 20
6174632.40305003
 10
6366637.12734534
 20
6174633.4650181
 10
6366637.40685335
 20
6174633.09094471
 10
6366640.7449017
 20
6174635.57909347
 10
6366641.16316359
 20
6174635.01796891
 10
6366647.39886014
 20
6174639.66678216
 10
6366647.7630438
 20
6174639.17889818
 10
6366648.09159004
 20
6174639.42473592
 10
6366649.3239095
 20
6174637.77304718
  0
LWPOLYLINE
  5
20097
330
1F
100
AcDbEntity
  8
tejido
100
AcDbPolyline
 90
16
 70
1
 10
6366637.83128319
 20
6174636.31613691
 10
6366638.30565249
 20
6174635.67980052
 10
6366638.94631485
 20
6174634.8197999
 10
6366637.12734534
 20
6174633.4650181
 10
6366635.70326327
 20
6174632.40305003
 10
6366635.36354596
 20
6174632.85927809
 10
6366635.96326932
 20
6174633.30610824
 10
6366634.75335798
 20
6174634.93011258
 10
6366634.60887706
 20
6174634.82198513
 10
6366634.3711851
 20
6174635.14064615
 10
6366634.69183185
 20
6174635.37936719
 10
6366633.88078905
 20
6174636.46897478
 10
6366633.10489985
 20
6174635.89155104
 10
6366632.20309374
 20
6174637.100883
 10
6366635.44104341
 20
6174639.5245612
 10
6366637.83128319
 20
6174636.31613691
  0
LWPOLYLINE
  5
20098
330
1F
100
AcDbEntity
  8
tejido
100
AcDbPolyline
 90
17
 70
1
 10
6366635.70326327
 20
6174632.40305003
 10
6366638.00373994
 20
6174629.31436465
 10
6366636.66974103
 20
6174628.31772234
 10
6366635.76028526
 20
6174627.63833119
 10
6366634.15596457
 20
6174628.93651798
 10
6366627.97653393
 20
6174633.93764775
 10
6366628.82066314
 20
6174634.56907729
 10
6366632.20309374
 20
6174637.100883
 10
6366633.10489985
 20
6174635.89155104
 10
6366633.88078905
 20
6174636.46897478
 10
6366634.69183185
 20
6174635.37936719
 10
6366634.3711851
 20
6174635.14064615
 10
6366634.60887706
 20
6174634.82198513
 10
6366634.75335798
 20
6174634.93011258
 10
6366635.96326932
 20
6174633.30610824
 10
6366635.36354596
 20
6174632.85927809
 10
6366635.70326327
 20
6174632.40305003
  0
LWPOLYLINE
  5
20099
330
1F
100
AcDbEntity
  8
tejido
100
AcDbPolyline
 90
10
 70
1
 10
6366634.47687706
 20
6174626.67952793
 10
6366634.22947132
 20
6174626.49485481
 10
6366632.62914263
 20
6174627.79412125
 10
6366626.45957979
 20
6174632.80240456
 10
6366626.70697139
 20
6174632.98805435
 10
6366627.1206593
 20
6174633.29712416
 10
6366627.97664986
 20
6174633.93771917
 10
6366634.15606082
 20
6174628.93659986
 10
6366635.76040325
 20
6174627.6384295
 10
6366634.47687706
 20
6174626.67952793
  0
LWPOLYLINE
  5
2009A
330
1F
100
AcDbEntity
  8
tejido
100
AcDbPolyline
 90
8
 70
1
 10
6366633.37150744
 20
6174650.01609618
 10
6366625.1787091
 20
6174644.01850263
 10
6366619.41780765
 20
6174651.96164796
 10
6366621.63491147
 20
6174653.59228499
 10
6366625.28422881
 20
6174656.27600488
 10
6366627.58248718
 20
6174657.96683665
 10
6366629.31422141
 20
6174655.53812837
 10
6366633.37150744
 20
6174650.01609618
  0
LWPOLYLINE
  5
2009B
330
1F
100
AcDbEntity
  8
tejido
100
AcDbPolyline
 90
5
 70
1
 10
6366575.39497088
 20
6174694.9500493
 10
6366570.21787642
 20
6174691.11182972
 10
6366568.48741711
 20
6174693.45252858
 10
6366573.66055465
 20
6174697.28768985
 10
6366575.39497088
 20
6174694.9500493
  0
LWPOLYLINE
  5
2009C
330
1F
100
AcDbEntity
  8
tejido
100
AcDbPolyline
 90
19
 70
1
 10
6366575.47716841
 20
6174692.5214519
 10
6366577.30749342
 20
6174690.05415828
 10
6366577.39012539
 20
6174689.943319
 10
6366571.36190074
 20
6174685.47356843
 10
6366569.97335868
 20
6174684.44412563
 10
6366566.31644518
 20
6174681.73228647
 10
6366565.02126203
 20
6174683.16599474
 10
6366564.28599903
 20
6174684.75586244
 10
6366563.8956406
 20
6174685.60048329
 10
6366563.92431823
 20
6174686.86630925
 10
6366563.95638864
 20
6174688.31224278
 10
6366565.17233947
 20
6174690.69062374
 10
6366566.22695961
 20
6174691.77624891
 10
6366568.48741711
 20
6174693.45252858
 10
6366570.21787642
 20
6174691.11182972
 10
6366575.39497088
 20
6174694.9500493
 10
6366576.31218432
 20
6174693.71293106
 10
6366575.20373355
 20
6174692.89061177
 10
6366575.47716841
 20
6174692.5214519
  0
LWPOLYLINE
  5
2009D
330
1F
100
AcDbEntity
  8
tejido
100
AcDbPolyline
 90
11
 70
1
 10
6366625.41265301
 20
6174707.20937812
 10
6366626.9624116
 20
6174705.12014425
 10
6366627.10319465
 20
6174704.93112178
 10
6366623.80033836
 20
6174702.49950167
 10
6366623.72016941
 20
6174702.44032148
 10
6366622.35132556
 20
6174701.4321711
 10
6366621.45249105
 20
6174702.64354699
 10
6366619.15387035
 20
6174705.74226322
 10
6366623.89350636
 20
6174709.25704185
 10
6366625.30928871
 20
6174707.34870326
 10
6366625.41265301
 20
6174707.20937812
  0
LWPOLYLINE
  5
2009E
330
1F
100
AcDbEntity
  8
tejido
100
AcDbPolyline
 90
33
 70
1
 10
6366615.28844995
 20
6174709.27543011
 10
6366614.83447423
 20
6174709.88505334
 10
6366614.77529404
 20
6174709.96522229
 10
6366613.20105456
 20
6174712.08711233
 10
6366616.09393486
 20
6174714.23170212
 10
6366617.21214042
 20
6174712.72340681
 10
6366617.23047486
 20
6174712.56262019
 10
6366617.2418085
 20
6174712.40173216
 10
6366617.2441556
 20
6174712.23971361
 10
6366617.2384873
 20
6174712.07857928
 10
6366617.22581819
 20
6174711.91734353
 10
6366617.20413356
 20
6174711.7569775
 10
6366617.17541916
 20
6174711.59851028
 10
6366617.13768924
 20
6174711.44091277
 10
6366617.09292954
 20
6174711.28521409
 10
6366617.04112558
 20
6174711.13241432
 10
6366616.98127723
 20
6174710.98249899
 10
6366616.9133845
 20
6174710.8354681
 10
6366616.83943314
 20
6174710.69235074
 10
6366616.7584375
 20
6174710.5521323
 10
6366616.66936852
 20
6174710.41679854
 10
6366616.57522651
 20
6174710.2863929
 10
6366616.47402576
 20
6174710.1598863
 10
6366616.36673738
 20
6174710.03929345
 10
6366616.25337588
 20
6174709.92361425
 10
6366616.13492688
 20
6174709.8138633
 10
6366616.01039026
 20
6174709.7100261
 10
6366615.88175176
 20
6174709.61313175
 10
6366615.74802576
 20
6174709.52216565
 10
6366615.61019789
 20
6174709.43814239
 10
6366615.46826814
 20
6174709.36106199
 10
6366615.32223652
 20
6174709.29092443
 10
6366615.28844995
 20
6174709.27543011
  0
LWPOLYLINE
  5
2009F
330
1F
100
AcDbEntity
  8
tejido
100
AcDbPolyline
 90
19
 70
1
 10
6366616.31202113
 20
6174719.47856168
 10
6366616.41253785
 20
6174719.3430451
 10
6366616.43241071
 20
6174719.31625252
 10
6366617.82197837
 20
6174717.44376895
 10
6366617.84851741
 20
6174717.40714141
 10
6366617.88115856
 20
6174717.36359999
 10
6366615.23078534
 20
6174715.39657978
 10
6366616.09393486
 20
6174714.23170212
 10
6366613.20105456
 20
6174712.08711233
 10
6366612.59933081
 20
6174711.64025333
 10
6366611.07505317
 20
6174713.69684575
 10
6366611.01587298
 20
6174713.7770147
 10
6366611.09604194
 20
6174713.83619489
 10
6366611.73835022
 20
6174714.31265123
 10
6366610.01005093
 20
6174716.64237763
 10
6366612.82176223
 20
6174718.72777272
 10
6366613.68591185
 20
6174717.56290953
 10
6366616.29671516
 20
6174719.49934676
 10
6366616.31202113
 20
6174719.47856168
  0
LWPOLYLINE
  5
200A0
330
1F
100
AcDbEntity
  8
tejido
100
AcDbPolyline
 90
6
 70
1
 10
6366611.01587298
 20
6174713.7770147
 10
6366609.28657357
 20
6174716.10672661
 10
6366610.01005093
 20
6174716.64237763
 10
6366611.73835022
 20
6174714.31265123
 10
6366611.09604193
 20
6174713.83619489
 10
6366611.01587298
 20
6174713.7770147
  0
LWPOLYLINE
  5
200A1
330
1F
100
AcDbEntity
  8
tejido
100
AcDbPolyline
 90
7
 70
1
 10
6366608.4842385
 20
6174711.89974308
 10
6366608.40406955
 20
6174711.84056289
 10
6366603.82475669
 20
6174708.44514463
 10
6366603.74458773
 20
6174708.38596444
 10
6366602.5519394
 20
6174709.99221349
 10
6366607.29257583
 20
6174713.50700673
 10
6366608.4842385
 20
6174711.89974308
  0
LWPOLYLINE
  5
200A2
330
1F
100
AcDbEntity
  8
tejido
100
AcDbPolyline
 90
9
 70
1
 10
6366603.74458773
 20
6174708.38596444
 10
6366603.82475669
 20
6174708.44514463
 10
6366608.40406955
 20
6174711.84056289
 10
6366608.4842385
 20
6174711.89974308
 10
6366608.54341869
 20
6174711.81957413
 10
6366609.37798551
 20
6174710.69429536
 10
6366604.63734914
 20
6174707.1795021
 10
6366603.80376792
 20
6174708.30579548
 10
6366603.74458773
 20
6174708.38596444
  0
LWPOLYLINE
  5
200A3
330
1F
100
AcDbEntity
  8
tejido
100
AcDbPolyline
 90
16
 70
1
 10
6366622.28559669
 20
6174711.42445896
 10
6366617.66569951
 20
6174707.99944351
 10
6366612.90329259
 20
6174704.46832973
 10
6366600.1589943
 20
6174695.01970352
 10
6366600.0998141
 20
6174695.09987247
 10
6366600.02429884
 20
6174695.20281225
 10
6366599.98145371
 20
6174695.26021038
 10
6366599.92227352
 20
6174695.34037933
 10
6366604.26007931
 20
6174698.55824277
 10
6366603.42749818
 20
6174699.68455062
 10
6366611.83000477
 20
6174705.91425531
 10
6366616.59241172
 20
6174709.44536907
 10
6366621.21229444
 20
6174712.87138463
 10
6366622.15297392
 20
6174711.60259609
 10
6366622.22541638
 20
6174711.50461342
 10
6366622.28559669
 20
6174711.42445896
  0
LWPOLYLINE
  5
200A4
330
1F
100
AcDbEntity
  8
tejido
100
AcDbPolyline
 90
5
 70
1
 10
6366657.6976077
 20
6174664.98013446
 10
6366652.97727834
 20
6174661.30658366
 10
6366651.95922773
 20
6174662.59925917
 10
6366656.6874856
 20
6174666.27792644
 10
6366657.6976077
 20
6174664.98013446
  0
LWPOLYLINE
  5
200A5
330
1F
100
AcDbEntity
  8
tejido
100
AcDbPolyline
 90
50
 70
1
 10
6366618.9932475
 20
6174715.86321867
 10
6366619.23457843
 20
6174715.53798448
 10
6366621.02965189
 20
6174713.11881985
 10
6366621.03475388
 20
6174713.11189148
 10
6366621.1173875
 20
6174713.00004666
 10
6366621.12250231
 20
6174712.99312374
 10
6366621.15311425
 20
6174712.95155358
 10
6366621.21229444
 20
6174712.87138463
 10
6366616.59241172
 20
6174709.44536908
 10
6366611.83000477
 20
6174705.91425531
 10
6366603.42749818
 20
6174699.68455062
 10
6366604.26007931
 20
6174698.55824277
 10
6366599.92227352
 20
6174695.34037933
 10
6366599.80389864
 20
6174695.50171735
 10
6366598.9019333
 20
6174696.72205088
 10
6366598.70910123
 20
6174696.98234271
 10
6366611.44844254
 20
6174706.42789611
 10
6366615.28844995
 20
6174709.27543011
 10
6366615.32223652
 20
6174709.29092443
 10
6366615.46826814
 20
6174709.36106199
 10
6366615.61019789
 20
6174709.4381424
 10
6366615.74802576
 20
6174709.52216565
 10
6366615.88175176
 20
6174709.61313176
 10
6366616.01039026
 20
6174709.71002611
 10
6366616.13492688
 20
6174709.8138633
 10
6366616.25337588
 20
6174709.92361426
 10
6366616.36673738
 20
6174710.03929345
 10
6366616.47402576
 20
6174710.1598863
 10
6366616.57522651
 20
6174710.2863929
 10
6366616.66936852
 20
6174710.41679854
 10
6366616.75843751
 20
6174710.55213231
 10
6366616.83943314
 20
6174710.69235074
 10
6366616.9133845
 20
6174710.8354681
 10
6366616.98127723
 20
6174710.98249899
 10
6366617.04112558
 20
6174711.13241432
 10
6366617.09292954
 20
6174711.28521409
 10
6366617.13768924
 20
6174711.44091278
 10
6366617.17541916
 20
6174711.59851028
 10
6366617.20413356
 20
6174711.7569775
 10
6366617.22581819
 20
6174711.91734353
 10
6366617.2384873
 20
6174712.07857928
 10
6366617.2441556
 20
6174712.23971362
 10
6366617.2418085
 20
6174712.40173216
 10
6366617.23047487
 20
6174712.56262019
 10
6366617.21214042
 20
6174712.72340681
 10
6366616.09393486
 20
6174714.23170212
 10
6366615.23078534
 20
6174715.39657978
 10
6366617.88115856
 20
6174717.36359999
 10
6366618.7728763
 20
6174716.16012354
 10
6366618.9932475
 20
6174715.86321867
  0
LWPOLYLINE
  5
200A6
330
1F
100
AcDbEntity
  8
tejido
100
AcDbPolyline
 90
6
 70
1
 10
6366615.28844995
 20
6174709.27543011
 10
6366611.44844254
 20
6174706.4278961
 10
6366598.70910123
 20
6174696.98234271
 10
6366598.25809683
 20
6174697.59400965
 10
6366614.83447423
 20
6174709.88505334
 10
6366615.28844995
 20
6174709.27543011
  0
LWPOLYLINE
  5
200A7
330
1F
100
AcDbEntity
  8
tejido
100
AcDbPolyline
 90
20
 70
1
 10
6366613.20105456
 20
6174712.08711233
 10
6366614.77529404
 20
6174709.96522229
 10
6366614.83447423
 20
6174709.88505334
 10
6366598.25809683
 20
6174697.59400965
 10
6366598.24789285
 20
6174697.60786637
 10
6366598.19891663
 20
6174697.6741786
 10
6366596.65311484
 20
6174699.76647093
 10
6366595.55830295
 20
6174701.24809643
 10
6366595.10832765
 20
6174701.85777765
 10
6366595.04914745
 20
6174701.9379466
 10
6366603.74458773
 20
6174708.38596444
 10
6366603.80376792
 20
6174708.30579548
 10
6366604.63734914
 20
6174707.1795021
 10
6366609.37798551
 20
6174710.69429536
 10
6366608.54341869
 20
6174711.81957413
 10
6366608.4842385
 20
6174711.89974308
 10
6366611.01587298
 20
6174713.7770147
 10
6366611.07505317
 20
6174713.69684575
 10
6366612.59933081
 20
6174711.64025332
 10
6366613.20105456
 20
6174712.08711233
  0
LWPOLYLINE
  5
200A8
330
1F
100
AcDbEntity
  8
tejido
100
AcDbPolyline
 90
21
 70
1
 10
6366613.46857468
 20
6174723.31262644
 10
6366613.82567051
 20
6174722.83064157
 10
6366616.29671516
 20
6174719.49934676
 10
6366613.68591185
 20
6174717.56290952
 10
6366612.82176223
 20
6174718.72777272
 10
6366610.01005093
 20
6174716.64237763
 10
6366609.28657357
 20
6174716.10672661
 10
6366611.01587298
 20
6174713.7770147
 10
6366608.4842385
 20
6174711.89974308
 10
6366607.29257583
 20
6174713.50700673
 10
6366602.5519394
 20
6174709.99221349
 10
6366603.74458773
 20
6174708.38596444
 10
6366595.04914745
 20
6174701.9379466
 10
6366594.42674804
 20
6174702.78020621
 10
6366592.61770093
 20
6174705.22880184
 10
6366590.80968291
 20
6174707.67541176
 10
6366590.5913264
 20
6174707.97134552
 10
6366607.47055226
 20
6174720.48684754
 10
6366612.69217351
 20
6174724.3587219
 10
6366612.9166176
 20
6174724.05687439
 10
6366613.46857468
 20
6174723.31262644
  0
LWPOLYLINE
  5
200A9
330
1F
100
AcDbEntity
  8
tejido
100
AcDbPolyline
 90
11
 70
1
 10
6366612.27285368
 20
6174724.92383261
 10
6366612.62993503
 20
6174724.44284785
 10
6366612.64072179
 20
6174724.42826768
 10
6366612.69217351
 20
6174724.3587219
 10
6366607.47055226
 20
6174720.48684754
 10
6366590.5913264
 20
6174707.97134552
 10
6366589.99646615
 20
6174708.7769921
 10
6366589.94238795
 20
6174708.8502327
 10
6366589.69955058
 20
6174709.17882252
 10
6366611.79842657
 20
6174725.56416965
 10
6366612.27285368
 20
6174724.92383261
  0
LWPOLYLINE
  5
200AA
330
1F
100
AcDbEntity
  8
tejido
100
AcDbPolyline
 90
11
 70
1
 10
6366684.35336777
 20
6174644.11840523
 10
6366685.20870521
 20
6174643.00943301
 10
6366684.76727608
 20
6174642.68393471
 10
6366677.80139257
 20
6174637.54838967
 10
6366674.26895941
 20
6174634.94438858
 10
6366673.83050165
 20
6174634.62093395
 10
6366672.56968605
 20
6174636.23719838
 10
6366676.53215593
 20
6174639.1935415
 10
6366679.41790391
 20
6174641.34703115
 10
6366683.90785657
 20
6174644.69614048
 10
6366684.35336777
 20
6174644.11840523
  0
LWPOLYLINE
  5
200AB
330
1F
100
AcDbEntity
  8
tejido
100
AcDbPolyline
 90
45
 70
1
 10
6366663.64857809
 20
6174669.6118837
 10
6366664.34578883
 20
6174668.71672237
 10
6366664.96594125
 20
6174669.27184283
 10
6366665.6919927
 20
6174668.31610542
 10
6366668.03066826
 20
6174665.28398917
 10
6366668.05207265
 20
6174665.25627503
 10
6366669.01958816
 20
6174664.00187477
 10
6366664.16247854
 20
6174660.17125912
 10
6366665.36697569
 20
6174658.64523943
 10
6366662.7529643
 20
6174656.58468159
 10
6366667.56701266
 20
6174650.47444037
 10
6366667.93192686
 20
6174650.76180065
 10
6366670.16984794
 20
6174647.92030379
 10
6366670.6712565
 20
6174648.31471699
 10
6366673.31270989
 20
6174644.96186967
 10
6366673.53818109
 20
6174645.13920367
 10
6366675.16566163
 20
6174643.07409115
 10
6366676.9824899
 20
6174644.50589598
 10
6366677.85780709
 20
6174645.19476001
 10
6366677.04356435
 20
6174646.22828587
 10
6366670.6000097
 20
6174654.40861657
 10
6366670.95012687
 20
6174654.68483364
 10
6366671.38234962
 20
6174655.0251878
 10
6366675.34849376
 20
6174649.99200562
 10
6366678.13263903
 20
6174652.1850141
 10
6366680.65175645
 20
6174648.91941267
 10
6366682.78959177
 20
6174646.14649603
 10
6366683.90800317
 20
6174644.69621967
 10
6366679.41800245
 20
6174641.34708962
 10
6366676.53229933
 20
6174639.19363871
 10
6366672.56980128
 20
6174636.23728493
 10
6366671.44248913
 20
6174637.68242587
 10
6366666.16475963
 20
6174644.45218108
 10
6366668.52993001
 20
6174646.28805414
 10
6366666.35358693
 20
6174649.09344378
 10
6366663.44846128
 20
6174652.83658111
 10
6366661.06747111
 20
6174650.98851212
 10
6366660.26328258
 20
6174652.01919201
 10
6366657.26665624
 20
6174655.86204983
 10
6366653.64792663
 20
6174660.45609058
 10
6366652.97737153
 20
6174661.30664058
 10
6366657.69773453
 20
6174664.98019578
 10
6366658.47619075
 20
6174665.58669774
 10
6366662.03422212
 20
6174668.3561029
 10
6366663.64857809
 20
6174669.6118837
  0
LWPOLYLINE
  5
200AC
330
1F
100
AcDbEntity
  8
tejido
100
AcDbPolyline
 90
11
 70
1
 10
6366672.33068217
 20
6174659.70934352
 10
6366673.5214321
 20
6174658.16508763
 10
6366674.62144773
 20
6174656.73855588
 10
6366678.13253161
 20
6174652.18492815
 10
6366675.34838911
 20
6174649.99189724
 10
6366671.38221258
 20
6174655.0250897
 10
6366672.36532945
 20
6174655.79857796
 10
6366670.26710574
 20
6174658.46005378
 10
6366672.14921358
 20
6174659.94479178
 10
6366672.26373411
 20
6174659.79620595
 10
6366672.33068217
 20
6174659.70934352
  0
LWPOLYLINE
  5
200AD
330
1F
100
AcDbEntity
  8
tejido
100
AcDbPolyline
 90
21
 70
1
 10
6366672.14921358
 20
6174659.94479178
 10
6366670.26710574
 20
6174658.46005378
 10
6366668.85280714
 20
6174657.34421017
 10
6366670.95000177
 20
6174654.68472008
 10
6366670.59988769
 20
6174654.4085602
 10
6366677.04344435
 20
6174646.22822562
 10
6366677.85767611
 20
6174645.19468252
 10
6366676.98236919
 20
6174644.50578297
 10
6366675.1655156
 20
6174643.07400708
 10
6366673.53808114
 20
6174645.13910757
 10
6366673.31257608
 20
6174644.96178431
 10
6366670.67116393
 20
6174648.31461758
 10
6366670.16971302
 20
6174647.9202277
 10
6366667.93183667
 20
6174650.76173937
 10
6366667.56688024
 20
6174650.4743609
 10
6366662.75283059
 20
6174656.58462359
 10
6366665.36683709
 20
6174658.64514766
 10
6366664.16234632
 20
6174660.17119869
 10
6366669.01944568
 20
6174664.00178098
 10
6366670.93095347
 20
6174661.52366049
 10
6366672.14921358
 20
6174659.94479178
  0
LWPOLYLINE
  5
200AE
330
1F
100
AcDbEntity
  8
tejido
100
AcDbPolyline
 90
6
 70
1
 10
6366671.38221258
 20
6174655.0250897
 10
6366670.95000177
 20
6174654.68472008
 10
6366668.85280714
 20
6174657.34421017
 10
6366670.26710574
 20
6174658.46005378
 10
6366672.36532945
 20
6174655.79857796
 10
6366671.38221258
 20
6174655.0250897
  0
LWPOLYLINE
  5
200AF
330
1F
100
AcDbEntity
  8
tejido
100
AcDbPolyline
 90
8
 70
1
 10
6366668.52993001
 20
6174646.28805414
 10
6366666.16475963
 20
6174644.45218108
 10
6366663.98049251
 20
6174647.25244943
 10
6366663.25580765
 20
6174648.18128136
 10
6366661.06747111
 20
6174650.98851212
 10
6366663.44846128
 20
6174652.83658111
 10
6366666.35358693
 20
6174649.09344378
 10
6366668.52993001
 20
6174646.28805414
  0
LWPOLYLINE
  5
200B0
330
1F
100
AcDbEntity
  8
tejido
100
AcDbPolyline
 90
8
 70
1
 10
6366658.86910661
 20
6174665.89247487
 10
6366657.85939
 20
6174667.18985706
 10
6366658.53298419
 20
6174667.71418632
 10
6366661.01623826
 20
6174669.64677138
 10
6366662.63844217
 20
6174670.90871032
 10
6366663.64857809
 20
6174669.6118837
 10
6366662.03422212
 20
6174668.3561029
 10
6366658.86910661
 20
6174665.89247487
  0
LWPOLYLINE
  5
200B1
330
1F
100
AcDbEntity
  8
tejido
100
AcDbPolyline
 90
18
 70
1
 10
6366662.6857191
 20
6174672.27281315
 10
6366664.17970186
 20
6174670.3068124
 10
6366664.36020113
 20
6174670.06935921
 10
6366664.96594125
 20
6174669.27184283
 10
6366664.34578883
 20
6174668.71672237
 10
6366663.64857809
 20
6174669.6118837
 10
6366662.63844217
 20
6174670.90871032
 10
6366661.01623826
 20
6174669.64677138
 10
6366657.85939
 20
6174667.18985706
 10
6366658.86910661
 20
6174665.89247487
 10
6366658.47619075
 20
6174665.58669774
 10
6366657.69773453
 20
6174664.98019578
 10
6366656.68758442
 20
6174666.27799907
 10
6366657.45916939
 20
6174666.87835705
 10
6366656.3341317
 20
6174668.30558097
 10
6366659.87386564
 20
6174671.09474707
 10
6366662.19215052
 20
6174672.92188149
 10
6366662.6857191
 20
6174672.27281315
  0
LWPOLYLINE
  5
200B2
330
1F
100
AcDbEntity
  8
tejido
100
AcDbPolyline
 90
18
 70
1
 10
6366657.45916585
 20
6174666.87860122
 10
6366656.68758442
 20
6174666.27799907
 10
6366651.95935843
 20
6174662.59932347
 10
6366651.44776734
 20
6174663.24916866
 10
6366648.99689754
 20
6174666.35964172
 10
6366646.61639817
 20
6174669.37918551
 10
6366645.35796888
 20
6174671.04149239
 10
6366649.39136454
 20
6174674.07287164
 10
6366649.88813295
 20
6174674.44621471
 10
6366650.89446658
 20
6174675.20303817
 10
6366653.29115426
 20
6174677.00432212
 10
6366656.97424342
 20
6174679.77254717
 10
6366658.6160151
 20
6174677.61862328
 10
6366661.49466745
 20
6174673.84005661
 10
6366662.19215052
 20
6174672.92188149
 10
6366659.87386564
 20
6174671.09474707
 10
6366656.3341317
 20
6174668.30558097
 10
6366657.45916585
 20
6174666.87860122
  0
LWPOLYLINE
  5
200B3
330
1F
100
AcDbEntity
  8
tejido
100
AcDbPolyline
 90
32
 70
1
 10
6366637.84822031
 20
6174715.83943822
 10
6366643.7782937
 20
6174720.32642038
 10
6366644.06566278
 20
6174720.55839293
 10
6366644.31253241
 20
6174720.83307026
 10
6366644.51263294
 20
6174721.14347649
 10
6366644.66088249
 20
6174721.48172835
 10
6366644.75351601
 20
6174721.83923538
 10
6366644.78818094
 20
6174722.20691812
 10
6366644.76399689
 20
6174722.57543865
 10
6366644.68157807
 20
6174722.9354378
 10
6366644.54301763
 20
6174723.2777728
 10
6366649.08455445
 20
6174717.82763453
 10
6366647.46815956
 20
6174716.64484269
 10
6366646.16455545
 20
6174715.69065474
 10
6366641.88056832
 20
6174712.55559822
 10
6366641.37774048
 20
6174712.1871969
 10
6366638.77547484
 20
6174710.28289381
 10
6366637.51641222
 20
6174709.36136144
 10
6366636.7097077
 20
6174708.77048726
 10
6366634.61721274
 20
6174707.23868734
 10
6366632.20399851
 20
6174705.47316699
 10
6366631.72195574
 20
6174705.12007161
 10
6366631.23792723
 20
6174704.76594714
 10
6366628.63664717
 20
6174702.86265853
 10
6366627.10319465
 20
6174704.93112178
 10
6366626.9624116
 20
6174705.12014425
 10
6366625.41265301
 20
6174707.20937812
 10
6366625.30928871
 20
6174707.34870326
 10
6366628.66274829
 20
6174709.88609417
 10
6366629.14239405
 20
6174709.25218607
 10
6366636.11705013
 20
6174714.52955057
 10
6366637.84822031
 20
6174715.83943822
  0
LWPOLYLINE
  5
200B4
330
1F
100
AcDbEntity
  8
tejido
100
AcDbPolyline
 90
21
 70
1
 10
6366630.70388549
 20
6174721.68236647
 10
6366626.80182155
 20
6174718.74086909
 10
6366626.52460591
 20
6174719.10861143
 10
6366625.89090257
 20
6174718.63090611
 10
6366625.68855085
 20
6174718.54164355
 10
6366625.47444202
 20
6174718.48622303
 10
6366625.25419435
 20
6174718.46609877
 10
6366625.03358716
 20
6174718.48179887
 10
6366624.81840923
 20
6174718.53291132
 10
6366624.61430687
 20
6174718.61809495
 10
6366624.42663576
 20
6174718.73511451
 10
6366623.14251467
 20
6174720.43857429
 10
6366623.10930492
 20
6174720.65005593
 10
6366623.1117045
 20
6174720.86411578
 10
6366623.14964668
 20
6174721.07479982
 10
6366623.22207612
 20
6174721.27624795
 10
6366623.32697821
 20
6174721.46285697
 10
6366623.46143513
 20
6174721.62943641
 10
6366623.62170702
 20
6174721.77135291
 10
6366628.09487568
 20
6174725.14336673
 10
6366630.70388549
 20
6174721.68236647
  0
LWPOLYLINE
  5
200B5
330
1F
100
AcDbEntity
  8
tejido
100
AcDbPolyline
 90
25
 70
1
 10
6366622.54674712
 20
6174720.40472314
 10
6366622.53285462
 20
6174720.73504198
 10
6366622.5730944
 20
6174721.06319484
 10
6366622.66638593
 20
6174721.38037022
 10
6366622.81022419
 20
6174721.67805142
 10
6366623.00074685
 20
6174721.94824515
 10
6366623.23283805
 20
6174722.18369624
 10
6366623.81997906
 20
6174722.6279557
 10
6366627.74420784
 20
6174725.59721808
 10
6366628.171187
 20
6174725.92029128
 10
6366631.45289333
 20
6174721.58313125
 10
6366632.20012561
 20
6174720.59557611
 10
6366631.77219659
 20
6174720.27178419
 10
6366627.38428404
 20
6174716.95167598
 10
6366627.00405853
 20
6174717.45418859
 10
6366626.34171212
 20
6174718.32955707
 10
6366626.01911262
 20
6174718.08546259
 10
6366625.73764685
 20
6174717.99822545
 10
6366625.44623902
 20
6174717.95446732
 10
6366625.15156501
 20
6174717.95519066
 10
6366624.86037552
 20
6174718.0003789
 10
6366624.57934143
 20
6174718.08899681
 10
6366624.31490096
 20
6174718.21901424
 10
6366624.07311219
 20
6174718.38745263
 10
6366622.54674712
 20
6174720.40472314
  0
LWPOLYLINE
  5
200B6
330
1F
100
AcDbEntity
  8
tejido
100
AcDbPolyline
 90
21
 70
1
 10
6366625.89090257
 20
6174718.63090611
 10
6366626.52460591
 20
6174719.10861143
 10
6366626.80182155
 20
6174718.74086909
 10
6366630.70388549
 20
6174721.68236647
 10
6366628.09487568
 20
6174725.14336673
 10
6366623.62170702
 20
6174721.77135291
 10
6366623.46143513
 20
6174721.62943641
 10
6366623.32697821
 20
6174721.46285697
 10
6366623.22207612
 20
6174721.27624795
 10
6366623.14964668
 20
6174721.07479982
 10
6366623.1117045
 20
6174720.86411578
 10
6366623.10930492
 20
6174720.65005593
 10
6366623.14251467
 20
6174720.43857429
 10
6366624.42663576
 20
6174718.73511451
 10
6366624.61430687
 20
6174718.61809495
 10
6366624.81840923
 20
6174718.53291132
 10
6366625.03358716
 20
6174718.48179887
 10
6366625.25419435
 20
6174718.46609877
 10
6366625.47444202
 20
6174718.48622303
 10
6366625.68855085
 20
6174718.54164355
 10
6366625.89090257
 20
6174718.63090611
  0
LWPOLYLINE
  5
200B7
330
1F
100
AcDbEntity
  8
tejido
100
AcDbPolyline
 90
52
 70
1
 10
6366630.62751251
 20
6174733.0167774
 10
6366630.96131386
 20
6174733.14797358
 10
6366631.31185996
 20
6174733.2238235
 10
6366631.67003916
 20
6174733.24235565
 10
6366632.02654141
 20
6174733.2030883
 10
6366632.37210026
 20
6174733.10704213
 10
6366632.69773368
 20
6174732.95671364
 10
6366632.99497758
 20
6174732.75601028
 10
6366633.25610579
 20
6174732.51014887
 10
6366635.4757579
 20
6174734.15911056
 10
6366635.48173868
 20
6174734.15193208
 10
6366636.9823048
 20
6174732.35107924
 10
6366639.6749693
 20
6174729.12002658
 10
6366641.19285612
 20
6174727.29741757
 10
6366641.22435106
 20
6174727.2596274
 10
6366639.15339879
 20
6174725.6926442
 10
6366638.66905865
 20
6174725.3261689
 10
6366638.82384759
 20
6174724.93254457
 10
6366638.90851728
 20
6174724.51814045
 10
6366638.92053638
 20
6174724.09534586
 10
6366638.85954555
 20
6174723.67680094
 10
6366638.72736822
 20
6174723.27501881
 10
6366638.52795606
 20
6174722.90201141
 10
6366638.26727081
 20
6174722.56893044
 10
6366640.3545602
 20
6174719.81033261
 10
6366636.8500441
 20
6174717.15864515
 10
6366637.15102335
 20
6174716.76086578
 10
6366637.84822031
 20
6174715.83943822
 10
6366636.11705013
 20
6174714.52955057
 10
6366631.77219659
 20
6174720.27178419
 10
6366632.20012561
 20
6174720.59557611
 10
6366631.45289333
 20
6174721.58313125
 10
6366635.04597741
 20
6174724.30183346
 10
6366631.38714589
 20
6174729.13740881
 10
6366627.36708255
 20
6174726.09563342
 10
6366627.74420784
 20
6174725.59721808
 10
6366623.81997906
 20
6174722.6279557
 10
6366622.7037024
 20
6174724.1032463
 10
6366619.71859013
 20
6174721.84456513
 10
6366616.41253785
 20
6174719.3430451
 10
6366616.31202113
 20
6174719.47856168
 10
6366616.29671516
 20
6174719.49934676
 10
6366613.82567051
 20
6174722.83064157
 10
6366613.46857468
 20
6174723.31262643
 10
6366620.58721217
 20
6174728.60100523
 10
6366619.75874839
 20
6174729.71619262
 10
6366624.8950299
 20
6174733.53189488
 10
6366625.08546163
 20
6174733.27555648
 10
6366626.10099052
 20
6174731.90856245
 10
6366629.41291641
 20
6174734.36896555
 10
6366629.54827819
 20
6174734.46952473
 10
6366630.62751251
 20
6174733.0167774
  0
LWPOLYLINE
  5
200B8
330
1F
100
AcDbEntity
  8
tejido
100
AcDbPolyline
 90
8
 70
1
 10
6366627.00405853
 20
6174717.45418859
 10
6366627.38428404
 20
6174716.95167598
 10
6366631.77219659
 20
6174720.27178419
 10
6366636.11705013
 20
6174714.52955057
 10
6366629.14239405
 20
6174709.25218607
 10
6366628.66274829
 20
6174709.88609417
 10
6366624.41731479
 20
6174715.49693235
 10
6366627.00405853
 20
6174717.45418859
  0
LWPOLYLINE
  5
200B9
330
1F
100
AcDbEntity
  8
tejido
100
AcDbPolyline
 90
8
 70
1
 10
6366628.66274829
 20
6174709.88609417
 10
6366625.30928871
 20
6174707.34870326
 10
6366623.89350636
 20
6174709.25704184
 10
6366623.38212961
 20
6174709.94663741
 10
6366625.94108746
 20
6174711.88286957
 10
6366623.64733706
 20
6174714.9143297
 10
6366624.41731479
 20
6174715.49693235
 10
6366628.66274829
 20
6174709.88609417
  0
LWPOLYLINE
  5
200BA
330
1F
100
AcDbEntity
  8
tejido
100
AcDbPolyline
 90
14
 70
1
 10
6366621.1173875
 20
6174713.00004666
 10
6366623.64733706
 20
6174714.9143297
 10
6366625.94108746
 20
6174711.88286957
 10
6366623.38212961
 20
6174709.94663741
 10
6366623.35481154
 20
6174709.98347604
 10
6366622.40395706
 20
6174711.26412106
 10
6366622.34477687
 20
6174711.34429001
 10
6366622.28559669
 20
6174711.42445896
 10
6366622.22541638
 20
6174711.50461342
 10
6366622.15297392
 20
6174711.60259609
 10
6366621.21229444
 20
6174712.87138463
 10
6366621.15311425
 20
6174712.95155358
 10
6366621.12250231
 20
6174712.99312374
 10
6366621.1173875
 20
6174713.00004666
  0
LWPOLYLINE
  5
200BB
330
1F
100
AcDbEntity
  8
tejido
100
AcDbPolyline
 90
7
 70
1
 10
6366631.45289333
 20
6174721.58313125
 10
6366628.171187
 20
6174725.92029128
 10
6366627.74420784
 20
6174725.59721808
 10
6366627.36708255
 20
6174726.09563342
 10
6366631.38714589
 20
6174729.13740881
 10
6366635.04597741
 20
6174724.30183346
 10
6366631.45289333
 20
6174721.58313125
  0
LWPOLYLINE
  5
200BC
330
1F
100
AcDbEntity
  8
tejido
100
AcDbPolyline
 90
28
 70
1
 10
6366619.23457843
 20
6174715.53798448
 10
6366622.57691232
 20
6174718.06695701
 10
6366619.71859013
 20
6174721.84456513
 10
6366622.7037024
 20
6174724.1032463
 10
6366623.81997906
 20
6174722.6279557
 10
6366623.23283805
 20
6174722.18369624
 10
6366623.00074685
 20
6174721.94824515
 10
6366622.81022419
 20
6174721.67805142
 10
6366622.66638593
 20
6174721.38037022
 10
6366622.5730944
 20
6174721.06319484
 10
6366622.53285462
 20
6174720.73504198
 10
6366622.54674712
 20
6174720.40472314
 10
6366624.07311219
 20
6174718.38745263
 10
6366624.31490096
 20
6174718.21901424
 10
6366624.57934143
 20
6174718.08899681
 10
6366624.86037552
 20
6174718.0003789
 10
6366625.15156501
 20
6174717.95519066
 10
6366625.44623902
 20
6174717.95446732
 10
6366625.73764685
 20
6174717.99822545
 10
6366626.01911262
 20
6174718.08546259
 10
6366626.34171212
 20
6174718.32955707
 10
6366627.00405853
 20
6174717.45418859
 10
6366624.41731479
 20
6174715.49693235
 10
6366623.64733706
 20
6174714.9143297
 10
6366621.1173875
 20
6174713.00004666
 10
6366621.03475388
 20
6174713.11189148
 10
6366621.02965189
 20
6174713.11881984
 10
6366619.23457843
 20
6174715.53798448
  0
LWPOLYLINE
  5
200BD
330
1F
100
AcDbEntity
  8
tejido
100
AcDbPolyline
 90
23
 70
1
 10
6366637.15102335
 20
6174716.76086578
 10
6366636.8500441
 20
6174717.15864515
 10
6366640.3545602
 20
6174719.81033261
 10
6366638.26727081
 20
6174722.56893044
 10
6366638.52795606
 20
6174722.90201141
 10
6366638.72736822
 20
6174723.27501881
 10
6366638.85954555
 20
6174723.67680094
 10
6366638.92053638
 20
6174724.09534586
 10
6366638.90851728
 20
6174724.51814045
 10
6366638.82384759
 20
6174724.93254457
 10
6366638.66905865
 20
6174725.3261689
 10
6366639.15339879
 20
6174725.6926442
 10
6366639.37209748
 20
6174725.3309117
 10
6366639.52689623
 20
6174724.93757105
 10
6366639.61339204
 20
6174724.52381025
 10
6366639.62912464
 20
6174724.10139812
 10
6366639.57364655
 20
6174723.68234956
 10
6366639.44853576
 20
6174723.27858377
 10
6366639.25735086
 20
6174722.90158528
 10
6366639.00552983
 20
6174722.56207727
 10
6366639.3491177
 20
6174722.10798557
 10
6366641.12171784
 20
6174719.7652865
 10
6366637.15102335
 20
6174716.76086578
  0
LWPOLYLINE
  5
200BE
330
1F
100
AcDbEntity
  8
tejido
100
AcDbPolyline
 90
13
 70
1
 10
6366643.13219307
 20
6174724.97044443
 10
6366639.3491177
 20
6174722.10798558
 10
6366639.00552983
 20
6174722.56207727
 10
6366639.25735086
 20
6174722.90158528
 10
6366639.44853575
 20
6174723.27858377
 10
6366639.57364655
 20
6174723.68234956
 10
6366639.62912464
 20
6174724.10139812
 10
6366639.61339204
 20
6174724.52381025
 10
6366639.52689623
 20
6174724.93757105
 10
6366639.37209748
 20
6174725.3309117
 10
6366639.15339879
 20
6174725.6926442
 10
6366641.22435106
 20
6174727.2596274
 10
6366643.13219307
 20
6174724.97044443
  0
LWPOLYLINE
  5
200BF
330
1F
100
AcDbEntity
  8
tejido
100
AcDbPolyline
 90
18
 70
1
 10
6366644.54301763
 20
6174723.2777728
 10
6366644.68157807
 20
6174722.9354378
 10
6366644.76399689
 20
6174722.57543865
 10
6366644.78818094
 20
6174722.20691812
 10
6366644.75351601
 20
6174721.83923538
 10
6366644.66088249
 20
6174721.48172835
 10
6366644.51263294
 20
6174721.14347649
 10
6366644.31253241
 20
6174720.83307026
 10
6366644.06566278
 20
6174720.55839293
 10
6366643.7782937
 20
6174720.32642038
 10
6366637.84822031
 20
6174715.83943822
 10
6366637.15102335
 20
6174716.76086578
 10
6366641.12171784
 20
6174719.7652865
 10
6366639.3491177
 20
6174722.10798558
 10
6366643.13219307
 20
6174724.97044443
 10
6366643.13523757
 20
6174724.96679138
 10
6366643.54244051
 20
6174724.47853017
 10
6366644.54301763
 20
6174723.2777728
  0
LWPOLYLINE
  5
200C0
330
1F
100
AcDbEntity
  8
tejido
100
AcDbPolyline
 90
9
 70
1
 10
6366624.8950299
 20
6174733.53189488
 10
6366619.75874839
 20
6174729.71619262
 10
6366612.6407218
 20
6174724.42826768
 10
6366612.62993503
 20
6174724.44284785
 10
6366612.27285368
 20
6174724.92383261
 10
6366611.79842657
 20
6174725.56416965
 10
6366623.87961746
 20
6174734.52203209
 10
6366624.06007876
 20
6174734.65581488
 10
6366624.8950299
 20
6174733.53189488
  0
LWPOLYLINE
  5
200C1
330
1F
100
AcDbEntity
  8
tejido
100
AcDbPolyline
 90
7
 70
1
 10
6366612.6407218
 20
6174724.42826768
 10
6366619.75874839
 20
6174729.71619262
 10
6366620.58721217
 20
6174728.60100523
 10
6366613.46857468
 20
6174723.31262643
 10
6366612.9166176
 20
6174724.05687439
 10
6366612.69217351
 20
6174724.3587219
 10
6366612.6407218
 20
6174724.42826768
  0
LWPOLYLINE
  5
200C2
330
1F
100
AcDbEntity
  8
tejido
100
AcDbPolyline
 90
5
 70
1
 10
6366629.41291641
 20
6174734.36896555
 10
6366626.10099052
 20
6174731.90856245
 10
6366625.08546163
 20
6174733.27555648
 10
6366628.39738754
 20
6174735.73595957
 10
6366629.41291641
 20
6174734.36896555
  0
LWPOLYLINE
  5
200C3
330
1F
100
AcDbEntity
  8
tejido
100
AcDbPolyline
 90
14
 70
1
 10
6366629.54827819
 20
6174734.46952473
 10
6366632.46582139
 20
6174736.63694407
 10
6366633.52102195
 20
6174736.50530024
 10
6366635.4757579
 20
6174734.15911056
 10
6366633.25610579
 20
6174732.51014887
 10
6366632.99497758
 20
6174732.75601028
 10
6366632.69773368
 20
6174732.95671364
 10
6366632.37210026
 20
6174733.10704213
 10
6366632.02654141
 20
6174733.2030883
 10
6366631.67003916
 20
6174733.24235565
 10
6366631.31185996
 20
6174733.2238235
 10
6366630.96131386
 20
6174733.14797358
 10
6366630.62751251
 20
6174733.0167774
 10
6366629.54827819
 20
6174734.46952473
  0
LWPOLYLINE
  5
200C4
330
1F
100
AcDbEntity
  8
tejido
100
AcDbPolyline
 90
9
 70
1
 10
6366624.8950299
 20
6174733.53189488
 10
6366624.06007876
 20
6174734.65581488
 10
6366627.55831593
 20
6174737.24919054
 10
6366632.46582139
 20
6174736.63694407
 10
6366629.54827819
 20
6174734.46952473
 10
6366629.41291641
 20
6174734.36896555
 10
6366628.39738754
 20
6174735.73595957
 10
6366625.08546163
 20
6174733.27555648
 10
6366624.8950299
 20
6174733.53189488
  0
LWPOLYLINE
  5
200C5
330
1F
100
AcDbEntity
  8
tejido
100
AcDbPolyline
 90
11
 70
1
 10
6366619.23457843
 20
6174715.53798448
 10
6366618.99324751
 20
6174715.86321867
 10
6366618.77287631
 20
6174716.16012354
 10
6366617.88115856
 20
6174717.36359999
 10
6366617.84851741
 20
6174717.40714141
 10
6366617.82197837
 20
6174717.44376894
 10
6366616.43241071
 20
6174719.31625252
 10
6366616.41253785
 20
6174719.3430451
 10
6366619.71859013
 20
6174721.84456513
 10
6366622.57691232
 20
6174718.06695701
 10
6366619.23457843
 20
6174715.53798448
  0
LWPOLYLINE
  5
200C6
330
1F
100
AcDbEntity
  8
tejido
100
AcDbPolyline
 90
6
 70
1
 10
6366642.54887402
 20
6174622.78317598
 10
6366646.92784331
 20
6174626.12867753
 10
6366647.71331062
 20
6174626.72850405
 10
6366649.39009364
 20
6174624.59890768
 10
6366644.28446908
 20
6174620.57888551
 10
6366642.54887402
 20
6174622.78317598
  0
LWPOLYLINE
  5
200C7
330
1F
100
AcDbEntity
  8
tejido
100
AcDbPolyline
 90
5
 70
1
 10
6366649.39009364
 20
6174624.59890768
 10
6366652.04850981
 20
6174626.6920682
 10
6366654.13113774
 20
6174624.04702897
 10
6366651.47275162
 20
6174621.95389208
 10
6366649.39009364
 20
6174624.59890768
  0
LWPOLYLINE
  5
200C8
330
1F
100
AcDbEntity
  8
tejido
100
AcDbPolyline
 90
7
 70
1
 10
6366652.04850981
 20
6174626.6920682
 10
6366649.39009364
 20
6174624.59890768
 10
6366647.71331062
 20
6174626.72850405
 10
6366647.72231446
 20
6174626.73537988
 10
6366650.38471757
 20
6174628.76959667
 10
6366650.4022023
 20
6174628.78295921
 10
6366652.04850981
 20
6174626.6920682
  0
LWPOLYLINE
  5
200C9
330
1F
100
AcDbEntity
  8
tejido
100
AcDbPolyline
 90
13
 70
1
 10
6366657.25159094
 20
6174630.78550475
 10
6366659.46141049
 20
6174627.83408004
 10
6366654.23213092
 20
6174623.91876271
 10
6366654.13113774
 20
6174624.04702897
 10
6366652.04850982
 20
6174626.6920682
 10
6366650.4022023
 20
6174628.78295921
 10
6366651.52546172
 20
6174629.64139971
 10
6366652.25562088
 20
6174630.19915479
 10
6366653.54180259
 20
6174631.1821001
 10
6366653.70109687
 20
6174631.30344636
 10
6366655.6076131
 20
6174632.76052913
 10
6366655.71272071
 20
6174632.8408127
 10
6366657.25159094
 20
6174630.78550475
  0
LWPOLYLINE
  5
200CA
330
1F
100
AcDbEntity
  8
tejido
100
AcDbPolyline
 90
6
 70
1
 10
6366660.37844449
 20
6174633.12667301
 10
6366658.81710408
 20
6174635.21199206
 10
6366660.45753677
 20
6174636.46496716
 10
6366661.78999762
 20
6174634.73670395
 10
6366662.06037757
 20
6174634.38598633
 10
6366660.37844449
 20
6174633.12667301
  0
LWPOLYLINE
  5
200CB
330
1F
100
AcDbEntity
  8
tejido
100
AcDbPolyline
 90
9
 70
1
 10
6366663.62709796
 20
6174627.09852302
 10
6366661.77780333
 20
6174629.56843231
 10
6366661.93934898
 20
6174629.68938634
 10
6366659.72952947
 20
6174632.64081104
 10
6366660.37844449
 20
6174633.12667301
 10
6366662.06037757
 20
6174634.38598633
 10
6366662.28954361
 20
6174634.08872844
 10
6366666.20846852
 20
6174629.00283472
 10
6366663.62709796
 20
6174627.09852302
  0
LWPOLYLINE
  5
200CC
330
1F
100
AcDbEntity
  8
tejido
100
AcDbPolyline
 90
5
 70
1
 10
6366658.75808321
 20
6174631.91346032
 10
6366657.25159094
 20
6174630.78550475
 10
6366655.71272071
 20
6174632.84081269
 10
6366657.20838275
 20
6174633.9832331
 10
6366658.75808321
 20
6174631.91346032
  0
LWPOLYLINE
  5
200CD
330
1F
100
AcDbEntity
  8
tejido
100
AcDbPolyline
 90
7
 70
1
 10
6366660.37844449
 20
6174633.12667301
 10
6366659.72952947
 20
6174632.64081104
 10
6366658.75808321
 20
6174631.91346032
 10
6366657.20838275
 20
6174633.9832331
 10
6366657.56064209
 20
6174634.25229673
 10
6366658.81710408
 20
6174635.21199206
 10
6366660.37844449
 20
6174633.12667301
  0
LWPOLYLINE
  5
200CE
330
1F
100
AcDbEntity
  8
tejido
100
AcDbPolyline
 90
7
 70
1
 10
6366659.46141049
 20
6174627.83408004
 10
6366657.25159094
 20
6174630.78550475
 10
6366658.75808321
 20
6174631.91346032
 10
6366659.72952947
 20
6174632.64081104
 10
6366661.93934899
 20
6174629.68938634
 10
6366661.77780333
 20
6174629.56843231
 10
6366659.46141049
 20
6174627.83408004
  0
LWPOLYLINE
  5
200CF
330
1F
100
AcDbEntity
  8
tejido
100
AcDbPolyline
 90
12
 70
1
 10
6366676.79350375
 20
6174661.59251674
 10
6366678.32642533
 20
6174659.53423009
 10
6366678.18176954
 20
6174659.42509237
 10
6366676.21958016
 20
6174657.9441959
 10
6366674.62152094
 20
6174656.73866201
 10
6366673.52150531
 20
6174658.16519376
 10
6366672.33075538
 20
6174659.70944965
 10
6366672.26380733
 20
6174659.79631208
 10
6366674.45463172
 20
6174661.42794193
 10
6366674.29492876
 20
6174661.64237852
 10
6366675.87819294
 20
6174662.82152418
 10
6366676.79350375
 20
6174661.59251674
  0
LWPOLYLINE
  5
200D0
330
1F
100
AcDbEntity
  8
tejido
100
AcDbPolyline
 90
8
 70
1
 10
6366672.70373374
 20
6174673.64165766
 10
6366673.83207351
 20
6174674.49798418
 10
6366674.46532261
 20
6174674.97831057
 10
6366674.8630655
 20
6174675.28116883
 10
6366675.34591994
 20
6174675.64728018
 10
6366677.41581463
 20
6174672.91230814
 10
6366674.77076508
 20
6174670.91046903
 10
6366672.70373374
 20
6174673.64165766
  0
LWPOLYLINE
  5
200D1
330
1F
100
AcDbEntity
  8
tejido
100
AcDbPolyline
 90
7
 70
1
 10
6366678.12570587
 20
6174667.08756724
 10
6366677.61910491
 20
6174667.76779124
 10
6366678.72965335
 20
6174668.59487893
 10
6366677.81344949
 20
6174669.82508556
 10
6366679.66322097
 20
6174671.20271408
 10
6366681.08602578
 20
6174669.29228347
 10
6366678.12570587
 20
6174667.08756724
  0
LWPOLYLINE
  5
200D2
330
1F
100
AcDbEntity
  8
tejido
100
AcDbPolyline
 90
10
 70
1
 10
6366686.60278726
 20
6174665.77984349
 10
6366686.40457141
 20
6174665.63018622
 10
6366685.38043539
 20
6174664.85710413
 10
6366684.44632455
 20
6174664.15334824
 10
6366684.03301776
 20
6174663.84090885
 10
6366682.0377609
 20
6174666.39409233
 10
6366683.68615938
 20
6174667.68227953
 10
6366684.09515749
 20
6174667.15891472
 10
6366684.98291365
 20
6174667.85267666
 10
6366686.60278726
 20
6174665.77984349
  0
LWPOLYLINE
  5
200D3
330
1F
100
AcDbEntity
  8
tejido
100
AcDbPolyline
 90
8
 70
1
 10
6366678.72965335
 20
6174668.59487893
 10
6366677.61910491
 20
6174667.76779124
 10
6366676.62639145
 20
6174667.02846186
 10
6366675.75559622
 20
6174668.19769734
 10
6366675.12017767
 20
6174669.05088748
 10
6366677.22343959
 20
6174670.61730455
 10
6366677.81344949
 20
6174669.82508556
 10
6366678.72965335
 20
6174668.59487893
  0
LWPOLYLINE
  5
200D4
330
1F
100
AcDbEntity
  8
tejido
100
AcDbPolyline
 90
24
 70
1
 10
6366675.75559622
 20
6174668.19769734
 10
6366676.62639145
 20
6174667.02846186
 10
6366677.61910491
 20
6174667.76779124
 10
6366678.12570587
 20
6174667.08756725
 10
6366679.03013299
 20
6174665.87317352
 10
6366677.25276378
 20
6174664.54946697
 10
6366678.50543043
 20
6174662.86748458
 10
6366676.79350375
 20
6174661.59251674
 10
6366675.87819294
 20
6174662.82152418
 10
6366674.29492876
 20
6174661.64237852
 10
6366674.45463172
 20
6174661.42794193
 10
6366672.26380733
 20
6174659.79631208
 10
6366672.14928679
 20
6174659.94489791
 10
6366670.93102669
 20
6174661.52376663
 10
6366669.01951889
 20
6174664.00188711
 10
6366668.05203911
 20
6174665.25628253
 10
6366668.03061526
 20
6174665.2840583
 10
6366670.11572971
 20
6174666.83695996
 10
6366670.41159133
 20
6174666.43970021
 10
6366672.11925252
 20
6174664.14678687
 10
6366674.71007966
 20
6174666.07632115
 10
6366674.48324089
 20
6174666.38090244
 10
6366674.67136129
 20
6174667.39020679
 10
6366675.75559622
 20
6174668.19769734
  0
LWPOLYLINE
  5
200D5
330
1F
100
AcDbEntity
  8
tejido
100
AcDbPolyline
 90
11
 70
1
 10
6366670.41159133
 20
6174666.43970021
 10
6366670.11572971
 20
6174666.83695996
 10
6366668.03061526
 20
6174665.2840583
 10
6366665.69196185
 20
6174668.31609537
 10
6366668.65434267
 20
6174670.56572577
 10
6366668.7423966
 20
6174670.63302278
 10
6366668.79138796
 20
6174670.67018808
 10
6366669.45084305
 20
6174671.1704567
 10
6366669.62827976
 20
6174671.30526465
 10
6366672.23857869
 20
6174667.80036014
 10
6366670.41159133
 20
6174666.43970021
  0
LWPOLYLINE
  5
200D6
330
1F
100
AcDbEntity
  8
tejido
100
AcDbPolyline
 90
7
 70
1
 10
6366672.16970521
 20
6174679.81781437
 10
6366669.28004521
 20
6174677.64535994
 10
6366668.25093001
 20
6174679.01422317
 10
6366670.84097409
 20
6174680.99777334
 10
6366671.07049412
 20
6174681.17415441
 10
6366671.12095225
 20
6174681.21279851
 10
6366672.16970521
 20
6174679.81781437
  0
LWPOLYLINE
  5
200D7
330
1F
100
AcDbEntity
  8
tejido
100
AcDbPolyline
 90
9
 70
1
 10
6366664.17973775
 20
6174670.30677177
 10
6366667.30064514
 20
6174672.65307875
 10
6366668.79138796
 20
6174670.67018808
 10
6366668.7423966
 20
6174670.63302279
 10
6366668.65434267
 20
6174670.56572577
 10
6366665.69196185
 20
6174668.31609537
 10
6366664.96588467
 20
6174669.27189005
 10
6366664.36013912
 20
6174670.06937606
 10
6366664.17973775
 20
6174670.30677177
  0
LWPOLYLINE
  5
200D8
330
1F
100
AcDbEntity
  8
tejido
100
AcDbPolyline
 90
13
 70
1
 10
6366674.8630655
 20
6174675.28116884
 10
6366672.62640483
 20
6174678.25623179
 10
6366673.08468435
 20
6174678.60076761
 10
6366672.16970521
 20
6174679.81781437
 10
6366671.12095225
 20
6174681.21279851
 10
6366676.2932596
 20
6174685.17408672
 10
6366678.86478087
 20
6174682.08832758
 10
6366680.14748322
 20
6174680.54940503
 10
6366680.78782703
 20
6174679.78042932
 10
6366680.10172647
 20
6174679.2592275
 10
6366679.83203238
 20
6174679.05435221
 10
6366675.34591994
 20
6174675.64728019
 10
6366674.8630655
 20
6174675.28116884
  0
LWPOLYLINE
  5
200D9
330
1F
100
AcDbEntity
  8
tejido
100
AcDbPolyline
 90
8
 70
1
 10
6366669.28004521
 20
6174677.64535994
 10
6366670.14567637
 20
6174676.49395275
 10
6366666.48315158
 20
6174673.74045636
 10
6366664.61288308
 20
6174676.22816786
 10
6366664.69909937
 20
6174676.29430231
 10
6366668.22217017
 20
6174678.99219784
 10
6366668.25093001
 20
6174679.01422317
 10
6366669.28004521
 20
6174677.64535994
  0
LWPOLYLINE
  5
200DA
330
1F
100
AcDbEntity
  8
tejido
100
AcDbPolyline
 90
10
 70
1
 10
6366667.30064514
 20
6174672.65307875
 10
6366664.17973775
 20
6174670.30677177
 10
6366662.68568577
 20
6174672.27284067
 10
6366662.19212605
 20
6174672.92190328
 10
6366661.49460263
 20
6174673.8400993
 10
6366662.56903466
 20
6174674.66292594
 10
6366664.35085508
 20
6174676.02717245
 10
6366664.61288308
 20
6174676.22816786
 10
6366666.48315158
 20
6174673.74045636
 10
6366667.30064514
 20
6174672.65307875
  0
HATCH
  5
20102
330
1F
100
AcDbEntity
  8
mdr_tejidoconsolidado
 62
7
440
33554585
100
AcDbHatch
 10
0.0
 20
0.0
 30
0.0
210
0.0
220
0.0
230
1.0
  2
SOLID
 70
0
 71
0
 91
1
 92
3
 72
0
 73
1
 93
252
 10
6366611.79850692
 20
6174725.56415771
 10
6366611.7994123
 20
6174725.56490054
 10
6366623.87961746
 20
6174734.52203209
 10
6366624.06007876
 20
6174734.65581488
 10
6366627.55735923
 20
6174737.2484813
 10
6366627.55833117
 20
6174737.24913251
 10
6366627.5594977
 20
6174737.24904311
 10
6366632.46582139
 20
6174736.63694407
 10
6366633.51985571
 20
6174736.50544574
 10
6366633.52099397
 20
6174736.50524903
 10
6366633.52177427
 20
6174736.50439727
 10
6366635.4757579
 20
6174734.15911056
 10
6366635.48173868
 20
6174734.15193208
 10
6366636.9823048
 20
6174732.35107924
 10
6366639.67496402
 20
6174729.12003291
 10
6366641.19285093
 20
6174727.29742381
 10
6366641.22435106
 20
6174727.2596274
 10
6366643.13219307
 20
6174724.97044443
 10
6366643.13523253
 20
6174724.96679744
 10
6366643.54243483
 20
6174724.47853697
 10
6366644.54219025
 20
6174723.27876571
 10
6366644.54296004
 20
6174723.2777383
 10
6366644.54350253
 20
6174723.27657477
 10
6366644.68120394
 20
6174722.93636216
 10
6366644.68154011
 20
6174722.93542585
 10
6366644.68180062
 20
6174722.93446574
 10
6366644.76377435
 20
6174722.5764107
 10
6366644.76395752
 20
6174722.57543289
 10
6366644.7640622
 20
6174722.57444359
 10
6366644.78811564
 20
6174722.20791317
 10
6366644.78814115
 20
6174722.20691869
 10
6366644.78808734
 20
6174722.20592531
 10
6366644.75360962
 20
6174721.84022819
 10
6366644.75347682
 20
6174721.83924226
 10
6366644.75326589
 20
6174721.83827006
 10
6366644.66113261
 20
6174721.48269367
 10
6366644.66084488
 20
6174721.48174137
 10
6366644.66048219
 20
6174721.48081502
 10
6366644.51303323
 20
6174721.14438982
 10
6366644.51259788
 20
6174721.14349532
 10
6366644.51209264
 20
6174721.14263834
 10
6366644.31307271
 20
6174720.83390841
 10
6366644.31250079
 20
6174720.83309442
 10
6366644.31186582
 20
6174720.83232859
 10
6366644.06632936
 20
6174720.5591346
 10
6366644.06563539
 20
6174720.5584218
 10
6366644.06488683
 20
6174720.55776657
 10
6366643.77859902
 20
6174720.32666685
 10
6366643.77798077
 20
6174720.32618361
 10
6366637.84822031
 20
6174715.83943822
 10
6366636.11705013
 20
6174714.52955057
 10
6366629.14337286
 20
6174709.25292668
 10
6366629.1424052
 20
6174709.25226658
 10
6366629.14165343
 20
6174709.25316488
 10
6366628.69291768
 20
6174709.84622178
 10
6366628.68976857
 20
6174709.84998468
 10
6366628.68626579
 20
6174709.8534208
 10
6366628.68244308
 20
6174709.85649704
 10
6366628.67833725
 20
6174709.85918377
 10
6366628.67398784
 20
6174709.86145513
 10
6366628.66943675
 20
6174709.86328923
 10
6366628.6647278
 20
6174709.86466842
 10
6366628.65990634
 20
6174709.86557941
 10
6366628.65501881
 20
6174709.86601342
 10
6366628.65011227
 20
6174709.86596628
 10
6366628.64523397
 20
6174709.86543845
 10
6366628.64043091
 20
6174709.864435
 10
6366628.63574932
 20
6174709.8629656
 10
6366628.63123431
 20
6174709.8610444
 10
6366628.62692935
 20
6174709.8586899
 10
6366628.62287589
 20
6174709.85592478
 10
6366625.3102734
 20
6174707.34944832
 10
6366625.30930043
 20
6174707.34878502
 10
6366625.30855297
 20
6174707.34969496
 10
6366623.89350794
 20
6174709.25703972
 10
6366623.38212961
 20
6174709.94663741
 10
6366623.35482095
 20
6174709.98346335
 10
6366622.40399835
 20
6174711.26406545
 10
6366622.34477682
 20
6174711.34429009
 10
6366622.28571711
 20
6174711.42429583
 10
6366622.28547485
 20
6174711.42462123
 10
6366622.22552692
 20
6174711.5044662
 10
6366622.15299329
 20
6174711.60256989
 10
6366622.15295403
 20
6174711.60262291
 10
6366621.21232526
 20
6174712.87134307
 10
6366621.1531318
 20
6174712.95152982
 10
6366621.12252561
 20
6174712.99309211
 10
6366621.12247889
 20
6174712.99315544
 10
6366621.11811156
 20
6174712.99906664
 10
6366621.1174664
 20
6174713.00003527
 10
6366621.11835919
 20
6174713.00078189
 10
6366623.64733706
 20
6174714.9143297
 10
6366624.41731479
 20
6174715.49693235
 10
6366626.96418614
 20
6174717.4240192
 10
6366626.96794904
 20
6174717.42716831
 10
6366626.97138516
 20
6174717.43067109
 10
6366626.9744614
 20
6174717.4344938
 10
6366626.97714814
 20
6174717.43859963
 10
6366626.97941949
 20
6174717.44294903
 10
6366626.98125359
 20
6174717.44750012
 10
6366626.98263278
 20
6174717.45220907
 10
6366626.98354377
 20
6174717.45703053
 10
6366626.98397778
 20
6174717.46191807
 10
6366626.98393065
 20
6174717.46682461
 10
6366626.98340281
 20
6174717.4717029
 10
6366626.98239936
 20
6174717.47650597
 10
6366626.98092996
 20
6174717.48118756
 10
6366626.97900876
 20
6174717.48570257
 10
6366626.97665426
 20
6174717.49000753
 10
6366626.97388914
 20
6174717.49406098
 10
6366626.37188151
 20
6174718.28968468
 10
6366626.3687324
 20
6174718.29344758
 10
6366626.36522962
 20
6174718.2968837
 10
6366626.36140691
 20
6174718.29995994
 10
6366626.35730108
 20
6174718.30264668
 10
6366626.35295168
 20
6174718.30491803
 10
6366626.34840059
 20
6174718.30675214
 10
6366626.34369163
 20
6174718.30813132
 10
6366626.33887018
 20
6174718.30904231
 10
6366626.33398264
 20
6174718.30947632
 10
6366626.3290761
 20
6174718.30942919
 10
6366626.32419781
 20
6174718.30890135
 10
6366626.31939474
 20
6174718.3078979
 10
6366626.31471315
 20
6174718.3064285
 10
6366626.31019814
 20
6174718.3045073
 10
6366626.30589318
 20
6174718.3021528
 10
6366626.30183973
 20
6174718.29938768
 10
6366626.01997797
 20
6174718.08611736
 10
6366626.01909094
 20
6174718.08550484
 10
6366626.01807611
 20
6174718.08514134
 10
6366625.7385514
 20
6174717.99850581
 10
6366625.73763885
 20
6174717.99826043
 10
6366625.73671037
 20
6174717.99808483
 10
6366625.44717552
 20
6174717.95460795
 10
6366625.44623641
 20
6174717.95450311
 10
6366625.44529201
 20
6174717.95446965
 10
6366625.15251203
 20
6174717.95518834
 10
6366625.15156781
 20
6174717.95522644
 10
6366625.15062922
 20
6174717.95533588
 10
6366624.86131132
 20
6174718.00023367
 10
6366624.8603837
 20
6174718.00041384
 10
6366624.85947235
 20
6174718.00066369
 10
6366624.58024461
 20
6174718.08871201
 10
6366624.57935477
 20
6174718.08903012
 10
6366624.5784916
 20
6174718.08941464
 10
6366624.3157508
 20
6174718.2185964
 10
6366624.31491919
 20
6174718.21904515
 10
6366624.31412391
 20
6174718.21955556
 10
6366624.07418798
 20
6174718.38670319
 10
6366624.07316007
 20
6174718.38750243
 10
6366624.0723211
 20
6174718.38849815
 10
6366622.54750869
 20
6174720.40371663
 10
6366622.54680901
 20
6174720.40474537
 10
6366622.54669408
 20
6174720.40598418
 10
6366622.53289771
 20
6174720.73401745
 10
6366622.53289667
 20
6174720.73504029
 10
6366622.53297943
 20
6174720.73605981
 10
6366622.57296959
 20
6174721.06217701
 10
6366622.5731356
 20
6174721.06318631
 10
6366622.57338376
 20
6174721.06417862
 10
6366622.66609657
 20
6174721.37938644
 10
6366622.6664252
 20
6174721.38035509
 10
6366622.66683207
 20
6174721.38129353
 10
6366622.80977805
 20
6174721.67712811
 10
6366622.81026045
 20
6174721.67803007
 10
6366622.81081512
 20
6174721.67888947
 10
6366623.00015592
 20
6174721.9474071
 10
6366623.00077914
 20
6174721.94821817
 10
6366623.00146672
 20
6174721.94897544
 10
6366623.23156649
 20
6174722.18240628
 10
6366623.23428247
 20
6174722.18478916
 10
6366623.78010666
 20
6174722.59778631
 10
6366623.78386957
 20
6174722.60093542
 10
6366623.78730568
 20
6174722.6044382
 10
6366623.79038192
 20
6174722.60826091
 10
6366623.79306866
 20
6174722.61236674
 10
6366623.79534001
 20
6174722.61671614
 10
6366623.79717412
 20
6174722.62126723
 10
6366623.7985533
 20
6174722.62597618
 10
6366623.79946429
 20
6174722.63079764
 10
6366623.79989831
 20
6174722.63568518
 10
6366623.79985117
 20
6174722.64059172
 10
6366623.79932333
 20
6174722.64547001
 10
6366623.79831988
 20
6174722.65027308
 10
6366623.79685048
 20
6174722.65495466
 10
6366623.79492928
 20
6174722.65946968
 10
6366623.79257478
 20
6174722.66377464
 10
6366623.78980966
 20
6174722.66782809
 10
6366622.7338718
 20
6174724.06337391
 10
6366622.73072268
 20
6174724.06713681
 10
6366622.7272199
 20
6174724.07057293
 10
6366622.72339719
 20
6174724.07364917
 10
6366622.71929136
 20
6174724.0763359
 10
6366622.71494196
 20
6174724.07860726
 10
6366622.71039087
 20
6174724.08044136
 10
6366622.70568192
 20
6174724.08182055
 10
6366622.70086046
 20
6174724.08273153
 10
6366622.69597293
 20
6174724.08316555
 10
6366622.69106638
 20
6174724.08311841
 10
6366622.68618809
 20
6174724.08259058
 10
6366622.68138502
 20
6174724.08158713
 10
6366622.67670344
 20
6174724.08011773
 10
6366622.67218842
 20
6174724.07819653
 10
6366622.66788346
 20
6174724.07584203
 10
6366622.66383001
 20
6174724.07307691
 10
6366619.75846252
 20
6174721.87473452
 10
6366619.75469962
 20
6174721.87158541
 10
6366619.7512635
 20
6174721.86808263
 10
6366619.74818726
 20
6174721.86425992
 10
6366619.74550053
 20
6174721.86015409
 10
6366619.74322917
 20
6174721.85580469
 10
6366619.74139507
 20
6174721.8512536
 10
6366619.74001588
 20
6174721.84654465
 10
6366619.73910489
 20
6174721.84172319
 10
6366619.73867088
 20
6174721.83683565
 10
6366619.73871802
 20
6174721.83192911
 10
6366619.73924585
 20
6174721.82705082
 10
6366619.7402493
 20
6174721.82224775
 10
6366619.7417187
 20
6174721.81756617
 10
6366619.7436399
 20
6174721.81305115
 10
6366619.7459944
 20
6174721.80874619
 10
6366619.74875952
 20
6174721.80469274
 10
6366622.5761717
 20
6174718.06793582
 10
6366622.5768318
 20
6174718.06696816
 10
6366622.5759335
 20
6174718.06621639
 10
6366619.23556308
 20
6174715.53872952
 10
6366619.23459015
 20
6174715.53806623
 10
6366619.23384266
 20
6174715.53897606
 10
6366618.99324751
 20
6174715.86321867
 10
6366618.77288857
 20
6174716.16010701
 10
6366617.8812419
 20
6174717.36348751
 10
6366617.88107467
 20
6174717.36371189
 10
6366617.84863934
 20
6174717.40697875
 10
6366617.84839813
 20
6174717.40730602
 10
6366617.82214562
 20
6174717.44353812
 10
6366617.82180849
 20
6174717.44399786
 10
6366616.43241448
 20
6174719.31624745
 10
6366616.41253785
 20
6174719.3430451
 10
6366616.3120724
 20
6174719.47849257
 10
6366616.29676636
 20
6174719.49927724
 10
6366616.2966634
 20
6174719.49941655
 10
6366613.82567893
 20
6174722.83063022
 10
6366613.46858257
 20
6174723.31261578
 10
6366612.91663617
 20
6174724.05684935
 10
6366612.91659895
 20
6174724.05689948
 10
6366612.6922095
 20
6174724.3586735
 10
6366612.64072174
 20
6174724.42826775
 10
6366612.62995965
 20
6174724.44281456
 10
6366612.62991024
 20
6174724.44288124
 10
6366612.27286799
 20
6174724.92381334
 10
6366611.79915709
 20
6174725.56318366
 10
6366611.79850692
 20
6174725.56415771
 97
0
 75
1
 76
1
 52
0.0
 41
1.0
 77
0
 78
1
 53
45.0
 43
0.0
 44
0.0
 45
-0.0034798562
 46
0.0034798562
 79
0
 98
0
  0
HATCH
  5
20103
330
1F
100
AcDbEntity
  8
mdr_tejidoconsolidado
 62
7
440
33554585
100
AcDbHatch
 10
0.0
 20
0.0
 30
0.0
210
0.0
220
0.0
230
1.0
  2
SOLID
 70
0
 71
0
 91
1
 92
3
 72
0
 73
1
 93
142
 10
6366631.23793432
 20
6174704.76582856
 10
6366631.23884457
 20
6174704.76656572
 10
6366631.72186252
 20
6174705.11995084
 10
6366632.20405566
 20
6174705.47311431
 10
6366634.61726172
 20
6174707.23867905
 10
6366636.70977223
 20
6174708.77045686
 10
6366637.51647479
 20
6174709.36130711
 10
6366638.77452788
 20
6174710.28213549
 10
6366638.77550607
 20
6174710.28278022
 10
6366638.77624333
 20
6174710.28186975
 10
6366641.41062613
 20
6174706.68064499
 10
6366641.41371396
 20
6174706.67683167
 10
6366641.4171607
 20
6174706.67333938
 10
6366641.42093314
 20
6174706.67020174
 10
6366641.42499496
 20
6174706.66744897
 10
6366641.42930703
 20
6174706.66510758
 10
6366641.43382784
 20
6174706.66320012
 10
6366641.43851384
 20
6174706.66174496
 10
6366641.44331991
 20
6174706.66075611
 10
6366641.44819976
 20
6174706.66024309
 10
6366641.45310639
 20
6174706.66021086
 10
6366641.45799256
 20
6174706.66065971
 10
6366641.46281121
 20
6174706.66158533
 10
6366641.46751592
 20
6174706.66297879
 10
6366641.4720614
 20
6174706.66482669
 10
6366641.47640387
 20
6174706.66711122
 10
6366641.48050151
 20
6174706.66981038
 10
6366644.00292013
 20
6174708.51498744
 10
6366644.00673392
 20
6174708.51807564
 10
6366644.01022661
 20
6174708.52152283
 10
6366644.01336455
 20
6174708.52529581
 10
6366644.01611753
 20
6174708.52935821
 10
6366644.018459
 20
6174708.53367093
 10
6366644.02036644
 20
6174708.5381924
 10
6366644.02182145
 20
6174708.54287907
 10
6366644.02281003
 20
6174708.54768581
 10
6366644.02332264
 20
6174708.55256631
 10
6366644.02335436
 20
6174708.55747355
 10
6366644.02290488
 20
6174708.56236026
 10
6366644.02197853
 20
6174708.56717938
 10
6366644.02058422
 20
6174708.57188447
 10
6366644.0187354
 20
6174708.57643022
 10
6366644.01644987
 20
6174708.58077284
 10
6366644.01374964
 20
6174708.5848705
 10
6366641.37839187
 20
6174712.18610058
 10
6366641.37774752
 20
6174712.18707836
 10
6366641.37865704
 20
6174712.18781593
 10
6366641.8799463
 20
6174712.55509
 10
6366641.88103042
 20
6174712.55584367
 10
6366646.16462213
 20
6174715.69063043
 10
6366647.46818073
 20
6174716.64481447
 10
6366649.0835621
 20
6174717.82686438
 10
6366649.084566
 20
6174717.82752421
 10
6366649.08538076
 20
6174717.82664138
 10
6366649.33826274
 20
6174717.52339086
 10
6366651.00909018
 20
6174715.51793632
 10
6366653.01928932
 20
6174713.10504878
 10
6366653.18848607
 20
6174712.90204589
 10
6366656.44797056
 20
6174708.99040387
 10
6366656.89718316
 20
6174708.451643
 10
6366656.89787292
 20
6174708.45072991
 10
6366656.89698317
 20
6174708.45001031
 10
6366655.68539626
 20
6174707.56288832
 10
6366655.28054901
 20
6174707.26694767
 10
6366654.43818902
 20
6174706.65054465
 10
6366653.90763494
 20
6174706.26273946
 10
6366653.90759063
 20
6174706.26270703
 10
6366653.23062594
 20
6174705.76674244
 10
6366648.84069235
 20
6174702.5538462
 10
6366648.83971001
 20
6174702.55319911
 10
6366648.83897622
 20
6174702.55411848
 10
6366646.66026813
 20
6174705.5784497
 10
6366646.6601887
 20
6174705.57855964
 10
6366646.54987927
 20
6174705.73081094
 10
6366646.54679622
 20
6174705.73465267
 10
6366646.54335011
 20
6174705.7381724
 10
6366646.53957439
 20
6174705.74133595
 10
6366646.5355057
 20
6174705.74411263
 10
6366646.53118354
 20
6174705.74647549
 10
6366646.52664986
 20
6174705.74840159
 10
6366646.52194865
 20
6174705.74987224
 10
6366646.51712555
 20
6174705.75087316
 10
6366646.51222737
 20
6174705.75139465
 10
6366646.50730164
 20
6174705.75143163
 10
6366646.50239618
 20
6174705.75098375
 10
6366646.49755859
 20
6174705.75005536
 10
6366646.49283583
 20
6174705.74865547
 10
6366646.48827374
 20
6174705.74679767
 10
6366646.48391659
 20
6174705.74449998
 10
6366646.47980667
 20
6174705.7417847
 10
6366644.35528636
 20
6174704.18261103
 10
6366644.35148257
 20
6174704.17952159
 10
6366644.34799948
 20
6174704.17607464
 10
6366644.34487054
 20
6174704.17230329
 10
6366644.3421258
 20
6174704.16824376
 10
6366644.33979162
 20
6174704.16393505
 10
6366644.33789043
 20
6174704.15941854
 10
6366644.33644049
 20
6174704.15473762
 10
6366644.33545572
 20
6174704.14993724
 10
6366644.33494559
 20
6174704.14506352
 10
6366644.33491499
 20
6174704.14016327
 10
6366644.33536422
 20
6174704.13528356
 10
6366644.33628896
 20
6174704.13047126
 10
6366644.33768034
 20
6174704.1257726
 10
6366644.33952498
 20
6174704.1212327
 10
6366644.34180517
 20
6174704.11689517
 10
6366644.344499
 20
6174704.11280168
 10
6366644.45318023
 20
6174703.9640727
 10
6366644.45382364
 20
6174703.96309493
 10
6366644.45291459
 20
6174703.96235762
 10
6366644.00091158
 20
6174703.63112228
 10
6366643.99712098
 20
6174703.62804926
 10
6366643.993648
 20
6174703.62462137
 10
6366643.9905257
 20
6174703.62087126
 10
6366643.98778383
 20
6174703.61683465
 10
6366643.9854485
 20
6174703.61254999
 10
6366643.98354196
 20
6174703.6080581
 10
6366643.98208236
 20
6174703.60340174
 10
6366643.98108361
 20
6174703.59862528
 10
6366643.98055522
 20
6174703.59377421
 10
6366643.98050222
 20
6174703.58889474
 10
6366643.98092512
 20
6174703.58403334
 10
6366643.98181989
 20
6174703.57923632
 10
6366643.98317801
 20
6174703.57454936
 10
6366643.98498654
 20
6174703.57001711
 10
6366643.98722826
 20
6174703.56568274
 10
6366643.98988181
 20
6174703.56158753
 10
6366644.52444507
 20
6174702.81872672
 10
6366646.1387537
 20
6174700.57838969
 10
6366646.13938852
 20
6174700.57741127
 10
6366646.13848228
 20
6174700.57667708
 10
6366643.91931827
 20
6174698.95170773
 10
6366642.04452297
 20
6174697.58011262
 10
6366639.39770482
 20
6174695.64314336
 10
6366638.91375322
 20
6174695.28905647
 10
6366638.91369382
 20
6174695.28901521
 10
6366638.43054847
 20
6174694.93552845
 10
6366638.42957051
 20
6174694.93488416
 10
6366638.42883333
 20
6174694.93579451
 10
6366634.84952653
 20
6174699.82854441
 10
6366631.23857866
 20
6174704.76485039
 10
6366631.23793432
 20
6174704.76582856
 97
0
 75
1
 76
1
 52
0.0
 41
1.0
 77
0
 78
1
 53
45.0
 43
0.0
 44
0.0
 45
-0.0034798562
 46
0.0034798562
 79
0
 98
0
  0
HATCH
  5
20104
330
1F
100
AcDbEntity
  8
mdr_tejidoconsolidado
 62
7
440
33554585
100
AcDbHatch
 10
0.0
 20
0.0
 30
0.0
210
0.0
220
0.0
230
1.0
  2
SOLID
 70
0
 71
0
 91
1
 92
3
 72
0
 73
1
 93
51
 10
6366626.45967698
 20
6174632.8024027
 10
6366626.46058866
 20
6174632.80316164
 10
6366626.70692888
 20
6174632.98802244
 10
6366627.12064352
 20
6174633.29711238
 10
6366627.97633744
 20
6174633.93748536
 10
6366628.82065813
 20
6174634.56907354
 10
6366632.20309374
 20
6174637.100883
 10
6366635.44103117
 20
6174639.52455204
 10
6366636.24258883
 20
6174640.12535413
 10
6366639.89914869
 20
6174642.86220336
 10
6366641.09259186
 20
6174643.75577454
 10
6366641.28754397
 20
6174643.90164619
 10
6366641.89289905
 20
6174644.35435301
 10
6366642.93433892
 20
6174645.1339782
 10
6366643.39053253
 20
6174645.47571489
 10
6366649.44980649
 20
6174650.01092245
 10
6366650.05743048
 20
6174650.46585474
 10
6366654.32554457
 20
6174653.65974124
 10
6366657.26568597
 20
6174655.86132329
 10
6366657.26664582
 20
6174655.8619719
 10
6366657.26740162
 20
6174655.86109396
 10
6366660.26327817
 20
6174652.01919766
 10
6366661.0674643
 20
6174650.98852085
 10
6366663.25504316
 20
6174648.18226206
 10
6366663.25572424
 20
6174648.18129256
 10
6366663.25481146
 20
6174648.18053716
 10
6366655.74956933
 20
6174642.57375385
 10
6366655.38940497
 20
6174642.30447742
 10
6366654.08309355
 20
6174641.32918481
 10
6366652.84209487
 20
6174640.40191758
 10
6366652.17116362
 20
6174639.90003135
 10
6366651.24189414
 20
6174639.20537734
 10
6366649.70306884
 20
6174638.05571708
 10
6366649.32410634
 20
6174637.77320645
 10
6366649.32406346
 20
6174637.77317445
 10
6366642.98742919
 20
6174633.03875455
 10
6366642.76377978
 20
6174632.87146164
 10
6366642.00474509
 20
6174632.30428341
 10
6366641.68905625
 20
6174632.06863574
 10
6366640.6638149
 20
6174631.30253695
 10
6366639.42779013
 20
6174630.37934173
 10
6366638.0037499
 20
6174629.3143721
 10
6366636.66974103
 20
6174628.31772234
 10
6366635.76028526
 20
6174627.63833119
 10
6366634.47688467
 20
6174626.67953361
 10
6366634.23049109
 20
6174626.495616
 10
6366634.22947293
 20
6174626.49493381
 10
6366634.22848338
 20
6174626.4956569
 10
6366632.62914263
 20
6174627.79412125
 10
6366626.46055908
 20
6174632.8016096
 10
6366626.45967698
 20
6174632.8024027
 97
0
 75
1
 76
1
 52
0.0
 41
1.0
 77
0
 78
1
 53
45.0
 43
0.0
 44
0.0
 45
-0.0034798562
 46
0.0034798562
 79
0
 98
0
  0
HATCH
  5
20105
330
1F
100
AcDbEntity
  8
mdr_tejidoconsolidado
 62
7
440
33554585
100
AcDbHatch
 10
0.0
 20
0.0
 30
0.0
210
0.0
220
0.0
230
1.0
  2
SOLID
 70
0
 71
0
 91
1
 92
3
 72
0
 73
1
 93
206
 10
6366668.03069812
 20
6174665.28404689
 10
6366668.03161025
 20
6174665.28479932
 10
6366670.1147453
 20
6174666.83622682
 10
6366670.11571795
 20
6174666.83687954
 10
6366670.11646286
 20
6174666.83597554
 10
6366670.38172608
 20
6174666.47980092
 10
6366670.38484649
 20
6174666.47601417
 10
6366670.38832303
 20
6174666.47255151
 10
6366670.39212223
 20
6174666.46944628
 10
6366670.3962075
 20
6174666.4667284
 10
6366670.40053951
 20
6174666.46442403
 10
6366670.40507652
 20
6174666.46255536
 10
6366670.40977484
 20
6174666.4611404
 10
6366670.41458923
 20
6174666.46019276
 10
6366670.41947332
 20
6174666.45972159
 10
6366670.42438008
 20
6174666.4597314
 10
6366670.42926225
 20
6174666.46022212
 10
6366670.43407281
 20
6174666.46118901
 10
6366670.43876543
 20
6174666.46262276
 10
6366670.44329493
 20
6174666.46450956
 10
6366670.44761768
 20
6174666.46683125
 10
6366670.45169204
 20
6174666.46956546
 10
6366672.19847798
 20
6174667.77049489
 10
6366672.20226472
 20
6174667.77361529
 10
6366672.20572739
 20
6174667.77709184
 10
6366672.20883261
 20
6174667.78089104
 10
6366672.2115505
 20
6174667.78497631
 10
6366672.21385487
 20
6174667.78930831
 10
6366672.21572354
 20
6174667.79384532
 10
6366672.2171385
 20
6174667.79854365
 10
6366672.21808613
 20
6174667.80335804
 10
6366672.21855731
 20
6174667.80824213
 10
6366672.21854749
 20
6174667.81314889
 10
6366672.21805678
 20
6174667.81803106
 10
6366672.21708989
 20
6174667.82284162
 10
6366672.21565614
 20
6174667.82753424
 10
6366672.21376934
 20
6174667.83206374
 10
6366672.21144765
 20
6174667.83638648
 10
6366672.20871344
 20
6174667.84046085
 10
6366669.62900844
 20
6174671.30428623
 10
6366669.62835895
 20
6174671.30525345
 10
6366669.62925115
 20
6174671.30600267
 10
6366672.47355391
 20
6174673.46696817
 10
6366672.70275517
 20
6174673.640915
 10
6366672.70372263
 20
6174673.64157696
 10
6366672.70447511
 20
6174673.64067809
 10
6366674.74059122
 20
6174670.95033804
 10
6366674.74374076
 20
6174670.94657549
 10
6366674.74724392
 20
6174670.94313977
 10
6366674.75106698
 20
6174670.94006396
 10
6366674.7551731
 20
6174670.93737768
 10
6366674.75952276
 20
6174670.93510681
 10
6366674.76407406
 20
6174670.93327322
 10
6366674.76878316
 20
6174670.93189456
 10
6366674.77360472
 20
6174670.93098411
 10
6366674.77849231
 20
6174670.93055065
 10
6366674.78339884
 20
6174670.93059833
 10
6366674.78827708
 20
6174670.93112671
 10
6366674.79308003
 20
6174670.9321307
 10
6366674.79776145
 20
6174670.93360063
 10
6366674.80227625
 20
6174670.93552233
 10
6366674.80658095
 20
6174670.93787731
 10
6366674.81063409
 20
6174670.94064289
 10
6366677.37594562
 20
6174672.88213429
 10
6366677.37970817
 20
6174672.88528382
 10
6366677.38314389
 20
6174672.88878699
 10
6366677.3862197
 20
6174672.89261004
 10
6366677.38890598
 20
6174672.89671617
 10
6366677.39117685
 20
6174672.90106583
 10
6366677.39301044
 20
6174672.90561712
 10
6366677.3943891
 20
6174672.91032623
 10
6366677.39529955
 20
6174672.91514779
 10
6366677.39573301
 20
6174672.92003537
 10
6366677.39568533
 20
6174672.92494191
 10
6366677.39515695
 20
6174672.92982014
 10
6366677.39415296
 20
6174672.9346231
 10
6366677.39268303
 20
6174672.93930452
 10
6366677.39076133
 20
6174672.94381932
 10
6366677.38840635
 20
6174672.94812402
 10
6366677.38564077
 20
6174672.95217716
 10
6366675.34665987
 20
6174675.64630251
 10
6366675.34600024
 20
6174675.64726914
 10
6366675.34689638
 20
6174675.64802176
 10
6366679.83203238
 20
6174679.05435221
 10
6366680.10172647
 20
6174679.2592275
 10
6366680.78687766
 20
6174679.77970812
 10
6366680.78781853
 20
6174679.78035453
 10
6366680.78859023
 20
6174679.77951335
 10
6366690.19355909
 20
6174668.49196917
 10
6366690.19428134
 20
6174668.49100732
 10
6366690.19335908
 20
6174668.49023516
 10
6366689.50039284
 20
6174667.96731234
 10
6366689.21178858
 20
6174667.74952719
 10
6366688.35784667
 20
6174667.10495151
 10
6366686.60375646
 20
6174665.78057526
 10
6366686.60279753
 20
6174665.77992184
 10
6366686.60203947
 20
6174665.78080038
 10
6366685.01370144
 20
6174667.8132798
 10
6366685.010494
 20
6174667.81699311
 10
6366685.00693804
 20
6174667.82037416
 10
6366685.0030678
 20
6174667.82339039
 10
6366684.99892056
 20
6174667.82601274
 10
6366684.99453625
 20
6174667.82821597
 10
6366684.98995709
 20
6174667.82997884
 10
6366684.9852272
 20
6174667.8312844
 10
6366684.98039212
 20
6174667.83212005
 10
6366684.9754984
 20
6174667.83247776
 10
6366684.9705932
 20
6174667.83235408
 10
6366684.96572373
 20
6174667.8317502
 10
6366684.9609369
 20
6174667.83067194
 10
6366684.95627881
 20
6174667.82912968
 10
6366684.95179432
 20
6174667.82713827
 10
6366684.94752662
 20
6174667.8247169
 10
6366684.9435168
 20
6174667.82188888
 10
6366684.09612463
 20
6174667.15967052
 10
6366684.09516739
 20
6174667.1589954
 10
6366684.0944017
 20
6174667.15988186
 10
6366683.71694717
 20
6174667.64288267
 10
6366683.71373973
 20
6174667.64659599
 10
6366683.71018377
 20
6174667.64997704
 10
6366683.70631353
 20
6174667.65299327
 10
6366683.70216628
 20
6174667.65561562
 10
6366683.69778197
 20
6174667.65781884
 10
6366683.69320282
 20
6174667.65958172
 10
6366683.68847293
 20
6174667.66088727
 10
6366683.68363784
 20
6174667.66172293
 10
6366683.67874413
 20
6174667.66208064
 10
6366683.67383892
 20
6174667.66195696
 10
6366683.66896946
 20
6174667.66135308
 10
6366683.66418263
 20
6174667.66027482
 10
6366683.65952454
 20
6174667.65873256
 10
6366683.65504005
 20
6174667.65674115
 10
6366683.65077234
 20
6174667.65431978
 10
6366683.64676252
 20
6174667.65149175
 10
6366682.07715776
 20
6174666.42488011
 10
6366682.07344444
 20
6174666.42167268
 10
6366682.07006339
 20
6174666.41811672
 10
6366682.06704717
 20
6174666.41424648
 10
6366682.06442482
 20
6174666.41009923
 10
6366682.06222159
 20
6174666.40571492
 10
6366682.06045872
 20
6174666.40113577
 10
6366682.05915316
 20
6174666.39640588
 10
6366682.05831751
 20
6174666.39157079
 10
6366682.0579598
 20
6174666.38667708
 10
6366682.05808348
 20
6174666.38177187
 10
6366682.05868735
 20
6174666.37690241
 10
6366682.05976562
 20
6174666.37211558
 10
6366682.06130788
 20
6174666.36745749
 10
6366682.06329928
 20
6174666.362973
 10
6366682.06572066
 20
6174666.35870529
 10
6366682.06854868
 20
6174666.35469547
 10
6366684.03225424
 20
6174663.84188587
 10
6366684.03293494
 20
6174663.84091968
 10
6366684.03202862
 20
6174663.84016111
 10
6366683.77447813
 20
6174663.64546575
 10
6366679.78774537
 20
6174660.63674482
 10
6366678.32740905
 20
6174659.53497227
 10
6366678.32643697
 20
6174659.53431141
 10
6366678.32568928
 20
6174659.53521841
 10
6366676.79350375
 20
6174661.59251674
 10
6366675.90805819
 20
6174662.78142347
 10
6366675.90493779
 20
6174662.78521022
 10
6366675.90146125
 20
6174662.78867288
 10
6366675.89766204
 20
6174662.79177811
 10
6366675.89357677
 20
6174662.79449599
 10
6366675.88924477
 20
6174662.79680036
 10
6366675.88470776
 20
6174662.79866903
 10
6366675.88000944
 20
6174662.80008399
 10
6366675.87519505
 20
6174662.80103163
 10
6366675.87031095
 20
6174662.8015028
 10
6366675.8654042
 20
6174662.80149299
 10
6366675.86052203
 20
6174662.80100227
 10
6366675.85571147
 20
6174662.80003538
 10
6366675.85101884
 20
6174662.79860163
 10
6366675.84648935
 20
6174662.79671483
 10
6366675.8421666
 20
6174662.79439314
 10
6366675.83809223
 20
6174662.79165893
 10
6366674.33502947
 20
6174661.67224377
 10
6366674.33124273
 20
6174661.66912337
 10
6366674.32778007
 20
6174661.66564682
 10
6366674.32467484
 20
6174661.66184762
 10
6366674.32195695
 20
6174661.65776235
 10
6366674.31965258
 20
6174661.65343035
 10
6366674.31778392
 20
6174661.64889334
 10
6366674.31636895
 20
6174661.64419501
 10
6366674.31542132
 20
6174661.63938062
 10
6366674.31495014
 20
6174661.63449653
 10
6366674.31495996
 20
6174661.62958977
 10
6366674.31545067
 20
6174661.62470761
 10
6366674.31641756
 20
6174661.61989705
 10
6366674.31785131
 20
6174661.61520442
 10
6366674.31973812
 20
6174661.61067492
 10
6366674.3220598
 20
6174661.60635218
 10
6366674.32479401
 20
6174661.60227781
 10
6366674.45389857
 20
6174661.42892636
 10
6366674.4545513
 20
6174661.4279537
 10
6366674.4536473
 20
6174661.42720877
 10
6366672.26478141
 20
6174659.79703753
 10
6366672.26381812
 20
6174659.79639037
 10
6366672.26306591
 20
6174659.79727404
 10
6366672.14929555
 20
6174659.94488654
 10
6366670.93102927
 20
6174661.52376328
 10
6366669.01951889
 20
6174664.00188711
 10
6366668.05203911
 20
6174665.25628253
 10
6366668.03137296
 20
6174665.28307595
 10
6366668.03069812
 20
6174665.28404689
 97
0
 75
1
 76
1
 52
0.0
 41
1.0
 77
0
 78
1
 53
45.0
 43
0.0
 44
0.0
 45
-0.0034798562
 46
0.0034798562
 79
0
 98
0
  0
HATCH
  5
20106
330
1F
100
AcDbEntity
  8
mdr_tejidoparairregular
 62
7
440
33554585
100
AcDbHatch
 10
0.0
 20
0.0
 30
0.0
210
0.0
220
0.0
230
1.0
  2
SOLID
 70
0
 71
0
 91
1
 92
3
 72
0
 73
1
 93
76
 10
6366625.30936789
 20
6174707.34869191
 10
6366625.31026163
 20
6174707.34943942
 10
6366628.66176948
 20
6174709.88535356
 10
6366628.66273713
 20
6174709.88601366
 10
6366628.6634889
 20
6174709.88511536
 10
6366629.11222466
 20
6174709.29205846
 10
6366629.11537377
 20
6174709.28829555
 10
6366629.11887655
 20
6174709.28485944
 10
6366629.12269926
 20
6174709.2817832
 10
6366629.12680509
 20
6174709.27909646
 10
6366629.13115449
 20
6174709.27682511
 10
6366629.13570558
 20
6174709.274991
 10
6366629.14041453
 20
6174709.27361182
 10
6366629.14523599
 20
6174709.27270083
 10
6366629.15012353
 20
6174709.27226682
 10
6366629.15503007
 20
6174709.27231395
 10
6366629.15990836
 20
6174709.27284179
 10
6366629.16471143
 20
6174709.27384524
 10
6366629.16939301
 20
6174709.27531464
 10
6366629.17390803
 20
6174709.27723584
 10
6366629.17821299
 20
6174709.27959034
 10
6366629.18226644
 20
6174709.28235546
 10
6366636.11705013
 20
6174714.52955057
 10
6366637.84822031
 20
6174715.83943822
 10
6366643.77766783
 20
6174720.32594682
 10
6366643.77890437
 20
6174720.32691333
 10
6366644.06255281
 20
6174720.55588247
 10
6366644.06555303
 20
6174720.55850865
 10
6366644.06833445
 20
6174720.56136555
 10
6366644.30986073
 20
6174720.83009764
 10
6366644.31240567
 20
6174720.83316708
 10
6366644.31469794
 20
6174720.83642954
 10
6366644.51046741
 20
6174721.1401172
 10
6366644.51249243
 20
6174721.14355194
 10
6366644.51423733
 20
6174721.14713712
 10
6366644.6592781
 20
6174721.47806772
 10
6366644.66073178
 20
6174721.48178053
 10
6366644.66188499
 20
6174721.48559737
 10
6366644.75251351
 20
6174721.83536637
 10
6366644.75335893
 20
6174721.83926296
 10
6366644.75389117
 20
6174721.84321453
 10
6366644.78780579
 20
6174722.20293897
 10
6366644.78802147
 20
6174722.20692039
 10
6366644.78791921
 20
6174722.21090633
 10
6366644.76425862
 20
6174722.57145044
 10
6366644.76383909
 20
6174722.57541556
 10
6366644.76310494
 20
6174722.57933464
 10
6366644.68247003
 20
6174722.93154181
 10
6366644.68142593
 20
6174722.93538993
 10
6366644.68007854
 20
6174722.93914262
 10
6366644.54347562
 20
6174723.27664126
 10
6366644.54316881
 20
6174723.27752039
 10
6366644.54379908
 20
6174723.27683501
 10
6366649.08378526
 20
6174717.8285576
 10
6366649.08447475
 20
6174717.82764432
 10
6366649.08358479
 20
6174717.82692498
 10
6366647.46816402
 20
6174716.64484594
 10
6366646.16455665
 20
6174715.69065562
 10
6366641.88057922
 20
6174712.5556062
 10
6366641.37775199
 20
6174712.18720533
 10
6366638.77547484
 20
6174710.28289381
 10
6366637.51642025
 20
6174709.36136731
 10
6366636.70971303
 20
6174708.77049117
 10
6366634.61721816
 20
6174707.23869131
 10
6366632.20401058
 20
6174705.47317582
 10
6366631.72196679
 20
6174705.12007971
 10
6366631.23792722
 20
6174704.76594714
 10
6366628.63763379
 20
6174702.86338042
 10
6366628.63665923
 20
6174702.86273804
 10
6366628.6359191
 20
6174702.86364061
 10
6366627.1032278
 20
6174704.93107707
 10
6366627.10316158
 20
6174704.93116619
 10
6366626.96244071
 20
6174705.12010517
 10
6366625.41265503
 20
6174707.20937538
 10
6366625.31001564
 20
6174707.34772343
 10
6366625.30936789
 20
6174707.34869191
 97
0
 75
1
 76
1
 52
0.0
 41
1.0
 77
0
 78
1
 53
45.0
 43
0.0
 44
0.0
 45
-0.0034798562
 46
0.0034798562
 79
0
 98
0
  0
HATCH
  5
20107
330
1F
100
AcDbEntity
  8
mdr_tejidoparairregular
 62
7
440
33554585
100
AcDbHatch
 10
0.0
 20
0.0
 30
0.0
210
0.0
220
0.0
230
1.0
  2
SOLID
 70
0
 71
0
 91
1
 92
3
 72
0
 73
1
 93
33
 10
6366627.36716306
 20
6174726.09562226
 10
6366627.36806136
 20
6174726.09637403
 10
6366631.38616708
 20
6174729.1366682
 10
6366631.38713473
 20
6174729.1373283
 10
6366631.38788651
 20
6174729.13642999
 10
6366635.04523679
 20
6174724.30281227
 10
6366635.04589689
 20
6174724.30184461
 10
6366635.04499859
 20
6174724.30109284
 10
6366631.45387214
 20
6174721.58387186
 10
6366631.45290448
 20
6174721.58321176
 10
6366631.45215271
 20
6174721.58411006
 10
6366628.2013564
 20
6174725.88041889
 10
6366628.19820728
 20
6174725.88418179
 10
6366628.1947045
 20
6174725.88761791
 10
6366628.19088179
 20
6174725.89069415
 10
6366628.18677596
 20
6174725.89338089
 10
6366628.18242656
 20
6174725.89565224
 10
6366628.17787547
 20
6174725.89748634
 10
6366628.17316652
 20
6174725.89886553
 10
6366628.16834506
 20
6174725.89977652
 10
6366628.16345753
 20
6174725.90021053
 10
6366628.15855099
 20
6174725.9001634
 10
6366628.15367269
 20
6174725.89963556
 10
6366628.14886962
 20
6174725.89863211
 10
6366628.14418804
 20
6174725.89716271
 10
6366628.13967303
 20
6174725.89524151
 10
6366628.13536806
 20
6174725.89288701
 10
6366628.13131461
 20
6174725.89012189
 10
6366627.74518665
 20
6174725.5979587
 10
6366627.74421899
 20
6174725.59729859
 10
6366627.74346721
 20
6174725.5981969
 10
6366627.36782316
 20
6174726.0946546
 10
6366627.36716306
 20
6174726.09562226
 97
0
 75
1
 76
1
 52
0.0
 41
1.0
 77
0
 78
1
 53
45.0
 43
0.0
 44
0.0
 45
-0.0034798562
 46
0.0034798562
 79
0
 98
0
  0
HATCH
  5
20108
330
1F
100
AcDbEntity
  8
mdr_tejidoparairregular
 62
7
440
33554585
100
AcDbHatch
 10
0.0
 20
0.0
 30
0.0
210
0.0
220
0.0
230
1.0
  2
SOLID
 70
0
 71
0
 91
1
 92
3
 72
0
 73
1
 93
95
 10
6366619.23465762
 20
6174715.53797314
 10
6366619.2355514
 20
6174715.53872068
 10
6366622.53703992
 20
6174718.03678762
 10
6366622.54080283
 20
6174718.03993673
 10
6366622.54423895
 20
6174718.04343951
 10
6366622.54731518
 20
6174718.04726222
 10
6366622.55000192
 20
6174718.05136805
 10
6366622.55227328
 20
6174718.05571745
 10
6366622.55410738
 20
6174718.06026854
 10
6366622.55548657
 20
6174718.06497749
 10
6366622.55639755
 20
6174718.06979895
 10
6366622.55683157
 20
6174718.07468649
 10
6366622.55678443
 20
6174718.07959303
 10
6366622.5562566
 20
6174718.08447132
 10
6366622.55525315
 20
6174718.08927439
 10
6366622.55378374
 20
6174718.09395597
 10
6366622.55186254
 20
6174718.09847099
 10
6366622.54950804
 20
6174718.10277595
 10
6366622.54674292
 20
6174718.1068294
 10
6366619.71933075
 20
6174721.84358632
 10
6366619.71867064
 20
6174721.84455398
 10
6366619.71956894
 20
6174721.84530575
 10
6366622.70272359
 20
6174724.10250568
 10
6366622.70369125
 20
6174724.10316578
 10
6366622.70444302
 20
6174724.10226749
 10
6366623.81923844
 20
6174722.62893451
 10
6366623.81989854
 20
6174722.62796685
 10
6366623.81900024
 20
6174722.62721508
 10
6366623.2357307
 20
6174722.18588496
 10
6366623.2302916
 20
6174722.18111293
 10
6366623.00363241
 20
6174721.95117249
 10
6366623.00087627
 20
6174721.94813698
 10
6366622.9983781
 20
6174721.94488586
 10
6366622.81259294
 20
6174721.68141071
 10
6366622.81036954
 20
6174721.67796584
 10
6366622.80843586
 20
6174721.67435038
 10
6366622.66817426
 20
6174721.38407126
 10
6366622.66654331
 20
6174721.38030953
 10
6366622.66522605
 20
6174721.37642682
 10
6366622.57425428
 20
6174721.06713825
 10
6366622.57325957
 20
6174721.06316066
 10
6366622.5725941
 20
6174721.05911495
 10
6366622.53335492
 20
6174720.73912187
 10
6366622.53302316
 20
6174720.73503524
 10
6366622.53302735
 20
6174720.73093517
 10
6366622.54609061
 20
6174720.42033269
 10
6366622.5465567
 20
6174720.41530883
 10
6366622.54752671
 20
6174720.41035751
 10
6366622.54899078
 20
6174720.40552917
 10
6366622.550934
 20
6174720.40087295
 10
6366622.55333658
 20
6174720.39643628
 10
6366622.55617406
 20
6174720.39226433
 10
6366624.06832717
 20
6174718.3937766
 10
6366624.07170406
 20
6174718.38976883
 10
6366624.0754819
 20
6174718.38613654
 10
6366624.07961919
 20
6174718.38291963
 10
6366624.31178721
 20
6174718.22118339
 10
6366624.31497399
 20
6174718.21913811
 10
6366624.31830642
 20
6174718.21733988
 10
6366624.57593597
 20
6174718.09067117
 10
6366624.57939493
 20
6174718.08913028
 10
6366624.58296058
 20
6174718.08785559
 10
6366624.85675637
 20
6174718.00152011
 10
6366624.86040827
 20
6174718.00051892
 10
6366624.86412546
 20
6174717.99979696
 10
6366625.14781508
 20
6174717.95577259
 10
6366625.15157625
 20
6174717.95533402
 10
6366625.15535982
 20
6174717.95518135
 10
6366625.44244421
 20
6174717.95447664
 10
6366625.44622849
 20
6174717.95461074
 10
6366625.44999176
 20
6174717.95503084
 10
6366625.73389411
 20
6174717.99766194
 10
6366625.7376148
 20
6174717.99836564
 10
6366625.74127157
 20
6174717.99934889
 10
6366626.01073758
 20
6174718.08286684
 10
6366626.01482202
 20
6174718.08432983
 10
6366626.01876426
 20
6174718.08614139
 10
6366626.02253462
 20
6174718.08828788
 10
6366626.0261047
 20
6174718.09075314
 10
6366626.3407333
 20
6174718.32881645
 10
6366626.34170097
 20
6174718.32947656
 10
6366626.34245274
 20
6174718.32857826
 10
6366627.00331792
 20
6174717.4551674
 10
6366627.00397802
 20
6174717.45419975
 10
6366627.00307972
 20
6174717.45344797
 10
6366624.41731479
 20
6174715.49693235
 10
6366623.64733706
 20
6174714.9143297
 10
6366621.11837344
 20
6174713.00079268
 10
6366621.11739934
 20
6174713.00012869
 10
6366621.11665281
 20
6174713.00104106
 10
6366621.03477711
 20
6174713.11186004
 10
6366621.02970555
 20
6174713.11874697
 10
6366621.02959756
 20
6174713.11889307
 10
6366619.23530549
 20
6174715.53700466
 10
6366619.23465762
 20
6174715.53797314
 97
0
 75
1
 76
1
 52
0.0
 41
1.0
 77
0
 78
1
 53
45.0
 43
0.0
 44
0.0
 45
-0.0034798562
 46
0.0034798562
 79
0
 98
0
  0
HATCH
  5
20109
330
1F
100
AcDbEntity
  8
mdr_tejidoparairregular
 62
7
440
33554585
100
AcDbHatch
 10
0.0
 20
0.0
 30
0.0
210
0.0
220
0.0
230
1.0
  2
SOLID
 70
0
 71
0
 91
1
 92
3
 72
0
 73
1
 93
35
 10
6366643.96100796
 20
6174703.60180973
 10
6366643.96191345
 20
6174703.60254381
 10
6366644.41362828
 20
6174703.93356796
 10
6366644.41743586
 20
6174703.93665619
 10
6366644.4209227
 20
6174703.94010246
 10
6366644.42405527
 20
6174703.94387365
 10
6366644.42680346
 20
6174703.94793348
 10
6366644.42914085
 20
6174703.95224294
 10
6366644.43104497
 20
6174703.95676059
 10
6366644.4324975
 20
6174703.961443
 10
6366644.4334845
 20
6174703.96624515
 10
6366644.43399646
 20
6174703.97112088
 10
6366644.43402847
 20
6174703.97602331
 10
6366644.43358021
 20
6174703.98090531
 10
6366644.43265601
 20
6174703.98571994
 10
6366644.43126473
 20
6174703.99042091
 10
6366644.42941977
 20
6174703.99496304
 10
6366644.42713884
 20
6174703.99930265
 10
6366644.4244439
 20
6174704.00339803
 10
6366644.31578299
 20
6174704.15209921
 10
6366644.3151398
 20
6174704.15307658
 10
6366644.31604799
 20
6174704.15381421
 10
6366646.51937012
 20
6174705.7708201
 10
6366646.52035082
 20
6174705.77146802
 10
6366646.52108649
 20
6174705.77055132
 10
6366646.66018879
 20
6174705.57855952
 10
6366648.83898303
 20
6174702.55410903
 10
6366648.83961783
 20
6174702.55313039
 10
6366648.8387112
 20
6174702.55239643
 10
6366646.14046295
 20
6174700.57812687
 10
6366646.13948067
 20
6174700.57747998
 10
6366646.13874687
 20
6174700.57839916
 10
6366644.52446343
 20
6174702.81870123
 10
6366643.96164184
 20
6174703.60083147
 10
6366643.96100796
 20
6174703.60180973
 97
0
 75
1
 76
1
 52
0.0
 41
1.0
 77
0
 78
1
 53
45.0
 43
0.0
 44
0.0
 45
-0.0034798562
 46
0.0034798562
 79
0
 98
0
  0
HATCH
  5
2010A
330
1F
100
AcDbEntity
  8
mdr_tejidoparairregular
 62
7
440
33554585
100
AcDbHatch
 10
0.0
 20
0.0
 30
0.0
210
0.0
220
0.0
230
1.0
  2
SOLID
 70
0
 71
0
 91
1
 92
3
 72
0
 73
1
 93
13
 10
6366638.77548192
 20
6174710.28277524
 10
6366638.77639204
 20
6174710.28351246
 10
6366641.37667673
 20
6174712.18636591
 10
6366641.37765482
 20
6174712.18701044
 10
6366641.37839213
 20
6174712.18610024
 10
6366644.0425579
 20
6174708.54550387
 10
6366644.0432025
 20
6174708.54452567
 10
6366644.04229207
 20
6174708.54378845
 10
6366641.4410078
 20
6174706.6409203
 10
6366641.4400296
 20
6174706.64027595
 10
6366641.43929246
 20
6174706.64118628
 10
6366638.77612623
 20
6174710.28179712
 10
6366638.77548192
 20
6174710.28277524
 97
0
 75
1
 76
1
 52
0.0
 41
1.0
 77
0
 78
1
 53
45.0
 43
0.0
 44
0.0
 45
-0.0034798562
 46
0.0034798562
 79
0
 98
0
  0
HATCH
  5
2010B
330
1F
100
AcDbEntity
  8
mdr_tejidoparairregular
 62
7
440
33554585
100
AcDbHatch
 10
0.0
 20
0.0
 30
0.0
210
0.0
220
0.0
230
1.0
  2
SOLID
 70
0
 71
0
 91
1
 92
3
 72
0
 73
1
 93
15
 10
6366628.63665582
 20
6174702.86254016
 10
6366628.6375713
 20
6174702.86328213
 10
6366631.23686335
 20
6174704.76511617
 10
6366631.23784156
 20
6174704.76576067
 10
6366631.23857873
 20
6174704.76485028
 10
6366634.84952653
 20
6174699.82854441
 10
6366638.42883346
 20
6174694.93579432
 10
6366638.42947777
 20
6174694.93481627
 10
6366638.42856775
 20
6174694.93407898
 10
6366635.93617314
 20
6174693.10980866
 10
6366635.93520116
 20
6174693.10916756
 10
6366635.93445891
 20
6174693.11006469
 10
6366632.29455798
 20
6174697.97394022
 10
6366628.63731434
 20
6174702.86156292
 10
6366628.63665582
 20
6174702.86254016
 97
0
 75
1
 76
1
 52
0.0
 41
1.0
 77
0
 78
1
 53
45.0
 43
0.0
 44
0.0
 45
-0.0034798562
 46
0.0034798562
 79
0
 98
0
  0
HATCH
  5
2010C
330
1F
100
AcDbEntity
  8
mdr_tejidoparairregular
 62
7
440
33554585
100
AcDbHatch
 10
0.0
 20
0.0
 30
0.0
210
0.0
220
0.0
230
1.0
  2
SOLID
 70
0
 71
0
 91
1
 92
3
 72
0
 73
1
 93
37
 10
6366682.03784158
 20
6174666.39408244
 10
6366682.03872804
 20
6174666.39484813
 10
6366683.68519225
 20
6174667.68152374
 10
6366683.68614949
 20
6174667.68219886
 10
6366683.68691518
 20
6174667.6813124
 10
6366684.06436971
 20
6174667.19831158
 10
6366684.06757715
 20
6174667.19459827
 10
6366684.07113311
 20
6174667.19121721
 10
6366684.07500335
 20
6174667.18820099
 10
6366684.07915059
 20
6174667.18557864
 10
6366684.0835349
 20
6174667.18337541
 10
6366684.08811405
 20
6174667.18161254
 10
6366684.09284395
 20
6174667.18030698
 10
6366684.09767903
 20
6174667.17947133
 10
6366684.10257274
 20
6174667.17911362
 10
6366684.10747795
 20
6174667.1792373
 10
6366684.11234742
 20
6174667.17984118
 10
6366684.11713425
 20
6174667.18091944
 10
6366684.12179234
 20
6174667.1824617
 10
6366684.12627683
 20
6174667.1844531
 10
6366684.13054453
 20
6174667.18687448
 10
6366684.13455435
 20
6174667.1897025
 10
6366684.98194651
 20
6174667.85192085
 10
6366684.98290376
 20
6174667.85259598
 10
6366684.98366945
 20
6174667.85170952
 10
6366686.60202345
 20
6174665.78082088
 10
6366686.60270436
 20
6174665.77985436
 10
6366686.60179729
 20
6174665.77909605
 10
6366686.40457141
 20
6174665.63018622
 10
6366685.38045345
 20
6174664.85711776
 10
6366684.44635697
 20
6174664.15337265
 10
6366684.44629203
 20
6174664.15332365
 10
6366684.03398689
 20
6174663.84164147
 10
6366684.03302802
 20
6174663.84098728
 10
6366684.03226968
 20
6174663.84186611
 10
6366682.0385167
 20
6174666.3931252
 10
6366682.03784158
 20
6174666.39408244
 97
0
 75
1
 76
1
 52
0.0
 41
1.0
 77
0
 78
1
 53
45.0
 43
0.0
 44
0.0
 45
-0.0034798562
 46
0.0034798562
 79
0
 98
0
  0
HATCH
  5
2010D
330
1F
100
AcDbEntity
  8
mdr_tejidoparairregular
 62
7
440
33554585
100
AcDbHatch
 10
0.0
 20
0.0
 30
0.0
210
0.0
220
0.0
230
1.0
  2
SOLID
 70
0
 71
0
 91
1
 92
3
 72
0
 73
1
 93
33
 10
6366677.61918534
 20
6174667.76777947
 10
6366677.62008934
 20
6174667.76852439
 10
6366678.68955264
 20
6174668.56501368
 10
6366678.69333939
 20
6174668.56813408
 10
6366678.69680205
 20
6174668.57161062
 10
6366678.69990728
 20
6174668.57540983
 10
6366678.70262516
 20
6174668.5794951
 10
6366678.70492954
 20
6174668.5838271
 10
6366678.7067982
 20
6174668.58836411
 10
6366678.70821317
 20
6174668.59306244
 10
6366678.7091608
 20
6174668.59787683
 10
6366678.70963198
 20
6174668.60276092
 10
6366678.70962216
 20
6174668.60766768
 10
6366678.70913144
 20
6174668.61254984
 10
6366678.70816456
 20
6174668.6173604
 10
6366678.70673081
 20
6174668.62205303
 10
6366678.704844
 20
6174668.62658253
 10
6366678.70252232
 20
6174668.63090527
 10
6366678.69978811
 20
6174668.63497964
 10
6366677.81418264
 20
6174669.82410115
 10
6366677.81352992
 20
6174669.82507379
 10
6366677.81443391
 20
6174669.82581871
 10
6366679.66223655
 20
6174671.20198093
 10
6366679.66320921
 20
6174671.20263365
 10
6366679.66395412
 20
6174671.20172966
 10
6366681.08529263
 20
6174669.29326788
 10
6366681.08594535
 20
6174669.29229523
 10
6366681.08504135
 20
6174669.29155031
 10
6366678.12669029
 20
6174667.0883004
 10
6366678.12571764
 20
6174667.08764767
 10
6366678.12497272
 20
6174667.08855166
 10
6366677.61983806
 20
6174667.76680683
 10
6366677.61918534
 20
6174667.76777947
 97
0
 75
1
 76
1
 52
0.0
 41
1.0
 77
0
 78
1
 53
45.0
 43
0.0
 44
0.0
 45
-0.0034798562
 46
0.0034798562
 79
0
 98
0
  0
HATCH
  5
2010E
330
1F
100
AcDbEntity
  8
mdr_tejidoparairregular
 62
7
440
33554585
100
AcDbHatch
 10
0.0
 20
0.0
 30
0.0
210
0.0
220
0.0
230
1.0
  2
SOLID
 70
0
 71
0
 91
1
 92
3
 72
0
 73
1
 93
38
 10
6366672.26389013
 20
6174659.79630066
 10
6366672.26480209
 20
6174659.79705293
 10
6366674.41453101
 20
6174661.39807668
 10
6366674.41831776
 20
6174661.40119709
 10
6366674.42178042
 20
6174661.40467363
 10
6366674.42488565
 20
6174661.40847283
 10
6366674.42760354
 20
6174661.4125581
 10
6366674.42990791
 20
6174661.41689011
 10
6366674.43177657
 20
6174661.42142711
 10
6366674.43319154
 20
6174661.42612544
 10
6366674.43413917
 20
6174661.43093983
 10
6366674.43461035
 20
6174661.43582392
 10
6366674.43460053
 20
6174661.44073068
 10
6366674.43410982
 20
6174661.44561285
 10
6366674.43314293
 20
6174661.45042341
 10
6366674.43170918
 20
6174661.45511603
 10
6366674.42982237
 20
6174661.45964553
 10
6366674.42750069
 20
6174661.46396828
 10
6366674.42476648
 20
6174661.46804264
 10
6366674.29566191
 20
6174661.6413941
 10
6366674.29500919
 20
6174661.64236675
 10
6366674.29591319
 20
6174661.64311168
 10
6366675.87720852
 20
6174662.82079102
 10
6366675.87818118
 20
6174662.82144375
 10
6366675.8789261
 20
6174662.82053976
 10
6366676.79350375
 20
6174661.59251674
 10
6366678.32569508
 20
6174659.53521062
 10
6366678.32634571
 20
6174659.53424149
 10
6366678.32544937
 20
6174659.53349376
 10
6366678.18177281
 20
6174659.42509484
 10
6366676.21958376
 20
6174657.94419862
 10
6366674.62249423
 20
6174656.73939623
 10
6366674.62153159
 20
6174656.73874113
 10
6366674.62077647
 20
6174656.73962746
 10
6366673.52150531
 20
6174658.16519376
 10
6366672.33076111
 20
6174659.70944221
 10
6366672.26456449
 20
6174659.79532969
 10
6366672.26389013
 20
6174659.79630066
 97
0
 75
1
 76
1
 52
0.0
 41
1.0
 77
0
 78
1
 53
45.0
 43
0.0
 44
0.0
 45
-0.0034798562
 46
0.0034798562
 79
0
 98
0
  0
HATCH
  5
2010F
330
1F
100
AcDbEntity
  8
mdr_tejidoparairregular
 62
7
440
33554585
100
AcDbHatch
 10
0.0
 20
0.0
 30
0.0
210
0.0
220
0.0
230
1.0
  2
SOLID
 70
0
 71
0
 91
1
 92
3
 72
0
 73
1
 93
18
 10
6366672.70381408
 20
6174673.6416466
 10
6366672.70471065
 20
6174673.64239907
 10
6366673.83206826
 20
6174674.4979802
 10
6366674.46528558
 20
6174674.97828248
 10
6366674.46535955
 20
6174674.97833869
 10
6366674.86304503
 20
6174675.28115324
 10
6366674.86308616
 20
6174675.28118449
 10
6366675.34494132
 20
6174675.64653817
 10
6366675.34590882
 20
6174675.64719954
 10
6366675.34666109
 20
6174675.64630091
 10
6366677.41507391
 20
6174672.91328687
 10
6366677.41573411
 20
6174672.91231929
 10
6366677.41483591
 20
6174672.91156742
 10
6366674.77174381
 20
6174670.91120975
 10
6366674.77077623
 20
6174670.91054955
 10
6366674.77002435
 20
6174670.91144777
 10
6366672.70447384
 20
6174673.64067977
 10
6366672.70381408
 20
6174673.6416466
 97
0
 75
1
 76
1
 52
0.0
 41
1.0
 77
0
 78
1
 53
45.0
 43
0.0
 44
0.0
 45
-0.0034798562
 46
0.0034798562
 79
0
 98
0
  0
HATCH
  5
20110
330
1F
100
AcDbEntity
  8
mdr_tejidoparairregular
 62
7
440
33554585
100
AcDbHatch
 10
0.0
 20
0.0
 30
0.0
210
0.0
220
0.0
230
1.0
  2
SOLID
 70
0
 71
0
 91
1
 92
3
 72
0
 73
1
 93
38
 10
6366665.69204346
 20
6174668.31608452
 10
6366665.69294404
 20
6174668.31684124
 10
6366668.65428152
 20
6174670.56567934
 10
6366668.6544041
 20
6174670.56577273
 10
6366668.74232561
 20
6174670.63296853
 10
6366668.79138817
 20
6174670.67018823
 10
6366669.45082865
 20
6174671.17044578
 10
6366669.62729645
 20
6174671.30451758
 10
6366669.6282682
 20
6174671.30518285
 10
6366669.62901738
 20
6174671.30427424
 10
6366672.23784554
 20
6174667.80134455
 10
6366672.23849826
 20
6174667.80037191
 10
6366672.23759427
 20
6174667.79962699
 10
6366670.41257574
 20
6174666.44043335
 10
6366670.4116031
 20
6174666.43978064
 10
6366670.41085818
 20
6174666.44068463
 10
6366670.14559496
 20
6174666.79685925
 10
6366670.14247456
 20
6174666.800646
 10
6366670.13899802
 20
6174666.80410866
 10
6366670.13519881
 20
6174666.80721389
 10
6366670.13111354
 20
6174666.80993177
 10
6366670.12678154
 20
6174666.81223615
 10
6366670.12224453
 20
6174666.81410481
 10
6366670.11754621
 20
6174666.81551977
 10
6366670.11273182
 20
6174666.81646741
 10
6366670.10784772
 20
6174666.81693858
 10
6366670.10294097
 20
6174666.81692877
 10
6366670.0980588
 20
6174666.81643805
 10
6366670.09324824
 20
6174666.81547116
 10
6366670.08855561
 20
6174666.81403742
 10
6366670.08402612
 20
6174666.81215061
 10
6366670.07970337
 20
6174666.80982892
 10
6366670.075629
 20
6174666.80709471
 10
6366668.03158911
 20
6174665.28478358
 10
6366668.03062604
 20
6174665.28413654
 10
6366668.02987367
 20
6174665.28501977
 10
6366665.6927151
 20
6174668.3151188
 10
6366665.69204346
 20
6174668.31608452
 97
0
 75
1
 76
1
 52
0.0
 41
1.0
 77
0
 78
1
 53
45.0
 43
0.0
 44
0.0
 45
-0.0034798562
 46
0.0034798562
 79
0
 98
0
  0
TEXT
  5
20112
330
1F
100
AcDbEntity
  8
tejido
 62
8
100
AcDbText
 10
6366629.449617561
 20
6174694.62355342
 30
0.0
 40
0.375
  1
0.0
  7
ARIAL
 72
1
 11
6366629.449617561
 21
6174694.62355342
 31
0.0
100
AcDbText
 73
2
  0
TEXT
  5
20113
330
1F
100
AcDbEntity
  8
tejido
 62
8
100
AcDbText
 10
6366618.738276925
 20
6174702.010135223
 30
0.0
 40
0.375
  1
0.0
  7
ARIAL
 72
1
 11
6366618.738276925
 21
6174702.010135223
 31
0.0
100
AcDbText
 73
2
  0
TEXT
  5
20114
330
1F
100
AcDbEntity
  8
tejido
 62
8
100
AcDbText
 10
6366610.804170724
 20
6174698.651448387
 30
0.0
 40
0.375
  1
0.0
  7
ARIAL
 72
1
 11
6366610.804170724
 21
6174698.651448387
 31
0.0
100
AcDbText
 73
2
  0
TEXT
  5
20115
330
1F
100
AcDbEntity
  8
tejido
 62
8
100
AcDbText
 10
6366646.355090319
 20
6174703.166138034
 30
0.0
 40
0.375
  1
0.0
  7
ARIAL
 72
1
 11
6366646.355090319
 21
6174703.166138034
 31
0.0
100
AcDbText
 73
2
  0
TEXT
  5
20116
330
1F
100
AcDbEntity
  8
tejido
 62
8
100
AcDbText
 10
6366633.534472827
 20
6174698.952165265
 30
0.0
 40
0.375
  1
0.0
  7
ARIAL
 72
1
 11
6366633.534472827
 21
6174698.952165265
 31
0.0
100
AcDbText
 73
2
  0
TEXT
  5
20117
330
1F
100
AcDbEntity
  8
tejido
 62
8
100
AcDbText
 10
6366661.334365075
 20
6174700.290141269
 30
0.0
 40
0.375
  1
0.0
  7
ARIAL
 72
1
 11
6366661.334365075
 21
6174700.290141269
 31
0.0
100
AcDbText
 73
2
  0
TEXT
  5
20118
330
1F
100
AcDbEntity
  8
tejido
 62
8
100
AcDbText
 10
6366648.100900884
 20
6174680.055777682
 30
0.0
 40
0.375
  1
0.0
  7
ARIAL
 72
1
 11
6366648.100900884
 21
6174680.055777682
 31
0.0
100
AcDbText
 73
2
  0
TEXT
  5
20119
330
1F
100
AcDbEntity
  8
tejido
 62
8
100
AcDbText
 10
6366670.749990417
 20
6174675.058612164
 30
0.0
 40
0.375
  1
7.1
  7
ARIAL
 72
1
 11
6366670.749990417
 21
6174675.058612164
 31
0.0
100
AcDbText
 73
2
  0
TEXT
  5
2011A
330
1F
100
AcDbEntity
  8
tejido
 62
8
100
AcDbText
 10
6366680.034926886
 20
6174670.100726151
 30
0.0
 40
0.375
  1
23.5
  7
ARIAL
 72
1
 11
6366680.034926886
 21
6174670.100726151
 31
0.0
100
AcDbText
 73
2
  0
TEXT
  5
2011B
330
1F
100
AcDbEntity
  8
tejido
 62
8
100
AcDbText
 10
6366653.772375404
 20
6174639.537561467
 30
0.0
 40
0.375
  1
0.0
  7
ARIAL
 72
1
 11
6366653.772375404
 21
6174639.537561467
 31
0.0
100
AcDbText
 73
2
  0
TEXT
  5
2011C
330
1F
100
AcDbEntity
  8
tejido
 62
8
100
AcDbText
 10
6366646.704551346
 20
6174635.066023431
 30
0.0
 40
0.375
  1
0.0
  7
ARIAL
 72
1
 11
6366646.704551346
 21
6174635.066023431
 31
0.0
100
AcDbText
 73
2
  0
TEXT
  5
2011D
330
1F
100
AcDbEntity
  8
tejido
 62
8
100
AcDbText
 10
6366656.343937794
 20
6174649.08648848
 30
0.0
 40
0.375
  1
5.9
  7
ARIAL
 72
1
 11
6366656.343937794
 21
6174649.08648848
 31
0.0
100
AcDbText
 73
2
  0
TEXT
  5
2011E
330
1F
100
AcDbEntity
  8
tejido
 62
8
100
AcDbText
 10
6366648.948684381
 20
6174663.853004241
 30
0.0
 40
0.375
  1
0.0
  7
ARIAL
 72
1
 11
6366648.948684381
 21
6174663.853004241
 31
0.0
100
AcDbText
 73
2
  0
TEXT
  5
2011F
330
1F
100
AcDbEntity
  8
tejido
 62
8
100
AcDbText
 10
6366638.1494984925
 20
6174672.799962435
 30
0.0
 40
0.375
  1
0.0
  7
ARIAL
 72
1
 11
6366638.1494984925
 21
6174672.799962435
 31
0.0
100
AcDbText
 73
2
  0
TEXT
  5
20120
330
1F
100
AcDbEntity
  8
tejido
 62
8
100
AcDbText
 10
6366625.124236805
 20
6174678.896216612
 30
0.0
 40
0.375
  1
0.0
  7
ARIAL
 72
1
 11
6366625.124236805
 21
6174678.896216612
 31
0.0
100
AcDbText
 73
2
  0
TEXT
  5
20121
330
1F
100
AcDbEntity
  8
tejido
 62
8
100
AcDbText
 10
6366601.882939809
 20
6174688.942578799
 30
0.0
 40
0.375
  1
0.0
  7
ARIAL
 72
1
 11
6366601.882939809
 21
6174688.942578799
 31
0.0
100
AcDbText
 73
2
  0
TEXT
  5
20122
330
1F
100
AcDbEntity
  8
tejido
 62
8
100
AcDbText
 10
6366564.239875787
 20
6174687.861618266
 30
0.0
 40
0.375
  1
0.0
  7
ARIAL
 72
1
 11
6366564.239875787
 21
6174687.861618266
 31
0.0
100
AcDbText
 73
2
  0
TEXT
  5
20123
330
1F
100
AcDbEntity
  8
tejido
 62
8
100
AcDbText
 10
6366642.515696794
 20
6174681.4328141175
 30
0.0
 40
0.375
  1
0.0
  7
ARIAL
 72
1
 11
6366642.515696794
 21
6174681.4328141175
 31
0.0
100
AcDbText
 73
2
  0
TEXT
  5
20124
330
1F
100
AcDbEntity
  8
tejido
 62
8
100
AcDbText
 10
6366688.682912633
 20
6174657.595960869
 30
0.0
 40
0.375
  1
26.0
  7
ARIAL
 72
1
 11
6366688.682912633
 21
6174657.595960869
 31
0.0
100
AcDbText
 73
2
  0
TEXT
  5
20125
330
1F
100
AcDbEntity
  8
tejido
 62
8
100
AcDbText
 10
6366685.154601152
 20
6174657.080300888
 30
0.0
 40
0.375
  1
0.0
  7
ARIAL
 72
1
 11
6366685.154601152
 21
6174657.080300888
 31
0.0
100
AcDbText
 73
2
  0
TEXT
  5
20126
330
1F
100
AcDbEntity
  8
tejido
 62
8
100
AcDbText
 10
6366683.519976115
 20
6174659.194120676
 30
0.0
 40
0.375
  1
20.0
  7
ARIAL
 72
1
 11
6366683.519976115
 21
6174659.194120676
 31
0.0
100
AcDbText
 73
2
  0
TEXT
  5
20127
330
1F
100
AcDbEntity
  8
tejido
 62
8
100
AcDbText
 10
6366685.514790397
 20
6174662.880993694
 30
0.0
 40
0.375
  1
25.0
  7
ARIAL
 72
1
 11
6366685.514790397
 21
6174662.880993694
 31
0.0
100
AcDbText
 73
2
  0
TEXT
  5
20128
330
1F
100
AcDbEntity
  8
tejido
 62
8
100
AcDbText
 10
6366695.188367839
 20
6174657.720051669
 30
0.0
 40
0.375
  1
20.0
  7
ARIAL
 72
1
 11
6366695.188367839
 21
6174657.720051669
 31
0.0
100
AcDbText
 73
2
  0
TEXT
  5
20129
330
1F
100
AcDbEntity
  8
tejido
 62
8
100
AcDbText
 10
6366654.261968516
 20
6174710.058630575
 30
0.0
 40
0.375
  1
20.0
  7
ARIAL
 72
1
 11
6366654.261968516
 21
6174710.058630575
 31
0.0
100
AcDbText
 73
2
  0
TEXT
  5
2012A
330
1F
100
AcDbEntity
  8
tejido
 62
8
100
AcDbText
 10
6366668.925538281
 20
6174693.150586442
 30
0.0
 40
0.375
  1
19.7
  7
ARIAL
 72
1
 11
6366668.925538281
 21
6174693.150586442
 31
0.0
100
AcDbText
 73
2
  0
TEXT
  5
2012B
330
1F
100
AcDbEntity
  8
tejido
 62
8
100
AcDbText
 10
6366664.205843402
 20
6174691.079785257
 30
0.0
 40
0.375
  1
26.9
  7
ARIAL
 72
1
 11
6366664.205843402
 21
6174691.079785257
 31
0.0
100
AcDbText
 73
2
  0
TEXT
  5
2012C
330
1F
100
AcDbEntity
  8
tejido
 62
8
100
AcDbText
 10
6366671.303912732
 20
6174685.827091427
 30
0.0
 40
0.375
  1
8.4
  7
ARIAL
 72
1
 11
6366671.303912732
 21
6174685.827091427
 31
0.0
100
AcDbText
 73
2
  0
TEXT
  5
2012D
330
1F
100
AcDbEntity
  8
tejido
 62
8
100
AcDbText
 10
6366685.60911959
 20
6174649.891197184
 30
0.0
 40
0.375
  1
2.8
  7
ARIAL
 72
1
 11
6366685.60911959
 21
6174649.891197184
 31
0.0
100
AcDbText
 73
2
  0
TEXT
  5
2012E
330
1F
100
AcDbEntity
  8
tejido
 62
8
100
AcDbText
 10
6366680.437910669
 20
6174653.155547836
 30
0.0
 40
0.375
  1
5.6
  7
ARIAL
 72
1
 11
6366680.437910669
 21
6174653.155547836
 31
0.0
100
AcDbText
 73
2
  0
TEXT
  5
2012F
330
1F
100
AcDbEntity
  8
tejido
 62
8
100
AcDbText
 10
6366690.245669106
 20
6174657.675451255
 30
0.0
 40
0.375
  1
23.0
  7
ARIAL
 72
1
 11
6366690.245669106
 21
6174657.675451255
 31
0.0
100
AcDbText
 73
2
  0
TEXT
  5
20130
330
1F
100
AcDbEntity
  8
tejido
 62
8
100
AcDbText
 10
6366650.981450338
 20
6174712.391545349
 30
0.0
 40
0.375
  1
23.0
  7
ARIAL
 72
1
 11
6366650.981450338
 21
6174712.391545349
 31
0.0
100
AcDbText
 73
2
  0
TEXT
  5
20131
330
1F
100
AcDbEntity
  8
tejido
 62
8
100
AcDbText
 10
6366644.078448231
 20
6174701.808836689
 30
0.0
 40
0.375
  1
23.0
  7
ARIAL
 72
1
 11
6366644.078448231
 21
6174701.808836689
 31
0.0
100
AcDbText
 73
2
  0
TEXT
  5
20132
330
1F
100
AcDbEntity
  8
tejido
 62
8
100
AcDbText
 10
6366647.816540656
 20
6174709.447415345
 30
0.0
 40
0.375
  1
25.6
  7
ARIAL
 72
1
 11
6366647.816540656
 21
6174709.447415345
 31
0.0
100
AcDbText
 73
2
  0
TEXT
  5
20133
330
1F
100
AcDbEntity
  8
tejido
 62
8
100
AcDbText
 10
6366637.866562521
 20
6174701.996415454
 30
0.0
 40
0.375
  1
25.6
  7
ARIAL
 72
1
 11
6366637.866562521
 21
6174701.996415454
 31
0.0
100
AcDbText
 73
2
  0
TEXT
  5
20134
330
1F
100
AcDbEntity
  8
tejido
 62
8
100
AcDbText
 10
6366637.051144165
 20
6174701.475312906
 30
0.0
 40
0.375
  1
29.2
  7
ARIAL
 72
1
 11
6366637.051144165
 21
6174701.475312906
 31
0.0
100
AcDbText
 73
2
  0
TEXT
  5
20135
330
1F
100
AcDbEntity
  8
tejido
 62
8
100
AcDbText
 10
6366635.075613567
 20
6174700.027310101
 30
0.0
 40
0.375
  1
28.9
  7
ARIAL
 72
1
 11
6366635.075613567
 21
6174700.027310101
 31
0.0
100
AcDbText
 73
2
  0
TEXT
  5
20136
330
1F
100
AcDbEntity
  8
tejido
 62
8
100
AcDbText
 10
6366657.58209604
 20
6174705.097064801
 30
0.0
 40
0.375
  1
19.3
  7
ARIAL
 72
1
 11
6366657.58209604
 21
6174705.097064801
 31
0.0
100
AcDbText
 73
2
  0
TEXT
  5
20137
330
1F
100
AcDbEntity
  8
tejido
 62
8
100
AcDbText
 10
6366651.10187221
 20
6174696.094263085
 30
0.0
 40
0.375
  1
25.0
  7
ARIAL
 72
1
 11
6366651.10187221
 21
6174696.094263085
 31
0.0
100
AcDbText
 73
2
  0
TEXT
  5
20138
330
1F
100
AcDbEntity
  8
tejido
 62
8
100
AcDbText
 10
6366641.387470702
 20
6174691.005204364
 30
0.0
 40
0.375
  1
3.1
  7
ARIAL
 72
1
 11
6366641.387470702
 21
6174691.005204364
 31
0.0
100
AcDbText
 73
2
  0
TEXT
  5
20139
330
1F
100
AcDbEntity
  8
tejido
 62
8
100
AcDbText
 10
6366661.259279694
 20
6174685.119422031
 30
0.0
 40
0.375
  1
0.0
  7
ARIAL
 72
1
 11
6366661.259279694
 21
6174685.119422031
 31
0.0
100
AcDbText
 73
2
  0
TEXT
  5
2013A
330
1F
100
AcDbEntity
  8
tejido
 62
8
100
AcDbText
 10
6366654.524841589
 20
6174684.803577496
 30
0.0
 40
0.375
  1
23.6
  7
ARIAL
 72
1
 11
6366654.524841589
 21
6174684.803577496
 31
0.0
100
AcDbText
 73
2
  0
TEXT
  5
2013B
330
1F
100
AcDbEntity
  8
tejido
 62
8
100
AcDbText
 10
6366651.219510964
 20
6174679.169917595
 30
0.0
 40
0.375
  1
19.7
  7
ARIAL
 72
1
 11
6366651.219510964
 21
6174679.169917595
 31
0.0
100
AcDbText
 73
2
  0
TEXT
  5
2013C
330
1F
100
AcDbEntity
  8
tejido
 62
8
100
AcDbText
 10
6366649.724399957
 20
6174681.222084946
 30
0.0
 40
0.375
  1
16.5
  7
ARIAL
 72
1
 11
6366649.724399957
 21
6174681.222084946
 31
0.0
100
AcDbText
 73
2
  0
TEXT
  5
2013D
330
1F
100
AcDbEntity
  8
tejido
 62
8
100
AcDbText
 10
6366648.229607199
 20
6174683.273948039
 30
0.0
 40
0.375
  1
19.7
  7
ARIAL
 72
1
 11
6366648.229607199
 21
6174683.273948039
 31
0.0
100
AcDbText
 73
2
  0
TEXT
  5
2013E
330
1F
100
AcDbEntity
  8
tejido
 62
8
100
AcDbText
 10
6366665.551882755
 20
6174684.7279501585
 30
0.0
 40
0.375
  1
2.8
  7
ARIAL
 72
1
 11
6366665.551882755
 21
6174684.7279501585
 31
0.0
100
AcDbText
 73
2
  0
TEXT
  5
2013F
330
1F
100
AcDbEntity
  8
tejido
 62
8
100
AcDbText
 10
6366666.540258776
 20
6174680.445460871
 30
0.0
 40
0.375
  1
5.6
  7
ARIAL
 72
1
 11
6366666.540258776
 21
6174680.445460871
 31
0.0
100
AcDbText
 73
2
  0
TEXT
  5
20140
330
1F
100
AcDbEntity
  8
tejido
 62
8
100
AcDbText
 10
6366662.800899103
 20
6174681.683998154
 30
0.0
 40
0.375
  1
8.4
  7
ARIAL
 72
1
 11
6366662.800899103
 21
6174681.683998154
 31
0.0
100
AcDbText
 73
2
  0
TEXT
  5
20141
330
1F
100
AcDbEntity
  8
tejido
 62
8
100
AcDbText
 10
6366660.6611282015
 20
6174677.845709609
 30
0.0
 40
0.375
  1
2.8
  7
ARIAL
 72
1
 11
6366660.6611282015
 21
6174677.845709609
 31
0.0
100
AcDbText
 73
2
  0
TEXT
  5
20142
330
1F
100
AcDbEntity
  8
tejido
 62
8
100
AcDbText
 10
6366664.772363673
 20
6174638.584844238
 30
0.0
 40
0.375
  1
5.6
  7
ARIAL
 72
1
 11
6366664.772363673
 21
6174638.584844238
 31
0.0
100
AcDbText
 73
2
  0
TEXT
  5
20143
330
1F
100
AcDbEntity
  8
tejido
 62
8
100
AcDbText
 10
6366652.167714574
 20
6174622.299019814
 30
0.0
 40
0.375
  1
12.2
  7
ARIAL
 72
1
 11
6366652.167714574
 21
6174622.299019814
 31
0.0
100
AcDbText
 73
2
  0
TEXT
  5
20144
330
1F
100
AcDbEntity
  8
tejido
 62
8
100
AcDbText
 10
6366657.689487881
 20
6174637.090111639
 30
0.0
 40
0.375
  1
5.6
  7
ARIAL
 72
1
 11
6366657.689487881
 21
6174637.090111639
 31
0.0
100
AcDbText
 73
2
  0
TEXT
  5
20145
330
1F
100
AcDbEntity
  8
tejido
 62
8
100
AcDbText
 10
6366655.516595552
 20
6174640.247486074
 30
0.0
 40
0.375
  1
2.8
  7
ARIAL
 72
1
 11
6366655.516595552
 21
6174640.247486074
 31
0.0
100
AcDbText
 73
2
  0
TEXT
  5
20146
330
1F
100
AcDbEntity
  8
tejido
 62
8
100
AcDbText
 10
6366653.211445317
 20
6174633.7050985135
 30
0.0
 40
0.375
  1
8.4
  7
ARIAL
 72
1
 11
6366653.211445317
 21
6174633.7050985135
 31
0.0
100
AcDbText
 73
2
  0
TEXT
  5
20147
330
1F
100
AcDbEntity
  8
tejido
 62
8
100
AcDbText
 10
6366647.354489113
 20
6174634.644403753
 30
0.0
 40
0.375
  1
2.8
  7
ARIAL
 72
1
 11
6366647.354489113
 21
6174634.644403753
 31
0.0
100
AcDbText
 73
2
  0
TEXT
  5
20148
330
1F
100
AcDbEntity
  8
tejido
 62
8
100
AcDbText
 10
6366643.932891267
 20
6174628.714236053
 30
0.0
 40
0.375
  1
5.6
  7
ARIAL
 72
1
 11
6366643.932891267
 21
6174628.714236053
 31
0.0
100
AcDbText
 73
2
  0
TEXT
  5
20149
330
1F
100
AcDbEntity
  8
tejido
 62
8
100
AcDbText
 10
6366650.73185016
 20
6174656.871544782
 30
0.0
 40
0.375
  1
5.6
  7
ARIAL
 72
1
 11
6366650.73185016
 21
6174656.871544782
 31
0.0
100
AcDbText
 73
2
  0
TEXT
  5
2014A
330
1F
100
AcDbEntity
  8
tejido
 62
8
100
AcDbText
 10
6366634.710536575
 20
6174645.087449115
 30
0.0
 40
0.375
  1
2.8
  7
ARIAL
 72
1
 11
6366634.710536575
 21
6174645.087449115
 31
0.0
100
AcDbText
 73
2
  0
TEXT
  5
2014B
330
1F
100
AcDbEntity
  8
tejido
 62
8
100
AcDbText
 10
6366645.973561462
 20
6174667.77390692
 30
0.0
 40
0.375
  1
2.8
  7
ARIAL
 72
1
 11
6366645.973561462
 21
6174667.77390692
 31
0.0
100
AcDbText
 73
2
  0
TEXT
  5
2014C
330
1F
100
AcDbEntity
  8
tejido
 62
8
100
AcDbText
 10
6366642.001381627
 20
6174661.880859455
 30
0.0
 40
0.375
  1
5.6
  7
ARIAL
 72
1
 11
6366642.001381627
 21
6174661.880859455
 31
0.0
100
AcDbText
 73
2
  0
TEXT
  5
2014D
330
1F
100
AcDbEntity
  8
tejido
 62
8
100
AcDbText
 10
6366636.261038299
 20
6174654.252938954
 30
0.0
 40
0.375
  1
2.8
  7
ARIAL
 72
1
 11
6366636.261038299
 21
6174654.252938954
 31
0.0
100
AcDbText
 73
2
  0
TEXT
  5
2014E
330
1F
100
AcDbEntity
  8
tejido
 62
8
100
AcDbText
 10
6366636.342620745
 20
6174660.440051196
 30
0.0
 40
0.375
  1
2.8
  7
ARIAL
 72
1
 11
6366636.342620745
 21
6174660.440051196
 31
0.0
100
AcDbText
 73
2
  0
TEXT
  5
2014F
330
1F
100
AcDbEntity
  8
tejido
 62
8
100
AcDbText
 10
6366632.401363993
 20
6174656.277597226
 30
0.0
 40
0.375
  1
8.4
  7
ARIAL
 72
1
 11
6366632.401363993
 21
6174656.277597226
 31
0.0
100
AcDbText
 73
2
  0
TEXT
  5
20150
330
1F
100
AcDbEntity
  8
tejido
 62
8
100
AcDbText
 10
6366618.331103213
 20
6174645.355044955
 30
0.0
 40
0.375
  1
2.8
  7
ARIAL
 72
1
 11
6366618.331103213
 21
6174645.355044955
 31
0.0
100
AcDbText
 73
2
  0
TEXT
  5
20151
330
1F
100
AcDbEntity
  8
tejido
 62
8
100
AcDbText
 10
6366622.371255645
 20
6174656.376798423
 30
0.0
 40
0.375
  1
5.6
  7
ARIAL
 72
1
 11
6366622.371255645
 21
6174656.376798423
 31
0.0
100
AcDbText
 73
2
  0
TEXT
  5
20152
330
1F
100
AcDbEntity
  8
tejido
 62
8
100
AcDbText
 10
6366616.713670157
 20
6174660.542748734
 30
0.0
 40
0.375
  1
5.6
  7
ARIAL
 72
1
 11
6366616.713670157
 21
6174660.542748734
 31
0.0
100
AcDbText
 73
2
  0
TEXT
  5
20153
330
1F
100
AcDbEntity
  8
tejido
 62
8
100
AcDbText
 10
6366619.937782832
 20
6174658.385146961
 30
0.0
 40
0.375
  1
2.8
  7
ARIAL
 72
1
 11
6366619.937782832
 21
6174658.385146961
 31
0.0
100
AcDbText
 73
2
  0
TEXT
  5
20154
330
1F
100
AcDbEntity
  8
tejido
 62
8
100
AcDbText
 10
6366605.778631248
 20
6174665.318952292
 30
0.0
 40
0.375
  1
2.8
  7
ARIAL
 72
1
 11
6366605.778631248
 21
6174665.318952292
 31
0.0
100
AcDbText
 73
2
  0
TEXT
  5
20155
330
1F
100
AcDbEntity
  8
tejido
 62
8
100
AcDbText
 10
6366603.7571362555
 20
6174680.8270036755
 30
0.0
 40
0.375
  1
5.6
  7
ARIAL
 72
1
 11
6366603.7571362555
 21
6174680.8270036755
 31
0.0
100
AcDbText
 73
2
  0
TEXT
  5
20156
330
1F
100
AcDbEntity
  8
tejido
 62
8
100
AcDbText
 10
6366583.09436124
 20
6174701.20758974
 30
0.0
 40
0.375
  1
2.8
  7
ARIAL
 72
1
 11
6366583.09436124
 21
6174701.20758974
 31
0.0
100
AcDbText
 73
2
  0
TEXT
  5
20157
330
1F
100
AcDbEntity
  8
tejido
 62
8
100
AcDbText
 10
6366588.163567421
 20
6174690.136655883
 30
0.0
 40
0.375
  1
5.6
  7
ARIAL
 72
1
 11
6366588.163567421
 21
6174690.136655883
 31
0.0
100
AcDbText
 73
2
  0
TEXT
  5
20158
330
1F
100
AcDbEntity
  8
tejido
 62
8
100
AcDbText
 10
6366578.211334927
 20
6174677.966075762
 30
0.0
 40
0.375
  1
2.8
  7
ARIAL
 72
1
 11
6366578.211334927
 21
6174677.966075762
 31
0.0
100
AcDbText
 73
2
  0
TEXT
  5
20159
330
1F
100
AcDbEntity
  8
tejido
 62
8
100
AcDbText
 10
6366637.036843373
 20
6174638.220667108
 30
0.0
 40
0.375
  1
35.2
  7
ARIAL
 72
1
 11
6366637.036843373
 21
6174638.220667108
 31
0.0
100
AcDbText
 73
2
  0
TEXT
  5
2015A
330
1F
100
AcDbEntity
  8
tejido
 62
8
100
AcDbText
 10
6366642.962629716
 20
6174710.549576424
 30
0.0
 40
0.375
  1
23.0
  7
ARIAL
 72
1
 11
6366642.962629716
 21
6174710.549576424
 31
0.0
100
AcDbText
 73
2
  0
TEXT
  5
2015B
330
1F
100
AcDbEntity
  8
tejido
 62
8
100
AcDbText
 10
6366641.409176208
 20
6174709.4135904
 30
0.0
 40
0.375
  1
0.0
  7
ARIAL
 72
1
 11
6366641.409176208
 21
6174709.4135904
 31
0.0
100
AcDbText
 73
2
  0
TEXT
  5
2015C
330
1F
100
AcDbEntity
  8
tejido
 62
8
100
AcDbText
 10
6366639.038596095
 20
6174707.900526182
 30
0.0
 40
0.375
  1
28.9
  7
ARIAL
 72
1
 11
6366639.038596095
 21
6174707.900526182
 31
0.0
100
AcDbText
 73
2
  0
TEXT
  5
2015D
330
1F
100
AcDbEntity
  8
tejido
 62
8
100
AcDbText
 10
6366641.71230831
 20
6174704.886964167
 30
0.0
 40
0.375
  1
28.9
  7
ARIAL
 72
1
 11
6366641.71230831
 21
6174704.886964167
 31
0.0
100
AcDbText
 73
2
  0
TEXT
  5
2015E
330
1F
100
AcDbEntity
  8
tejido
 62
8
100
AcDbText
 10
6366651.158122997
 20
6174697.011037051
 30
0.0
 40
0.375
  1
29.3
  7
ARIAL
 72
1
 11
6366651.158122997
 21
6174697.011037051
 31
0.0
100
AcDbText
 73
2
  0
TEXT
  5
2015F
330
1F
100
AcDbEntity
  8
tejido
 62
8
100
AcDbText
 10
6366664.114605971
 20
6174696.397918764
 30
0.0
 40
0.375
  1
23.6
  7
ARIAL
 72
1
 11
6366664.114605971
 21
6174696.397918764
 31
0.0
100
AcDbText
 73
2
  0
TEXT
  5
20160
330
1F
100
AcDbEntity
  8
tejido
 62
8
100
AcDbText
 10
6366656.374702648
 20
6174690.658161673
 30
0.0
 40
0.375
  1
0.0
  7
ARIAL
 72
1
 11
6366656.374702648
 21
6174690.658161673
 31
0.0
100
AcDbText
 73
2
  0
TEXT
  5
20161
330
1F
100
AcDbEntity
  8
tejido
 62
8
100
AcDbText
 10
6366648.074098359
 20
6174642.950565902
 30
0.0
 40
0.375
  1
40.9
  7
ARIAL
 72
1
 11
6366648.074098359
 21
6174642.950565902
 31
0.0
100
AcDbText
 73
2
  0
TEXT
  5
20162
330
1F
100
AcDbEntity
  8
tejido
 62
8
100
AcDbText
 10
6366642.68850466
 20
6174642.450978067
 30
0.0
 40
0.375
  1
35.2
  7
ARIAL
 72
1
 11
6366642.68850466
 21
6174642.450978067
 31
0.0
100
AcDbText
 73
2
  0
TEXT
  5
20163
330
1F
100
AcDbEntity
  8
tejido
 62
8
100
AcDbText
 10
6366640.4302815925
 20
6174631.723919344
 30
0.0
 40
0.375
  1
46.1
  7
ARIAL
 72
1
 11
6366640.4302815925
 21
6174631.723919344
 31
0.0
100
AcDbText
 73
2
  0
TEXT
  5
20164
330
1F
100
AcDbEntity
  8
tejido
 62
8
100
AcDbText
 10
6366641.623175577
 20
6174637.9833735535
 30
0.0
 40
0.375
  1
35.2
  7
ARIAL
 72
1
 11
6366641.623175577
 21
6174637.9833735535
 31
0.0
100
AcDbText
 73
2
  0
TEXT
  5
20165
330
1F
100
AcDbEntity
  8
tejido
 62
8
100
AcDbText
 10
6366639.863015612
 20
6174640.335990673
 30
0.0
 40
0.375
  1
5.9
  7
ARIAL
 72
1
 11
6366639.863015612
 21
6174640.335990673
 31
0.0
100
AcDbText
 73
2
  0
TEXT
  5
20166
330
1F
100
AcDbEntity
  8
tejido
 62
8
100
AcDbText
 10
6366642.432641886
 20
6174634.652269951
 30
0.0
 40
0.375
  1
44.9
  7
ARIAL
 72
1
 11
6366642.432641886
 21
6174634.652269951
 31
0.0
100
AcDbText
 73
2
  0
TEXT
  5
20167
330
1F
100
AcDbEntity
  8
tejido
 62
8
100
AcDbText
 10
6366635.732502466
 20
6174636.147507298
 30
0.0
 40
0.375
  1
37.9
  7
ARIAL
 72
1
 11
6366635.732502466
 21
6174636.147507298
 31
0.0
100
AcDbText
 73
2
  0
TEXT
  5
20168
330
1F
100
AcDbEntity
  8
tejido
 62
8
100
AcDbText
 10
6366633.237184428
 20
6174632.528071502
 30
0.0
 40
0.375
  1
40.9
  7
ARIAL
 72
1
 11
6366633.237184428
 21
6174632.528071502
 31
0.0
100
AcDbText
 73
2
  0
TEXT
  5
20169
330
1F
100
AcDbEntity
  8
tejido
 62
8
100
AcDbText
 10
6366631.111785261
 20
6174630.214097117
 30
0.0
 40
0.375
  1
37.9
  7
ARIAL
 72
1
 11
6366631.111785261
 21
6174630.214097117
 31
0.0
100
AcDbText
 73
2
  0
TEXT
  5
2016A
330
1F
100
AcDbEntity
  8
tejido
 62
8
100
AcDbText
 10
6366626.384688209
 20
6174650.98551858
 30
0.0
 40
0.375
  1
8.4
  7
ARIAL
 72
1
 11
6366626.384688209
 21
6174650.98551858
 31
0.0
100
AcDbText
 73
2
  0
TEXT
  5
2016B
330
1F
100
AcDbEntity
  8
tejido
 62
8
100
AcDbText
 10
6366571.940301967
 20
6174694.200362064
 30
0.0
 40
0.375
  1
2.8
  7
ARIAL
 72
1
 11
6366571.940301967
 21
6174694.200362064
 31
0.0
100
AcDbText
 73
2
  0
TEXT
  5
2016C
330
1F
100
AcDbEntity
  8
tejido
 62
8
100
AcDbText
 10
6366569.767612446
 20
6174688.526383292
 30
0.0
 40
0.375
  1
5.6
  7
ARIAL
 72
1
 11
6366569.767612446
 21
6174688.526383292
 31
0.0
100
AcDbText
 73
2
  0
TEXT
  5
2016D
330
1F
100
AcDbEntity
  8
tejido
 62
8
100
AcDbText
 10
6366623.126814914
 20
6174705.341720156
 30
0.0
 40
0.375
  1
5.6
  7
ARIAL
 72
1
 11
6366623.126814914
 21
6174705.341720156
 31
0.0
100
AcDbText
 73
2
  0
TEXT
  5
2016E
330
1F
100
AcDbEntity
  8
tejido
 62
8
100
AcDbText
 10
6366615.507476092
 20
6174711.772042523
 30
0.0
 40
0.375
  1
19.6
  7
ARIAL
 72
1
 11
6366615.507476092
 21
6174711.772042523
 31
0.0
100
AcDbText
 73
2
  0
TEXT
  5
2016F
330
1F
100
AcDbEntity
  8
tejido
 62
8
100
AcDbText
 10
6366613.765340645
 20
6174715.830364143
 30
0.0
 40
0.375
  1
22.4
  7
ARIAL
 72
1
 11
6366613.765340645
 21
6174715.830364143
 31
0.0
100
AcDbText
 73
2
  0
TEXT
  5
20170
330
1F
100
AcDbEntity
  8
tejido
 62
8
100
AcDbText
 10
6366610.512597153
 20
6174715.20981495
 30
0.0
 40
0.375
  1
22.4
  7
ARIAL
 72
1
 11
6366610.512597153
 21
6174715.20981495
 31
0.0
100
AcDbText
 73
2
  0
TEXT
  5
20171
330
1F
100
AcDbEntity
  8
tejido
 62
8
100
AcDbText
 10
6366605.518277775
 20
6174710.946238344
 30
0.0
 40
0.375
  1
22.4
  7
ARIAL
 72
1
 11
6366605.518277775
 21
6174710.946238344
 31
0.0
100
AcDbText
 73
2
  0
TEXT
  5
20172
330
1F
100
AcDbEntity
  8
tejido
 62
8
100
AcDbText
 10
6366606.561039338
 20
6174709.539836645
 30
0.0
 40
0.375
  1
22.4
  7
ARIAL
 72
1
 11
6366606.561039338
 21
6174709.539836645
 31
0.0
100
AcDbText
 73
2
  0
TEXT
  5
20173
330
1F
100
AcDbEntity
  8
tejido
 62
8
100
AcDbText
 10
6366612.310046072
 20
6174705.104675804
 30
0.0
 40
0.375
  1
16.8
  7
ARIAL
 72
1
 11
6366612.310046072
 21
6174705.104675804
 31
0.0
100
AcDbText
 73
2
  0
TEXT
  5
20174
330
1F
100
AcDbEntity
  8
tejido
 62
8
100
AcDbText
 10
6366654.830068304
 20
6174663.7909906125
 30
0.0
 40
0.375
  1
12.7
  7
ARIAL
 72
1
 11
6366654.830068304
 21
6174663.7909906125
 31
0.0
100
AcDbText
 73
2
  0
TEXT
  5
20175
330
1F
100
AcDbEntity
  8
tejido
 62
8
100
AcDbText
 10
6366611.785294806
 20
6174707.414867532
 30
0.0
 40
0.375
  1
19.6
  7
ARIAL
 72
1
 11
6366611.785294806
 21
6174707.414867532
 31
0.0
100
AcDbText
 73
2
  0
TEXT
  5
20176
330
1F
100
AcDbEntity
  8
tejido
 62
8
100
AcDbText
 10
6366606.773026674
 20
6174703.434491968
 30
0.0
 40
0.375
  1
19.6
  7
ARIAL
 72
1
 11
6366606.773026674
 21
6174703.434491968
 31
0.0
100
AcDbText
 73
2
  0
TEXT
  5
20177
330
1F
100
AcDbEntity
  8
tejido
 62
8
100
AcDbText
 10
6366604.654997187
 20
6174705.451094105
 30
0.0
 40
0.375
  1
19.6
  7
ARIAL
 72
1
 11
6366604.654997187
 21
6174705.451094105
 31
0.0
100
AcDbText
 73
2
  0
TEXT
  5
20178
330
1F
100
AcDbEntity
  8
tejido
 62
8
100
AcDbText
 10
6366602.8768884055
 20
6174712.945847731
 30
0.0
 40
0.375
  1
19.6
  7
ARIAL
 72
1
 11
6366602.8768884055
 21
6174712.945847731
 31
0.0
100
AcDbText
 73
2
  0
TEXT
  5
20179
330
1F
100
AcDbEntity
  8
tejido
 62
8
100
AcDbText
 10
6366601.194891205
 20
6174716.767859365
 30
0.0
 40
0.375
  1
16.8
  7
ARIAL
 72
1
 11
6366601.194891205
 21
6174716.767859365
 31
0.0
100
AcDbText
 73
2
  0
TEXT
  5
2017A
330
1F
100
AcDbEntity
  8
tejido
 62
8
100
AcDbText
 10
6366678.915652066
 20
6174639.668266071
 30
0.0
 40
0.375
  1
19.9
  7
ARIAL
 72
1
 11
6366678.915652066
 21
6174639.668266071
 31
0.0
100
AcDbText
 73
2
  0
TEXT
  5
2017B
330
1F
100
AcDbEntity
  8
tejido
 62
8
100
AcDbText
 10
6366667.640720566
 20
6174652.952410417
 30
0.0
 40
0.375
  1
25.8
  7
ARIAL
 72
1
 11
6366667.640720566
 21
6174652.952410417
 31
0.0
100
AcDbText
 73
2
  0
TEXT
  5
2017C
330
1F
100
AcDbEntity
  8
tejido
 62
8
100
AcDbText
 10
6366674.109645263
 20
6174654.728108869
 30
0.0
 40
0.375
  1
3.8
  7
ARIAL
 72
1
 11
6366674.109645263
 21
6174654.728108869
 31
0.0
100
AcDbText
 73
2
  0
TEXT
  5
2017D
330
1F
100
AcDbEntity
  8
tejido
 62
8
100
AcDbText
 10
6366669.659062102
 20
6174653.850259801
 30
0.0
 40
0.375
  1
29.6
  7
ARIAL
 72
1
 11
6366669.659062102
 21
6174653.850259801
 31
0.0
100
AcDbText
 73
2
  0
TEXT
  5
2017E
330
1F
100
AcDbEntity
  8
tejido
 62
8
100
AcDbText
 10
6366670.608822018
 20
6174656.572038583
 30
0.0
 40
0.375
  1
24.5
  7
ARIAL
 72
1
 11
6366670.608822018
 21
6174656.572038583
 31
0.0
100
AcDbText
 73
2
  0
TEXT
  5
2017F
330
1F
100
AcDbEntity
  8
tejido
 62
8
100
AcDbText
 10
6366664.7997875605
 20
6174648.644945798
 30
0.0
 40
0.375
  1
3.8
  7
ARIAL
 72
1
 11
6366664.7997875605
 21
6174648.644945798
 31
0.0
100
AcDbText
 73
2
  0
TEXT
  5
20180
330
1F
100
AcDbEntity
  8
tejido
 62
8
100
AcDbText
 10
6366660.753704711
 20
6174668.400817688
 30
0.0
 40
0.375
  1
12.7
  7
ARIAL
 72
1
 11
6366660.753704711
 21
6174668.400817688
 31
0.0
100
AcDbText
 73
2
  0
TEXT
  5
20181
330
1F
100
AcDbEntity
  8
tejido
 62
8
100
AcDbText
 10
6366660.066576775
 20
6174669.416668804
 30
0.0
 40
0.375
  1
6.5
  7
ARIAL
 72
1
 11
6366660.066576775
 21
6174669.416668804
 31
0.0
100
AcDbText
 73
2
  0
TEXT
  5
20182
330
1F
100
AcDbEntity
  8
tejido
 62
8
100
AcDbText
 10
6366653.833465047
 20
6174671.327117899
 30
0.0
 40
0.375
  1
3.8
  7
ARIAL
 72
1
 11
6366653.833465047
 21
6174671.327117899
 31
0.0
100
AcDbText
 73
2
  0
TEXT
  5
20183
330
1F
100
AcDbEntity
  8
tejido
 62
8
100
AcDbText
 10
6366637.2582624415
 20
6174712.382351927
 30
0.0
 40
0.375
  1
0.0
  7
ARIAL
 72
1
 11
6366637.2582624415
 21
6174712.382351927
 31
0.0
100
AcDbText
 73
2
  0
TEXT
  5
20184
330
1F
100
AcDbEntity
  8
tejido
 62
8
100
AcDbText
 10
6366626.766999189
 20
6174721.502804884
 30
0.0
 40
0.375
  1
35.8
  7
ARIAL
 72
1
 11
6366626.766999189
 21
6174721.502804884
 31
0.0
100
AcDbText
 73
2
  0
TEXT
  5
20185
330
1F
100
AcDbEntity
  8
tejido
 62
8
100
AcDbText
 10
6366627.817631132
 20
6174720.729238969
 30
0.0
 40
0.375
  1
33.3
  7
ARIAL
 72
1
 11
6366627.817631132
 21
6174720.729238969
 31
0.0
100
AcDbText
 73
2
  0
TEXT
  5
20186
330
1F
100
AcDbEntity
  8
tejido
 62
8
100
AcDbText
 10
6366629.2376630325
 20
6174726.14292781
 30
0.0
 40
0.375
  1
26.6
  7
ARIAL
 72
1
 11
6366629.2376630325
 21
6174726.14292781
 31
0.0
100
AcDbText
 73
2
  0
TEXT
  5
20187
330
1F
100
AcDbEntity
  8
tejido
 62
8
100
AcDbText
 10
6366630.314057968
 20
6174714.807954373
 30
0.0
 40
0.375
  1
29.7
  7
ARIAL
 72
1
 11
6366630.314057968
 21
6174714.807954373
 31
0.0
100
AcDbText
 73
2
  0
TEXT
  5
20188
330
1F
100
AcDbEntity
  8
tejido
 62
8
100
AcDbText
 10
6366625.838817238
 20
6174710.715657511
 30
0.0
 40
0.375
  1
29.1
  7
ARIAL
 72
1
 11
6366625.838817238
 21
6174710.715657511
 31
0.0
100
AcDbText
 73
2
  0
TEXT
  5
20189
330
1F
100
AcDbEntity
  8
tejido
 62
8
100
AcDbText
 10
6366623.523938488
 20
6174712.432958037
 30
0.0
 40
0.375
  1
26.7
  7
ARIAL
 72
1
 11
6366623.523938488
 21
6174712.432958037
 31
0.0
100
AcDbText
 73
2
  0
TEXT
  5
2018A
330
1F
100
AcDbEntity
  8
tejido
 62
8
100
AcDbText
 10
6366631.375842849
 20
6174725.368107294
 30
0.0
 40
0.375
  1
0.0
  7
ARIAL
 72
1
 11
6366631.375842849
 21
6174725.368107294
 31
0.0
100
AcDbText
 73
2
  0
TEXT
  5
2018B
330
1F
100
AcDbEntity
  8
tejido
 62
8
100
AcDbText
 10
6366622.518731058
 20
6174718.000904142
 30
0.0
 40
0.375
  1
0.0
  7
ARIAL
 72
1
 11
6366622.518731058
 21
6174718.000904142
 31
0.0
100
AcDbText
 73
2
  0
TEXT
  5
2018C
330
1F
100
AcDbEntity
  8
tejido
 62
8
100
AcDbText
 10
6366639.20760054
 20
6174721.089088731
 30
0.0
 40
0.375
  1
23.1
  7
ARIAL
 72
1
 11
6366639.20760054
 21
6174721.089088731
 31
0.0
100
AcDbText
 73
2
  0
TEXT
  5
2018D
330
1F
100
AcDbEntity
  8
tejido
 62
8
100
AcDbText
 10
6366640.842011709
 20
6174724.870263063
 30
0.0
 40
0.375
  1
19.9
  7
ARIAL
 72
1
 11
6366640.842011709
 21
6174724.870263063
 31
0.0
100
AcDbText
 73
2
  0
TEXT
  5
2018E
330
1F
100
AcDbEntity
  8
tejido
 62
8
100
AcDbText
 10
6366641.687405296
 20
6174720.955806245
 30
0.0
 40
0.375
  1
17.0
  7
ARIAL
 72
1
 11
6366641.687405296
 21
6174720.955806245
 31
0.0
100
AcDbText
 73
2
  0
TEXT
  5
2018F
330
1F
100
AcDbEntity
  8
tejido
 62
8
100
AcDbText
 10
6366618.338356983
 20
6174729.537455065
 30
0.0
 40
0.375
  1
20.2
  7
ARIAL
 72
1
 11
6366618.338356983
 21
6174729.537455065
 31
0.0
100
AcDbText
 73
2
  0
TEXT
  5
20190
330
1F
100
AcDbEntity
  8
tejido
 62
8
100
AcDbText
 10
6366616.613857854
 20
6174726.514543697
 30
0.0
 40
0.375
  1
23.1
  7
ARIAL
 72
1
 11
6366616.613857854
 21
6174726.514543697
 31
0.0
100
AcDbText
 73
2
  0
TEXT
  5
20191
330
1F
100
AcDbEntity
  8
tejido
 62
8
100
AcDbText
 10
6366627.249189022
 20
6174733.822261014
 30
0.0
 40
0.375
  1
23.1
  7
ARIAL
 72
1
 11
6366627.249189022
 21
6174733.822261014
 31
0.0
100
AcDbText
 73
2
  0
TEXT
  5
20192
330
1F
100
AcDbEntity
  8
tejido
 62
8
100
AcDbText
 10
6366632.571515659
 20
6174734.548211523
 30
0.0
 40
0.375
  1
20.2
  7
ARIAL
 72
1
 11
6366632.571515659
 21
6174734.548211523
 31
0.0
100
AcDbText
 73
2
  0
TEXT
  5
20193
330
1F
100
AcDbEntity
  8
tejido
 62
8
100
AcDbText
 10
6366627.948039138
 20
6174735.638030834
 30
0.0
 40
0.375
  1
17.0
  7
ARIAL
 72
1
 11
6366627.948039138
 21
6174735.638030834
 31
0.0
100
AcDbText
 73
2
  0
TEXT
  5
20194
330
1F
100
AcDbEntity
  8
tejido
 62
8
100
AcDbText
 10
6366619.488336268
 20
6174718.694716108
 30
0.0
 40
0.375
  1
5.1
  7
ARIAL
 72
1
 11
6366619.488336268
 21
6174718.694716108
 31
0.0
100
AcDbText
 73
2
  0
TEXT
  5
20195
330
1F
100
AcDbEntity
  8
tejido
 62
8
100
AcDbText
 10
6366645.969428796
 20
6174623.660978386
 30
0.0
 40
0.375
  1
14.7
  7
ARIAL
 72
1
 11
6366645.969428796
 21
6174623.660978386
 31
0.0
100
AcDbText
 73
2
  0
TEXT
  5
20196
330
1F
100
AcDbEntity
  8
tejido
 62
8
100
AcDbText
 10
6366651.760621241
 20
6174624.3229767205
 30
0.0
 40
0.375
  1
15.0
  7
ARIAL
 72
1
 11
6366651.760621241
 21
6174624.3229767205
 31
0.0
100
AcDbText
 73
2
  0
TEXT
  5
20197
330
1F
100
AcDbEntity
  8
tejido
 62
8
100
AcDbText
 10
6366649.884443345
 20
6174626.697438976
 30
0.0
 40
0.375
  1
11.3
  7
ARIAL
 72
1
 11
6366649.884443345
 21
6174626.697438976
 31
0.0
100
AcDbText
 73
2
  0
TEXT
  5
20198
330
1F
100
AcDbEntity
  8
tejido
 62
8
100
AcDbText
 10
6366654.949443629
 20
6174628.357008883
 30
0.0
 40
0.375
  1
15.6
  7
ARIAL
 72
1
 11
6366654.949443629
 21
6174628.357008883
 31
0.0
100
AcDbText
 73
2
  0
TEXT
  5
20199
330
1F
100
AcDbEntity
  8
tejido
 62
8
100
AcDbText
 10
6366660.431760472
 20
6174634.795132881
 30
0.0
 40
0.375
  1
0.0
  7
ARIAL
 72
1
 11
6366660.431760472
 21
6174634.795132881
 31
0.0
100
AcDbText
 73
2
  0
TEXT
  5
2019A
330
1F
100
AcDbEntity
  8
tejido
 62
8
100
AcDbText
 10
6366662.953184521
 20
6174630.725815435
 30
0.0
 40
0.375
  1
14.8
  7
ARIAL
 72
1
 11
6366662.953184521
 21
6174630.725815435
 31
0.0
100
AcDbText
 73
2
  0
TEXT
  5
2019B
330
1F
100
AcDbEntity
  8
tejido
 62
8
100
AcDbText
 10
6366657.233571668
 20
6174632.381416149
 30
0.0
 40
0.375
  1
9.4
  7
ARIAL
 72
1
 11
6366657.233571668
 21
6174632.381416149
 31
0.0
100
AcDbText
 73
2
  0
TEXT
  5
2019C
330
1F
100
AcDbEntity
  8
tejido
 62
8
100
AcDbText
 10
6366658.791509847
 20
6174633.559601587
 30
0.0
 40
0.375
  1
7.7
  7
ARIAL
 72
1
 11
6366658.791509847
 21
6174633.559601587
 31
0.0
100
AcDbText
 73
2
  0
TEXT
  5
2019D
330
1F
100
AcDbEntity
  8
tejido
 62
8
100
AcDbText
 10
6366659.595469967
 20
6174630.237445543
 30
0.0
 40
0.375
  1
16.0
  7
ARIAL
 72
1
 11
6366659.595469967
 21
6174630.237445543
 31
0.0
100
AcDbText
 73
2
  0
TEXT
  5
2019E
330
1F
100
AcDbEntity
  8
tejido
 62
8
100
AcDbText
 10
6366675.303369399
 20
6174659.740757999
 30
0.0
 40
0.375
  1
0.0
  7
ARIAL
 72
1
 11
6366675.303369399
 21
6174659.740757999
 31
0.0
100
AcDbText
 73
2
  0
TEXT
  5
2019F
330
1F
100
AcDbEntity
  8
tejido
 62
8
100
AcDbText
 10
6366675.059395095
 20
6174673.2781384755
 30
0.0
 40
0.375
  1
0.0
  7
ARIAL
 72
1
 11
6366675.059395095
 21
6174673.2781384755
 31
0.0
100
AcDbText
 73
2
  0
TEXT
  5
201A0
330
1F
100
AcDbEntity
  8
tejido
 62
8
100
AcDbText
 10
6366679.269734351
 20
6174669.256207849
 30
0.0
 40
0.375
  1
0.0
  7
ARIAL
 72
1
 11
6366679.269734351
 21
6174669.256207849
 31
0.0
100
AcDbText
 73
2
  0
TEXT
  5
201A1
330
1F
100
AcDbEntity
  8
tejido
 62
8
100
AcDbText
 10
6366684.314009376
 20
6174665.972765152
 30
0.0
 40
0.375
  1
0.0
  7
ARIAL
 72
1
 11
6366684.314009376
 21
6174665.972765152
 31
0.0
100
AcDbText
 73
2
  0
TEXT
  5
201A2
330
1F
100
AcDbEntity
  8
tejido
 62
8
100
AcDbText
 10
6366676.924915514
 20
6174668.822883205
 30
0.0
 40
0.375
  1
29.6
  7
ARIAL
 72
1
 11
6366676.924915514
 21
6174668.822883205
 31
0.0
100
AcDbText
 73
2
  0
TEXT
  5
201A3
330
1F
100
AcDbEntity
  8
tejido
 62
8
100
AcDbText
 10
6366673.861729657
 20
6174664.106187103
 30
0.0
 40
0.375
  1
26.3
  7
ARIAL
 72
1
 11
6366673.861729657
 21
6174664.106187103
 31
0.0
100
AcDbText
 73
2
  0
TEXT
  5
201A4
330
1F
100
AcDbEntity
  8
tejido
 62
8
100
AcDbText
 10
6366668.95716096
 20
6174668.227859048
 30
0.0
 40
0.375
  1
0.0
  7
ARIAL
 72
1
 11
6366668.95716096
 21
6174668.227859048
 31
0.0
100
AcDbText
 73
2
  0
TEXT
  5
201A5
330
1F
100
AcDbEntity
  8
tejido
 62
8
100
AcDbText
 10
6366670.209963806
 20
6174679.42587195
 30
0.0
 40
0.375
  1
0.0
  7
ARIAL
 72
1
 11
6366670.209963806
 21
6174679.42587195
 31
0.0
100
AcDbText
 73
2
  0
TEXT
  5
201A6
330
1F
100
AcDbEntity
  8
tejido
 62
8
100
AcDbText
 10
6366666.488615561
 20
6174670.485518519
 30
0.0
 40
0.375
  1
0.0
  7
ARIAL
 72
1
 11
6366666.488615561
 21
6174670.485518519
 31
0.0
100
AcDbText
 73
2
  0
TEXT
  5
201A7
330
1F
100
AcDbEntity
  8
tejido
 62
8
100
AcDbText
 10
6366675.817298693
 20
6174680.274244942
 30
0.0
 40
0.375
  1
10.4
  7
ARIAL
 72
1
 11
6366675.817298693
 21
6174680.274244942
 31
0.0
100
AcDbText
 73
2
  0
TEXT
  5
201A8
330
1F
100
AcDbEntity
  8
tejido
 62
8
100
AcDbText
 10
6366667.377094601
 20
6174676.372212081
 30
0.0
 40
0.375
  1
9.3
  7
ARIAL
 72
1
 11
6366667.377094601
 21
6174676.372212081
 31
0.0
100
AcDbText
 73
2
  0
TEXT
  5
201A9
330
1F
100
AcDbEntity
  8
tejido
 62
8
100
AcDbText
 10
6366664.397671759
 20
6174673.260275474
 30
0.0
 40
0.375
  1
3.5
  7
ARIAL
 72
1
 11
6366664.397671759
 21
6174673.260275474
 31
0.0
100
AcDbText
 73
2
  0
TEXT
  5
201AB
330
1F
100
AcDbEntity
  8
parcelas_etiquetas
 62
252
100
AcDbText
 10
6366625.91852762
 20
6174663.441555593
 30
0.0
 40
0.45
  1
CA
  7
ARIAL
 72
1
 11
6366625.91852762
 21
6174663.441555593
 31
0.0
100
AcDbText
 73
2
  0
TEXT
  5
201AC
330
1F
100
AcDbEntity
  8
parcelas_etiquetas
 62
252
100
AcDbText
 10
6366625.91852762
 20
6174662.841555594
 30
0.0
 40
0.45
  1
38.0m
  7
ARIAL
 72
1
 11
6366625.91852762
 21
6174662.841555594
 31
0.0
100
AcDbText
 73
2
  0
TEXT
  5
201AD
330
1F
100
AcDbEntity
  8
parcelas_etiquetas
 62
252
100
AcDbText
 10
6366650.216017747
 20
6174696.262376053
 30
0.0
 40
0.45
  1
CM
  7
ARIAL
 72
1
 11
6366650.216017747
 21
6174696.262376053
 31
0.0
100
AcDbText
 73
2
  0
TEXT
  5
201AE
330
1F
100
AcDbEntity
  8
parcelas_etiquetas
 62
252
100
AcDbText
 10
6366650.216017747
 20
6174695.662376054
 30
0.0
 40
0.45
  1
31.2m
  7
ARIAL
 72
1
 11
6366650.216017747
 21
6174695.662376054
 31
0.0
100
AcDbText
 73
2
  0
TEXT
  5
201AF
330
1F
100
AcDbEntity
  8
parcelas_etiquetas
 62
252
100
AcDbText
 10
6366614.141741119
 20
6174703.717502734
 30
0.0
 40
0.45
  1
CM
  7
ARIAL
 72
1
 11
6366614.141741119
 21
6174703.717502734
 31
0.0
100
AcDbText
 73
2
  0
TEXT
  5
201B0
330
1F
100
AcDbEntity
  8
parcelas_etiquetas
 62
252
100
AcDbText
 10
6366614.141741119
 20
6174703.117502734
 30
0.0
 40
0.45
  1
31.2m
  7
ARIAL
 72
1
 11
6366614.141741119
 21
6174703.117502734
 31
0.0
100
AcDbText
 73
2
  0
TEXT
  5
201B1
330
1F
100
AcDbEntity
  8
parcelas_etiquetas
 62
252
100
AcDbText
 10
6366583.6829043245
 20
6174689.424490308
 30
0.0
 40
0.45
  1
CA
  7
ARIAL
 72
1
 11
6366583.6829043245
 21
6174689.424490308
 31
0.0
100
AcDbText
 73
2
  0
TEXT
  5
201B2
330
1F
100
AcDbEntity
  8
parcelas_etiquetas
 62
252
100
AcDbText
 10
6366583.6829043245
 20
6174688.824490309
 30
0.0
 40
0.45
  1
38.0m
  7
ARIAL
 72
1
 11
6366583.6829043245
 21
6174688.824490309
 31
0.0
100
AcDbText
 73
2
  0
TEXT
  5
201B3
330
1F
100
AcDbEntity
  8
parcelas_etiquetas
 62
252
100
AcDbText
 10
6366603.757166478
 20
6174681.126988808
 30
0.0
 40
0.45
  1
CA
  7
ARIAL
 72
1
 11
6366603.757166478
 21
6174681.126988808
 31
0.0
100
AcDbText
 73
2
  0
TEXT
  5
201B4
330
1F
100
AcDbEntity
  8
parcelas_etiquetas
 62
252
100
AcDbText
 10
6366603.757166478
 20
6174680.526988808
 30
0.0
 40
0.45
  1
38.0m
  7
ARIAL
 72
1
 11
6366603.757166478
 21
6174680.526988808
 31
0.0
100
AcDbText
 73
2
  0
TEXT
  5
201B5
330
1F
100
AcDbEntity
  8
parcelas_etiquetas
 62
252
100
AcDbText
 10
6366614.919752964
 20
6174672.034400356
 30
0.0
 40
0.45
  1
CA
  7
ARIAL
 72
1
 11
6366614.919752964
 21
6174672.034400356
 31
0.0
100
AcDbText
 73
2
  0
TEXT
  5
201B6
330
1F
100
AcDbEntity
  8
parcelas_etiquetas
 62
252
100
AcDbText
 10
6366614.919752964
 20
6174671.434400356
 30
0.0
 40
0.45
  1
38.0m
  7
ARIAL
 72
1
 11
6366614.919752964
 21
6174671.434400356
 31
0.0
100
AcDbText
 73
2
  0
TEXT
  5
201B7
330
1F
100
AcDbEntity
  8
parcelas_etiquetas
 62
252
100
AcDbText
 10
6366631.5266288305
 20
6174655.114725836
 30
0.0
 40
0.45
  1
CA
  7
ARIAL
 72
1
 11
6366631.5266288305
 21
6174655.114725836
 31
0.0
100
AcDbText
 73
2
  0
TEXT
  5
201B8
330
1F
100
AcDbEntity
  8
parcelas_etiquetas
 62
252
100
AcDbText
 10
6366631.5266288305
 20
6174654.514725836
 30
0.0
 40
0.45
  1
38.0m
  7
ARIAL
 72
1
 11
6366631.5266288305
 21
6174654.514725836
 31
0.0
100
AcDbText
 73
2
  0
TEXT
  5
201B9
330
1F
100
AcDbEntity
  8
parcelas_etiquetas
 62
252
100
AcDbText
 10
6366638.292466751
 20
6174648.022015454
 30
0.0
 40
0.45
  1
CA
  7
ARIAL
 72
1
 11
6366638.292466751
 21
6174648.022015454
 31
0.0
100
AcDbText
 73
2
  0
TEXT
  5
201BA
330
1F
100
AcDbEntity
  8
parcelas_etiquetas
 62
252
100
AcDbText
 10
6366638.292466751
 20
6174647.422015455
 30
0.0
 40
0.45
  1
38.0m
  7
ARIAL
 72
1
 11
6366638.292466751
 21
6174647.422015455
 31
0.0
100
AcDbText
 73
2
  0
TEXT
  5
201BB
330
1F
100
AcDbEntity
  8
parcelas_etiquetas
 62
252
100
AcDbText
 10
6366647.669655797
 20
6174631.998436343
 30
0.0
 40
0.45
  1
CA
  7
ARIAL
 72
1
 11
6366647.669655797
 21
6174631.998436343
 31
0.0
100
AcDbText
 73
2
  0
TEXT
  5
201BC
330
1F
100
AcDbEntity
  8
parcelas_etiquetas
 62
252
100
AcDbText
 10
6366647.669655797
 20
6174631.398436343
 30
0.0
 40
0.45
  1
38.0m
  7
ARIAL
 72
1
 11
6366647.669655797
 21
6174631.398436343
 31
0.0
100
AcDbText
 73
2
  0
TEXT
  5
201BD
330
1F
100
AcDbEntity
  8
parcelas_etiquetas
 62
252
100
AcDbText
 10
6366653.997411595
 20
6174626.2447291175
 30
0.0
 40
0.45
  1
CA
  7
ARIAL
 72
1
 11
6366653.997411595
 21
6174626.2447291175
 31
0.0
100
AcDbText
 73
2
  0
TEXT
  5
201BE
330
1F
100
AcDbEntity
  8
parcelas_etiquetas
 62
252
100
AcDbText
 10
6366653.997411595
 20
6174625.644729118
 30
0.0
 40
0.45
  1
38.0m
  7
ARIAL
 72
1
 11
6366653.997411595
 21
6174625.644729118
 31
0.0
100
AcDbText
 73
2
  0
TEXT
  5
201BF
330
1F
100
AcDbEntity
  8
parcelas_etiquetas
 62
252
100
AcDbText
 10
6366664.772393898
 20
6174638.884829369
 30
0.0
 40
0.45
  1
CM
  7
ARIAL
 72
1
 11
6366664.772393898
 21
6174638.884829369
 31
0.0
100
AcDbText
 73
2
  0
TEXT
  5
201C0
330
1F
100
AcDbEntity
  8
parcelas_etiquetas
 62
252
100
AcDbText
 10
6366664.772393898
 20
6174638.28482937
 30
0.0
 40
0.45
  1
31.2m
  7
ARIAL
 72
1
 11
6366664.772393898
 21
6174638.28482937
 31
0.0
100
AcDbText
 73
2
  0
TEXT
  5
201C1
330
1F
100
AcDbEntity
  8
parcelas_etiquetas
 62
252
100
AcDbText
 10
6366665.270499131
 20
6174657.492203075
 30
0.0
 40
0.45
  1
CM
  7
ARIAL
 72
1
 11
6366665.270499131
 21
6174657.492203075
 31
0.0
100
AcDbText
 73
2
  0
TEXT
  5
201C2
330
1F
100
AcDbEntity
  8
parcelas_etiquetas
 62
252
100
AcDbText
 10
6366665.270499131
 20
6174656.892203076
 30
0.0
 40
0.45
  1
31.2m
  7
ARIAL
 72
1
 11
6366665.270499131
 21
6174656.892203076
 31
0.0
100
AcDbText
 73
2
  0
TEXT
  5
201C3
330
1F
100
AcDbEntity
  8
parcelas_etiquetas
 62
252
100
AcDbText
 10
6366682.577228162
 20
6174652.105097531
 30
0.0
 40
0.45
  1
CM
  7
ARIAL
 72
1
 11
6366682.577228162
 21
6174652.105097531
 31
0.0
100
AcDbText
 73
2
  0
TEXT
  5
201C4
330
1F
100
AcDbEntity
  8
parcelas_etiquetas
 62
252
100
AcDbText
 10
6366682.577228162
 20
6174651.505097532
 30
0.0
 40
0.45
  1
31.2m
  7
ARIAL
 72
1
 11
6366682.577228162
 21
6174651.505097532
 31
0.0
100
AcDbText
 73
2
  0
TEXT
  5
201C5
330
1F
100
AcDbEntity
  8
parcelas_etiquetas
 62
252
100
AcDbText
 10
6366671.086903304
 20
6174677.080571557
 30
0.0
 40
0.45
  1
CM
  7
ARIAL
 72
1
 11
6366671.086903304
 21
6174677.080571557
 31
0.0
100
AcDbText
 73
2
  0
TEXT
  5
201C6
330
1F
100
AcDbEntity
  8
parcelas_etiquetas
 62
252
100
AcDbText
 10
6366671.086903304
 20
6174676.480571558
 30
0.0
 40
0.45
  1
31.2m
  7
ARIAL
 72
1
 11
6366671.086903304
 21
6174676.480571558
 31
0.0
100
AcDbText
 73
2
  0
TEXT
  5
201C7
330
1F
100
AcDbEntity
  8
parcelas_etiquetas
 62
252
100
AcDbText
 10
6366666.570765992
 20
6174682.579305203
 30
0.0
 40
0.45
  1
CM
  7
ARIAL
 72
1
 11
6366666.570765992
 21
6174682.579305203
 31
0.0
100
AcDbText
 73
2
  0
TEXT
  5
201C8
330
1F
100
AcDbEntity
  8
parcelas_etiquetas
 62
252
100
AcDbText
 10
6366666.570765992
 20
6174681.979305203
 30
0.0
 40
0.45
  1
31.2m
  7
ARIAL
 72
1
 11
6366666.570765992
 21
6174681.979305203
 31
0.0
100
AcDbText
 73
2
  0
TEXT
  5
201C9
330
1F
100
AcDbEntity
  8
parcelas_etiquetas
 62
252
100
AcDbText
 10
6366630.19376983
 20
6174721.46887269
 30
0.0
 40
0.45
  1
CM
  7
ARIAL
 72
1
 11
6366630.19376983
 21
6174721.46887269
 31
0.0
100
AcDbText
 73
2
  0
TEXT
  5
201CA
330
1F
100
AcDbEntity
  8
parcelas_etiquetas
 62
252
100
AcDbText
 10
6366630.19376983
 20
6174720.86887269
 30
0.0
 40
0.45
  1
31.2m
  7
ARIAL
 72
1
 11
6366630.19376983
 21
6174720.86887269
 31
0.0
100
AcDbText
 73
2
  0
TEXT
  5
201CB
330
1F
100
AcDbEntity
  8
parcelas_etiquetas
 62
252
100
AcDbText
 10
6366642.654286037
 20
6174705.842620046
 30
0.0
 40
0.45
  1
CM
  7
ARIAL
 72
1
 11
6366642.654286037
 21
6174705.842620046
 31
0.0
100
AcDbText
 73
2
  0
TEXT
  5
201CC
330
1F
100
AcDbEntity
  8
parcelas_etiquetas
 62
252
100
AcDbText
 10
6366642.654286037
 20
6174705.242620046
 30
0.0
 40
0.45
  1
31.2m
  7
ARIAL
 72
1
 11
6366642.654286037
 21
6174705.242620046
 31
0.0
100
AcDbText
 73
2
  0
TEXT
  5
201CD
330
1F
100
AcDbEntity
  8
parcelas_etiquetas
 62
252
100
AcDbText
 10
6366645.276808655
 20
6174641.176726354
 30
0.0
 40
0.45
  1
CA
  7
ARIAL
 72
1
 11
6366645.276808655
 21
6174641.176726354
 31
0.0
100
AcDbText
 73
2
  0
TEXT
  5
201CE
330
1F
100
AcDbEntity
  8
parcelas_etiquetas
 62
252
100
AcDbText
 10
6366645.276808655
 20
6174640.576726355
 30
0.0
 40
0.45
  1
38.0m
  7
ARIAL
 72
1
 11
6366645.276808655
 21
6174640.576726355
 31
0.0
100
AcDbText
 73
2
  0
TEXT
  5
201CF
330
1F
100
AcDbEntity
  8
parcelas_etiquetas
 62
252
100
AcDbText
 10
6366690.167978872
 20
6174658.140699772
 30
0.0
 40
0.45
  1
CM
  7
ARIAL
 72
1
 11
6366690.167978872
 21
6174658.140699772
 31
0.0
100
AcDbText
 73
2
  0
TEXT
  5
201D0
330
1F
100
AcDbEntity
  8
parcelas_etiquetas
 62
252
100
AcDbText
 10
6366690.167978872
 20
6174657.540699773
 30
0.0
 40
0.45
  1
31.2m
  7
ARIAL
 72
1
 11
6366690.167978872
 21
6174657.540699773
 31
0.0
100
AcDbText
 73
2
  0
TEXT
  5
201D1
330
1F
100
AcDbEntity
  8
parcelas_etiquetas
 62
252
100
AcDbText
 10
6366677.851117427
 20
6174668.607885499
 30
0.0
 40
0.45
  1
CM
  7
ARIAL
 72
1
 11
6366677.851117427
 21
6174668.607885499
 31
0.0
100
AcDbText
 73
2
  0
TEXT
  5
201D2
330
1F
100
AcDbEntity
  8
parcelas_etiquetas
 62
252
100
AcDbText
 10
6366677.851117427
 20
6174668.007885499
 30
0.0
 40
0.45
  1
31.2m
  7
ARIAL
 72
1
 11
6366677.851117427
 21
6174668.007885499
 31
0.0
100
AcDbText
 73
2
  0
TEXT
  5
201D3
330
1F
100
AcDbEntity
  8
parcelas_etiquetas
 62
252
100
AcDbText
 10
6366657.409105896
 20
6174687.148796445
 30
0.0
 40
0.45
  1
CM
  7
ARIAL
 72
1
 11
6366657.409105896
 21
6174687.148796445
 31
0.0
100
AcDbText
 73
2
  0
TEXT
  5
201D4
330
1F
100
AcDbEntity
  8
parcelas_etiquetas
 62
252
100
AcDbText
 10
6366657.409105896
 20
6174686.548796445
 30
0.0
 40
0.45
  1
31.2m
  7
ARIAL
 72
1
 11
6366657.409105896
 21
6174686.548796445
 31
0.0
100
AcDbText
 73
2
  0
TEXT
  5
201D6
330
1F
100
AcDbEntity
  8
calles_etiquetas
 62
7
100
AcDbText
 10
6366595.510770834
 20
6174633.719424037
 30
0.0
 40
1.2
  1
AV. CABILDO
 50
-41.65072175987737
  7
ARIAL
 72
1
 11
6366595.510770834
 21
6174633.719424037
 31
0.0
100
AcDbText
 73
2
  0
TEXT
  5
201D7
330
1F
100
AcDbEntity
  8
calles_etiquetas
 62
7
100
AcDbText
 10
6366672.402591417
 20
6174622.339057268
 30
0.0
 40
1.2
  1
JOSE HERNANDEZ
 50
36.282955692528844
  7
ARIAL
 72
1
 11
6366672.402591417
 21
6174622.339057268
 31
0.0
100
AcDbText
 73
2
  0
TEXT
  5
201D8
330
1F
100
AcDbEntity
  8
calles_etiquetas
 62
7
100
AcDbText
 10
6366597.077923135
 20
6174724.686859196
 30
0.0
 40
1.2
  1
LA PAMPA
 50
36.427478044480296
  7
ARIAL
 72
1
 11
6366597.077923135
 21
6174724.686859196
 31
0.0
100
AcDbText
 73
2
  0
TEXT
  5
201D9
330
1F
100
AcDbEntity
  8
calles_etiquetas
 62
7
100
AcDbText
 10
6366668.802513162
 20
6174705.666774982
 30
0.0
 40
1.2
  1
VUELTA DE OBLIGADO
 50
-50.2462757707213
  7
ARIAL
 72
1
 11
6366668.802513162
 21
6174705.666774982
 31
0.0
100
AcDbText
 73
2
  0
ENDSEC
  0
SECTION
  2
OBJECTS
  0
DICTIONARY
  5
C
330
0
100
AcDbDictionary
281
1
  3
ACAD_GROUP
350
D
  3
ACAD_LAYOUT
350
1A
  3
ACAD_MLEADERSTYLE
350
43
  3
ACAD_PLOTSETTINGS
350
19
  3
ACAD_PLOTSTYLENAME
350
E
  3
ACAD_TABLESTYLE
350
42
  3
ACAD_COLOR
350
200F5
  3
ACAD_MATERIAL
350
200F6
  3
ACAD_MLINESTYLE
350
200F7
  3
ACAD_SCALELIST
350
200F8
  3
ACAD_VISUALSTYLE
350
200F9
  3
EZDXF_META
350
201DC
  0
DICTIONARY
  5
D
102
{ACAD_REACTORS
330
C
102
}
330
C
100
AcDbDictionary
281
1
  0
DICTIONARY
  5
1A
102
{ACAD_REACTORS
330
C
102
}
330
C
100
AcDbDictionary
281
1
  3
Layout1
350
1E
  3
Model
350
22
  0
DICTIONARY
  5
43
102
{ACAD_REACTORS
330
C
102
}
330
C
100
AcDbDictionary
281
1
  3
Standard
350
200FF
  0
DICTIONARY
  5
19
102
{ACAD_REACTORS
330
C
102
}
330
C
100
AcDbDictionary
281
1
  0
ACDBDICTIONARYWDFLT
  5
E
102
{ACAD_REACTORS
330
C
102
}
330
C
100
AcDbDictionary
281
1
  3
Normal
350
F
100
AcDbDictionaryWithDefault
340
F
  0
DICTIONARY
  5
42
102
{ACAD_REACTORS
330
C
102
}
330
C
100
AcDbDictionary
281
1
  0
LAYOUT
  5
1E
102
{ACAD_REACTORS
330
1A
102
}
330
1A
100
AcDbPlotSettings
  1

  2
none_device
  4

  6

 40
0.0
 41
0.0
 42
0.0
 43
0.0
 44
0.0
 45
0.0
 46
0.0
 47
0.0
 48
0.0
 49
0.0
140
0.0
141
0.0
142
1.0
143
1.0
 70
688
 72
0
 73
0
 74
5
  7

 75
16
 76
0
 77
2
 78
300
147
1.0
148
0.0
149
0.0
100
AcDbLayout
  1
Layout1
 70
1
 71
1
 10
0.0
 20
0.0
 11
12.0
 21
9.0
 12
0.0
 22
0.0
 32
0.0
 14
1e+20
 24
1e+20
 34
1e+20
 15
-1e+20
 25
-1e+20
 35
-1e+20
146
0.0
 13
0.0
 23
0.0
 33
0.0
 16
1.0
 26
0.0
 36
0.0
 17
0.0
 27
1.0
 37
0.0
 76
0
330
1B
  0
LAYOUT
  5
22
102
{ACAD_REACTORS
330
1A
102
}
330
1A
100
AcDbPlotSettings
  1

  2
none_device
  4

  6

 40
0.0
 41
0.0
 42
0.0
 43
0.0
 44
0.0
 45
0.0
 46
0.0
 47
0.0
 48
0.0
 49
0.0
140
0.0
141
0.0
142
1.0
143
1.0
 70
1712
 72
0
 73
0
 74
0
  7

 75
0
 76
0
 77
2
 78
300
147
1.0
148
0.0
149
0.0
100
AcDbLayout
  1
Model
 70
1
 71
0
 10
0.0
 20
0.0
 11
12.0
 21
9.0
 12
0.0
 22
0.0
 32
0.0
 14
30.0
 24
49.75
 34
0.0
 15
130.5
 25
163.1318914119703
 35
0.0
146
0.0
 13
0.0
 23
0.0
 33
0.0
 16
1.0
 26
0.0
 36
0.0
 17
0.0
 27
1.0
 37
0.0
 76
0
330
1F
331
29
  0
ACDBPLACEHOLDER
  5
F
102
{ACAD_REACTORS
330
E
102
}
330
E
  0
DICTIONARY
  5
200F5
330
C
100
AcDbDictionary
281
1
  0
DICTIONARY
  5
200F6
330
C
100
AcDbDictionary
281
1
  3
ByBlock
350
200FA
  3
ByLayer
350
200FB
  3
Global
350
200FC
  0
DICTIONARY
  5
200F7
330
C
100
AcDbDictionary
281
1
  3
Standard
350
200FD
  0
DICTIONARY
  5
200F8
330
C
100
AcDbDictionary
281
1
  0
DICTIONARY
  5
200F9
330
C
100
AcDbDictionary
281
1
  0
MATERIAL
  5
200FA
102
{ACAD_REACTORS
330
200F6
102
}
330
200F6
100
AcDbMaterial
  1
ByBlock
  2

 70
0
 40
1.0
 71
1
 41
1.0
 91
-1023410177
 42
1.0
 72
1
  3

 73
1
 74
1
 75
1
 44
0.5
 73
0
 45
1.0
 46
1.0
 77
1
  4

 78
1
 79
1
170
1
 48
1.0
171
1
  6

172
1
173
1
174
1
140
1.0
141
1.0
175
1
  7

176
1
177
1
178
1
143
1.0
179
1
  8

270
1
271
1
272
1
145
1.0
146
1.0
273
1
  9

274
1
275
1
276
1
 42
1.0
 72
1
  3

 73
1
 74
1
 75
1
 94
63
  0
MATERIAL
  5
200FB
102
{ACAD_REACTORS
330
200F6
102
}
330
200F6
100
AcDbMaterial
  1
ByLayer
  2

 70
0
 40
1.0
 71
1
 41
1.0
 91
-1023410177
 42
1.0
 72
1
  3

 73
1
 74
1
 75
1
 44
0.5
 73
0
 45
1.0
 46
1.0
 77
1
  4

 78
1
 79
1
170
1
 48
1.0
171
1
  6

172
1
173
1
174
1
140
1.0
141
1.0
175
1
  7

176
1
177
1
178
1
143
1.0
179
1
  8

270
1
271
1
272
1
145
1.0
146
1.0
273
1
  9

274
1
275
1
276
1
 42
1.0
 72
1
  3

 73
1
 74
1
 75
1
 94
63
  0
MATERIAL
  5
200FC
102
{ACAD_REACTORS
330
200F6
102
}
330
200F6
100
AcDbMaterial
  1
Global
  2

 70
0
 40
1.0
 71
1
 41
1.0
 91
-1023410177
 42
1.0
 72
1
  3

 73
1
 74
1
 75
1
 44
0.5
 73
0
 45
1.0
 46
1.0
 77
1
  4

 78
1
 79
1
170
1
 48
1.0
171
1
  6

172
1
173
1
174
1
140
1.0
141
1.0
175
1
  7

176
1
177
1
178
1
143
1.0
179
1
  8

270
1
271
1
272
1
145
1.0
146
1.0
273
1
  9

274
1
275
1
276
1
 42
1.0
 72
1
  3

 73
1
 74
1
 75
1
 94
63
  0
MLINESTYLE
  5
200FD
102
{ACAD_REACTORS
330
200F7
102
}
330
200F7
100
AcDbMlineStyle
  2
Standard
 70
0
  3

 62
256
 51
90.0
 52
90.0
 71
2
 49
0.5
 62
256
  6
BYLAYER
 49
-0.5
 62
256
  6
BYLAYER
  0
MLEADERSTYLE
  5
200FF
102
{ACAD_REACTORS
330
43
102
}
330
43
100
AcDbMLeaderStyle
179
2
170
2
171
1
172
0
 90
2
 40
0.0
 41
0.0
173
1
 91
-1056964608
 92
-2
290
1
 42
2.0
291
1
 43
8.0
  3
Standard
 44
4.0
300

342
11
174
1
175
1
176
0
178
1
 93
-1056964608
 45
4.0
292
0
297
0
 46
4.0
 94
-1056964608
 47
1.0
 49
1.0
140
1.0
294
1
141
0.0
177
0
142
1.0
295
0
296
0
143
3.75
271
0
272
9
273
9
  0
DICTIONARY
  5
201DC
330
C
100
AcDbDictionary
280
1
281
1
  3
WRITTEN_BY_EZDXF
350
201DD
  0
DICTIONARYVAR
  5
201DD
330
201DC
100
DictionaryVariables
280
0
  1
1.4.4 @ 2026-07-30T18:22:38.006578+00:00
  0
ENDSEC
  0
EOF
