  0
SECTION
  2
HEADER
  9
$ACADVER
  1
AC1018
  9
$ACADMAINTVER
 70
0
  9
$DWGCODEPAGE
  3
ANSI_1252
  9
$EXTMIN
 10
30.0
 20
49.75
 30
0.0
  9
$EXTMAX
 10
130.5
 20
163.1318914119703
 30
0.0
  9
$LIMMIN
 10
0.0
 20
0.0
  9
$LIMMAX
 10
12.0
 20
9.0
  9
$ORTHOMODE
 70
0
  9
$REGENMODE
 70
1
  9
$FILLMODE
 70
1
  9
$QTEXTMODE
 70
0
  9
$MIRRTEXT
 70
1
  9
$LTSCALE
 40
1.0
  9
$ATTMODE
 70
1
  9
$TEXTSIZE
 40
0.2
  9
$TRACEWID
 40
0.05
  9
$TEXTSTYLE
  7
Standard
  9
$CLAYER
  8
0
  9
$CELTYPE
  6
ByLayer
  9
$CECOLOR
 62
256
  9
$CELTSCALE
 40
1.0
  9
$DISPSILH
 70
0
  9
$LUNITS
 70
2
  9
$LUPREC
 70
4
  9
$SKETCHINC
 40
0.1
  9
$FILLETRAD
 40
0.5
  9
$AUNITS
 70
0
  9
$AUPREC
 70
0
  9
$MENU
  1
.
  9
$ELEVATION
 40
0.0
  9
$PELEVATION
 40
0.0
  9
$THICKNESS
 40
0.0
  9
$LIMCHECK
 70
0
  9
$CHAMFERA
 40
0.5
  9
$CHAMFERB
 40
0.5
  9
$CHAMFERC
 40
1.0
  9
$CHAMFERD
 40
0.0
  9
$SKPOLY
 70
0
  9
$TDCREATE
 40
2461250.7735185185
  9
$TDUPDATE
 40
2461250.7735185185
  9
$ANGBASE
 50
0.0
  9
$ANGDIR
 70
0
  9
$PDMODE
 70
0
  9
$PDSIZE
 40
0.0
  9
$PLINEWID
 40
0.0
  9
$SPLFRAME
 70
0
  9
$SPLINETYPE
 70
6
  9
$SPLINESEGS
 70
8
  9
$HANDSEED
  5
2030C
  9
$SURFTAB1
 70
6
  9
$SURFTAB2
 70
6
  9
$SURFTYPE
 70
6
  9
$SURFU
 70
6
  9
$SURFV
 70
6
  9
$UCSBASE
  2

  9
$UCSNAME
  2

  9
$UCSORG
 10
0.0
 20
0.0
 30
0.0
  9
$UCSXDIR
 10
1.0
 20
0.0
 30
0.0
  9
$UCSYDIR
 10
0.0
 20
1.0
 30
0.0
  9
$UCSORTHOREF
  2

  9
$UCSORTHOVIEW
 70
0
  9
$UCSORGTOP
 10
0.0
 20
0.0
 30
0.0
  9
$UCSORGBOTTOM
 10
0.0
 20
0.0
 30
0.0
  9
$UCSORGLEFT
 10
0.0
 20
0.0
 30
0.0
  9
$UCSORGRIGHT
 10
0.0
 20
0.0
 30
0.0
  9
$UCSORGFRONT
 10
0.0
 20
0.0
 30
0.0
  9
$UCSORGBACK
 10
0.0
 20
0.0
 30
0.0
  9
$PUCSBASE
  2

  9
$PUCSNAME
  2

  9
$PUCSORG
 10
0.0
 20
0.0
 30
0.0
  9
$PUCSXDIR
 10
1.0
 20
0.0
 30
0.0
  9
$PUCSYDIR
 10
0.0
 20
1.0
 30
0.0
  9
$PUCSORTHOREF
  2

  9
$PUCSORTHOVIEW
 70
0
  9
$PUCSORGTOP
 10
0.0
 20
0.0
 30
0.0
  9
$PUCSORGBOTTOM
 10
0.0
 20
0.0
 30
0.0
  9
$PUCSORGLEFT
 10
0.0
 20
0.0
 30
0.0
  9
$PUCSORGRIGHT
 10
0.0
 20
0.0
 30
0.0
  9
$PUCSORGFRONT
 10
0.0
 20
0.0
 30
0.0
  9
$PUCSORGBACK
 10
0.0
 20
0.0
 30
0.0
  9
$WORLDVIEW
 70
1
  9
$SHADEDGE
 70
3
  9
$SHADEDIF
 70
70
  9
$TILEMODE
 70
1
  9
$MAXACTVP
 70
64
  9
$PINSBASE
 10
0.0
 20
0.0
 30
0.0
  9
$PLIMCHECK
 70
0
  9
$PEXTMIN
 10
1e+20
 20
1e+20
 30
1e+20
  9
$PEXTMAX
 10
-1e+20
 20
-1e+20
 30
-1e+20
  9
$PLIMMIN
 10
0.0
 20
0.0
  9
$PLIMMAX
 10
12.0
 20
9.0
  9
$UNITMODE
 70
0
  9
$VISRETAIN
 70
1
  9
$PLINEGEN
 70
0
  9
$PSLTSCALE
 70
1
  9
$TREEDEPTH
 70
3020
  9
$CMLSTYLE
  2
Standard
  9
$CMLJUST
 70
0
  9
$CMLSCALE
 40
1.0
  9
$PROXYGRAPHICS
 70
1
  9
$MEASUREMENT
 70
0
  9
$CELWEIGHT
370
-1
  9
$ENDCAPS
280
0
  9
$JOINSTYLE
280
0
  9
$LWDISPLAY
290
0
  9
$INSUNITS
 70
6
  9
$HYPERLINKBASE
  1

  9
$STYLESHEET
  1

  9
$XEDIT
290
1
  9
$CEPSNTYPE
380
0
  9
$PSTYLEMODE
290
1
  9
$FINGERPRINTGUID
  2
{1E6D2B62-0A68-4EB3-8501-490611548346}
  9
$VERSIONGUID
  2
{D05D6C42-AFF5-43F8-A607-391D3555133E}
  9
$EXTNAMES
290
1
  9
$PSVPSCALE
 40
0.0
  9
$OLESTARTUP
290
0
  9
$SORTENTS
280
127
  9
$INDEXCTL
280
0
  9
$HIDETEXT
280
1
  9
$XCLIPFRAME
290
0
  9
$HALOGAP
280
0
  9
$OBSCOLOR
 70
257
  9
$OBSLTYPE
280
0
  9
$INTERSECTIONDISPLAY
280
0
  9
$INTERSECTIONCOLOR
 70
257
  9
$DIMASSOC
280
2
  9
$PROJECTNAME
  1

  0
ENDSEC
  0
SECTION
  2
CLASSES
  0
CLASS
  1
ACDBDICTIONARYWDFLT
  2
AcDbDictionaryWithDefault
  3
ObjectDBX Classes
 90
0
 91
4
280
0
281
0
  0
CLASS
  1
SUN
  2
AcDbSun
  3
SCENEOE
 90
1153
 91
0
280
0
281
0
  0
CLASS
  1
VISUALSTYLE
  2
AcDbVisualStyle
  3
ObjectDBX Classes
 90
4095
 91
0
280
0
281
0
  0
CLASS
  1
MATERIAL
  2
AcDbMaterial
  3
ObjectDBX Classes
 90
1153
 91
0
280
0
281
0
  0
CLASS
  1
SCALE
  2
AcDbScale
  3
ObjectDBX Classes
 90
1153
 91
0
280
0
281
0
  0
CLASS
  1
TABLESTYLE
  2
AcDbTableStyle
  3
ObjectDBX Classes
 90
4095
 91
0
280
0
281
0
  0
CLASS
  1
MLEADERSTYLE
  2
AcDbMLeaderStyle
  3
ACDB_MLEADERSTYLE_CLASS
 90
4095
 91
0
280
0
281
0
  0
CLASS
  1
DICTIONARYVAR
  2
AcDbDictionaryVar
  3
ObjectDBX Classes
 90
0
 91
0
280
0
281
0
  0
CLASS
  1
CELLSTYLEMAP
  2
AcDbCellStyleMap
  3
ObjectDBX Classes
 90
1152
 91
0
280
0
281
0
  0
CLASS
  1
MENTALRAYRENDERSETTINGS
  2
AcDbMentalRayRenderSettings
  3
SCENEOE
 90
1024
 91
0
280
0
281
0
  0
CLASS
  1
ACDBDETAILVIEWSTYLE
  2
AcDbDetailViewStyle
  3
ObjectDBX Classes
 90
1025
 91
0
280
0
281
0
  0
CLASS
  1
ACDBSECTIONVIEWSTYLE
  2
AcDbSectionViewStyle
  3
ObjectDBX Classes
 90
1025
 91
0
280
0
281
0
  0
CLASS
  1
RASTERVARIABLES
  2
AcDbRasterVariables
  3
ISM
 90
0
 91
0
280
0
281
0
  0
CLASS
  1
ACDBPLACEHOLDER
  2
AcDbPlaceHolder
  3
ObjectDBX Classes
 90
0
 91
0
280
0
281
0
  0
CLASS
  1
LAYOUT
  2
AcDbLayout
  3
ObjectDBX Classes
 90
0
 91
0
280
0
281
0
  0
ENDSEC
  0
SECTION
  2
TABLES
  0
TABLE
  2
VPORT
  5
8
330
0
100
AcDbSymbolTable
 70
1
  0
VPORT
  5
29
330
8
100
AcDbSymbolTableRecord
100
AcDbViewportTableRecord
  2
*Active
 70
0
 10
0.0
 20
0.0
 11
1.0
 21
1.0
 12
80.25
 22
106.4409457059851
 13
0.0
 23
0.0
 14
0.5
 24
0.5
 15
0.5
 25
0.5
 16
0.0
 26
0.0
 36
1.0
 17
0.0
 27
0.0
 37
0.0
 40
113.3818914119703
 41
0.8863849310366128
 42
50.0
 43
0.0
 44
0.0
 50
0.0
 51
0.0
 71
0
 72
1000
 73
1
 74
3
 75
0
 76
0
 77
0
 78
0
281
0
 65
1
110
0.0
120
0.0
130
0.0
111
1.0
121
0.0
131
0.0
112
0.0
122
1.0
132
0.0
 79
0
146
0.0
  0
ENDTAB
  0
TABLE
  2
LTYPE
  5
5
330
0
100
AcDbSymbolTable
 70
4
  0
LTYPE
  5
14
330
5
100
AcDbSymbolTableRecord
100
AcDbLinetypeTableRecord
  2
ByBlock
 70
0
  3

 72
65
 73
0
 40
0.0
  0
LTYPE
  5
15
330
5
100
AcDbSymbolTableRecord
100
AcDbLinetypeTableRecord
  2
ByLayer
 70
0
  3

 72
65
 73
0
 40
0.0
  0
LTYPE
  5
16
330
5
100
AcDbSymbolTableRecord
100
AcDbLinetypeTableRecord
  2
Continuous
 70
0
  3
Solid line
 72
65
 73
0
 40
0.0
  0
LTYPE
  5
201A0
330
5
100
AcDbSymbolTableRecord
100
AcDbLinetypeTableRecord
  2
DASHED
 70
0
  3
Dashed line - - -
 72
65
 73
2
 40
10.0
 49
5.0
 74
0
 49
-5.0
 74
0
  0
ENDTAB
  0
TABLE
  2
LAYER
  5
2
330
0
100
AcDbSymbolTable
 70
15
  0
LAYER
  5
10
330
2
100
AcDbSymbolTableRecord
100
AcDbLayerTableRecord
  2
0
 70
0
 62
7
  6
Continuous
370
-3
390
F
  0
LAYER
  5
2018A
330
2
100
AcDbSymbolTableRecord
100
AcDbLayerTableRecord
  2
manzanas
 70
0
 62
250
420
4210752
  6
Continuous
370
-3
390
F
  0
LAYER
  5
2018B
330
2
100
AcDbSymbolTableRecord
100
AcDbLayerTableRecord
  2
parcelas
 70
0
 62
252
420
6316128
  6
Continuous
370
-3
390
F
  0
LAYER
  5
2018C
330
2
100
AcDbSymbolTableRecord
100
AcDbLayerTableRecord
  2
lfi
 70
0
 62
141
420
3504561
  6
Continuous
370
-3
390
F
  0
LAYER
  5
2018D
330
2
100
AcDbSymbolTableRecord
100
AcDbLayerTableRecord
  2
lib
 70
0
 62
2
420
16765702
  6
Continuous
370
-3
390
F
  0
LAYER
  5
2018E
330
2
100
AcDbSymbolTableRecord
100
AcDbLayerTableRecord
  2
Tronera SI
 70
0
 62
141
420
3504561
  6
Continuous
370
-3
390
F
  0
LAYER
  5
2018F
330
2
100
AcDbSymbolTableRecord
100
AcDbLayerTableRecord
  2
Irregular
 70
0
 62
1
420
14948892
  6
Continuous
370
-3
390
F
  0
LAYER
  5
20190
330
2
100
AcDbSymbolTableRecord
100
AcDbLayerTableRecord
  2
banda_minima
 70
0
 62
1
420
14948892
  6
Continuous
370
-3
390
F
  0
LAYER
  5
20191
330
2
100
AcDbSymbolTableRecord
100
AcDbLayerTableRecord
  2
ldf
 70
0
 62
7
  6
Continuous
370
-3
390
F
  0
LAYER
  5
20192
330
2
100
AcDbSymbolTableRecord
100
AcDbLayerTableRecord
  2
tejido
 70
0
 62
8
420
8421504
  6
Continuous
370
-3
390
F
  0
LAYER
  5
20193
330
2
100
AcDbSymbolTableRecord
100
AcDbLayerTableRecord
  2
mdr_tejidoconsolidado
 70
0
 62
9
420
12632256
  6
Continuous
370
-3
390
F
1001
AcCmTransparency
1071
33554585
  0
LAYER
  5
20194
330
2
100
AcDbSymbolTableRecord
100
AcDbLayerTableRecord
  2
mdr_tejidoparairregular
 70
0
 62
8
420
8421504
  6
Continuous
370
-3
390
F
1001
AcCmTransparency
1071
33554585
  0
LAYER
  5
2019E
330
2
100
AcDbSymbolTableRecord
100
AcDbLayerTableRecord
  2
Defpoints
 70
0
 62
7
  6
Continuous
290
0
370
-3
390
F
  0
LAYER
  5
202B2
330
2
100
AcDbSymbolTableRecord
100
AcDbLayerTableRecord
  2
parcelas_etiquetas
 70
0
 62
252
420
6316128
  6
Continuous
370
-3
390
F
  0
LAYER
  5
20303
330
2
100
AcDbSymbolTableRecord
100
AcDbLayerTableRecord
  2
calles_etiquetas
 70
0
 62
252
420
6316128
  6
Continuous
370
-3
390
F
  0
ENDTAB
  0
TABLE
  2
STYLE
  5
3
330
0
100
AcDbSymbolTable
 70
2
  0
STYLE
  5
11
330
3
100
AcDbSymbolTableRecord
100
AcDbTextStyleTableRecord
  2
Standard
 70
0
 40
0.0
 41
1.0
 50
0.0
 71
0
 42
0.2
  3
GoogleSans-Regular.ttf
  4

  0
STYLE
  5
201AD
330
3
100
AcDbSymbolTableRecord
100
AcDbTextStyleTableRecord
  2
GOOGLE_SANS
 70
0
 40
0.0
 41
1.0
 50
0.0
 71
0
 42
2.5
  3
GoogleSans-Bold.ttf
  4

1001
ACAD
1000
Google Sans
1071
33554466
  0
ENDTAB
  0
TABLE
  2
VIEW
  5
6
330
0
100
AcDbSymbolTable
 70
0
  0
ENDTAB
  0
TABLE
  2
UCS
  5
7
330
0
100
AcDbSymbolTable
 70
0
  0
ENDTAB
  0
TABLE
  2
APPID
  5
9
330
0
100
AcDbSymbolTable
 70
4
  0
APPID
  5
12
330
9
100
AcDbSymbolTableRecord
100
AcDbRegAppTableRecord
  2
ACAD
 70
0
  0
APPID
  5
201A1
330
9
100
AcDbSymbolTableRecord
100
AcDbRegAppTableRecord
  2
AcCmTransparency
 70
0
  0
APPID
  5
20308
330
9
100
AcDbSymbolTableRecord
100
AcDbRegAppTableRecord
  2
HATCHBACKGROUNDCOLOR
 70
0
  0
APPID
  5
20309
330
9
100
AcDbSymbolTableRecord
100
AcDbRegAppTableRecord
  2
EZDXF
 70
0
  0
ENDTAB
  0
TABLE
  2
DIMSTYLE
  5
A
330
0
100
AcDbSymbolTable
 70
1
100
AcDbDimStyleTable
  0
DIMSTYLE
105
27
330
A
100
AcDbSymbolTableRecord
100
AcDbDimStyleTableRecord
  2
Standard
 70
0
  3

  4

 40
1.0
 41
2.5
 42
0.625
 43
3.75
 44
1.25
 45
0.0
 46
0.0
 47
0.0
 48
0.0
140
2.5
141
2.5
142
0.0
143
0.03937007874
144
1.0
145
0.0
146
1.0
147
0.625
148
0.0
 71
0
 72
0
 73
0
 74
0
 75
0
 76
0
 77
1
 78
8
 79
3
170
0
171
3
172
1
173
0
174
0
175
0
176
0
177
0
178
0
179
2
271
2
272
2
273
2
274
3
275
0
276
0
277
2
278
44
279
0
280
0
281
0
282
0
283
0
284
8
285
0
286
0
288
0
289
3
340
11
371
-2
372
-2
  0
ENDTAB
  0
TABLE
  2
BLOCK_RECORD
  5
1
330
0
100
AcDbSymbolTable
 70
2
  0
BLOCK_RECORD
  5
1F
330
1
100
AcDbSymbolTableRecord
100
AcDbBlockTableRecord
  2
*Model_Space
340
22
  0
BLOCK_RECORD
  5
1B
330
1
100
AcDbSymbolTableRecord
100
AcDbBlockTableRecord
  2
*Paper_Space
340
1E
  0
ENDTAB
  0
ENDSEC
  0
SECTION
  2
BLOCKS
  0
BLOCK
  5
20
330
1F
100
AcDbEntity
  8
0
100
AcDbBlockBegin
  2
*Model_Space
 70
0
 10
0.0
 20
0.0
 30
0.0
  3
*Model_Space
  1

  0
ENDBLK
  5
21
330
1F
100
AcDbEntity
  8
0
100
AcDbBlockEnd
  0
BLOCK
  5
1C
330
1B
100
AcDbEntity
 67
1
  8
0
100
AcDbBlockBegin
  2
*Paper_Space
 70
0
 10
0.0
 20
0.0
 30
0.0
  3
*Paper_Space
  1

  0
ENDBLK
  5
1D
330
1B
100
AcDbEntity
 67
1
  8
0
100
AcDbBlockEnd
  0
ENDSEC
  0
SECTION
  2
ENTITIES
  0
LWPOLYLINE
  5
20000
330
1F
100
AcDbEntity
  8
manzanas
100
AcDbPolyline
 90
5
 70
1
 10
6364126.61960806
 20
6168997.00663959
 10
6364227.38580799
 20
6169063.05404243
 10
6364292.7247054
 20
6168967.00910545
 10
6364192.27915885
 20
6168900.92630979
 10
6364126.61960806
 20
6168997.00663959
  0
LWPOLYLINE
  5
20001
330
1F
100
AcDbEntity
  8
parcelas
100
AcDbPolyline
 90
19
 70
1
 10
6364230.75931728
 20
6169057.58513382
 10
6364232.69206739
 20
6169054.7502173
 10
6364228.86276167
 20
6169052.20084306
 10
6364227.05659942
 20
6169050.99825305
 10
6364224.93834364
 20
6169049.58806851
 10
6364224.8006323
 20
6169049.49604103
 10
6364224.32600084
 20
6169050.14937582
 10
6364223.79420196
 20
6169050.88190798
 10
6364221.15563077
 20
6169054.51585543
 10
6364218.86310791
 20
6169057.67166185
 10
6364223.55790421
 20
6169060.75876488
 10
6364223.76958279
 20
6169060.71682037
 10
6364225.24127363
 20
6169060.42706426
 10
6364225.73184207
 20
6169060.33014551
 10
6364227.2035329
 20
6169060.0403894
 10
6364227.7091467
 20
6169059.9406879
 10
6364229.18083751
 20
6169059.65093179
 10
6364229.37645611
 20
6169059.61275566
 10
6364230.75931728
 20
6169057.58513382
  0
LWPOLYLINE
  5
20002
330
1F
100
AcDbEntity
  8
parcelas
100
AcDbPolyline
 90
15
 70
1
 10
6364223.79420196
 20
6169050.88190798
 10
6364224.32600084
 20
6169050.14937582
 10
6364224.8006323
 20
6169049.49604103
 10
6364221.53110043
 20
6169047.31990775
 10
6364217.14497756
 20
6169044.40033611
 10
6364216.178174
 20
6169045.88180947
 10
6364216.01448417
 20
6169046.13251924
 10
6364214.16481653
 20
6169048.96363933
 10
6364213.74535134
 20
6169049.60677069
 10
6364211.59794591
 20
6169052.89572569
 10
6364211.93286817
 20
6169053.11565535
 10
6364218.52918577
 20
6169057.45174671
 10
6364218.86310791
 20
6169057.67166185
 10
6364221.15563077
 20
6169054.51585543
 10
6364223.79420196
 20
6169050.88190798
  0
LWPOLYLINE
  5
20003
330
1F
100
AcDbEntity
  8
parcelas
100
AcDbPolyline
 90
10
 70
1
 10
6364204.39126876
 20
6169048.15664963
 10
6364211.59794591
 20
6169052.89572569
 10
6364213.74535134
 20
6169049.60677069
 10
6364214.16481653
 20
6169048.96363933
 10
6364216.01448417
 20
6169046.13251924
 10
6364216.178174
 20
6169045.88180947
 10
6364217.14497756
 20
6169044.40033611
 10
6364210.08181052
 20
6169039.69835323
 10
6364208.89074396
 20
6169041.46867071
 10
6364204.39126876
 20
6169048.15664963
  0
LWPOLYLINE
  5
20004
330
1F
100
AcDbEntity
  8
parcelas
100
AcDbPolyline
 90
15
 70
1
 10
6364197.0894502
 20
6169043.35617332
 10
6364204.39126876
 20
6169048.15664963
 10
6364208.89074396
 20
6169041.46867071
 10
6364210.08181052
 20
6169039.69835323
 10
6364213.29946752
 20
6169034.89941552
 10
6364214.24626782
 20
6169033.48667497
 10
6364214.61845079
 20
6169032.93088705
 10
6364211.02798388
 20
6169030.53602706
 10
6364207.40184622
 20
6169028.11764194
 10
6364206.94082469
 20
6169028.79818313
 10
6364204.97095272
 20
6169031.70958687
 10
6364203.42327072
 20
6169033.99690513
 10
6364203.25665303
 20
6169034.24257077
 10
6364201.67319789
 20
6169036.58238778
 10
6364197.0894502
 20
6169043.35617332
  0
LWPOLYLINE
  5
20005
330
1F
100
AcDbEntity
  8
parcelas
100
AcDbPolyline
 90
40
 70
1
 10
6364190.14535354
 20
6169038.78996184
 10
6364190.48027582
 20
6169039.00989153
 10
6364196.75552805
 20
6169043.13625815
 10
6364197.0894502
 20
6169043.35617332
 10
6364201.67319789
 20
6169036.58238778
 10
6364203.25665303
 20
6169034.24257077
 10
6364203.42327072
 20
6169033.99690513
 10
6364204.97095272
 20
6169031.70958687
 10
6364206.94082469
 20
6169028.79818313
 10
6364207.40184622
 20
6169028.11764194
 10
6364208.85035482
 20
6169025.97793474
 10
6364211.88742079
 20
6169021.49148237
 10
6364216.3065948
 20
6169014.96039175
 10
6364216.40472458
 20
6169014.81576661
 10
6364218.91431043
 20
6169011.10892484
 10
6364221.12937851
 20
6169007.83605924
 10
6364223.28449246
 20
6169004.65122419
 10
6364224.93827697
 20
6169002.20741278
 10
6364225.5518438
 20
6169001.30103057
 10
6364228.30870821
 20
6168997.22853551
 10
6364229.75110014
 20
6168995.09674254
 10
6364227.0415729
 20
6168993.4158938
 10
6364225.48307583
 20
6168992.44897309
 10
6364222.92027548
 20
6168990.85928224
 10
6364221.64786425
 20
6168992.72045011
 10
6364221.42199183
 20
6168993.05128479
 10
6364218.0217735
 20
6168998.02263199
 10
6364217.36563755
 20
6168998.98243665
 10
6364216.61037169
 20
6169000.08685196
 10
6364214.75029796
 20
6169002.80778425
 10
6364210.93819558
 20
6169008.38235964
 10
6364206.15211544
 20
6169015.38128546
 10
6364204.34929625
 20
6169018.01701983
 10
6364201.378298
 20
6169022.36238339
 10
6364201.09621477
 20
6169022.77543036
 10
6364198.37664329
 20
6169026.75231732
 10
6364197.51814555
 20
6169028.00828623
 10
6364193.99015588
 20
6169033.16784405
 10
6364190.53985838
 20
6169038.21249034
 10
6364190.14535354
 20
6169038.78996184
  0
LWPOLYLINE
  5
20006
330
1F
100
AcDbEntity
  8
parcelas
100
AcDbPolyline
 90
29
 70
1
 10
6364190.53985838
 20
6169038.21249034
 10
6364193.99015588
 20
6169033.16784405
 10
6364197.51814555
 20
6169028.00828623
 10
6364198.37664329
 20
6169026.75231732
 10
6364201.09621477
 20
6169022.77543036
 10
6364201.378298
 20
6169022.36238339
 10
6364204.34929625
 20
6169018.01701983
 10
6364206.15211544
 20
6169015.38128546
 10
6364210.93819558
 20
6169008.38235964
 10
6364214.75029796
 20
6169002.80778425
 10
6364216.61037169
 20
6169000.08685196
 10
6364217.36563755
 20
6168998.98243665
 10
6364218.0217735
 20
6168998.02263199
 10
6364221.42199183
 20
6168993.05128479
 10
6364221.64786425
 20
6168992.72045011
 10
6364222.92027548
 20
6168990.85928224
 10
6364222.29897282
 20
6168990.45213757
 10
6364220.45785002
 20
6168989.24603905
 10
6364219.78899122
 20
6168988.80719423
 10
6364205.20473527
 20
6168979.2495344
 10
6364204.73107259
 20
6168978.93956288
 10
6364202.83347954
 20
6168977.69563278
 10
6364201.21061299
 20
6168980.06288713
 10
6364192.27058429
 20
6168993.10058564
 10
6364177.07822535
 20
6169015.25865536
 10
6364170.0175637
 20
6169025.55569627
 10
6364178.33899174
 20
6169031.02718151
 10
6364190.14535354
 20
6169038.78996184
 10
6364190.53985838
 20
6169038.21249034
  0
LWPOLYLINE
  5
20007
330
1F
100
AcDbEntity
  8
parcelas
100
AcDbPolyline
 90
27
 70
1
 10
6364159.90559778
 20
6169018.90785555
 10
6364160.85685131
 20
6169019.5328572
 10
6364161.44048316
 20
6169019.91644781
 10
6364170.0175637
 20
6169025.55569627
 10
6364177.07822535
 20
6169015.25865536
 10
6364192.27058429
 20
6168993.10058564
 10
6364201.21061299
 20
6168980.06288713
 10
6364202.83347954
 20
6168977.69563278
 10
6364197.54199243
 20
6168974.22874949
 10
6364189.52352779
 20
6168968.9737282
 10
6364185.02571815
 20
6168975.61571535
 10
6364183.23549476
 20
6168978.21061875
 10
6364180.60429773
 20
6168982.02573325
 10
6364179.26877613
 20
6168983.96201118
 10
6364176.06126602
 20
6168988.61304685
 10
6364173.59968717
 20
6168992.18253942
 10
6364171.44568792
 20
6168995.30534359
 10
6364170.89594378
 20
6168996.10263711
 10
6364169.35708923
 20
6168998.33306453
 10
6364164.8017951
 20
6169004.93820674
 10
6364164.23980288
 20
6169005.75232828
 10
6364163.39984392
 20
6169006.97155388
 10
6364160.81055155
 20
6169010.7252561
 10
6364159.79384308
 20
6169012.19900342
 10
6364156.98588226
 20
6169016.26964032
 10
6364156.6446023
 20
6169016.76385596
 10
6364159.90559778
 20
6169018.90785555
  0
LWPOLYLINE
  5
20008
330
1F
100
AcDbEntity
  8
parcelas
100
AcDbPolyline
 90
12
 70
1
 10
6364149.53502244
 20
6169012.08920758
 10
6364156.6446023
 20
6169016.76385596
 10
6364156.98588226
 20
6169016.26964032
 10
6364159.79384308
 20
6169012.19900342
 10
6364160.81055155
 20
6169010.7252561
 10
6364163.39984392
 20
6169006.97155388
 10
6364164.23980288
 20
6169005.75232828
 10
6364164.8017951
 20
6169004.93820674
 10
6364161.52310134
 20
6169002.84196627
 10
6364157.91238409
 20
6169000.53284038
 10
6364156.25877482
 20
6169002.88164328
 10
6364149.53502244
 20
6169012.08920758
  0
LWPOLYLINE
  5
20009
330
1F
100
AcDbEntity
  8
parcelas
100
AcDbPolyline
 90
16
 70
1
 10
6364135.67554119
 20
6169002.9772047
 10
6364142.62361004
 20
6169007.5454761
 10
6364145.42582859
 20
6169009.38772295
 10
6364149.53502244
 20
6169012.08920758
 10
6364156.25877482
 20
6169002.88164328
 10
6364157.91238409
 20
6169000.53284038
 10
6364154.33040923
 20
6168998.24213734
 10
6364154.02117096
 20
6168998.04458747
 10
6364150.51649476
 20
6168995.80402193
 10
6364144.23466031
 20
6168991.78659451
 10
6364143.84712323
 20
6168991.53889254
 10
6364141.79290653
 20
6168994.47208085
 10
6364141.50588064
 20
6168994.88105484
 10
6364139.19119252
 20
6168998.18558974
 10
6364138.89423794
 20
6168998.58941806
 10
6364135.67554119
 20
6169002.9772047
  0
LWPOLYLINE
  5
2000A
330
1F
100
AcDbEntity
  8
parcelas
100
AcDbPolyline
 90
12
 70
1
 10
6364140.62591417
 20
6168989.47949761
 10
6364134.38272168
 20
6168985.48763876
 10
6364131.60999666
 20
6168989.54278156
 10
6364128.88121991
 20
6168993.53354029
 10
6364130.08796099
 20
6168999.30295857
 10
6364135.67554119
 20
6169002.9772047
 10
6364138.89423794
 20
6168998.58941806
 10
6364139.19119252
 20
6168998.18558974
 10
6364141.50588064
 20
6168994.88105484
 10
6364141.79290653
 20
6168994.47208085
 10
6364143.84712323
 20
6168991.53889254
 10
6364140.62591417
 20
6168989.47949761
  0
LWPOLYLINE
  5
2000B
330
1F
100
AcDbEntity
  8
parcelas
100
AcDbPolyline
 90
27
 70
1
 10
6364137.81262656
 20
6168980.46970529
 10
6364134.38272168
 20
6168985.48763876
 10
6364140.62591417
 20
6168989.47949761
 10
6364143.84712323
 20
6168991.53889254
 10
6364144.23466031
 20
6168991.78659451
 10
6364150.51649476
 20
6168995.80402193
 10
6364154.02117096
 20
6168998.04458747
 10
6364154.33040923
 20
6168998.24213734
 10
6364157.91238409
 20
6169000.53284038
 10
6364161.52310134
 20
6169002.84196627
 10
6364164.8017951
 20
6169004.93820674
 10
6364169.35708923
 20
6168998.33306453
 10
6364170.89594378
 20
6168996.10263711
 10
6364171.44568792
 20
6168995.30534359
 10
6364168.97046441
 20
6168993.6088869
 10
6364166.25058988
 20
6168991.74482683
 10
6364164.79754056
 20
6168990.74942552
 10
6364161.84323206
 20
6168988.84095116
 10
6364153.08537645
 20
6168983.18207361
 10
6364149.2510253
 20
6168980.70464857
 10
6364147.31848564
 20
6168979.45621001
 10
6364145.95579369
 20
6168978.57615719
 10
6364142.21262684
 20
6168976.1570737
 10
6364141.20472905
 20
6168975.50624189
 10
6364140.97885654
 20
6168975.83707664
 10
6364139.28537089
 20
6168978.31434405
 10
6364137.81262656
 20
6168980.46970529
  0
LWPOLYLINE
  5
2000C
330
1F
100
AcDbEntity
  8
parcelas
100
AcDbPolyline
 90
31
 70
1
 10
6364145.64951657
 20
6168969.00253092
 10
6364144.23912886
 20
6168971.06576564
 10
6364141.82509206
 20
6168974.59893576
 10
6364141.20472905
 20
6168975.50624189
 10
6364142.21262684
 20
6168976.1570737
 10
6364145.95579369
 20
6168978.57615719
 10
6364147.31848564
 20
6168979.45621001
 10
6364149.2510253
 20
6168980.70464857
 10
6364153.08537645
 20
6168983.18207361
 10
6364161.84323206
 20
6168988.84095116
 10
6364164.79754056
 20
6168990.74942552
 10
6364166.25058988
 20
6168991.74482683
 10
6364168.97046441
 20
6168993.6088869
 10
6364171.44568792
 20
6168995.30534359
 10
6364173.59968717
 20
6168992.18253942
 10
6364176.06126602
 20
6168988.61304685
 10
6364172.68372085
 20
6168986.43534577
 10
6364171.92853315
 20
6168985.948233
 10
6364168.90182513
 20
6168983.99669447
 10
6364166.44399367
 20
6168982.41152689
 10
6364165.42122467
 20
6168981.75147645
 10
6364164.74927835
 20
6168981.31858875
 10
6364163.74036599
 20
6168980.66874263
 10
6364162.78993859
 20
6168980.05575684
 10
6364160.44111955
 20
6168978.54119345
 10
6364159.22905355
 20
6168977.75935752
 10
6364150.30948379
 20
6168972.00810389
 10
6364150.18362884
 20
6168971.92625167
 10
6364148.52259847
 20
6168970.85580936
 10
6364146.57417294
 20
6168969.59913762
 10
6364145.64951657
 20
6168969.00253092
  0
LWPOLYLINE
  5
2000D
330
1F
100
AcDbEntity
  8
parcelas
100
AcDbPolyline
 90
27
 70
1
 10
6364154.64938272
 20
6168955.83965713
 10
6364156.41926587
 20
6168956.99170511
 10
6364163.22131746
 20
6168961.41981327
 10
6364163.46112743
 20
6168961.57634277
 10
6364165.86325661
 20
6168963.13969555
 10
6364167.62322554
 20
6168964.28559764
 10
6364169.90147099
 20
6168965.76912741
 10
6364171.15802015
 20
6168966.58762059
 10
6364172.30260002
 20
6168967.33246562
 10
6364180.61983874
 20
6168972.74787304
 10
6364185.02571815
 20
6168975.61571535
 10
6364189.52352779
 20
6168968.9737282
 10
6364185.00695499
 20
6168966.01324989
 10
6364184.50356427
 20
6168965.68384079
 10
6364176.62183965
 20
6168960.51883182
 10
6364175.52291726
 20
6168959.79865704
 10
6364175.08889676
 20
6168959.51426882
 10
6364173.29634457
 20
6168958.33888445
 10
6364171.85158563
 20
6168957.39261955
 10
6364170.5703381
 20
6168956.55276109
 10
6364167.33005559
 20
6168954.42906799
 10
6364167.05656064
 20
6168954.25004254
 10
6364161.67490347
 20
6168950.72383117
 10
6364160.92081747
 20
6168950.22973194
 10
6364160.30051486
 20
6168949.82260161
 10
6364159.23726317
 20
6168949.12595184
 10
6364154.64938272
 20
6168955.83965713
  0
LWPOLYLINE
  5
2000E
330
1F
100
AcDbEntity
  8
parcelas
100
AcDbPolyline
 90
29
 70
1
 10
6364160.30051486
 20
6168949.82260161
 10
6364160.92081747
 20
6168950.22973194
 10
6364161.67490347
 20
6168950.72383117
 10
6364167.05656064
 20
6168954.25004254
 10
6364167.33005559
 20
6168954.42906799
 10
6364170.5703381
 20
6168956.55276109
 10
6364171.85158563
 20
6168957.39261955
 10
6364173.29634457
 20
6168958.33888445
 10
6364175.08889676
 20
6168959.51426882
 10
6364175.52291726
 20
6168959.79865704
 10
6364176.62183965
 20
6168960.51883182
 10
6364184.50356427
 20
6168965.68384079
 10
6364185.00695499
 20
6168966.01324989
 10
6364189.52352779
 20
6168968.9737282
 10
6364191.40238758
 20
6168966.19905043
 10
6364194.04381894
 20
6168962.29905638
 10
6364181.831833
 20
6168954.29431079
 10
6364179.45562013
 20
6168952.73733594
 10
6364179.23762427
 20
6168952.5941272
 10
6364178.6183073
 20
6168952.18801152
 10
6364176.48587584
 20
6168950.78962442
 10
6364168.07997559
 20
6168945.27989929
 10
6364166.69368711
 20
6168944.37149477
 10
6364165.77313288
 20
6168943.7679452
 10
6364165.1032739
 20
6168943.3290857
 10
6364164.54242736
 20
6168942.96083046
 10
6364163.789327
 20
6168942.46774584
 10
6364159.23726317
 20
6168949.12595184
 10
6364160.30051486
 20
6168949.82260161
  0
LWPOLYLINE
  5
2000F
330
1F
100
AcDbEntity
  8
parcelas
100
AcDbPolyline
 90
28
 70
1
 10
6364176.48587584
 20
6168950.78962442
 10
6364178.6183073
 20
6168952.18801152
 10
6364179.23762427
 20
6168952.5941272
 10
6364179.45562013
 20
6168952.73733594
 10
6364181.831833
 20
6168954.29431079
 10
6364194.04381894
 20
6168962.29905638
 10
6364195.37476071
 20
6168960.33370256
 10
6364197.61343953
 20
6168957.02806601
 10
6364198.5589935
 20
6168955.6323132
 10
6364196.34133505
 20
6168954.17867198
 10
6364193.36266236
 20
6168952.22582941
 10
6364192.75127386
 20
6168951.82483042
 10
6364189.90141292
 20
6168949.95688391
 10
6364189.43172173
 20
6168949.64897061
 10
6364187.27650515
 20
6168948.23524803
 10
6364182.57959314
 20
6168945.15611485
 10
6364178.39695707
 20
6168942.41455129
 10
6364176.47360745
 20
6168941.15324158
 10
6364168.334274
 20
6168935.81743947
 10
6364166.42717824
 20
6168938.60771302
 10
6364165.29885928
 20
6168940.25890064
 10
6364163.789327
 20
6168942.46774584
 10
6364164.54242736
 20
6168942.96083046
 10
6364165.1032739
 20
6168943.3290857
 10
6364165.77313288
 20
6168943.7679452
 10
6364166.69368711
 20
6168944.37149477
 10
6364168.07997559
 20
6168945.27989929
 10
6364176.48587584
 20
6168950.78962442
  0
LWPOLYLINE
  5
20010
330
1F
100
AcDbEntity
  8
parcelas
100
AcDbPolyline
 90
27
 70
1
 10
6364168.334274
 20
6168935.81743947
 10
6364176.47360745
 20
6168941.15324158
 10
6364178.39695707
 20
6168942.41455129
 10
6364182.57959314
 20
6168945.15611485
 10
6364187.27650515
 20
6168948.23524803
 10
6364189.43172173
 20
6168949.64897061
 10
6364189.90141292
 20
6168949.95688391
 10
6364192.75127386
 20
6168951.82483042
 10
6364193.36266236
 20
6168952.22582941
 10
6364196.34133505
 20
6168954.17867198
 10
6364198.5589935
 20
6168955.6323132
 10
6364199.46470127
 20
6168954.2940017
 10
6364200.94077952
 20
6168952.11568173
 10
6364203.0792848
 20
6168948.95764178
 10
6364200.88342601
 20
6168947.51832141
 10
6364193.84300087
 20
6168942.90369482
 10
6364191.18835064
 20
6168941.16362147
 10
6364185.23693351
 20
6168937.26302362
 10
6364182.83892116
 20
6168935.69172779
 10
6364181.85198264
 20
6168935.04420096
 10
6364180.8253874
 20
6168934.3720909
 10
6364178.92780889
 20
6168933.1271603
 10
6364177.65646113
 20
6168932.29444768
 10
6364172.88225045
 20
6168929.16517658
 10
6364172.79742686
 20
6168929.28898774
 10
6364168.41909758
 20
6168935.69362831
 10
6364168.334274
 20
6168935.81743947
  0
LWPOLYLINE
  5
20011
330
1F
100
AcDbEntity
  8
parcelas
100
AcDbPolyline
 90
30
 70
1
 10
6364172.88225045
 20
6168929.16517658
 10
6364177.65646113
 20
6168932.29444768
 10
6364178.92780889
 20
6168933.1271603
 10
6364180.8253874
 20
6168934.3720909
 10
6364181.85198264
 20
6168935.04420096
 10
6364182.83892116
 20
6168935.69172779
 10
6364185.23693351
 20
6168937.26302362
 10
6364191.18835064
 20
6168941.16362147
 10
6364193.84300087
 20
6168942.90369482
 10
6364200.88342601
 20
6168947.51832141
 10
6364203.0792848
 20
6168948.95764178
 10
6364203.49728586
 20
6168948.34649994
 10
6364206.30949517
 20
6168944.18989731
 10
6364207.09562086
 20
6168943.02691012
 10
6364207.55461332
 20
6168942.34834029
 10
6364205.80258765
 20
6168941.20655478
 10
6364205.50133594
 20
6168941.01012106
 10
6364205.40125208
 20
6168940.94464799
 10
6364202.07459776
 20
6168938.77568744
 10
6364200.31464363
 20
6168937.62878522
 10
6364199.94302157
 20
6168937.38731608
 10
6364199.64375559
 20
6168937.19191149
 10
6364193.10537296
 20
6168932.93068223
 10
6364192.86159156
 20
6168932.77209444
 10
6364188.94034765
 20
6168930.21638302
 10
6364184.97550454
 20
6168927.63202979
 10
6364184.70299523
 20
6168927.45401896
 10
6364180.21391843
 20
6168924.52895046
 10
6364177.33418444
 20
6168922.65156729
 10
6364172.88225045
 20
6168929.16517658
  0
LWPOLYLINE
  5
20012
330
1F
100
AcDbEntity
  8
parcelas
100
AcDbPolyline
 90
21
 70
1
 10
6364184.70299523
 20
6168927.45401896
 10
6364184.97550454
 20
6168927.63202979
 10
6364188.94034765
 20
6168930.21638302
 10
6364192.86159156
 20
6168932.77209444
 10
6364194.75304703
 20
6168930.02560894
 10
6364196.50451174
 20
6168927.482161
 10
6364197.31688733
 20
6168926.30254894
 10
6364197.54373095
 20
6168925.97372904
 10
6364197.80840602
 20
6168925.58843896
 10
6364193.92205045
 20
6168923.04123623
 10
6364193.74566805
 20
6168922.92564008
 10
6364190.74716718
 20
6168920.96050556
 10
6364189.6115886
 20
6168920.21579097
 10
6364189.47879085
 20
6168920.12983669
 10
6364184.23886079
 20
6168916.69471043
 10
6364182.28279743
 20
6168915.41291939
 10
6364179.6378001
 20
6168919.28285148
 10
6364178.80179781
 20
6168920.50513518
 10
6364177.33418444
 20
6168922.65156729
 10
6364180.21391843
 20
6168924.52895046
 10
6364184.70299523
 20
6168927.45401896
  0
LWPOLYLINE
  5
20013
330
1F
100
AcDbEntity
  8
parcelas
100
AcDbPolyline
 90
25
 70
1
 10
6364189.47879085
 20
6168920.12983669
 10
6364189.6115886
 20
6168920.21579097
 10
6364190.74716718
 20
6168920.96050556
 10
6364193.74566805
 20
6168922.92564008
 10
6364193.92205045
 20
6168923.04123623
 10
6364197.80840602
 20
6168925.58843896
 10
6364199.81122507
 20
6168922.68151507
 10
6364201.0251791
 20
6168920.91953265
 10
6364202.78686269
 20
6168918.36122806
 10
6364200.23652825
 20
6168916.73970664
 10
6364199.5615237
 20
6168916.31077582
 10
6364198.6744225
 20
6168915.74572412
 10
6364198.50691064
 20
6168915.63925964
 10
6364197.36009863
 20
6168914.91038742
 10
6364195.92287668
 20
6168913.99624236
 10
6364194.35185686
 20
6168912.99612851
 10
6364192.24457292
 20
6168911.65712562
 10
6364187.08939046
 20
6168908.37928047
 10
6364185.07600417
 20
6168911.32506406
 10
6364184.3994157
 20
6168912.31558229
 10
6364183.8342488
 20
6168913.14166156
 10
6364183.75760028
 20
6168913.2535873
 10
6364182.28279743
 20
6168915.41291939
 10
6364184.23886079
 20
6168916.69471043
 10
6364189.47879085
 20
6168920.12983669
  0
LWPOLYLINE
  5
20014
330
1F
100
AcDbEntity
  8
parcelas
100
AcDbPolyline
 90
20
 70
1
 10
6364187.08939046
 20
6168908.37928047
 10
6364192.24457292
 20
6168911.65712562
 10
6364194.35185686
 20
6168912.99612851
 10
6364195.92287668
 20
6168913.99624236
 10
6364197.36009863
 20
6168914.91038742
 10
6364198.50691064
 20
6168915.63925964
 10
6364198.6744225
 20
6168915.74572412
 10
6364199.5615237
 20
6168916.31077582
 10
6364200.23652825
 20
6168916.73970664
 10
6364202.78686269
 20
6168918.36122806
 10
6364203.1016028
 20
6168917.90363994
 10
6364203.90273043
 20
6168916.74087042
 10
6364204.54956092
 20
6168915.80193788
 10
6364205.15142853
 20
6168914.92837508
 10
6364207.70605021
 20
6168911.22018659
 10
6364203.30760782
 20
6168908.32244145
 10
6364195.88702445
 20
6168903.43421033
 10
6364195.701728
 20
6168903.31248287
 10
6364189.74665047
 20
6168904.49152046
 10
6364187.08939046
 20
6168908.37928047
  0
LWPOLYLINE
  5
20015
330
1F
100
AcDbEntity
  8
parcelas
100
AcDbPolyline
 90
29
 70
1
 10
6364197.54373095
 20
6168925.97372904
 10
6364197.31688733
 20
6168926.30254894
 10
6364196.50451174
 20
6168927.482161
 10
6364194.75304703
 20
6168930.02560894
 10
6364192.86159156
 20
6168932.77209444
 10
6364193.10537296
 20
6168932.93068223
 10
6364199.64375559
 20
6168937.19191149
 10
6364199.94302157
 20
6168937.38731608
 10
6364200.31464363
 20
6168937.62878522
 10
6364202.15883213
 20
6168934.89962011
 10
6364204.84434261
 20
6168930.92624125
 10
6364207.12605684
 20
6168927.55020566
 10
6364208.12073385
 20
6168926.07813994
 10
6364208.40084597
 20
6168925.66306382
 10
6364209.84429665
 20
6168923.52728507
 10
6364210.57316793
 20
6168922.44949604
 10
6364213.83217997
 20
6168917.62715146
 10
6364214.94135148
 20
6168915.98568976
 10
6364214.10703919
 20
6168915.43640883
 10
6364207.70605021
 20
6168911.22018659
 10
6364205.15142853
 20
6168914.92837508
 10
6364204.54956092
 20
6168915.80193788
 10
6364203.90273043
 20
6168916.74087042
 10
6364203.1016028
 20
6168917.90363994
 10
6364202.78686269
 20
6168918.36122806
 10
6364201.0251791
 20
6168920.91953265
 10
6364199.81122507
 20
6168922.68151507
 10
6364197.80840602
 20
6168925.58843896
 10
6364197.54373095
 20
6168925.97372904
  0
LWPOLYLINE
  5
20016
330
1F
100
AcDbEntity
  8
parcelas
100
AcDbPolyline
 90
35
 70
1
 10
6364219.07028487
 20
6168918.70546739
 10
6364216.27902537
 20
6168916.8663801
 10
6364215.3595005
 20
6168916.2608448
 10
6364214.94135148
 20
6168915.98568976
 10
6364213.83217997
 20
6168917.62715146
 10
6364210.57316793
 20
6168922.44949604
 10
6364209.84429665
 20
6168923.52728507
 10
6364208.40084597
 20
6168925.66306382
 10
6364208.12073385
 20
6168926.07813994
 10
6364207.12605684
 20
6168927.55020566
 10
6364204.84434261
 20
6168930.92624125
 10
6364202.15883213
 20
6168934.89962011
 10
6364200.31464363
 20
6168937.62878522
 10
6364202.07459776
 20
6168938.77568744
 10
6364205.40125208
 20
6168940.94464799
 10
6364205.50133594
 20
6168941.01012106
 10
6364205.80258765
 20
6168941.20655478
 10
6364207.55461332
 20
6168942.34834029
 10
6364209.01432698
 20
6168940.19479138
 10
6364209.40481698
 20
6168939.61826214
 10
6364210.96266047
 20
6168937.32008813
 10
6364212.04314661
 20
6168935.72522588
 10
6364212.51746007
 20
6168935.024871
 10
6364212.76993055
 20
6168934.65340855
 10
6364213.37713237
 20
6168933.75691545
 10
6364213.7134408
 20
6168933.26062723
 10
6364215.35204937
 20
6168930.8425846
 10
6364215.51865263
 20
6168930.59791916
 10
6364215.63313258
 20
6168930.42952324
 10
6364217.7542442
 20
6168927.29824026
 10
6364220.49737182
 20
6168923.21466054
 10
6364220.70901048
 20
6168922.89962477
 10
6364221.05559579
 20
6168922.38447931
 10
6364222.15979565
 20
6168920.74094486
 10
6364219.07028487
 20
6168918.70546739
  0
LWPOLYLINE
  5
20017
330
1F
100
AcDbEntity
  8
parcelas
100
AcDbPolyline
 90
46
 70
1
 10
6364207.34036287
 20
6168959.73901563
 10
6364207.50290759
 20
6168959.49829262
 10
6364213.72743975
 20
6168950.29449339
 10
6364215.0666001
 20
6168948.31425398
 10
6364215.71267697
 20
6168947.35830482
 10
6364218.05771868
 20
6168943.89215758
 10
6364218.94811996
 20
6168942.57463114
 10
6364221.43731253
 20
6168938.89450315
 10
6364223.56668614
 20
6168935.74533404
 10
6364225.45992492
 20
6168932.94485671
 10
6364230.15311047
 20
6168926.0056054
 10
6364229.3187982
 20
6168925.45632452
 10
6364222.99509355
 20
6168921.29124039
 10
6364222.15979565
 20
6168920.74094486
 10
6364221.05559579
 20
6168922.38447931
 10
6364220.70901048
 20
6168922.89962477
 10
6364220.49737182
 20
6168923.21466054
 10
6364217.7542442
 20
6168927.29824026
 10
6364215.63313258
 20
6168930.42952324
 10
6364215.51865263
 20
6168930.59791916
 10
6364215.35204937
 20
6168930.8425846
 10
6364213.7134408
 20
6168933.26062723
 10
6364213.37713237
 20
6168933.75691545
 10
6364212.76993055
 20
6168934.65340855
 10
6364212.51746007
 20
6168935.024871
 10
6364212.04314661
 20
6168935.72522588
 10
6364210.96266047
 20
6168937.32008813
 10
6364209.40481698
 20
6168939.61826214
 10
6364209.01432698
 20
6168940.19479138
 10
6364207.55461332
 20
6168942.34834029
 10
6364207.09562086
 20
6168943.02691012
 10
6364206.30949517
 20
6168944.18989731
 10
6364203.49728586
 20
6168948.34649994
 10
6364203.0792848
 20
6168948.95764178
 10
6364200.94077952
 20
6168952.11568173
 10
6364199.46470127
 20
6168954.2940017
 10
6364198.5589935
 20
6168955.6323132
 10
6364197.61343953
 20
6168957.02806601
 10
6364195.37476071
 20
6168960.33370256
 10
6364194.04381894
 20
6168962.29905638
 10
6364191.40238758
 20
6168966.19905043
 10
6364189.52352779
 20
6168968.9737282
 10
6364197.54199243
 20
6168974.22874949
 10
6364203.41895347
 20
6168965.53908056
 10
6364205.65464631
 20
6168962.23240041
 10
6364207.34036287
 20
6168959.73901563
  0
LWPOLYLINE
  5
20018
330
1F
100
AcDbEntity
  8
parcelas
100
AcDbPolyline
 90
28
 70
1
 10
6364222.29897282
 20
6168990.45213757
 10
6364222.92027548
 20
6168990.85928224
 10
6364225.48307583
 20
6168992.44897309
 10
6364227.0415729
 20
6168993.4158938
 10
6364229.75110014
 20
6168995.09674254
 10
6364231.82318963
 20
6168992.03477145
 10
6364234.17955697
 20
6168988.55385907
 10
6364238.66302445
 20
6168981.92759439
 10
6364243.10363671
 20
6168975.36680592
 10
6364245.14301154
 20
6168972.35337684
 10
6364247.40318567
 20
6168969.01404125
 10
6364250.01603279
 20
6168965.15364657
 10
6364256.62186318
 20
6168955.39231593
 10
6364258.49869212
 20
6168952.61959883
 10
6364258.56709524
 20
6168952.51844481
 10
6364262.21650917
 20
6168947.12557226
 10
6364259.50253405
 20
6168945.33762316
 10
6364259.16762642
 20
6168945.1166933
 10
6364255.74517945
 20
6168942.86231572
 10
6364254.13106845
 20
6168941.7985562
 10
6364251.4900699
 20
6168945.87561441
 10
6364250.83331003
 20
6168946.87842412
 10
6364247.32546445
 20
6168952.23533778
 10
6364235.58765437
 20
6168970.15908753
 10
6364232.95651307
 20
6168974.17726961
 10
6364231.97340262
 20
6168975.67951311
 10
6364224.18945825
 20
6168987.56559136
 10
6364222.29897282
 20
6168990.45213757
  0
LWPOLYLINE
  5
20019
330
1F
100
AcDbEntity
  8
parcelas
100
AcDbPolyline
 90
17
 70
1
 10
6364276.33053035
 20
6168956.42143061
 10
6364269.25670282
 20
6168951.76231353
 10
6364266.72602238
 20
6168950.09505767
 10
6364262.21650917
 20
6168947.12557226
 10
6364258.56709524
 20
6168952.51844481
 10
6364258.49869212
 20
6168952.61959883
 10
6364256.62186318
 20
6168955.39231593
 10
6364258.4556214
 20
6168956.62427237
 10
6364260.9045653
 20
6168958.26933951
 10
6364264.95961136
 20
6168960.99347488
 10
6364267.38860596
 20
6168962.62482038
 10
6364269.13318167
 20
6168963.79650353
 10
6364270.47474425
 20
6168964.69784854
 10
6364270.80247035
 20
6168964.91806707
 10
6364271.32939969
 20
6168964.10848339
 10
6364272.52951494
 20
6168962.26425027
 10
6364276.33053035
 20
6168956.42143061
  0
LWPOLYLINE
  5
2001A
330
1F
100
AcDbEntity
  8
parcelas
100
AcDbPolyline
 90
16
 70
1
 10
6364271.32939969
 20
6168964.10848339
 10
6364270.80247035
 20
6168964.91806707
 10
6364273.10042969
 20
6168966.46172886
 10
6364274.12321369
 20
6168967.14896854
 10
6364277.47756457
 20
6168969.40127164
 10
6364278.66454463
 20
6168967.56787462
 10
6364280.11451857
 20
6168965.32715591
 10
6364280.38670212
 20
6168964.90696318
 10
6364281.65759267
 20
6168962.94373983
 10
6364282.09248049
 20
6168962.27182281
 10
6364282.26337432
 20
6168962.007213
 10
6364283.02468529
 20
6168960.83086179
 10
6364280.3523237
 20
6168959.07052555
 10
6364276.33053035
 20
6168956.42143061
 10
6364272.52951494
 20
6168962.26425027
 10
6364271.32939969
 20
6168964.10848339
  0
LWPOLYLINE
  5
2001B
330
1F
100
AcDbEntity
  8
parcelas
100
AcDbPolyline
 90
18
 70
1
 10
6364286.65231803
 20
6168975.56446421
 10
6364288.61371673
 20
6168972.68594382
 10
6364289.96585512
 20
6168970.70179355
 10
6364289.28292037
 20
6168967.02666955
 10
6364288.84304196
 20
6168964.66350589
 10
6364287.74714935
 20
6168963.94137467
 10
6364285.63957658
 20
6168962.55335206
 10
6364283.02468529
 20
6168960.83086179
 10
6364282.26337432
 20
6168962.007213
 10
6364282.09248049
 20
6168962.27182281
 10
6364281.65759267
 20
6168962.94373983
 10
6364280.38670212
 20
6168964.90696318
 10
6364280.11451857
 20
6168965.32715591
 10
6364278.66454463
 20
6168967.56787462
 10
6364277.47756457
 20
6168969.40127164
 10
6364278.15886509
 20
6168969.85902382
 10
6364285.66841078
 20
6168974.9035539
 10
6364286.65231803
 20
6168975.56446421
  0
LWPOLYLINE
  5
2001C
330
1F
100
AcDbEntity
  8
parcelas
100
AcDbPolyline
 90
34
 70
1
 10
6364246.54179588
 20
6168977.64141779
 10
6364243.10363671
 20
6168975.36680592
 10
6364238.66302445
 20
6168981.92759439
 10
6364241.56729704
 20
6168983.8373432
 10
6364242.86832918
 20
6168984.69249333
 10
6364243.61447208
 20
6168985.1824758
 10
6364244.78470672
 20
6168985.95170069
 10
6364246.73475473
 20
6168987.2344041
 10
6364254.31799453
 20
6168992.21902301
 10
6364257.2539808
 20
6168994.1492383
 10
6364264.36357235
 20
6168998.82288531
 10
6364267.4729696
 20
6169000.86665278
 10
6364268.81065801
 20
6169001.74634246
 10
6364273.21081506
 20
6168995.29010794
 10
6364270.65159159
 20
6168993.59545193
 10
6364270.5425474
 20
6168993.5238396
 10
6364268.26662468
 20
6168992.01835203
 10
6364267.89802331
 20
6168991.77488905
 10
6364266.12042805
 20
6168990.59762773
 10
6364265.81327719
 20
6168990.3941062
 10
6364265.03349287
 20
6168989.87862749
 10
6364262.90831761
 20
6168988.47145663
 10
6364262.30785446
 20
6168988.07461713
 10
6364261.72722468
 20
6168987.69107014
 10
6364260.86418054
 20
6168987.12038234
 10
6364258.55362924
 20
6168985.59033653
 10
6364255.73471137
 20
6168983.72486565
 10
6364255.23040721
 20
6168983.39139224
 10
6364254.26437974
 20
6168982.75217171
 10
6364251.74764854
 20
6168981.08713321
 10
6364251.43842522
 20
6168980.88249969
 10
6364249.02577403
 20
6168979.28598388
 10
6364247.89425403
 20
6168978.53732719
 10
6364246.54179588
 20
6168977.64141779
  0
LWPOLYLINE
  5
2001D
330
1F
100
AcDbEntity
  8
parcelas
100
AcDbPolyline
 90
27
 70
1
 10
6364264.38399126
 20
6169008.24231142
 10
6364266.81860941
 20
6169004.66942773
 10
6364268.81065801
 20
6169001.74634246
 10
6364267.4729696
 20
6169000.86665278
 10
6364264.36357235
 20
6168998.82288531
 10
6364257.2539808
 20
6168994.1492383
 10
6364254.31799453
 20
6168992.21902301
 10
6364246.73475473
 20
6168987.2344041
 10
6364244.78470672
 20
6168985.95170069
 10
6364243.61447208
 20
6168985.1824758
 10
6364242.86832918
 20
6168984.69249333
 10
6364241.56729704
 20
6168983.8373432
 10
6364238.66302445
 20
6168981.92759439
 10
6364234.17955697
 20
6168988.55385907
 10
6364238.41184485
 20
6168991.31307166
 10
6364243.18531614
 20
6168994.42432439
 10
6364245.06319671
 20
6168995.64796164
 10
6364246.00757964
 20
6168996.26386054
 10
6364247.36619816
 20
6168997.14885556
 10
6364249.86142437
 20
6168998.776579
 10
6364252.26948125
 20
6169000.34501869
 10
6364252.91656943
 20
6169000.76754232
 10
6364253.10386613
 20
6169000.88929871
 10
6364256.66043059
 20
6169003.2076417
 10
6364256.92006886
 20
6169003.37646273
 10
6364259.51836474
 20
6169005.07070275
 10
6364264.38399126
 20
6169008.24231142
  0
LWPOLYLINE
  5
2001E
330
1F
100
AcDbEntity
  8
parcelas
100
AcDbPolyline
 90
26
 70
1
 10
6364225.5518438
 20
6169001.30103057
 10
6364228.58437658
 20
6169003.38665219
 10
6364233.39960807
 20
6169006.69701749
 10
6364237.33427648
 20
6169009.40273818
 10
6364247.59953624
 20
6169016.46098026
 10
6364250.38924262
 20
6169018.37884012
 10
6364250.93101676
 20
6169018.75144403
 10
6364253.85008368
 20
6169020.75879484
 10
6364255.21484541
 20
6169021.69682417
 10
6364257.4205037
 20
6169018.46073213
 10
6364257.98366993
 20
6169017.63462386
 10
6364259.77232752
 20
6169015.00968819
 10
6364258.476354
 20
6169014.15061029
 10
6364257.78676832
 20
6169013.69245862
 10
6364257.31910642
 20
6169013.38257425
 10
6364253.5808261
 20
6169010.90254266
 10
6364252.21549685
 20
6169009.99744372
 10
6364242.40459801
 20
6169003.49001659
 10
6364240.65187684
 20
6169002.32721449
 10
6364239.99300478
 20
6169001.88951493
 10
6364238.57317654
 20
6169000.94861374
 10
6364238.48796394
 20
6169000.8923594
 10
6364232.86617929
 20
6168997.16260002
 10
6364229.75110014
 20
6168995.09674254
 10
6364228.30870821
 20
6168997.22853551
 10
6364225.5518438
 20
6169001.30103057
  0
LWPOLYLINE
  5
2001F
330
1F
100
AcDbEntity
  8
parcelas
100
AcDbPolyline
 90
21
 70
1
 10
6364228.14639422
 20
6169012.6994369
 10
6364224.52957207
 20
6169010.19211669
 10
6364221.12937851
 20
6169007.83605924
 10
6364218.91431043
 20
6169011.10892484
 10
6364216.40472458
 20
6169014.81576661
 10
6364219.41155957
 20
6169016.82703621
 10
6364221.1611645
 20
6169017.99779576
 10
6364223.41108723
 20
6169019.50292136
 10
6364224.23139798
 20
6169020.05199888
 10
6364226.45457853
 20
6169021.53873056
 10
6364234.34663603
 20
6169026.81892521
 10
6364241.62552643
 20
6169031.68819135
 10
6364246.28390925
 20
6169034.80474996
 10
6364250.69729167
 20
6169028.32759238
 10
6364249.16397211
 20
6169027.2650272
 10
6364247.0287095
 20
6169025.78557491
 10
6364243.04858622
 20
6169023.02717594
 10
6364237.02116193
 20
6169018.84957999
 10
6364233.33377605
 20
6169016.29483422
 10
6364228.89891218
 20
6169013.22071503
 10
6364228.14639422
 20
6169012.6994369
  0
LWPOLYLINE
  5
20020
330
1F
100
AcDbEntity
  8
parcelas
100
AcDbPolyline
 90
20
 70
1
 10
6364241.78969517
 20
6169041.39869974
 10
6364244.04338909
 20
6169038.09228058
 10
6364246.28390925
 20
6169034.80474996
 10
6364241.62552643
 20
6169031.68819135
 10
6364234.34663603
 20
6169026.81892521
 10
6364226.45457853
 20
6169021.53873056
 10
6364224.23139798
 20
6169020.05199888
 10
6364223.41108723
 20
6169019.50292136
 10
6364221.1611645
 20
6169017.99779576
 10
6364219.41155957
 20
6169016.82703621
 10
6364216.40472458
 20
6169014.81576661
 10
6364216.3065948
 20
6169014.96039175
 10
6364211.88742079
 20
6169021.49148237
 10
6364214.95779945
 20
6169023.5356843
 10
6364215.51163064
 20
6169023.90483791
 10
6364222.42817192
 20
6169028.50866229
 10
6364225.76407352
 20
6169030.72977312
 10
6364233.72090702
 20
6169036.02691246
 10
6364240.62456254
 20
6169040.62254672
 10
6364241.78969517
 20
6169041.39869974
  0
LWPOLYLINE
  5
20021
330
1F
100
AcDbEntity
  8
parcelas
100
AcDbPolyline
 90
20
 70
1
 10
6364237.26798652
 20
6169048.03333779
 10
6364238.78885267
 20
6169045.80164936
 10
6364241.78969517
 20
6169041.39869974
 10
6364240.62456254
 20
6169040.62254672
 10
6364233.72090702
 20
6169036.02691246
 10
6364225.76407352
 20
6169030.72977312
 10
6364222.42817192
 20
6169028.50866229
 10
6364215.51163064
 20
6169023.90483791
 10
6364214.95779945
 20
6169023.5356843
 10
6364211.88742079
 20
6169021.49148237
 10
6364208.85035482
 20
6169025.97793474
 10
6364207.40184622
 20
6169028.11764194
 10
6364211.02798388
 20
6169030.53602706
 10
6364214.61845079
 20
6169032.93088705
 10
6364228.20163537
 20
6169041.98786148
 10
6364229.48069406
 20
6169042.840692
 10
6364231.70393271
 20
6169044.32342299
 10
6364234.73166876
 20
6169046.3419977
 10
6364236.43574683
 20
6169047.47908567
 10
6364237.26798652
 20
6169048.03333779
  0
LWPOLYLINE
  5
20022
330
1F
100
AcDbEntity
  8
parcelas
100
AcDbPolyline
 90
21
 70
1
 10
6364224.93834364
 20
6169049.58806851
 10
6364227.05659942
 20
6169050.99825305
 10
6364228.86276167
 20
6169052.20084306
 10
6364232.69206739
 20
6169054.7502173
 10
6364233.25523357
 20
6169053.92410889
 10
6364233.81841425
 20
6169053.09700036
 10
6364236.70480583
 20
6169048.8604463
 10
6364237.26798652
 20
6169048.03333779
 10
6364236.43574683
 20
6169047.47908567
 10
6364234.73166876
 20
6169046.3419977
 10
6364231.70393271
 20
6169044.32342299
 10
6364229.48069406
 20
6169042.840692
 10
6364228.20163537
 20
6169041.98786148
 10
6364214.61845079
 20
6169032.93088705
 10
6364214.24626782
 20
6169033.48667497
 10
6364213.29946752
 20
6169034.89941552
 10
6364210.08181052
 20
6169039.69835323
 10
6364217.14497756
 20
6169044.40033611
 10
6364221.53110043
 20
6169047.31990775
 10
6364224.8006323
 20
6169049.49604103
 10
6364224.93834364
 20
6169049.58806851
  0
LWPOLYLINE
  5
20023
330
1F
100
AcDbEntity
  8
parcelas
100
AcDbPolyline
 90
36
 70
1
 10
6364154.64938272
 20
6168955.83965713
 10
6364154.1976522
 20
6168956.50032645
 10
6364151.88484706
 20
6168959.88191385
 10
6364150.64206271
 20
6168961.70049748
 10
6364150.1903467
 20
6168962.36016669
 10
6364146.94748261
 20
6168967.10372071
 10
6364145.64951657
 20
6168969.00253092
 10
6364146.57417294
 20
6168969.59913762
 10
6364148.52259847
 20
6168970.85580936
 10
6364150.18362884
 20
6168971.92625167
 10
6364150.30948379
 20
6168972.00810389
 10
6364159.22905355
 20
6168977.75935752
 10
6364160.44111955
 20
6168978.54119345
 10
6364162.78993859
 20
6168980.05575684
 10
6364163.74036599
 20
6168980.66874263
 10
6364164.74927835
 20
6168981.31858875
 10
6364165.42122467
 20
6168981.75147645
 10
6364166.44399367
 20
6168982.41152689
 10
6364168.90182513
 20
6168983.99669447
 10
6364171.92853315
 20
6168985.948233
 10
6364172.68372085
 20
6168986.43534577
 10
6364176.06126602
 20
6168988.61304685
 10
6364179.26877613
 20
6168983.96201118
 10
6364180.60429773
 20
6168982.02573325
 10
6364183.23549476
 20
6168978.21061875
 10
6364185.02571815
 20
6168975.61571535
 10
6364180.61983874
 20
6168972.74787304
 10
6364172.30260002
 20
6168967.33246562
 10
6364171.15802015
 20
6168966.58762059
 10
6364169.90147099
 20
6168965.76912741
 10
6364167.62322554
 20
6168964.28559764
 10
6364165.86325661
 20
6168963.13969555
 10
6364163.46112743
 20
6168961.57634277
 10
6364163.22131746
 20
6168961.41981327
 10
6364156.41926587
 20
6168956.99170511
 10
6364154.64938272
 20
6168955.83965713
  0
LWPOLYLINE
  5
20024
330
1F
100
AcDbEntity
  8
parcelas
100
AcDbPolyline
 90
31
 70
1
 10
6364254.13106845
 20
6168941.7985562
 10
6364251.03461502
 20
6168939.75897712
 10
6364240.72564594
 20
6168932.96923137
 10
6364230.15311047
 20
6168926.0056054
 10
6364225.45992492
 20
6168932.94485671
 10
6364223.56668614
 20
6168935.74533404
 10
6364221.43731253
 20
6168938.89450315
 10
6364218.94811996
 20
6168942.57463114
 10
6364218.05771868
 20
6168943.89215758
 10
6364215.71267697
 20
6168947.35830482
 10
6364215.0666001
 20
6168948.31425398
 10
6364213.72743975
 20
6168950.29449339
 10
6364207.50290759
 20
6168959.49829262
 10
6364207.34036287
 20
6168959.73901563
 10
6364205.65464631
 20
6168962.23240041
 10
6364203.41895347
 20
6168965.53908056
 10
6364197.54199243
 20
6168974.22874949
 10
6364202.83347954
 20
6168977.69563278
 10
6364204.73107259
 20
6168978.93956288
 10
6364205.20473527
 20
6168979.2495344
 10
6364219.78899122
 20
6168988.80719423
 10
6364220.45785002
 20
6168989.24603905
 10
6364222.29897282
 20
6168990.45213757
 10
6364224.18945825
 20
6168987.56559136
 10
6364231.97340262
 20
6168975.67951311
 10
6364232.95651307
 20
6168974.17726961
 10
6364235.58765437
 20
6168970.15908753
 10
6364247.32546445
 20
6168952.23533778
 10
6364250.83331003
 20
6168946.87842412
 10
6364251.4900699
 20
6168945.87561441
 10
6364254.13106845
 20
6168941.7985562
  0
LWPOLYLINE
  5
20025
330
1F
100
AcDbEntity
  8
parcelas
100
AcDbPolyline
 90
26
 70
1
 10
6364264.95961136
 20
6168960.99347488
 10
6364260.9045653
 20
6168958.26933951
 10
6364258.4556214
 20
6168956.62427237
 10
6364256.62186318
 20
6168955.39231593
 10
6364250.01603279
 20
6168965.15364657
 10
6364258.36411176
 20
6168970.71854958
 10
6364262.64917885
 20
6168973.57676308
 10
6364263.93442981
 20
6168974.43308709
 10
6364269.80636841
 20
6168978.34808775
 10
6364271.6695924
 20
6168979.59011818
 10
6364273.01144263
 20
6168980.48426275
 10
6364275.46019736
 20
6168982.11711578
 10
6364277.53125726
 20
6168983.49782613
 10
6364279.19570518
 20
6168984.60796299
 10
6364280.08540512
 20
6168985.20144477
 10
6364286.65231803
 20
6168975.56446421
 10
6364285.66841078
 20
6168974.9035539
 10
6364278.15886509
 20
6168969.85902382
 10
6364277.47756457
 20
6168969.40127164
 10
6364274.12321369
 20
6168967.14896854
 10
6364273.10042969
 20
6168966.46172886
 10
6364270.80247035
 20
6168964.91806707
 10
6364270.47474425
 20
6168964.69784854
 10
6364269.13318167
 20
6168963.79650353
 10
6364267.38860596
 20
6168962.62482038
 10
6364264.95961136
 20
6168960.99347488
  0
LWPOLYLINE
  5
20026
330
1F
100
AcDbEntity
  8
parcelas
100
AcDbPolyline
 90
39
 70
1
 10
6364273.21081506
 20
6168995.29010794
 10
6364274.76034614
 20
6168993.01683898
 10
6364274.9882384
 20
6168992.68201963
 10
6364278.30903364
 20
6168987.80857136
 10
6364280.08540512
 20
6168985.20144477
 10
6364279.19570518
 20
6168984.60796299
 10
6364277.53125726
 20
6168983.49782613
 10
6364275.46019736
 20
6168982.11711578
 10
6364273.01144263
 20
6168980.48426275
 10
6364271.6695924
 20
6168979.59011818
 10
6364269.80636841
 20
6168978.34808775
 10
6364263.93442981
 20
6168974.43308709
 10
6364262.64917885
 20
6168973.57676308
 10
6364258.36411176
 20
6168970.71854958
 10
6364250.01603279
 20
6168965.15364657
 10
6364247.40318567
 20
6168969.01404125
 10
6364245.14301154
 20
6168972.35337684
 10
6364243.10363671
 20
6168975.36680592
 10
6364246.54179588
 20
6168977.64141779
 10
6364247.89425403
 20
6168978.53732719
 10
6364249.02577403
 20
6168979.28598388
 10
6364251.43842522
 20
6168980.88249969
 10
6364251.74764854
 20
6168981.08713321
 10
6364254.26437974
 20
6168982.75217171
 10
6364255.23040721
 20
6168983.39139224
 10
6364255.73471137
 20
6168983.72486565
 10
6364258.55362924
 20
6168985.59033653
 10
6364260.86418054
 20
6168987.12038234
 10
6364261.72722468
 20
6168987.69107014
 10
6364262.30785446
 20
6168988.07461713
 10
6364262.90831761
 20
6168988.47145663
 10
6364265.03349287
 20
6168989.87862749
 10
6364265.81327719
 20
6168990.3941062
 10
6364266.12042805
 20
6168990.59762773
 10
6364267.89802331
 20
6168991.77488905
 10
6364268.26662468
 20
6168992.01835203
 10
6364270.5425474
 20
6168993.5238396
 10
6364270.65159159
 20
6168993.59545193
 10
6364273.21081506
 20
6168995.29010794
  0
LWPOLYLINE
  5
20027
330
1F
100
AcDbEntity
  8
parcelas
100
AcDbPolyline
 90
29
 70
1
 10
6364256.66043059
 20
6169003.2076417
 10
6364253.10386613
 20
6169000.88929871
 10
6364252.91656943
 20
6169000.76754232
 10
6364252.26948125
 20
6169000.34501869
 10
6364249.86142437
 20
6168998.776579
 10
6364247.36619816
 20
6168997.14885556
 10
6364246.00757964
 20
6168996.26386054
 10
6364245.06319671
 20
6168995.64796164
 10
6364243.18531614
 20
6168994.42432439
 10
6364238.41184485
 20
6168991.31307166
 10
6364234.17955697
 20
6168988.55385907
 10
6364231.82318963
 20
6168992.03477145
 10
6364229.75110014
 20
6168995.09674254
 10
6364232.86617929
 20
6168997.16260002
 10
6364238.48796394
 20
6169000.8923594
 10
6364238.57317654
 20
6169000.94861374
 10
6364239.99300478
 20
6169001.88951493
 10
6364240.65187684
 20
6169002.32721449
 10
6364242.40459801
 20
6169003.49001659
 10
6364252.21549685
 20
6169009.99744372
 10
6364253.5808261
 20
6169010.90254266
 10
6364257.31910642
 20
6169013.38257425
 10
6364257.78676832
 20
6169013.69245862
 10
6364258.476354
 20
6169014.15061029
 10
6364259.77232752
 20
6169015.00968819
 10
6364264.38399126
 20
6169008.24231142
 10
6364259.51836474
 20
6169005.07070275
 10
6364256.92006886
 20
6169003.37646273
 10
6364256.66043059
 20
6169003.2076417
  0
LWPOLYLINE
  5
20028
330
1F
100
AcDbEntity
  8
parcelas
100
AcDbPolyline
 90
22
 70
1
 10
6364225.5518438
 20
6169001.30103057
 10
6364224.93827697
 20
6169002.20741278
 10
6364223.28449246
 20
6169004.65122419
 10
6364221.12937851
 20
6169007.83605924
 10
6364224.52957207
 20
6169010.19211669
 10
6364228.14639422
 20
6169012.6994369
 10
6364228.89891218
 20
6169013.22071503
 10
6364233.33377605
 20
6169016.29483422
 10
6364237.02116193
 20
6169018.84957999
 10
6364243.04858622
 20
6169023.02717594
 10
6364247.0287095
 20
6169025.78557491
 10
6364249.16397211
 20
6169027.2650272
 10
6364250.69729167
 20
6169028.32759238
 10
6364255.21484541
 20
6169021.69682417
 10
6364253.85008368
 20
6169020.75879484
 10
6364250.93101676
 20
6169018.75144403
 10
6364250.38924262
 20
6169018.37884012
 10
6364247.59953624
 20
6169016.46098026
 10
6364237.33427648
 20
6169009.40273818
 10
6364233.39960807
 20
6169006.69701749
 10
6364228.58437658
 20
6169003.38665219
 10
6364225.5518438
 20
6169001.30103057
  0
LWPOLYLINE
  5
20029
330
1F
100
AcDbEntity
  8
lfi
100
AcDbPolyline
 90
5
 70
1
 10
6364168.18596407
 20
6168989.50283195
 10
6364218.56906403
 20
6169022.52653337
 10
6364251.23851273
 20
6168974.50406488
 10
6364201.01573946
 20
6168941.46266705
 10
6364168.18596407
 20
6168989.50283195
  0
LWPOLYLINE
  5
2002A
330
1F
100
AcDbEntity
  8
lib
100
AcDbPolyline
 90
5
 70
1
 10
6364182.04141607
 20
6168987.00156274
 10
6364215.63014938
 20
6169009.01736369
 10
6364237.40978185
 20
6168977.0023847
 10
6364203.927933
 20
6168954.97478614
 10
6364182.04141607
 20
6168987.00156274
  0
LWPOLYLINE
  5
2002B
330
1F
100
AcDbEntity
  8
Tronera SI
100
AcDbPolyline
 90
7
 70
1
 10
6364218.56906403
 20
6169022.52653337
 10
6364211.04187857
 20
6169017.59282493
 10
6364206.10817013
 20
6169025.1200104
 10
6364221.03432176
 20
6169034.90338568
 10
6364231.07267296
 20
6169020.14750754
 10
6364223.63135558
 20
6169015.085216
 10
6364218.56906403
 20
6169022.52653337
  0
LWPOLYLINE
  5
2002C
330
1F
100
AcDbEntity
  8
Tronera SI
100
AcDbPolyline
 90
7
 70
1
 10
6364251.23851273
 20
6168974.50406488
 10
6364246.17622119
 20
6168981.94538226
 10
6364253.61753856
 20
6168987.00767381
 10
6364263.82105715
 20
6168972.0090078
 10
6364248.66632477
 20
6168962.03875907
 10
6364243.71976584
 20
6168969.55750596
 10
6364251.23851273
 20
6168974.50406488
  0
LWPOLYLINE
  5
2002D
330
1F
100
AcDbEntity
  8
Tronera SI
100
AcDbPolyline
 90
7
 70
1
 10
6364201.01573946
 20
6168941.46266705
 10
6364208.53448635
 20
6168946.40922598
 10
6364213.48104527
 20
6168938.89047909
 10
6364198.57457554
 20
6168929.08356154
 10
6364188.50714537
 20
6168943.81534084
 10
6364195.93777931
 20
6168948.89330099
 10
6364201.01573946
 20
6168941.46266705
  0
LWPOLYLINE
  5
2002E
330
1F
100
AcDbEntity
  8
Irregular
100
AcDbPolyline
 90
7
 70
1
 10
6364168.18596407
 20
6168989.50283195
 10
6364173.26392422
 20
6168982.07219802
 10
6364165.83329029
 20
6168976.99423787
 10
6364155.57847355
 20
6168992.00022195
 10
6364170.7794411
 20
6169001.96372586
 10
6364175.71314954
 20
6168994.43654039
 10
6364168.18596407
 20
6168989.50283195
  0
LWPOLYLINE
  5
2002F
330
1F
100
AcDbEntity
  8
banda_minima
  6
DASHED
 62
1
 48
5.0
100
AcDbPolyline
 90
5
 70
1
 10
6364154.64938272
 20
6168955.83965713
 10
6364168.06169187
 20
6168964.57111466
 10
6364172.62225699
 20
6168957.89738144
 10
6364159.23726317
 20
6168949.12595184
 10
6364154.64938272
 20
6168955.83965713
  0
LWPOLYLINE
  5
20030
330
1F
100
AcDbEntity
  8
banda_minima
  6
DASHED
 62
1
 48
5.0
100
AcDbPolyline
 90
5
 70
1
 10
6364145.64951657
 20
6168969.00253092
 10
6364141.20472905
 20
6168975.50624189
 10
6364154.6483896
 20
6168984.19201262
 10
6364159.10099378
 20
6168977.6767858
 10
6364145.64951657
 20
6168969.00253092
  0
LWPOLYLINE
  5
20031
330
1F
100
AcDbEntity
  8
banda_minima
  6
DASHED
 62
1
 48
5.0
100
AcDbPolyline
 90
5
 70
1
 10
6364156.6446023
 20
6169016.76385596
 10
6364170.0175637
 20
6169025.55569627
 10
6364179.0674585
 20
6169012.35735695
 10
6364165.73164218
 20
6169003.58993548
 10
6364156.6446023
 20
6169016.76385596
  0
LWPOLYLINE
  5
20032
330
1F
100
AcDbEntity
  8
banda_minima
  6
DASHED
 62
1
 48
5.0
100
AcDbPolyline
 90
5
 70
1
 10
6364190.14535354
 20
6169038.78996184
 10
6364199.1780883
 20
6169025.58034731
 10
6364179.06745374
 20
6169012.35736389
 10
6364170.0175637
 20
6169025.55569627
 10
6364190.14535354
 20
6169038.78996184
  0
LWPOLYLINE
  5
20033
330
1F
100
AcDbEntity
  8
banda_minima
  6
DASHED
 62
1
 48
5.0
100
AcDbPolyline
 90
6
 70
1
 10
6364156.6446023
 20
6169016.76385596
 10
6364164.8017951
 20
6169004.93820674
 10
6364157.91238409
 20
6169000.53284038
 10
6364156.25877482
 20
6169002.88164328
 10
6364149.53502244
 20
6169012.08920758
 10
6364156.6446023
 20
6169016.76385596
  0
LWPOLYLINE
  5
20034
330
1F
100
AcDbEntity
  8
banda_minima
  6
DASHED
 62
1
 48
5.0
100
AcDbPolyline
 90
5
 70
1
 10
6364237.26798652
 20
6169048.03333779
 10
6364241.78969517
 20
6169041.39869974
 10
6364228.47042968
 20
6169032.53148805
 10
6364223.95529507
 20
6169039.15649339
 10
6364237.26798652
 20
6169048.03333779
  0
LWPOLYLINE
  5
20035
330
1F
100
AcDbEntity
  8
banda_minima
  6
DASHED
 62
1
 48
5.0
100
AcDbPolyline
 90
5
 70
1
 10
6364264.38399126
 20
6169008.24231142
 10
6364268.81065801
 20
6169001.74634246
 10
6364255.43900682
 20
6168992.95601388
 10
6364250.97732197
 20
6168999.50339659
 10
6364264.38399126
 20
6169008.24231142
  0
LWPOLYLINE
  5
20036
330
1F
100
AcDbEntity
  8
banda_minima
  6
DASHED
 62
1
 48
5.0
100
AcDbPolyline
 90
5
 70
1
 10
6364182.28279743
 20
6168915.41291939
 10
6364195.6673373
 20
6168924.18513553
 10
6364200.59817157
 20
6168916.96964213
 10
6364187.08939046
 20
6168908.37928047
 10
6364182.28279743
 20
6168915.41291939
  0
LWPOLYLINE
  5
20037
330
1F
100
AcDbEntity
  8
banda_minima
  6
DASHED
 62
1
 48
5.0
100
AcDbPolyline
 90
5
 70
1
 10
6364159.23726317
 20
6168949.12595184
 10
6364172.62231329
 20
6168957.89741832
 10
6364177.17347486
 20
6168951.24053204
 10
6364163.789327
 20
6168942.46774584
 10
6364159.23726317
 20
6168949.12595184
  0
LWPOLYLINE
  5
20038
330
1F
100
AcDbEntity
  8
banda_minima
  6
DASHED
 62
1
 48
5.0
100
AcDbPolyline
 90
7
 70
1
 10
6364134.38272168
 20
6168985.48763876
 10
6364128.88121991
 20
6168993.53354029
 10
6364130.08796099
 20
6168999.30295857
 10
6364135.67554119
 20
6169002.9772047
 10
6364139.19119252
 20
6168998.18558974
 10
6364143.84712323
 20
6168991.53889254
 10
6364134.38272168
 20
6168985.48763876
  0
LWPOLYLINE
  5
20039
330
1F
100
AcDbEntity
  8
banda_minima
  6
DASHED
 62
1
 48
5.0
100
AcDbPolyline
 90
5
 70
1
 10
6364154.64938272
 20
6168955.83965713
 10
6364145.64951657
 20
6168969.00253092
 10
6364159.10099063
 20
6168977.67678377
 10
6364168.06177142
 20
6168964.57116646
 10
6364154.64938272
 20
6168955.83965713
  0
LWPOLYLINE
  5
2003A
330
1F
100
AcDbEntity
  8
banda_minima
  6
DASHED
 62
1
 48
5.0
100
AcDbPolyline
 90
5
 70
1
 10
6364190.14535354
 20
6169038.78996184
 10
6364197.0894502
 20
6169043.35617332
 10
6364206.05726295
 20
6169030.10405732
 10
6364199.17818578
 20
6169025.58020477
 10
6364190.14535354
 20
6169038.78996184
  0
LWPOLYLINE
  5
2003B
330
1F
100
AcDbEntity
  8
banda_minima
  6
DASHED
 62
1
 48
5.0
100
AcDbPolyline
 90
5
 70
1
 10
6364276.33053035
 20
6168956.42143061
 10
6364262.21650917
 20
6168947.12557226
 10
6364256.62186318
 20
6168955.39231593
 10
6364270.80247035
 20
6168964.91806707
 10
6364276.33053035
 20
6168956.42143061
  0
LWPOLYLINE
  5
2003C
330
1F
100
AcDbEntity
  8
banda_minima
  6
DASHED
 62
1
 48
5.0
100
AcDbPolyline
 90
5
 70
1
 10
6364241.78969517
 20
6169041.39869974
 10
6364246.28390925
 20
6169034.80474996
 10
6364232.98488575
 20
6169025.90784384
 10
6364228.47042384
 20
6169032.53148417
 10
6364241.78969517
 20
6169041.39869974
  0
LWPOLYLINE
  5
2003D
330
1F
100
AcDbEntity
  8
banda_minima
  6
DASHED
 62
1
 48
5.0
100
AcDbPolyline
 90
5
 70
1
 10
6364242.03043608
 20
6169012.63174865
 10
6364255.21484541
 20
6169021.69682417
 10
6364259.77232752
 20
6169015.00968819
 10
6364246.43767007
 20
6169006.16509488
 10
6364242.03043608
 20
6169012.63174865
  0
LWPOLYLINE
  5
2003E
330
1F
100
AcDbEntity
  8
banda_minima
  6
DASHED
 62
1
 48
5.0
100
AcDbPolyline
 90
5
 70
1
 10
6364172.88225045
 20
6168929.16517658
 10
6364186.2664681
 20
6168937.93778736
 10
6364190.74153822
 20
6168931.39032767
 10
6364177.33418444
 20
6168922.65156729
 10
6364172.88225045
 20
6168929.16517658
  0
LWPOLYLINE
  5
2003F
330
1F
100
AcDbEntity
  8
banda_minima
  6
DASHED
 62
1
 48
5.0
100
AcDbPolyline
 90
5
 70
1
 10
6364273.21081506
 20
6168995.29010794
 10
6364280.08540512
 20
6168985.20144477
 10
6364266.77232437
 20
6168976.325198
 10
6364259.86645787
 20
6168986.45969093
 10
6364273.21081506
 20
6168995.29010794
  0
LWPOLYLINE
  5
20040
330
1F
100
AcDbEntity
  8
banda_minima
  6
DASHED
 62
1
 48
5.0
100
AcDbPolyline
 90
5
 70
1
 10
6364134.38272168
 20
6168985.48763876
 10
6364147.86904087
 20
6168994.11089329
 10
6364154.64815184
 20
6168984.19185899
 10
6364141.20472905
 20
6168975.50624189
 10
6364134.38272168
 20
6168985.48763876
  0
LWPOLYLINE
  5
20041
330
1F
100
AcDbEntity
  8
banda_minima
  6
DASHED
 62
1
 48
5.0
100
AcDbPolyline
 90
5
 70
1
 10
6364204.39126876
 20
6169048.15664963
 10
6364213.31541148
 20
6169034.8756252
 10
6364206.05735576
 20
6169030.10392014
 10
6364197.0894502
 20
6169043.35617332
 10
6364204.39126876
 20
6169048.15664963
  0
LWPOLYLINE
  5
20042
330
1F
100
AcDbEntity
  8
banda_minima
  6
DASHED
 62
1
 48
5.0
100
AcDbPolyline
 90
5
 70
1
 10
6364254.13106845
 20
6168941.7985562
 10
6364230.15311047
 20
6168926.0056054
 10
6364221.18968822
 20
6168939.26060146
 10
6364245.3857921
 20
6168955.19723625
 10
6364254.13106845
 20
6168941.7985562
  0
LWPOLYLINE
  5
20043
330
1F
100
AcDbEntity
  8
banda_minima
  6
DASHED
 62
1
 48
5.0
100
AcDbPolyline
 90
5
 70
1
 10
6364266.77231738
 20
6168976.32519334
 10
6364280.08540512
 20
6168985.20144477
 10
6364286.65231803
 20
6168975.56446421
 10
6364273.37009194
 20
6168966.64292313
 10
6364266.77231738
 20
6168976.32519334
  0
LWPOLYLINE
  5
20044
330
1F
100
AcDbEntity
  8
banda_minima
  6
DASHED
 62
1
 48
5.0
100
AcDbPolyline
 90
5
 70
1
 10
6364218.86310791
 20
6169057.67166185
 10
6364224.8006323
 20
6169049.49604103
 10
6364217.14497756
 20
6169044.40033611
 10
6364211.59794591
 20
6169052.89572569
 10
6364218.86310791
 20
6169057.67166185
  0
LWPOLYLINE
  5
20045
330
1F
100
AcDbEntity
  8
banda_minima
  6
DASHED
 62
1
 48
5.0
100
AcDbPolyline
 90
6
 70
1
 10
6364232.69206739
 20
6169054.7502173
 10
6364224.8006323
 20
6169049.49604103
 10
6364218.86310791
 20
6169057.67166185
 10
6364223.55790421
 20
6169060.75876488
 10
6364229.37645611
 20
6169059.61275566
 10
6364232.69206739
 20
6169054.7502173
  0
LWPOLYLINE
  5
20046
330
1F
100
AcDbEntity
  8
banda_minima
  6
DASHED
 62
1
 48
5.0
100
AcDbPolyline
 90
5
 70
1
 10
6364219.37266633
 20
6169045.88317121
 10
6364232.69206739
 20
6169054.7502173
 10
6364237.26798652
 20
6169048.03333779
 10
6364223.95534763
 20
6169039.15652843
 10
6364219.37266633
 20
6169045.88317121
  0
LWPOLYLINE
  5
20047
330
1F
100
AcDbEntity
  8
banda_minima
  6
DASHED
 62
1
 48
5.0
100
AcDbPolyline
 90
5
 70
1
 10
6364264.38399126
 20
6169008.24231142
 10
6364250.97731452
 20
6168999.50339173
 10
6364246.43766493
 20
6169006.16509148
 10
6364259.77232752
 20
6169015.00968819
 10
6364264.38399126
 20
6169008.24231142
  0
LWPOLYLINE
  5
20048
330
1F
100
AcDbEntity
  8
banda_minima
  6
DASHED
 62
1
 48
5.0
100
AcDbPolyline
 90
5
 70
1
 10
6364253.24829297
 20
6168960.37738705
 10
6364262.21650917
 20
6168947.12557226
 10
6364254.13106845
 20
6168941.7985562
 10
6364245.38578275
 20
6168955.19725054
 10
6364253.24829297
 20
6168960.37738705
  0
LWPOLYLINE
  5
20049
330
1F
100
AcDbEntity
  8
banda_minima
  6
DASHED
 62
1
 48
5.0
100
AcDbPolyline
 90
5
 70
1
 10
6364222.15979565
 20
6168920.74094486
 10
6364214.94135148
 20
6168915.98568976
 10
6364205.98176166
 20
6168929.24331044
 10
6364213.20943154
 20
6168934.00451458
 10
6364222.15979565
 20
6168920.74094486
  0
LWPOLYLINE
  5
2004A
330
1F
100
AcDbEntity
  8
banda_minima
  6
DASHED
 62
1
 48
5.0
100
AcDbPolyline
 90
5
 70
1
 10
6364221.18966611
 20
6168939.26063414
 10
6364230.15311047
 20
6168926.0056054
 10
6364222.15979565
 20
6168920.74094486
 10
6364213.20942923
 20
6168934.00451799
 10
6364221.18966611
 20
6168939.26063414
  0
LWPOLYLINE
  5
2004B
330
1F
100
AcDbEntity
  8
banda_minima
  6
DASHED
 62
1
 48
5.0
100
AcDbPolyline
 90
6
 70
1
 10
6364187.08939046
 20
6168908.37928047
 10
6364202.78686269
 20
6168918.36122806
 10
6364207.70605021
 20
6168911.22018659
 10
6364195.701728
 20
6168903.31248287
 10
6364189.74665047
 20
6168904.49152046
 10
6364187.08939046
 20
6168908.37928047
  0
LWPOLYLINE
  5
2004C
330
1F
100
AcDbEntity
  8
banda_minima
  6
DASHED
 62
1
 48
5.0
100
AcDbPolyline
 90
5
 70
1
 10
6364211.59794591
 20
6169052.89572569
 10
6364217.14497756
 20
6169044.40033611
 10
6364210.08181052
 20
6169039.69835323
 10
6364204.39126876
 20
6169048.15664963
 10
6364211.59794591
 20
6169052.89572569
  0
LWPOLYLINE
  5
2004D
330
1F
100
AcDbEntity
  8
banda_minima
  6
DASHED
 62
1
 48
5.0
100
AcDbPolyline
 90
5
 70
1
 10
6364237.54625021
 20
6169019.21351765
 10
6364250.69729167
 20
6169028.32759238
 10
6364255.21484541
 20
6169021.69682417
 10
6364242.03042561
 20
6169012.63174145
 10
6364237.54625021
 20
6169019.21351765
  0
LWPOLYLINE
  5
2004E
330
1F
100
AcDbEntity
  8
banda_minima
  6
DASHED
 62
1
 48
5.0
100
AcDbPolyline
 90
7
 70
1
 10
6364135.67554119
 20
6169002.9772047
 10
6364149.53502244
 20
6169012.08920758
 10
6364156.25877482
 20
6169002.88164328
 10
6364157.91238409
 20
6169000.53284038
 10
6364143.84712323
 20
6168991.53889254
 10
6364139.19119252
 20
6168998.18558974
 10
6364135.67554119
 20
6169002.9772047
  0
LWPOLYLINE
  5
2004F
330
1F
100
AcDbEntity
  8
banda_minima
  6
DASHED
 62
1
 48
5.0
100
AcDbPolyline
 90
5
 70
1
 10
6364177.33418444
 20
6168922.65156729
 10
6364190.74159126
 20
6168931.39036224
 10
6364195.66729962
 20
6168924.18511084
 10
6364182.28279743
 20
6168915.41291939
 10
6364177.33418444
 20
6168922.65156729
  0
LWPOLYLINE
  5
20050
330
1F
100
AcDbEntity
  8
banda_minima
  6
DASHED
 62
1
 48
5.0
100
AcDbPolyline
 90
5
 70
1
 10
6364168.334274
 20
6168935.81743947
 10
6364181.71786659
 20
6168944.59128491
 10
6364186.2667627
 20
6168937.93798044
 10
6364172.88225045
 20
6168929.16517658
 10
6364168.334274
 20
6168935.81743947
  0
LWPOLYLINE
  5
20051
330
1F
100
AcDbEntity
  8
banda_minima
  6
DASHED
 62
1
 48
5.0
100
AcDbPolyline
 90
5
 70
1
 10
6364232.98489696
 20
6169025.90785134
 10
6364246.28390925
 20
6169034.80474996
 10
6364250.69729167
 20
6169028.32759238
 10
6364237.54625554
 20
6169019.21352134
 10
6364232.98489696
 20
6169025.90785134
  0
LWPOLYLINE
  5
20052
330
1F
100
AcDbEntity
  8
banda_minima
  6
DASHED
 62
1
 48
5.0
100
AcDbPolyline
 90
5
 70
1
 10
6364255.43899956
 20
6168992.9560091
 10
6364268.81065801
 20
6169001.74634246
 10
6364273.21081506
 20
6168995.29010794
 10
6364259.86646972
 20
6168986.45969877
 10
6364255.43899956
 20
6168992.9560091
  0
LWPOLYLINE
  5
20053
330
1F
100
AcDbEntity
  8
banda_minima
  6
DASHED
 62
1
 48
5.0
100
AcDbPolyline
 90
5
 70
1
 10
6364205.98178705
 20
6168929.24327288
 10
6364214.94135148
 20
6168915.98568976
 10
6364207.70605021
 20
6168911.22018659
 10
6364198.62761747
 20
6168924.39942224
 10
6364205.98178705
 20
6168929.24327288
  0
LWPOLYLINE
  5
20054
330
1F
100
AcDbEntity
  8
banda_minima
  6
DASHED
 62
1
 48
5.0
100
AcDbPolyline
 90
5
 70
1
 10
6364270.80247035
 20
6168964.91806707
 10
6364277.47756457
 20
6168969.40127164
 10
6364283.02468529
 20
6168960.83086179
 10
6364276.33053035
 20
6168956.42143061
 10
6364270.80247035
 20
6168964.91806707
  0
LWPOLYLINE
  5
20055
330
1F
100
AcDbEntity
  8
banda_minima
  6
DASHED
 62
1
 48
5.0
100
AcDbPolyline
 90
6
 70
1
 10
6364286.65231803
 20
6168975.56446421
 10
6364289.96585512
 20
6168970.70179355
 10
6364288.84304196
 20
6168964.66350589
 10
6364283.02468529
 20
6168960.83086179
 10
6364277.47756457
 20
6168969.40127164
 10
6364286.65231803
 20
6168975.56446421
  0
LWPOLYLINE
  5
20056
330
1F
100
AcDbEntity
  8
banda_minima
  6
DASHED
 62
1
 48
5.0
100
AcDbPolyline
 90
5
 70
1
 10
6364177.17342642
 20
6168951.24050028
 10
6364181.71771512
 20
6168944.59118563
 10
6364168.334274
 20
6168935.81743947
 10
6364163.789327
 20
6168942.46774584
 10
6364177.17342642
 20
6168951.24050028
  0
LWPOLYLINE
  5
20057
330
1F
100
AcDbEntity
  8
ldf
100
AcDbPolyline
 90
3
 70
0
 10
6364224.8006323
 20
6169049.49604103
 10
6364221.53110043
 20
6169047.31990775
 10
6364217.14497756
 20
6169044.40033611
  0
LWPOLYLINE
  5
20058
330
1F
100
AcDbEntity
  8
ldf
100
AcDbPolyline
 90
2
 70
0
 10
6364217.14497756
 20
6169044.40033611
 10
6364210.08181052
 20
6169039.69835323
  0
LWPOLYLINE
  5
20059
330
1F
100
AcDbEntity
  8
ldf
100
AcDbPolyline
 90
3
 70
0
 10
6364214.61845079
 20
6169032.93088705
 10
6364211.02798388
 20
6169030.53602706
 10
6364207.40184622
 20
6169028.11764194
  0
LWPOLYLINE
  5
2005A
330
1F
100
AcDbEntity
  8
ldf
100
AcDbPolyline
 90
4
 70
0
 10
6364229.75110014
 20
6168995.09674254
 10
6364227.0415729
 20
6168993.4158938
 10
6364225.48307583
 20
6168992.44897309
 10
6364222.92027548
 20
6168990.85928224
  0
LWPOLYLINE
  5
2005B
330
1F
100
AcDbEntity
  8
ldf
100
AcDbPolyline
 90
7
 70
0
 10
6364222.92027548
 20
6168990.85928224
 10
6364222.29897282
 20
6168990.45213757
 10
6364220.45785002
 20
6168989.24603905
 10
6364219.78899122
 20
6168988.80719423
 10
6364205.20473527
 20
6168979.2495344
 10
6364204.73107259
 20
6168978.93956288
 10
6364202.83347954
 20
6168977.69563278
  0
LWPOLYLINE
  5
2005C
330
1F
100
AcDbEntity
  8
ldf
100
AcDbPolyline
 90
3
 70
0
 10
6364202.83347954
 20
6168977.69563278
 10
6364197.54199243
 20
6168974.22874949
 10
6364189.52352779
 20
6168968.9737282
  0
LWPOLYLINE
  5
2005D
330
1F
100
AcDbEntity
  8
ldf
100
AcDbPolyline
 90
3
 70
0
 10
6364164.8017951
 20
6169004.93820674
 10
6364161.52310134
 20
6169002.84196627
 10
6364157.91238409
 20
6169000.53284038
  0
LWPOLYLINE
  5
2005E
330
1F
100
AcDbEntity
  8
ldf
100
AcDbPolyline
 90
6
 70
0
 10
6364157.91238409
 20
6169000.53284038
 10
6364154.33040923
 20
6168998.24213734
 10
6364154.02117096
 20
6168998.04458747
 10
6364150.51649476
 20
6168995.80402193
 10
6364144.23466031
 20
6168991.78659451
 10
6364143.84712323
 20
6168991.53889254
  0
LWPOLYLINE
  5
2005F
330
1F
100
AcDbEntity
  8
ldf
100
AcDbPolyline
 90
4
 70
0
 10
6364164.8017951
 20
6169004.93820674
 10
6364169.35708923
 20
6168998.33306453
 10
6364170.89594378
 20
6168996.10263711
 10
6364171.44568792
 20
6168995.30534359
  0
LWPOLYLINE
  5
20060
330
1F
100
AcDbEntity
  8
ldf
100
AcDbPolyline
 90
3
 70
0
 10
6364171.44568792
 20
6168995.30534359
 10
6364173.59968717
 20
6168992.18253942
 10
6364176.06126602
 20
6168988.61304685
  0
LWPOLYLINE
  5
20061
330
1F
100
AcDbEntity
  8
ldf
100
AcDbPolyline
 90
2
 70
0
 10
6364185.02571815
 20
6168975.61571535
 10
6364189.52352779
 20
6168968.9737282
  0
LWPOLYLINE
  5
20062
330
1F
100
AcDbEntity
  8
ldf
100
AcDbPolyline
 90
3
 70
0
 10
6364189.52352779
 20
6168968.9737282
 10
6364191.40238758
 20
6168966.19905043
 10
6364194.04381894
 20
6168962.29905638
  0
LWPOLYLINE
  5
20063
330
1F
100
AcDbEntity
  8
ldf
100
AcDbPolyline
 90
4
 70
0
 10
6364194.04381894
 20
6168962.29905638
 10
6364195.37476071
 20
6168960.33370256
 10
6364197.61343953
 20
6168957.02806601
 10
6364198.5589935
 20
6168955.6323132
  0
LWPOLYLINE
  5
20064
330
1F
100
AcDbEntity
  8
ldf
100
AcDbPolyline
 90
4
 70
0
 10
6364198.5589935
 20
6168955.6323132
 10
6364199.46470127
 20
6168954.2940017
 10
6364200.94077952
 20
6168952.11568173
 10
6364203.0792848
 20
6168948.95764178
  0
LWPOLYLINE
  5
20065
330
1F
100
AcDbEntity
  8
ldf
100
AcDbPolyline
 90
5
 70
0
 10
6364203.0792848
 20
6168948.95764178
 10
6364203.49728586
 20
6168948.34649994
 10
6364206.30949517
 20
6168944.18989731
 10
6364207.09562086
 20
6168943.02691012
 10
6364207.55461332
 20
6168942.34834029
  0
LWPOLYLINE
  5
20066
330
1F
100
AcDbEntity
  8
ldf
100
AcDbPolyline
 90
6
 70
0
 10
6364192.86159156
 20
6168932.77209444
 10
6364194.75304703
 20
6168930.02560894
 10
6364196.50451174
 20
6168927.482161
 10
6364197.31688733
 20
6168926.30254894
 10
6364197.54373095
 20
6168925.97372904
 10
6364197.80840602
 20
6168925.58843896
  0
LWPOLYLINE
  5
20067
330
1F
100
AcDbEntity
  8
ldf
100
AcDbPolyline
 90
4
 70
0
 10
6364197.80840602
 20
6168925.58843896
 10
6364199.81122507
 20
6168922.68151507
 10
6364201.0251791
 20
6168920.91953265
 10
6364202.78686269
 20
6168918.36122806
  0
LWPOLYLINE
  5
20068
330
1F
100
AcDbEntity
  8
ldf
100
AcDbPolyline
 90
5
 70
0
 10
6364192.86159156
 20
6168932.77209444
 10
6364193.10537296
 20
6168932.93068223
 10
6364199.64375559
 20
6168937.19191149
 10
6364199.94302157
 20
6168937.38731608
 10
6364200.31464363
 20
6168937.62878522
  0
LWPOLYLINE
  5
20069
330
1F
100
AcDbEntity
  8
ldf
100
AcDbPolyline
 90
6
 70
0
 10
6364200.31464363
 20
6168937.62878522
 10
6364202.07459776
 20
6168938.77568744
 10
6364205.40125208
 20
6168940.94464799
 10
6364205.50133594
 20
6168941.01012106
 10
6364205.80258765
 20
6168941.20655478
 10
6364207.55461332
 20
6168942.34834029
  0
LWPOLYLINE
  5
2006A
330
1F
100
AcDbEntity
  8
ldf
100
AcDbPolyline
 90
2
 70
0
 10
6364189.52352779
 20
6168968.9737282
 10
6364197.54199243
 20
6168974.22874949
  0
LWPOLYLINE
  5
2006B
330
1F
100
AcDbEntity
  8
ldf
100
AcDbPolyline
 90
5
 70
0
 10
6364222.29897282
 20
6168990.45213757
 10
6364222.92027548
 20
6168990.85928224
 10
6364225.48307583
 20
6168992.44897309
 10
6364227.0415729
 20
6168993.4158938
 10
6364229.75110014
 20
6168995.09674254
  0
LWPOLYLINE
  5
2006C
330
1F
100
AcDbEntity
  8
ldf
100
AcDbPolyline
 90
8
 70
0
 10
6364256.62186318
 20
6168955.39231593
 10
6364258.4556214
 20
6168956.62427237
 10
6364260.9045653
 20
6168958.26933951
 10
6364264.95961136
 20
6168960.99347488
 10
6364267.38860596
 20
6168962.62482038
 10
6364269.13318167
 20
6168963.79650353
 10
6364270.47474425
 20
6168964.69784854
 10
6364270.80247035
 20
6168964.91806707
  0
LWPOLYLINE
  5
2006D
330
1F
100
AcDbEntity
  8
ldf
100
AcDbPolyline
 90
4
 70
0
 10
6364270.80247035
 20
6168964.91806707
 10
6364273.10042969
 20
6168966.46172886
 10
6364274.12321369
 20
6168967.14896854
 10
6364277.47756457
 20
6168969.40127164
  0
LWPOLYLINE
  5
2006E
330
1F
100
AcDbEntity
  8
ldf
100
AcDbPolyline
 90
2
 70
0
 10
6364243.10363671
 20
6168975.36680592
 10
6364238.66302445
 20
6168981.92759439
  0
LWPOLYLINE
  5
2006F
330
1F
100
AcDbEntity
  8
ldf
100
AcDbPolyline
 90
2
 70
0
 10
6364238.66302445
 20
6168981.92759439
 10
6364234.17955697
 20
6168988.55385907
  0
LWPOLYLINE
  5
20070
330
1F
100
AcDbEntity
  8
ldf
100
AcDbPolyline
 90
3
 70
0
 10
6364229.75110014
 20
6168995.09674254
 10
6364228.30870821
 20
6168997.22853551
 10
6364225.5518438
 20
6169001.30103057
  0
LWPOLYLINE
  5
20071
330
1F
100
AcDbEntity
  8
ldf
100
AcDbPolyline
 90
3
 70
0
 10
6364221.12937851
 20
6169007.83605924
 10
6364218.91431043
 20
6169011.10892484
 10
6364216.40472458
 20
6169014.81576661
  0
LWPOLYLINE
  5
20072
330
1F
100
AcDbEntity
  8
ldf
100
AcDbPolyline
 90
3
 70
0
 10
6364216.40472458
 20
6169014.81576661
 10
6364216.3065948
 20
6169014.96039175
 10
6364211.88742079
 20
6169021.49148237
  0
LWPOLYLINE
  5
20073
330
1F
100
AcDbEntity
  8
ldf
100
AcDbPolyline
 90
3
 70
0
 10
6364211.88742079
 20
6169021.49148237
 10
6364208.85035482
 20
6169025.97793474
 10
6364207.40184622
 20
6169028.11764194
  0
LWPOLYLINE
  5
20074
330
1F
100
AcDbEntity
  8
ldf
100
AcDbPolyline
 90
4
 70
0
 10
6364214.61845079
 20
6169032.93088705
 10
6364214.24626782
 20
6169033.48667497
 10
6364213.29946752
 20
6169034.89941552
 10
6364210.08181052
 20
6169039.69835323
  0
LWPOLYLINE
  5
20075
330
1F
100
AcDbEntity
  8
ldf
100
AcDbPolyline
 90
5
 70
0
 10
6364176.06126602
 20
6168988.61304685
 10
6364179.26877613
 20
6168983.96201118
 10
6364180.60429773
 20
6168982.02573325
 10
6364183.23549476
 20
6168978.21061875
 10
6364185.02571815
 20
6168975.61571535
  0
LWPOLYLINE
  5
20076
330
1F
100
AcDbEntity
  8
ldf
100
AcDbPolyline
 90
7
 70
0
 10
6364197.54199243
 20
6168974.22874949
 10
6364202.83347954
 20
6168977.69563278
 10
6364204.73107259
 20
6168978.93956288
 10
6364205.20473527
 20
6168979.2495344
 10
6364219.78899122
 20
6168988.80719423
 10
6364220.45785002
 20
6168989.24603905
 10
6364222.29897282
 20
6168990.45213757
  0
LWPOLYLINE
  5
20077
330
1F
100
AcDbEntity
  8
ldf
100
AcDbPolyline
 90
2
 70
0
 10
6364256.62186318
 20
6168955.39231593
 10
6364250.01603279
 20
6168965.15364657
  0
LWPOLYLINE
  5
20078
330
1F
100
AcDbEntity
  8
ldf
100
AcDbPolyline
 90
4
 70
0
 10
6364250.01603279
 20
6168965.15364657
 10
6364247.40318567
 20
6168969.01404125
 10
6364245.14301154
 20
6168972.35337684
 10
6364243.10363671
 20
6168975.36680592
  0
LWPOLYLINE
  5
20079
330
1F
100
AcDbEntity
  8
ldf
100
AcDbPolyline
 90
3
 70
0
 10
6364234.17955697
 20
6168988.55385907
 10
6364231.82318963
 20
6168992.03477145
 10
6364229.75110014
 20
6168995.09674254
  0
LWPOLYLINE
  5
2007A
330
1F
100
AcDbEntity
  8
ldf
100
AcDbPolyline
 90
4
 70
0
 10
6364225.5518438
 20
6169001.30103057
 10
6364224.93827697
 20
6169002.20741278
 10
6364223.28449246
 20
6169004.65122419
 10
6364221.12937851
 20
6169007.83605924
  0
LWPOLYLINE
  5
2007B
330
1F
100
AcDbEntity
  8
tejido
100
AcDbPolyline
 90
6
 70
1
 10
6364203.10148545
 20
6168917.9037496
 10
6364204.54943589
 20
6168915.80203815
 10
6364202.05717603
 20
6168914.10835245
 10
6364200.23661272
 20
6168916.73980996
 10
6364202.78694543
 20
6168918.36131571
 10
6364203.10148545
 20
6168917.9037496
  0
LWPOLYLINE
  5
2007C
330
1F
100
AcDbEntity
  8
tejido
100
AcDbPolyline
 90
7
 70
1
 10
6364250.01614375
 20
6168965.15377566
 10
6364243.10372378
 20
6168975.36693222
 10
6364246.54167053
 20
6168977.64154003
 10
6364249.02585127
 20
6168979.28608025
 10
6364251.93826444
 20
6168981.21335231
 10
6364258.76250594
 20
6168970.98432459
 10
6364250.01614375
 20
6168965.15377566
  0
LWPOLYLINE
  5
2007D
330
1F
100
AcDbEntity
  8
tejido
100
AcDbPolyline
 90
6
 70
1
 10
6364258.76250594
 20
6168970.98432459
 10
6364251.93826444
 20
6168981.21335231
 10
6364255.23022674
 20
6168983.39120646
 10
6364256.06290819
 20
6168983.94209927
 10
6364262.87031753
 20
6168973.72436695
 10
6364258.76250594
 20
6168970.98432459
  0
LWPOLYLINE
  5
2007E
330
1F
100
AcDbEntity
  8
tejido
100
AcDbPolyline
 90
12
 70
1
 10
6364262.87032019
 20
6168973.72418382
 10
6364256.06290819
 20
6168983.94209927
 10
6364263.45125787
 20
6168988.83101163
 10
6364265.70984233
 20
6168985.58851533
 10
6364266.13407252
 20
6168985.86935746
 10
6364266.65630303
 20
6168985.08064759
 10
6364263.93034882
 20
6168983.27574902
 10
6364265.69948108
 20
6168980.60367644
 10
6364268.08339251
 20
6168982.18198224
 10
6364270.45376843
 20
6168978.77961599
 10
6364263.93442981
 20
6168974.43308709
 10
6364262.87032019
 20
6168973.72418382
  0
LWPOLYLINE
  5
2007F
330
1F
100
AcDbEntity
  8
tejido
100
AcDbPolyline
 90
7
 70
1
 10
6364265.70984499
 20
6168985.5883322
 10
6364263.45125787
 20
6168988.83101163
 10
6364265.03339558
 20
6168989.87853279
 10
6364266.12031558
 20
6168990.59753574
 10
6364268.34442272
 20
6168987.33268149
 10
6364266.13407252
 20
6168985.86935746
 10
6364265.70984499
 20
6168985.5883322
  0
LWPOLYLINE
  5
20080
330
1F
100
AcDbEntity
  8
tejido
100
AcDbPolyline
 90
8
 70
1
 10
6364268.66781307
 20
6168986.85845354
 10
6364268.34442272
 20
6168987.33268149
 10
6364267.91310346
 20
6168987.96567548
 10
6364266.12031558
 20
6168990.59753574
 10
6364268.26644509
 20
6168992.01810521
 10
6364268.66116452
 20
6168992.27934785
 10
6364271.18499915
 20
6168988.57209864
 10
6364268.66781307
 20
6168986.85845354
  0
LWPOLYLINE
  5
20081
330
1F
100
AcDbEntity
  8
tejido
100
AcDbPolyline
 90
7
 70
1
 10
6364270.45376843
 20
6168978.77961599
 10
6364268.08339251
 20
6168982.18198224
 10
6364268.42561749
 20
6168982.40863872
 10
6364270.68210752
 20
6168983.90267133
 10
6364273.01144528
 20
6168980.48407962
 10
6364271.6695924
 20
6168979.59011818
 10
6364270.45376843
 20
6168978.77961599
  0
LWPOLYLINE
  5
20082
330
1F
100
AcDbEntity
  8
tejido
100
AcDbPolyline
 90
16
 70
1
 10
6364271.30592747
 20
6168994.02866819
 10
6364272.90932106
 20
6168991.6241176
 10
6364273.48137038
 20
6168992.00570844
 10
6364276.82047749
 20
6168986.99789853
 10
6364276.24860866
 20
6168986.61649346
 10
6364278.08292913
 20
6168983.86575026
 10
6364275.46019736
 20
6168982.11711578
 10
6364273.01144528
 20
6168980.48407962
 10
6364270.68210752
 20
6168983.90267133
 10
6364273.22476199
 20
6168985.58628027
 10
6364271.46009839
 20
6168988.25335003
 10
6364268.88017192
 20
6168986.54642678
 10
6364268.66781307
 20
6168986.85845354
 10
6364271.18499915
 20
6168988.57209864
 10
6364268.66116452
 20
6168992.27934785
 10
6364271.30592747
 20
6168994.02866819
  0
LWPOLYLINE
  5
20083
330
1F
100
AcDbEntity
  8
tejido
100
AcDbPolyline
 90
10
 70
1
 10
6364231.41011021
 20
6169009.58068708
 10
6364233.39960807
 20
6169006.69701749
 10
6364228.58437658
 20
6169003.38665219
 10
6364225.5518438
 20
6169001.30103058
 10
6364224.93827697
 20
6169002.20741278
 10
6364223.28449246
 20
6169004.65122419
 10
6364221.12937851
 20
6169007.83605924
 10
6364224.6868554
 20
6169010.3012452
 10
6364228.89891218
 20
6169013.22071503
 10
6364231.41011021
 20
6169009.58068708
  0
LWPOLYLINE
  5
20084
330
1F
100
AcDbEntity
  8
tejido
100
AcDbPolyline
 90
8
 70
1
 10
6364235.37095137
 20
6169013.50423308
 10
6364235.92328129
 20
6169012.70716771
 10
6364235.32925868
 20
6169012.29564622
 10
6364231.41011021
 20
6169009.58068708
 10
6364228.89891218
 20
6169013.22071503
 10
6364233.25102422
 20
6169016.2374018
 10
6364233.4037179
 20
6169016.34304462
 10
6364235.37095137
 20
6169013.50423308
  0
LWPOLYLINE
  5
20085
330
1F
100
AcDbEntity
  8
tejido
100
AcDbPolyline
 90
8
 70
1
 10
6364247.59949642
 20
6169016.46086714
 10
6364237.33423136
 20
6169009.40276849
 10
6364235.3292162
 20
6169012.29565606
 10
6364235.92324592
 20
6169012.70720666
 10
6364235.37090451
 20
6169013.5042623
 10
6364238.98835258
 20
6169016.01135085
 10
6364245.01598419
 20
6169020.18854355
 10
6364247.59949642
 20
6169016.46086714
  0
LWPOLYLINE
  5
20086
330
1F
100
AcDbEntity
  8
tejido
100
AcDbPolyline
 90
6
 70
1
 10
6364245.01600005
 20
6169020.18855023
 10
6364238.98838739
 20
6169016.01131785
 10
6364237.02116193
 20
6169018.84957999
 10
6364240.31102934
 20
6169021.12979343
 10
6364243.04858622
 20
6169023.02717594
 10
6364245.01600005
 20
6169020.18855023
  0
LWPOLYLINE
  5
20087
330
1F
100
AcDbEntity
  8
tejido
100
AcDbPolyline
 90
10
 70
1
 10
6364250.93101676
 20
6169018.75144403
 10
6364250.38924262
 20
6169018.37884012
 10
6364247.59953624
 20
6169016.46098026
 10
6364245.01600005
 20
6169020.18855023
 10
6364243.04858622
 20
6169023.02717594
 10
6364246.87559473
 20
6169025.6794986
 10
6364249.16397211
 20
6169027.2650272
 10
6364251.94902454
 20
6169023.21526004
 10
6364249.17359935
 20
6169021.30621621
 10
6364250.93101676
 20
6169018.75144403
  0
LWPOLYLINE
  5
20088
330
1F
100
AcDbEntity
  8
tejido
100
AcDbPolyline
 90
15
 70
1
 10
6364192.27054152
 20
6168993.10059527
 10
6364182.45928371
 20
6168986.20403171
 10
6364175.86544136
 20
6168995.76559636
 10
6364174.30206164
 20
6168998.03167997
 10
6364166.65369409
 20
6169009.12246249
 10
6364168.10327974
 20
6169010.08080116
 10
6364164.50609064
 20
6169015.39040574
 10
6364163.02415375
 20
6169014.38658285
 10
6364160.24683497
 20
6169018.41364956
 10
6364159.90555502
 20
6169018.90786519
 10
6364160.85680855
 20
6169019.53286684
 10
6364161.44044039
 20
6169019.91645745
 10
6364170.01752094
 20
6169025.55570591
 10
6364177.07818258
 20
6169015.25866499
 10
6364192.27054152
 20
6168993.10059527
  0
LWPOLYLINE
  5
20089
330
1F
100
AcDbEntity
  8
tejido
100
AcDbPolyline
 90
5
 70
1
 10
6364166.65369409
 20
6169009.12246249
 10
6364163.02415375
 20
6169014.38658285
 10
6364164.50609064
 20
6169015.39040574
 10
6364168.10327974
 20
6169010.08080116
 10
6364166.65369409
 20
6169009.12246249
  0
LWPOLYLINE
  5
2008A
330
1F
100
AcDbEntity
  8
tejido
100
AcDbPolyline
 90
5
 70
1
 10
6364193.99011312
 20
6169033.16785369
 10
6364188.1686382
 20
6169029.27414422
 10
6364184.68765507
 20
6169034.3653611
 10
6364190.53981561
 20
6169038.21249998
 10
6364193.99011312
 20
6169033.16785369
  0
LWPOLYLINE
  5
2008B
330
1F
100
AcDbEntity
  8
tejido
100
AcDbPolyline
 90
17
 70
1
 10
6364158.98598128
 20
6168991.4744805
 10
6364151.06729063
 20
6168986.23693994
 10
6364150.89486876
 20
6168986.12337898
 10
6364147.41539235
 20
6168991.40066852
 10
6364143.90480502
 20
6168989.08702995
 10
6364147.28231561
 20
6168983.73420101
 10
6364143.69474105
 20
6168981.36138186
 10
6364143.14248118
 20
6168982.19569228
 10
6364140.73269925
 20
6168982.40080717
 10
6364137.81270692
 20
6168980.46982222
 10
6364134.38260116
 20
6168985.48773177
 10
6364140.31934202
 20
6168989.28351668
 10
6364143.84719724
 20
6168991.53897567
 10
6364150.79073427
 20
6168995.97933475
 10
6364153.6101388
 20
6168997.78186502
 10
6364154.33050945
 20
6168998.24223209
 10
6364158.98598128
 20
6168991.4744805
  0
LWPOLYLINE
  5
2008C
330
1F
100
AcDbEntity
  8
tejido
100
AcDbPolyline
 90
5
 70
1
 10
6364149.25098253
 20
6168980.70465821
 10
6364147.31844287
 20
6168979.45621964
 10
6364146.67453942
 20
6168980.46921958
 10
6364148.60709359
 20
6168981.71665802
 10
6364149.25098253
 20
6168980.70465821
  0
LWPOLYLINE
  5
2008D
330
1F
100
AcDbEntity
  8
tejido
100
AcDbPolyline
 90
17
 70
1
 10
6364216.90903742
 20
6168953.03801591
 10
6364213.44392233
 20
6168958.1628736
 10
6364210.84453113
 20
6168962.0068905
 10
6364228.75759701
 20
6168973.59831715
 10
6364244.20319057
 20
6168950.18950971
 10
6364247.32556125
 20
6168952.23546667
 10
6364250.58504547
 20
6168947.25764004
 10
6364251.17160049
 20
6168946.36142879
 10
6364254.13114341
 20
6168941.7986413
 10
6364230.15321086
 20
6168926.00568842
 10
6364225.46002183
 20
6168932.94494458
 10
6364223.56679291
 20
6168935.74544842
 10
6364218.94804116
 20
6168942.57454159
 10
6364217.81290006
 20
6168944.25382979
 10
6364219.15159995
 20
6168945.15891895
 10
6364221.26856788
 20
6168946.59054437
 10
6364216.90903742
 20
6168953.03801591
  0
LWPOLYLINE
  5
2008E
330
1F
100
AcDbEntity
  8
tejido
100
AcDbPolyline
 90
10
 70
1
 10
6364224.69800167
 20
6169053.48983869
 10
6364222.83674159
 20
6169052.20065022
 10
6364221.1555775
 20
6169054.51584831
 10
6364218.86308313
 20
6169057.67164342
 10
6364223.55785542
 20
6169060.75875147
 10
6364229.37645588
 20
6169059.6127625
 10
6364230.47656585
 20
6169057.99976047
 10
6364227.4454567
 20
6169055.87068859
 10
6364227.68080144
 20
6169055.53561091
 10
6364224.69800167
 20
6169053.48983869
  0
LWPOLYLINE
  5
2008F
330
1F
100
AcDbEntity
  8
tejido
100
AcDbPolyline
 90
6
 70
1
 10
6364224.80073458
 20
6169049.49616267
 10
6364221.53097061
 20
6169047.3200353
 10
6364220.95358614
 20
6169048.16491011
 10
6364220.55209876
 20
6169048.75327807
 10
6364223.79428182
 20
6169050.88199266
 10
6364224.80073458
 20
6169049.49616267
  0
LWPOLYLINE
  5
20090
330
1F
100
AcDbEntity
  8
tejido
100
AcDbPolyline
 90
7
 70
1
 10
6364221.155588
 20
6169054.51586507
 10
6364213.74530858
 20
6169049.60678033
 10
6364211.59790314
 20
6169052.89573533
 10
6364211.9328254
 20
6169053.11566499
 10
6364218.52914301
 20
6169057.45175635
 10
6364218.86306514
 20
6169057.67167149
 10
6364221.155588
 20
6169054.51586507
  0
LWPOLYLINE
  5
20091
330
1F
100
AcDbEntity
  8
tejido
100
AcDbPolyline
 90
9
 70
1
 10
6364223.79428182
 20
6169050.88199266
 10
6364220.55209876
 20
6169048.75327807
 10
6364216.17827975
 20
6169045.88189405
 10
6364216.01455586
 20
6169046.13259403
 10
6364214.16490402
 20
6169048.96377004
 10
6364213.74522171
 20
6169049.60688506
 10
6364221.15550522
 20
6169054.51595765
 10
6364222.83666931
 20
6169052.20075956
 10
6364223.79428182
 20
6169050.88199266
  0
LWPOLYLINE
  5
20092
330
1F
100
AcDbEntity
  8
tejido
100
AcDbPolyline
 90
8
 70
1
 10
6364213.74530858
 20
6169049.60678033
 10
6364214.16477376
 20
6169048.96364897
 10
6364212.4010219
 20
6169047.8026877
 10
6364214.25361739
 20
6169044.97661173
 10
6364208.8907012
 20
6169041.46868035
 10
6364204.39122599
 20
6169048.15665926
 10
6364211.59790314
 20
6169052.89573533
 10
6364213.74530858
 20
6169049.60678033
  0
LWPOLYLINE
  5
20093
330
1F
100
AcDbEntity
  8
tejido
100
AcDbPolyline
 90
5
 70
1
 10
6364216.0144414
 20
6169046.13252887
 10
6364214.25361739
 20
6169044.97661173
 10
6364212.4010219
 20
6169047.8026877
 10
6364214.16477376
 20
6169048.96364897
 10
6364216.0144414
 20
6169046.13252887
  0
LWPOLYLINE
  5
20094
330
1F
100
AcDbEntity
  8
tejido
100
AcDbPolyline
 90
13
 70
1
 10
6364210.0817115
 20
6169039.6984783
 10
6364213.29934196
 20
6169034.89948501
 10
6364212.64045957
 20
6169034.46400482
 10
6364211.55651886
 20
6169033.74583884
 10
6364210.16944455
 20
6169035.78841631
 10
6364209.52519884
 20
6169035.37512839
 10
6364208.2758066
 20
6169037.27866491
 10
6364203.42315577
 20
6169033.99718578
 10
6364201.67311071
 20
6169036.58247101
 10
6364197.0893514
 20
6169043.35645225
 10
6364204.39119126
 20
6169048.15673887
 10
6364208.89066711
 20
6169041.4687834
 10
6364210.0817115
 20
6169039.6984783
  0
LWPOLYLINE
  5
20095
330
1F
100
AcDbEntity
  8
tejido
100
AcDbPolyline
 90
36
 70
1
 10
6364201.67315512
 20
6169036.58239741
 10
6364200.89200863
 20
6169036.02288432
 10
6364199.80585649
 20
6169035.24987749
 10
6364199.05139414
 20
6169034.71275878
 10
6364200.00364482
 20
6169033.26908691
 10
6364201.49181188
 20
6169031.01591698
 10
6364203.42388718
 20
6169032.2963589
 10
6364204.1512946
 20
6169031.18153605
 10
6364204.5963722
 20
6169030.49676224
 10
6364202.59452048
 20
6169029.19930285
 10
6364204.71848734
 20
6169026.00904085
 10
6364205.79862506
 20
6169026.71393785
 10
6364206.51112665
 20
6169027.17842397
 10
6364207.79262587
 20
6169025.3113857
 10
6364211.02708123
 20
6169020.59571937
 10
6364212.99535836
 20
6169017.72530626
 10
6364211.03684479
 20
6169016.47449076
 10
6364210.67507883
 20
6169016.24316803
 10
6364210.2355531
 20
6169016.89000969
 10
6364209.61923648
 20
6169016.48393771
 10
6364209.09949612
 20
6169017.28166638
 10
6364208.67828861
 20
6169017.01046845
 10
6364207.75649126
 20
6169018.42357166
 10
6364206.91471996
 20
6169019.69878945
 10
6364204.34925348
 20
6169018.01702947
 10
6364201.37825523
 20
6169022.36239303
 10
6364201.09617201
 20
6169022.77543999
 10
6364198.37660052
 20
6169026.75232696
 10
6364197.51810278
 20
6169028.00829587
 10
6364193.99011312
 20
6169033.16785369
 10
6364190.53981561
 20
6169038.21249998
 10
6364190.14531078
 20
6169038.78997147
 10
6364190.48023305
 20
6169039.00990116
 10
6364196.75548529
 20
6169043.13626778
 10
6364197.08940744
 20
6169043.35618295
 10
6364201.67315512
 20
6169036.58239741
  0
LWPOLYLINE
  5
20096
330
1F
100
AcDbEntity
  8
tejido
100
AcDbPolyline
 90
5
 70
1
 10
6364199.80585649
 20
6169035.24987749
 10
6364200.89200863
 20
6169036.02288432
 10
6364201.89574427
 20
6169034.54694829
 10
6364200.78624115
 20
6169033.79761073
 10
6364199.80585649
 20
6169035.24987749
  0
LWPOLYLINE
  5
20097
330
1F
100
AcDbEntity
  8
tejido
100
AcDbPolyline
 90
10
 70
1
 10
6364206.94078193
 20
6169028.79819276
 10
6364207.40180345
 20
6169028.11765157
 10
6364208.85031205
 20
6169025.97794438
 10
6364207.79262587
 20
6169025.3113857
 10
6364206.51112665
 20
6169027.17842397
 10
6364205.79862506
 20
6169026.71393785
 10
6364204.59887647
 20
6169028.46212206
 10
6364205.42913048
 20
6169029.01534515
 10
6364205.92096981
 20
6169028.14118646
 10
6364206.94078193
 20
6169028.79819276
  0
LWPOLYLINE
  5
20098
330
1F
100
AcDbEntity
  8
tejido
100
AcDbPolyline
 90
33
 70
1
 10
6364211.03684479
 20
6169016.47449076
 10
6364213.33603883
 20
6169013.06569719
 10
6364215.34687788
 20
6169014.29526439
 10
6364216.30655204
 20
6169014.96040139
 10
6364216.40468181
 20
6169014.81577625
 10
6364218.91436768
 20
6169011.10893593
 10
6364217.97747729
 20
6169010.45923444
 10
6364215.88679071
 20
6169009.0104365
 10
6364218.38766801
 20
6169005.21433881
 10
6364219.0626491
 20
6169004.18978587
 10
6364218.10872908
 20
6169003.54173797
 10
6364220.84017424
 20
6168999.36695786
 10
6364224.93834937
 20
6169002.20732835
 10
6364225.55169678
 20
6169001.30092099
 10
6364228.30866545
 20
6168997.22854515
 10
6364224.15604859
 20
6168994.41739489
 10
6364225.48303306
 20
6168992.44898273
 10
6364222.92023272
 20
6168990.85929188
 10
6364221.64782149
 20
6168992.72045975
 10
6364221.42194906
 20
6168993.05129442
 10
6364218.02173073
 20
6168998.02264162
 10
6364220.27484147
 20
6168999.58383225
 10
6364218.86343968
 20
6169001.64805222
 10
6364216.61032892
 20
6169000.0868616
 10
6364214.75025519
 20
6169002.80779388
 10
6364210.93815281
 20
6169008.38236927
 10
6364206.15207268
 20
6169015.3812951
 10
6364208.67828861
 20
6169017.01046845
 10
6364209.09949612
 20
6169017.28166638
 10
6364209.61923648
 20
6169016.48393771
 10
6364210.2355531
 20
6169016.89000969
 10
6364210.67507883
 20
6169016.24316803
 10
6364211.03684479
 20
6169016.47449076
  0
LWPOLYLINE
  5
20099
330
1F
100
AcDbEntity
  8
tejido
100
AcDbPolyline
 90
9
 70
1
 10
6364223.28446097
 20
6169004.65125832
 10
6364224.93834937
 20
6169002.20732835
 10
6364220.84017424
 20
6168999.36695786
 10
6364218.10872908
 20
6169003.54173797
 10
6364219.0626491
 20
6169004.18978587
 10
6364218.38766801
 20
6169005.21433881
 10
6364220.5875405
 20
6169006.6528166
 10
6364222.36982049
 20
6169004.05379681
 10
6364223.28446097
 20
6169004.65125832
  0
LWPOLYLINE
  5
2009A
330
1F
100
AcDbEntity
  8
tejido
100
AcDbPolyline
 90
7
 70
1
 10
6364163.02415375
 20
6169014.38658285
 10
6364159.79380032
 20
6169012.19901305
 10
6364156.98583949
 20
6169016.26964996
 10
6364156.64455953
 20
6169016.76386559
 10
6364159.90555502
 20
6169018.90786519
 10
6364160.24683497
 20
6169018.41364956
 10
6364163.02415375
 20
6169014.38658285
  0
LWPOLYLINE
  5
2009B
330
1F
100
AcDbEntity
  8
tejido
100
AcDbPolyline
 90
7
 70
1
 10
6364166.65369409
 20
6169009.12246249
 10
6364163.39980115
 20
6169006.97156352
 10
6364163.36608627
 20
6169007.02009077
 10
6364160.81050878
 20
6169010.72526574
 10
6364159.79380032
 20
6169012.19901305
 10
6364163.02415375
 20
6169014.38658285
 10
6364166.65369409
 20
6169009.12246249
  0
LWPOLYLINE
  5
2009C
330
1F
100
AcDbEntity
  8
tejido
100
AcDbPolyline
 90
14
 70
1
 10
6364182.45943427
 20
6168986.20410032
 10
6364179.26865411
 20
6168983.96213982
 10
6364176.06135031
 20
6168988.61316237
 10
6364173.55337891
 20
6168992.2495743
 10
6364171.44556088
 20
6168995.30541404
 10
6364170.89603522
 20
6168996.10276445
 10
6364173.74895915
 20
6168998.03576791
 10
6364167.17483178
 20
6169007.74066371
 10
6364164.23967338
 20
6169005.75243338
 10
6364163.39993684
 20
6169006.97168028
 10
6364166.65382685
 20
6169009.1225455
 10
6364174.30217972
 20
6168998.03176472
 10
6364175.86558822
 20
6168995.76571767
 10
6364182.45943427
 20
6168986.20410032
  0
LWPOLYLINE
  5
2009D
330
1F
100
AcDbEntity
  8
tejido
100
AcDbPolyline
 90
7
 70
1
 10
6364170.89590101
 20
6168996.10264675
 10
6364169.35704646
 20
6168998.33307417
 10
6364164.80175234
 20
6169004.93821638
 10
6364164.23976011
 20
6169005.75233792
 10
6364167.17490591
 20
6169007.74056075
 10
6364173.74881993
 20
6168998.03565892
 10
6364170.89590101
 20
6168996.10264675
  0
LWPOLYLINE
  5
2009E
330
1F
100
AcDbEntity
  8
tejido
100
AcDbPolyline
 90
9
 70
1
 10
6364201.21048174
 20
6168980.06301222
 10
6364202.8333612
 20
6168977.6957434
 10
6364197.54209195
 20
6168974.22882518
 10
6364189.52340263
 20
6168968.97383775
 10
6364185.02581249
 20
6168975.61584518
 10
6364179.26865411
 20
6168983.96213982
 10
6364182.45943427
 20
6168986.20410032
 10
6364192.27046772
 20
6168993.10067479
 10
6364201.21048174
 20
6168980.06301222
  0
LWPOLYLINE
  5
2009F
330
1F
100
AcDbEntity
  8
tejido
100
AcDbPolyline
 90
26
 70
1
 10
6364193.99002723
 20
6169033.16792473
 10
6364197.51822616
 20
6169028.00838558
 10
6364192.38136383
 20
6169024.62576647
 10
6364191.63029719
 20
6169024.13070214
 10
6364185.70215113
 20
6169020.22648662
 10
6364186.99816596
 20
6169018.3246032
 10
6364187.82606272
 20
6169017.10921428
 10
6364202.97850182
 20
6168994.87653427
 10
6364205.63490452
 20
6168990.9787604
 10
6364214.66653502
 20
6168997.14076566
 10
6364217.36551818
 20
6168998.98251698
 10
6364218.02186598
 20
6168998.02272124
 10
6364221.42186625
 20
6168993.05138895
 10
6364218.9453113
 20
6168991.46197028
 10
6364220.45792533
 20
6168989.24616811
 10
6364205.20462256
 20
6168979.24962704
 10
6364203.58466509
 20
6168981.62591339
 10
6364201.21048174
 20
6168980.06301222
 10
6364192.27046772
 20
6168993.10067479
 10
6364177.07832464
 20
6169015.25878037
 10
6364170.01766647
 20
6169025.55581743
 10
6364178.33886061
 20
6169031.0272983
 10
6364178.73359609
 20
6169030.44982232
 10
6364184.68776943
 20
6169034.36546631
 10
6364188.16875864
 20
6169029.27423486
 10
6364193.99002723
 20
6169033.16792473
  0
LWPOLYLINE
  5
200A0
330
1F
100
AcDbEntity
  8
tejido
100
AcDbPolyline
 90
13
 70
1
 10
6364201.37825523
 20
6169022.36239303
 10
6364196.1276429
 20
6169018.83608347
 10
6364195.37274535
 20
6169018.32896837
 10
6364193.73335312
 20
6169020.87004117
 10
6364192.87782582
 20
6169022.19707679
 10
6364186.99802477
 20
6169018.32452837
 10
6364185.70201596
 20
6169020.22636792
 10
6364191.63037331
 20
6169024.13063096
 10
6364192.38144448
 20
6169024.62568656
 10
6364197.51810278
 20
6169028.00829587
 10
6364198.37660052
 20
6169026.75232696
 10
6364201.09617201
 20
6169022.77543999
 10
6364201.37825523
 20
6169022.36239303
  0
LWPOLYLINE
  5
200A1
330
1F
100
AcDbEntity
  8
tejido
100
AcDbPolyline
 90
8
 70
1
 10
6364216.61032892
 20
6169000.0868616
 10
6364217.36559478
 20
6168998.98244629
 10
6364214.66640405
 20
6168997.14069391
 10
6364205.63475462
 20
6168990.97868007
 10
6364202.97835091
 20
6168994.87645637
 10
6364211.98434638
 20
6169000.94506709
 10
6364214.75025519
 20
6169002.80779388
 10
6364216.61032892
 20
6169000.0868616
  0
LWPOLYLINE
  5
200A2
330
1F
100
AcDbEntity
  8
tejido
100
AcDbPolyline
 90
7
 70
1
 10
6364222.92023272
 20
6168990.85929188
 10
6364222.29893006
 20
6168990.45214721
 10
6364220.45780725
 20
6168989.24604868
 10
6364218.94517369
 20
6168991.46185106
 10
6364221.42194906
 20
6168993.05129442
 10
6364221.64782149
 20
6168992.72045975
 10
6364222.92023272
 20
6168990.85929188
  0
LWPOLYLINE
  5
200A3
330
1F
100
AcDbEntity
  8
tejido
100
AcDbPolyline
 90
10
 70
1
 10
6364138.22902517
 20
6168992.41660156
 10
6364135.97556572
 20
6168990.93665509
 10
6364135.30519274
 20
6168991.912061
 10
6364131.67860324
 20
6168989.44245249
 10
6364128.88110398
 20
6168993.5336192
 10
6364130.08788413
 20
6168999.30303805
 10
6364135.67562391
 20
6169002.97732752
 10
6364140.24925847
 20
6168996.66575487
 10
6364141.63894317
 20
6168994.69159709
 10
6364138.22902517
 20
6168992.41660156
  0
LWPOLYLINE
  5
200A4
330
1F
100
AcDbEntity
  8
tejido
100
AcDbPolyline
 90
9
 70
1
 10
6364159.79380032
 20
6169012.19901305
 10
6364160.81050878
 20
6169010.72526574
 10
6364157.64687253
 20
6169008.62769327
 10
6364159.91170022
 20
6169005.24340897
 10
6364156.25873205
 20
6169002.88165292
 10
6364149.53497967
 20
6169012.08921721
 10
6364156.64455953
 20
6169016.76386559
 10
6364156.98583949
 20
6169016.26964996
 10
6364159.79380032
 20
6169012.19901305
  0
LWPOLYLINE
  5
200A5
330
1F
100
AcDbEntity
  8
tejido
100
AcDbPolyline
 90
10
 70
1
 10
6364163.39980115
 20
6169006.97156352
 10
6364164.23976011
 20
6169005.75233792
 10
6364164.80175234
 20
6169004.93821638
 10
6364161.52305858
 20
6169002.8419759
 10
6364157.91234133
 20
6169000.53285002
 10
6364156.25873205
 20
6169002.88165292
 10
6364159.91170022
 20
6169005.24340897
 10
6364160.15193707
 20
6169004.88777426
 10
6364163.36608627
 20
6169007.02009077
 10
6364163.39980115
 20
6169006.97156352
  0
LWPOLYLINE
  5
200A6
330
1F
100
AcDbEntity
  8
tejido
100
AcDbPolyline
 90
9
 70
1
 10
6364145.84140436
 20
6169003.22516987
 10
6364143.77099783
 20
6169001.82058104
 10
6364145.61638633
 20
6168999.10042251
 10
6364142.09243504
 20
6168996.70970871
 10
6364141.53186466
 20
6168997.53608352
 10
6364143.82410026
 20
6168999.09138532
 10
6364139.48735357
 20
6169005.48344611
 10
6364142.80781527
 20
6169007.66653757
 10
6364145.84140436
 20
6169003.22516987
  0
LWPOLYLINE
  5
200A7
330
1F
100
AcDbEntity
  8
tejido
100
AcDbPolyline
 90
9
 70
1
 10
6364149.53498864
 20
6169012.0892915
 10
6364156.25875374
 20
6169002.88172543
 10
6364157.91213666
 20
6169000.53297102
 10
6364154.33039283
 20
6168998.24223422
 10
6364153.61002218
 20
6168997.78186715
 10
6364148.61688883
 20
6169005.19532808
 10
6364148.38764388
 20
6169005.03832616
 10
6364145.42563888
 20
6169009.3878134
 10
6364149.53498864
 20
6169012.0892915
  0
LWPOLYLINE
  5
200A8
330
1F
100
AcDbEntity
  8
tejido
100
AcDbPolyline
 90
8
 70
1
 10
6364153.60989747
 20
6168997.78173395
 10
6364150.79049206
 20
6168995.97926471
 10
6364148.3942125
 20
6168999.48792062
 10
6364150.48031503
 20
6169000.90499445
 10
6364147.89939288
 20
6169004.70483204
 10
6364148.38770142
 20
6169005.03825666
 10
6364148.61688533
 20
6169005.1952577
 10
6364153.60989747
 20
6168997.78173395
  0
LWPOLYLINE
  5
200A9
330
1F
100
AcDbEntity
  8
tejido
100
AcDbPolyline
 90
13
 70
1
 10
6364148.60723821
 20
6168981.71673143
 10
6364146.67467174
 20
6168980.46929867
 10
6364147.31835896
 20
6168979.45632295
 10
6364141.20465685
 20
6168975.50637028
 10
6364140.9789594
 20
6168975.83719194
 10
6364139.28524749
 20
6168978.31443262
 10
6364137.81270692
 20
6168980.46982222
 10
6364140.73269925
 20
6168982.40080717
 10
6364143.14248118
 20
6168982.19569228
 10
6364143.69474105
 20
6168981.36138186
 10
6364147.28231561
 20
6168983.73420101
 10
6364148.35643905
 20
6168982.11123616
 10
6364148.60723821
 20
6168981.71673143
  0
LWPOLYLINE
  5
200AA
330
1F
100
AcDbEntity
  8
tejido
100
AcDbPolyline
 90
9
 70
1
 10
6364153.08533368
 20
6168983.18208325
 10
6364149.25098253
 20
6168980.70465821
 10
6364148.60709359
 20
6168981.71665802
 10
6364148.3562897
 20
6168982.11115242
 10
6364147.28239822
 20
6168983.73412015
 10
6364149.88530385
 20
6168985.45543679
 10
6364150.89495525
 20
6168986.12329964
 10
6364151.06736623
 20
6168986.23683749
 10
6364153.08533368
 20
6168983.18208325
  0
LWPOLYLINE
  5
200AB
330
1F
100
AcDbEntity
  8
tejido
100
AcDbPolyline
 90
6
 70
1
 10
6364150.89495525
 20
6168986.12329964
 10
6364149.88530385
 20
6168985.45543679
 10
6364147.28239822
 20
6168983.73412015
 10
6364143.90465505
 20
6168989.08692129
 10
6364147.4152731
 20
6168991.40059743
 10
6364150.89495525
 20
6168986.12329964
  0
LWPOLYLINE
  5
200AC
330
1F
100
AcDbEntity
  8
tejido
100
AcDbPolyline
 90
7
 70
1
 10
6364160.04942873
 20
6168991.47282548
 10
6364161.84318929
 20
6168988.8409608
 10
6364153.08533368
 20
6168983.18208325
 10
6364151.06736623
 20
6168986.23683749
 10
6364158.98605208
 20
6168991.4744063
 10
6364159.31817139
 20
6168990.99106148
 10
6364160.04942873
 20
6168991.47282548
  0
LWPOLYLINE
  5
200AD
330
1F
100
AcDbEntity
  8
tejido
100
AcDbPolyline
 90
8
 70
1
 10
6364169.35704646
 20
6168998.33307417
 10
6364162.60356612
 20
6168993.8666585
 10
6364158.98605208
 20
6168991.4744063
 10
6364154.33036646
 20
6168998.24214698
 10
6364157.91234133
 20
6169000.53285002
 10
6364161.52305858
 20
6169002.8419759
 10
6364164.80175234
 20
6169004.93821638
 10
6364169.35704646
 20
6168998.33307417
  0
LWPOLYLINE
  5
200AE
330
1F
100
AcDbEntity
  8
tejido
100
AcDbPolyline
 90
10
 70
1
 10
6364170.89603522
 20
6168996.10276445
 10
6364171.44556088
 20
6168995.30541404
 10
6364164.79762078
 20
6168990.74955221
 10
6364162.94972238
 20
6168993.37560744
 10
6364160.04934575
 20
6168991.47293173
 10
6364159.31829559
 20
6168990.99116244
 10
6364158.98598128
 20
6168991.4744805
 10
6364162.60349646
 20
6168993.86672197
 10
6364169.35701678
 20
6168998.33314261
 10
6364170.89603522
 20
6168996.10276445
  0
LWPOLYLINE
  5
200AF
330
1F
100
AcDbEntity
  8
tejido
100
AcDbPolyline
 90
6
 70
1
 10
6364164.79762078
 20
6168990.74955221
 10
6364164.67651939
 20
6168990.6715373
 10
6364161.84311183
 20
6168988.84102366
 10
6364160.04934575
 20
6168991.47293173
 10
6364162.94972238
 20
6168993.37560744
 10
6364164.79762078
 20
6168990.74955221
  0
LWPOLYLINE
  5
200B0
330
1F
100
AcDbEntity
  8
tejido
100
AcDbPolyline
 90
8
 70
1
 10
6364161.04777816
 20
6168986.860265
 10
6364165.34640831
 20
6168989.63268784
 10
6364164.67651939
 20
6168990.6715373
 10
6364164.79743765
 20
6168990.74954956
 10
6364171.44556088
 20
6168995.30541404
 10
6364173.55337891
 20
6168992.2495743
 10
6364162.41676414
 20
6168984.81040365
 10
6364161.04777816
 20
6168986.860265
  0
LWPOLYLINE
  5
200B1
330
1F
100
AcDbEntity
  8
tejido
100
AcDbPolyline
 90
23
 70
1
 10
6364161.04777816
 20
6168986.860265
 10
6364162.41676414
 20
6168984.81040365
 10
6364161.30279514
 20
6168984.06621956
 10
6364163.6229117
 20
6168980.59309242
 10
6364162.78984853
 20
6168980.05587032
 10
6364161.05692742
 20
6168982.64335776
 10
6364159.08011516
 20
6168985.59107593
 10
6364157.12714827
 20
6168984.33156361
 10
6364154.01997996
 20
6168982.3276499
 10
6364154.69255751
 20
6168981.28444343
 10
6364150.02524166
 20
6168978.27435633
 10
6364150.56433846
 20
6168977.43832861
 10
6364144.91787937
 20
6168973.79664548
 10
6364147.3161684
 20
6168970.07792702
 10
6364145.64944398
 20
6168969.00261925
 10
6364141.20465685
 20
6168975.50637028
 10
6364147.31835896
 20
6168979.45632295
 10
6364149.25091126
 20
6168980.7047324
 10
6364153.08528066
 20
6168983.18217821
 10
6364161.84311183
 20
6168988.84102366
 10
6364164.67651939
 20
6168990.6715373
 10
6364165.34640831
 20
6168989.63268784
 10
6364161.04777816
 20
6168986.860265
  0
LWPOLYLINE
  5
200B2
330
1F
100
AcDbEntity
  8
tejido
100
AcDbPolyline
 90
24
 70
1
 10
6364159.06226535
 20
6168971.33631948
 10
6364156.16617148
 20
6168975.78457318
 10
6364157.67496396
 20
6168976.75758112
 10
6364158.76813384
 20
6168977.46244911
 10
6364162.79021213
 20
6168980.05605876
 10
6364163.62309129
 20
6168980.59333925
 10
6364164.74960256
 20
6168981.3189002
 10
6364164.92937605
 20
6168981.43494897
 10
6364165.4683515
 20
6168980.60728412
 10
6364166.54194711
 20
6168981.30625104
 10
6364170.02572304
 20
6168975.95563564
 10
6364169.48741114
 20
6168975.60530597
 10
6364171.12913727
 20
6168973.08365681
 10
6364171.66720499
 20
6168973.43398295
 10
6364173.39610172
 20
6168970.77878782
 10
6364172.28621529
 20
6168970.0562155
 10
6364173.53645849
 20
6168968.13614534
 10
6364171.89914868
 20
6168967.07023948
 10
6364171.76838142
 20
6168966.98512402
 10
6364165.51009674
 20
6168976.59715619
 10
6364163.40330835
 20
6168975.22557379
 10
6364160.67292778
 20
6168973.44796317
 10
6364161.15913573
 20
6168972.70134723
 10
6364159.06226535
 20
6168971.33631948
  0
LWPOLYLINE
  5
200B3
330
1F
100
AcDbEntity
  8
tejido
100
AcDbPolyline
 90
10
 70
1
 10
6364162.97174227
 20
6168955.39411568
 10
6364164.66778038
 20
6168952.68495935
 10
6364161.12046636
 20
6168950.36095778
 10
6364159.23735685
 20
6168949.12602598
 10
6364154.64946251
 20
6168955.83974621
 10
6364155.91394654
 20
6168956.66298257
 10
6364159.06862732
 20
6168958.71661327
 10
6364160.05325267
 20
6168959.35750812
 10
6364162.70527303
 20
6168955.22314156
 10
6364162.97174227
 20
6168955.39411568
  0
LWPOLYLINE
  5
200B4
330
1F
100
AcDbEntity
  8
tejido
100
AcDbPolyline
 90
10
 70
1
 10
6364164.6730377
 20
6168956.48531091
 10
6364162.97174227
 20
6168955.39411568
 10
6364162.70527569
 20
6168955.22295843
 10
6364160.05325622
 20
6168959.35726395
 10
6364161.4971271
 20
6168960.29794774
 10
6364165.8633763
 20
6168963.13979498
 10
6364167.04584298
 20
6168961.34213476
 10
6364167.26997921
 20
6168960.99266858
 10
6364163.38163631
 20
6168958.49844314
 10
6364164.6730377
 20
6168956.48531091
  0
LWPOLYLINE
  5
200B5
330
1F
100
AcDbEntity
  8
tejido
100
AcDbPolyline
 90
12
 70
1
 10
6364172.75554597
 20
6168959.1464287
 10
6364173.29642592
 20
6168958.3390009
 10
6364170.37817042
 20
6168956.42721253
 10
6364167.33014116
 20
6168954.42916301
 10
6364166.17602948
 20
6168956.20403343
 10
6364166.69105241
 20
6168956.54358484
 10
6364165.18278443
 20
6168958.81751405
 10
6364169.83860006
 20
6168961.8880015
 10
6364171.75243527
 20
6168958.9927936
 10
6364172.10440675
 20
6168959.22520866
 10
6364172.52707649
 20
6168959.50419661
 10
6364172.75554597
 20
6168959.1464287
  0
LWPOLYLINE
  5
200B6
330
1F
100
AcDbEntity
  8
tejido
100
AcDbPolyline
 90
7
 70
1
 10
6364184.50364328
 20
6168965.68394988
 10
6364184.46741522
 20
6168965.66022329
 10
6364180.07964385
 20
6168972.39620068
 10
6364185.02581604
 20
6168975.61560101
 10
6364189.5236468
 20
6168968.97384129
 10
6364187.31193618
 20
6168967.52429555
 10
6364184.50364328
 20
6168965.68394988
  0
LWPOLYLINE
  5
200B7
330
1F
100
AcDbEntity
  8
tejido
100
AcDbPolyline
 90
12
 70
1
 10
6364178.13874096
 20
6168954.73138279
 10
6364179.52672603
 20
6168955.6608154
 10
6364177.91610827
 20
6168958.06666603
 10
6364176.51959409
 20
6168957.13173683
 10
6364174.96634269
 20
6168959.43413691
 10
6364184.46741522
 20
6168965.66022329
 10
6364187.31193618
 20
6168967.52429555
 10
6364189.37034332
 20
6168964.41071363
 10
6364188.56323571
 20
6168963.87722608
 10
6364190.947938
 20
6168960.27016475
 10
6364179.47516039
 20
6168952.75053042
 10
6364178.13874096
 20
6168954.73138279
  0
LWPOLYLINE
  5
200B8
330
1F
100
AcDbEntity
  8
tejido
100
AcDbPolyline
 90
20
 70
1
 10
6364187.27638343
 20
6168948.23532198
 10
6364182.57948044
 20
6168945.15624021
 10
6364178.39683685
 20
6168942.41462282
 10
6364176.47369094
 20
6168941.15334487
 10
6364168.33436828
 20
6168935.8175395
 10
6364166.42706132
 20
6168938.60782659
 10
6364165.29873857
 20
6168940.25900634
 10
6364163.78939995
 20
6168942.46783482
 10
6364164.54251016
 20
6168942.9609142
 10
6364166.05794694
 20
6168940.74417592
 10
6364166.98474959
 20
6168941.33477714
 10
6364178.03846261
 20
6168948.37741262
 10
6364176.4857538
 20
6168950.78972034
 10
6364178.51002265
 20
6168952.11730598
 10
6364179.23772427
 20
6168952.59420338
 10
6364180.89412511
 20
6168950.03741618
 10
6364179.80749798
 20
6168949.50445312
 10
6364181.09214931
 20
6168947.48945252
 10
6364185.78967572
 20
6168950.52556026
 10
6364187.27638343
 20
6168948.23532198
  0
LWPOLYLINE
  5
200B9
330
1F
100
AcDbEntity
  8
tejido
100
AcDbPolyline
 90
5
 70
1
 10
6364192.7512311
 20
6168951.82484006
 10
6364189.90137016
 20
6168949.95689355
 10
6364188.56235388
 20
6168951.99615485
 10
6364191.42811525
 20
6168953.87133433
 10
6364192.7512311
 20
6168951.82484006
  0
LWPOLYLINE
  5
200BA
330
1F
100
AcDbEntity
  8
tejido
100
AcDbPolyline
 90
16
 70
1
 10
6364179.25895049
 20
6168941.05260824
 10
6364177.31466996
 20
6168939.85501619
 10
6364178.13123553
 20
6168938.59343752
 10
6364178.56819633
 20
6168937.91654871
 10
6364179.572992
 20
6168938.57433789
 10
6364181.85193987
 20
6168935.0442106
 10
6364180.82534464
 20
6168934.37210054
 10
6364178.92776613
 20
6168933.12716993
 10
6364177.65641836
 20
6168932.29445732
 10
6364172.88220768
 20
6168929.16518622
 10
6364172.7973841
 20
6168929.28899738
 10
6364168.41905482
 20
6168935.69363794
 10
6364168.33423123
 20
6168935.81744911
 10
6364176.47356468
 20
6168941.15325122
 10
6364178.3969143
 20
6168942.41456093
 10
6364179.25895049
 20
6168941.05260824
  0
LWPOLYLINE
  5
200BB
330
1F
100
AcDbEntity
  8
tejido
100
AcDbPolyline
 90
29
 70
1
 10
6364203.07924203
 20
6168948.95765142
 10
6364200.88338324
 20
6168947.51833104
 10
6364193.84295811
 20
6168942.90370446
 10
6364191.18830788
 20
6168941.16363111
 10
6364185.23689074
 20
6168937.26303326
 10
6364183.81318135
 20
6168939.4171046
 10
6364182.77245339
 20
6168941.02954938
 10
6364181.58615864
 20
6168940.26409252
 10
6364181.75497976
 20
6168940.00445422
 10
6364179.572992
 20
6168938.57433789
 10
6364178.56819633
 20
6168937.91654871
 10
6364178.13123553
 20
6168938.59343752
 10
6364177.31466996
 20
6168939.85501619
 10
6364179.25895049
 20
6168941.05260824
 10
6364180.06494903
 20
6168939.82988926
 10
6364182.524969
 20
6168941.40208454
 10
6364181.72207239
 20
6168942.61784618
 10
6364184.42506225
 20
6168944.33561311
 10
6364185.22282767
 20
6168943.12878004
 10
6364187.09607047
 20
6168944.32734225
 10
6364186.30436382
 20
6168945.53026187
 10
6364187.88828382
 20
6168946.53756503
 10
6364189.18533763
 20
6168944.56371701
 10
6364190.54637722
 20
6168945.4197379
 10
6364190.02267967
 20
6168946.2144081
 10
6364193.62171294
 20
6168948.57038056
 10
6364194.23068377
 20
6168947.62089541
 10
6364200.94073675
 20
6168952.11569137
 10
6364203.07924203
 20
6168948.95765142
  0
LWPOLYLINE
  5
200BC
330
1F
100
AcDbEntity
  8
tejido
100
AcDbPolyline
 90
7
 70
1
 10
6364246.54175311
 20
6168977.64142742
 10
6364243.10359395
 20
6168975.36681555
 10
6364238.66298168
 20
6168981.92760402
 10
6364241.56725427
 20
6168983.83735284
 10
6364243.77566858
 20
6168980.48026067
 10
6364244.39115905
 20
6168980.8743167
 10
6364246.54175311
 20
6168977.64142742
  0
LWPOLYLINE
  5
200BD
330
1F
100
AcDbEntity
  8
tejido
100
AcDbPolyline
 90
9
 70
1
 10
6364185.23689074
 20
6168937.26303326
 10
6364182.8388784
 20
6168935.69173742
 10
6364181.85193987
 20
6168935.0442106
 10
6364179.572992
 20
6168938.57433789
 10
6364181.75497976
 20
6168940.00445422
 10
6364181.58615864
 20
6168940.26409252
 10
6364182.77245339
 20
6168941.02954938
 10
6364183.81318135
 20
6168939.4171046
 10
6364185.23689074
 20
6168937.26303326
  0
LWPOLYLINE
  5
200BE
330
1F
100
AcDbEntity
  8
tejido
100
AcDbPolyline
 90
9
 70
1
 10
6364258.47643412
 20
6169014.15071012
 10
6364258.15562339
 20
6169013.93779649
 10
6364257.31921746
 20
6169013.38269797
 10
6364254.95063557
 20
6169016.88448893
 10
6364255.43163271
 20
6169017.17055045
 10
6364255.73609414
 20
6169017.35306553
 10
6364256.01942765
 20
6169017.54418823
 10
6364256.60437656
 20
6169016.7334312
 10
6364258.47643412
 20
6169014.15071012
  0
LWPOLYLINE
  5
200BF
330
1F
100
AcDbEntity
  8
tejido
100
AcDbPolyline
 90
12
 70
1
 10
6364189.43167896
 20
6168949.64898024
 10
6364189.90137016
 20
6168949.95689355
 10
6364192.7512311
 20
6168951.82484006
 10
6364193.36261959
 20
6168952.22583904
 10
6364196.34129228
 20
6168954.17868162
 10
6364197.7335471
 20
6168952.1241873
 10
6364194.80966355
 20
6168950.18714445
 10
6364195.04147874
 20
6168949.86039731
 10
6364192.39307495
 20
6168948.17243195
 10
6364191.79620802
 20
6168949.04606739
 10
6364190.44759061
 20
6168948.16121706
 10
6364189.43167896
 20
6168949.64898024
  0
LWPOLYLINE
  5
200C0
330
1F
100
AcDbEntity
  8
tejido
100
AcDbPolyline
 90
21
 70
1
 10
6364183.76480181
 20
6168934.14175022
 10
6364185.38066098
 20
6168931.4292942
 10
6364185.53447583
 20
6168931.17142913
 10
6364191.72011998
 20
6168935.12840915
 10
6364193.10547547
 20
6168932.93078726
 10
6364192.86147865
 20
6168932.77216705
 10
6364189.64816439
 20
6168930.67787762
 10
6364181.99378253
 20
6168925.6888192
 10
6364177.33406471
 20
6168922.65167204
 10
6364177.29545231
 20
6168922.70813774
 10
6364172.91386533
 20
6168929.11871771
 10
6364172.88235699
 20
6168929.16527337
 10
6364177.65656053
 20
6168932.29456537
 10
6364178.5293524
 20
6168930.9347601
 10
6364179.80969821
 20
6168931.71255711
 10
6364180.50209795
 20
6168930.59924142
 10
6364182.41721007
 20
6168931.79141021
 10
6364180.82548476
 20
6168934.37221442
 10
6364181.852091
 20
6168935.04430706
 10
6364182.83900126
 20
6168935.69182908
 10
6364183.76480181
 20
6168934.14175022
  0
LWPOLYLINE
  5
200C1
330
1F
100
AcDbEntity
  8
tejido
100
AcDbPolyline
 90
8
 70
1
 10
6364177.65641836
 20
6168932.29445732
 10
6364178.92776613
 20
6168933.12716993
 10
6364180.82534464
 20
6168934.37210054
 10
6364182.41729759
 20
6168931.79132698
 10
6364180.50194813
 20
6168930.59915621
 10
6364179.80957357
 20
6168931.71248643
 10
6364178.52942692
 20
6168930.93466447
 10
6364177.65641836
 20
6168932.29445732
  0
LWPOLYLINE
  5
200C2
330
1F
100
AcDbEntity
  8
tejido
100
AcDbPolyline
 90
14
 70
1
 10
6364199.94290407
 20
6168937.387436
 10
6364193.10547547
 20
6168932.93078726
 10
6364191.72011998
 20
6168935.12840915
 10
6364185.53447583
 20
6168931.17142913
 10
6364185.38066098
 20
6168931.4292942
 10
6364183.76480181
 20
6168934.14175022
 10
6364189.69486807
 20
6168938.06504463
 10
6364190.56637048
 20
6168936.53316641
 10
6364195.79781321
 20
6168939.93217866
 10
6364196.4973975
 20
6168938.87495508
 10
6364197.1690518
 20
6168939.31385671
 10
6364198.16312029
 20
6168937.81373467
 10
6364199.2105507
 20
6168938.49815725
 10
6364199.94290407
 20
6168937.387436
  0
LWPOLYLINE
  5
200C3
330
1F
100
AcDbEntity
  8
tejido
100
AcDbPolyline
 90
6
 70
1
 10
6364206.30945241
 20
6168944.18990694
 10
6364204.07583564
 20
6168942.73303319
 10
6364200.88338324
 20
6168947.51833104
 10
6364203.07924203
 20
6168948.95765142
 10
6364203.49724309
 20
6168948.34650958
 10
6364206.30945241
 20
6168944.18990694
  0
LWPOLYLINE
  5
200C4
330
1F
100
AcDbEntity
  8
tejido
100
AcDbPolyline
 90
17
 70
1
 10
6364189.37978979
 20
6168920.06511003
 10
6364186.20680851
 20
6168924.80381683
 10
6364184.25532007
 20
6168923.4971298
 10
6364183.2941817
 20
6168924.93264443
 10
6364182.74591927
 20
6168924.56538009
 10
6364181.99378253
 20
6168925.6888192
 10
6364189.64816439
 20
6168930.67787762
 10
6364190.54528065
 20
6168929.36690329
 10
6364191.6249196
 20
6168927.78883358
 10
6364192.08927382
 20
6168928.1068301
 10
6364192.50358594
 20
6168927.50143063
 10
6364195.21422519
 20
6168929.35617345
 10
6364197.54383174
 20
6168925.97385212
 10
6364197.80847598
 20
6168925.58876772
 10
6364193.74576548
 20
6168922.92575872
 10
6364189.4786718
 20
6168920.13016418
 10
6364189.37978979
 20
6168920.06511003
  0
LWPOLYLINE
  5
200C5
330
1F
100
AcDbEntity
  8
tejido
100
AcDbPolyline
 90
26
 70
1
 10
6364201.02526271
 20
6168920.91962814
 10
6364201.03425562
 20
6168920.90577689
 10
6364202.78694543
 20
6168918.36131571
 10
6364200.23661272
 20
6168916.73980996
 10
6364199.56139485
 20
6168916.31086969
 10
6364198.67451832
 20
6168915.7458193
 10
6364198.50700016
 20
6168915.63935082
 10
6364197.36020537
 20
6168914.91050375
 10
6364195.9229713
 20
6168913.99635315
 10
6364194.35192935
 20
6168912.99624923
 10
6364194.31229532
 20
6168912.97161846
 10
6364192.2446695
 20
6168911.65720224
 10
6364187.08949777
 20
6168908.37939192
 10
6364185.07607975
 20
6168911.32517409
 10
6364184.39950397
 20
6168912.3156925
 10
6364183.83417566
 20
6168913.14175379
 10
6364183.75769752
 20
6168913.25371913
 10
6364185.61496427
 20
6168914.43503582
 10
6364185.78481021
 20
6168914.1874164
 10
6364191.19057145
 20
6168917.62394249
 10
6364189.47867534
 20
6168920.12992001
 10
6364193.74576548
 20
6168922.92575872
 10
6364195.66514407
 20
6168920.1156209
 10
6364196.34114045
 20
6168920.54561041
 10
6364197.58270741
 20
6168918.72701103
 10
6364201.02526271
 20
6168920.91962814
  0
LWPOLYLINE
  5
200C6
330
1F
100
AcDbEntity
  8
tejido
100
AcDbPolyline
 90
8
 70
1
 10
6364189.7466077
 20
6168904.49153009
 10
6364187.0893477
 20
6168908.3792901
 10
6364192.24453016
 20
6168911.65713525
 10
6364193.53633694
 20
6168909.70021695
 10
6364192.63684346
 20
6168909.0929715
 10
6364193.94861188
 20
6168906.93227491
 10
6364193.12625659
 20
6168906.45519131
 10
6364189.7466077
 20
6168904.49153009
  0
LWPOLYLINE
  5
200C7
330
1F
100
AcDbEntity
  8
tejido
100
AcDbPolyline
 90
22
 70
1
 10
6364204.54943589
 20
6168915.80203815
 10
6364205.66508612
 20
6168914.18266794
 10
6364207.70615827
 20
6168911.22031369
 10
6364203.30769011
 20
6168908.32256036
 10
6364195.88690982
 20
6168903.43433468
 10
6364195.70160192
 20
6168903.3125885
 10
6364189.74673318
 20
6168904.49164376
 10
6364193.12618134
 20
6168906.45530353
 10
6364193.94876078
 20
6168906.93235619
 10
6364192.63696283
 20
6168909.09306847
 10
6364193.53647642
 20
6168909.70030836
 10
6364192.2446695
 20
6168911.65720224
 10
6364194.31229532
 20
6168912.97161846
 10
6364194.35192935
 20
6168912.99624923
 10
6364195.9229713
 20
6168913.99635315
 10
6364197.36020537
 20
6168914.91050375
 10
6364198.50700016
 20
6168915.63935082
 10
6364198.67451832
 20
6168915.7458193
 10
6364199.56139485
 20
6168916.31086969
 10
6364200.23661272
 20
6168916.73980996
 10
6364202.05717603
 20
6168914.10835245
 10
6364204.54943589
 20
6168915.80203815
  0
LWPOLYLINE
  5
200C8
330
1F
100
AcDbEntity
  8
tejido
100
AcDbPolyline
 90
8
 70
1
 10
6364196.86092689
 20
6168931.41192465
 10
6364198.66856222
 20
6168928.72044514
 10
6364198.97209181
 20
6168928.92510996
 10
6364199.89382753
 20
6168927.5584439
 10
6364197.54401221
 20
6168925.97403791
 10
6364195.21440566
 20
6168929.35635923
 10
6364194.75312705
 20
6168930.02591831
 10
6364196.86092689
 20
6168931.41192465
  0
LWPOLYLINE
  5
200C9
330
1F
100
AcDbEntity
  8
tejido
100
AcDbPolyline
 90
11
 70
1
 10
6364202.54667374
 20
6168929.39452014
 10
6364204.79961967
 20
6168926.00205068
 10
6364199.81132051
 20
6168922.68160242
 10
6364197.80847952
 20
6168925.58852355
 10
6364197.54383174
 20
6168925.97385212
 10
6364199.89382753
 20
6168927.5584439
 10
6364198.97209181
 20
6168928.92510996
 10
6364198.66856488
 20
6168928.72026202
 10
6364196.86074642
 20
6168931.41173887
 10
6364199.88407871
 20
6168933.40344674
 10
6364202.54667374
 20
6168929.39452014
  0
LWPOLYLINE
  5
200CA
330
1F
100
AcDbEntity
  8
tejido
100
AcDbPolyline
 90
12
 70
1
 10
6364212.77001629
 20
6168934.65352506
 10
6364213.37721268
 20
6168933.75700259
 10
6364212.10288813
 20
6168932.90926241
 10
6364209.77556617
 20
6168931.36102236
 10
6364212.00370483
 20
6168928.03718578
 10
6364212.00075713
 20
6168928.0341513
 10
6364208.40094604
 20
6168925.66316931
 10
6364204.84443894
 20
6168930.92633497
 10
6364206.59209275
 20
6168932.09207976
 10
6364212.04323425
 20
6168935.72531263
 10
6364212.51753653
 20
6168935.02498738
 10
6364212.77001629
 20
6168934.65352506
  0
LWPOLYLINE
  5
200CB
330
1F
100
AcDbEntity
  8
tejido
100
AcDbPolyline
 90
6
 70
1
 10
6364209.01428421
 20
6168940.19480101
 10
6364206.96000673
 20
6168938.85656727
 10
6364205.50129317
 20
6168941.0101307
 10
6364205.80254488
 20
6168941.20656442
 10
6364207.55457055
 20
6168942.34834993
 10
6364209.01428421
 20
6168940.19480101
  0
LWPOLYLINE
  5
200CC
330
1F
100
AcDbEntity
  8
tejido
100
AcDbPolyline
 90
5
 70
1
 10
6364257.42046093
 20
6169018.46074177
 10
6364256.01928687
 20
6169017.54411928
 10
6364253.85005067
 20
6169020.75883236
 10
6364255.2149012
 20
6169021.69693527
 10
6364257.42046093
 20
6169018.46074177
  0
LWPOLYLINE
  5
200CD
330
1F
100
AcDbEntity
  8
tejido
100
AcDbPolyline
 90
16
 70
1
 10
6364217.7541232
 20
6168927.29836598
 10
6364220.49747851
 20
6168923.21478029
 10
6364220.70908729
 20
6168922.89975092
 10
6364221.05547901
 20
6168922.38458313
 10
6364217.96501042
 20
6168920.34910154
 10
6364219.07038716
 20
6168918.70558756
 10
6364216.27911157
 20
6168916.86646536
 10
6364215.35960789
 20
6168916.26095039
 10
6364214.94127841
 20
6168915.98581082
 10
6364212.90408498
 20
6168919.00066793
 10
6364210.37410801
 20
6168922.74403407
 10
6364208.40094604
 20
6168925.66316931
 10
6364212.00075713
 20
6168928.0341513
 10
6364212.00370483
 20
6168928.03718578
 10
6364215.63306114
 20
6168930.42959937
 10
6364217.7541232
 20
6168927.29836598
  0
LWPOLYLINE
  5
200CE
330
1F
100
AcDbEntity
  8
tejido
100
AcDbPolyline
 90
7
 70
1
 10
6364207.3403201
 20
6168959.73902526
 10
6364207.50286482
 20
6168959.49830225
 10
6364199.46465851
 20
6168954.29401133
 10
6364198.55895073
 20
6168955.63232284
 10
6364197.61339676
 20
6168957.02807565
 10
6364205.65460354
 20
6168962.23241005
 10
6364207.3403201
 20
6168959.73902526
  0
LWPOLYLINE
  5
200CF
330
1F
100
AcDbEntity
  8
tejido
100
AcDbPolyline
 90
11
 70
1
 10
6364213.45276438
 20
6168950.70092625
 10
6364215.06670461
 20
6168948.3143566
 10
6364211.65141062
 20
6168946.04807508
 10
6364207.09549804
 20
6168943.02702654
 10
6364206.30957338
 20
6168944.19002788
 10
6364203.49738774
 20
6168948.34661474
 10
6364203.07939004
 20
6168948.95776102
 10
6364200.94066078
 20
6168952.115786
 10
6364199.4647963
 20
6168954.29408367
 10
6364207.50278143
 20
6168959.49836991
 10
6364213.45276438
 20
6168950.70092625
  0
LWPOLYLINE
  5
200D0
330
1F
100
AcDbEntity
  8
tejido
100
AcDbPolyline
 90
12
 70
1
 10
6364215.7126342
 20
6168947.35831446
 10
6364212.87365879
 20
6168945.49852861
 10
6364216.09434664
 20
6168940.69763522
 10
6364215.50181545
 20
6168940.3069131
 10
6364210.9626177
 20
6168937.32009777
 10
6364209.40477422
 20
6168939.61827177
 10
6364209.01428421
 20
6168940.19480101
 10
6364207.55457055
 20
6168942.34834993
 10
6364207.0955781
 20
6168943.02691976
 10
6364211.65128479
 20
6168946.04798582
 10
6364215.06655734
 20
6168948.31426361
 10
6364215.7126342
 20
6168947.35831446
  0
LWPOLYLINE
  5
200D1
330
1F
100
AcDbEntity
  8
tejido
100
AcDbPolyline
 90
12
 70
1
 10
6364223.56679291
 20
6168935.74544842
 10
6364220.47289492
 20
6168933.73592686
 10
6364218.50676403
 20
6168932.45796792
 10
6364215.85538119
 20
6168936.69992248
 10
6364212.77001629
 20
6168934.65352506
 10
6364212.51753653
 20
6168935.02498738
 10
6364212.04323425
 20
6168935.72531263
 10
6364210.96274148
 20
6168937.32016013
 10
6364215.50193224
 20
6168940.30701933
 10
6364216.09448651
 20
6168940.69769977
 10
6364218.94822163
 20
6168942.57472738
 10
6364223.56679291
 20
6168935.74544842
  0
LWPOLYLINE
  5
200D2
330
1F
100
AcDbEntity
  8
tejido
100
AcDbPolyline
 90
16
 70
1
 10
6364220.47275482
 20
6168933.73581151
 10
6364221.38646449
 20
6168932.3285933
 10
6364222.31349493
 20
6168930.899561
 10
6364222.83127877
 20
6168930.09880313
 10
6364219.66241189
 20
6168927.94813673
 10
6364219.35245481
 20
6168928.42079921
 10
6364218.18540507
 20
6168930.19046426
 10
6364217.21783296
 20
6168931.65592079
 10
6364215.51860986
 20
6168930.5979288
 10
6364215.3520066
 20
6168930.84259424
 10
6364213.71339804
 20
6168933.26063686
 10
6364213.3770896
 20
6168933.75692509
 10
6364212.76988778
 20
6168934.65341818
 10
6364215.85523867
 20
6168936.69983885
 10
6364218.50663237
 20
6168932.45787614
 10
6364220.47275482
 20
6168933.73581151
  0
LWPOLYLINE
  5
200D3
330
1F
100
AcDbEntity
  8
tejido
100
AcDbPolyline
 90
7
 70
1
 10
6364219.35245481
 20
6168928.42079921
 10
6364217.75420144
 20
6168927.29824989
 10
6364215.63308981
 20
6168930.42953287
 10
6364215.51860986
 20
6168930.5979288
 10
6364217.21783296
 20
6168931.65592079
 10
6364218.18540507
 20
6168930.19046426
 10
6364219.35245481
 20
6168928.42079921
  0
LWPOLYLINE
  5
200D4
330
1F
100
AcDbEntity
  8
tejido
100
AcDbPolyline
 90
14
 70
1
 10
6364230.1530677
 20
6168926.00561504
 10
6364229.31875543
 20
6168925.45633416
 10
6364222.99505078
 20
6168921.29125003
 10
6364222.15975289
 20
6168920.7409545
 10
6364221.05555303
 20
6168922.38448895
 10
6364220.70896772
 20
6168922.8996344
 10
6364220.49732905
 20
6168923.21467018
 10
6364217.75420144
 20
6168927.29824989
 10
6364219.35245481
 20
6168928.42079921
 10
6364219.66241189
 20
6168927.94813673
 10
6364222.83127877
 20
6168930.09880313
 10
6364222.31349493
 20
6168930.899561
 10
6364225.45988216
 20
6168932.94486635
 10
6364230.1530677
 20
6168926.00561504
  0
LWPOLYLINE
  5
200D5
330
1F
100
AcDbEntity
  8
tejido
100
AcDbPolyline
 90
13
 70
1
 10
6364207.94656908
 20
6168960.13141948
 10
6364207.34023952
 20
6168959.73913497
 10
6364205.65471974
 20
6168962.23249037
 10
6364197.54209195
 20
6168974.22882518
 10
6364202.8333612
 20
6168977.6957434
 10
6364205.20462522
 20
6168979.24944391
 10
6364220.45792533
 20
6168989.24616811
 10
6364222.299081
 20
6168990.45222217
 10
6364225.32528637
 20
6168985.83117701
 10
6364231.97348041
 20
6168975.67963831
 10
6364228.75759701
 20
6168973.59831715
 10
6364210.84452847
 20
6168962.00707362
 10
6364207.94656908
 20
6168960.13141948
  0
LWPOLYLINE
  5
200D6
330
1F
100
AcDbEntity
  8
tejido
100
AcDbPolyline
 90
7
 70
1
 10
6364232.68626092
 20
6168990.75956193
 10
6364225.32528637
 20
6168985.83117701
 10
6364222.29908366
 20
6168990.45203905
 10
6364222.92040034
 20
6168990.85919418
 10
6364225.48316159
 20
6168992.44888641
 10
6364229.75099602
 20
6168995.09661404
 10
6364232.68626092
 20
6168990.75956193
  0
LWPOLYLINE
  5
200D7
330
1F
100
AcDbEntity
  8
tejido
100
AcDbPolyline
 90
16
 70
1
 10
6364235.56646094
 20
6168970.19170707
 10
6364237.74553512
 20
6168971.67295538
 10
6364239.24323543
 20
6168972.69086111
 10
6364243.87221076
 20
6168965.90190757
 10
6364245.33177868
 20
6168966.86321128
 10
6364249.88424685
 20
6168960.0409109
 10
6364250.83684364
 20
6168960.64214337
 10
6364253.00573406
 20
6168957.38729503
 10
6364253.32187021
 20
6168957.59415748
 10
6364257.22252755
 20
6168951.63775441
 10
6364255.49217603
 20
6168950.50407079
 10
6364253.58069049
 20
6168949.25132695
 10
6364250.58504547
 20
6168947.25764004
 10
6364247.32556479
 20
6168952.2352225
 10
6364235.5877555
 20
6168970.15898496
 10
6364235.56646094
 20
6168970.19170707
  0
LWPOLYLINE
  5
200D8
330
1F
100
AcDbEntity
  8
tejido
100
AcDbPolyline
 90
8
 70
1
 10
6364258.17183437
 20
6168953.1025428
 10
6364262.13129645
 20
6168955.71036006
 10
6364262.77495534
 20
6168954.73308954
 10
6364265.41858476
 20
6168950.7192538
 10
6364266.10073581
 20
6168949.68354046
 10
6364262.2166182
 20
6168947.12566567
 10
6364258.56701072
 20
6168952.51874935
 10
6364258.17183437
 20
6168953.1025428
  0
LWPOLYLINE
  5
200D9
330
1F
100
AcDbEntity
  8
tejido
100
AcDbPolyline
 90
8
 70
1
 10
6364275.91912001
 20
6168964.42803085
 10
6364273.2004886
 20
6168962.69213177
 10
6364272.00231855
 20
6168964.5383708
 10
6364271.32932884
 20
6168964.10846907
 10
6364270.80251352
 20
6168964.91809886
 10
6364273.10039316
 20
6168966.46173282
 10
6364274.12316865
 20
6168967.14889218
 10
6364275.91912001
 20
6168964.42803085
  0
LWPOLYLINE
  5
200DA
330
1F
100
AcDbEntity
  8
tejido
100
AcDbPolyline
 90
12
 70
1
 10
6364282.09257838
 20
6168962.27194341
 10
6364283.02461139
 20
6168960.83093936
 10
6364280.35241156
 20
6168959.07059716
 10
6364276.33053035
 20
6168956.42143061
 10
6364273.03352896
 20
6168961.4896853
 10
6364271.32939969
 20
6168964.10848339
 10
6364272.00234472
 20
6168964.53836737
 10
6364273.20053493
 20
6168962.69215256
 10
6364275.91924609
 20
6168964.42813671
 10
6364277.02182537
 20
6168962.7585727
 10
6364280.38680788
 20
6168964.90708047
 10
6364282.09257838
 20
6168962.27194341
  0
LWPOLYLINE
  5
200DB
330
1F
100
AcDbEntity
  8
tejido
100
AcDbPolyline
 90
6
 70
1
 10
6364280.38680788
 20
6168964.90708047
 10
6364277.02182537
 20
6168962.7585727
 10
6364275.91924609
 20
6168964.42813671
 10
6364274.12321369
 20
6168967.14896854
 10
6364277.47765314
 20
6168969.40136182
 10
6364280.38680788
 20
6168964.90708047
  0
LWPOLYLINE
  5
200DC
330
1F
100
AcDbEntity
  8
tejido
100
AcDbPolyline
 90
13
 70
1
 10
6364266.4509507
 20
6168970.68708379
 10
6364264.42840787
 20
6168969.32893492
 10
6364264.75409501
 20
6168968.84368926
 10
6364261.26234525
 20
6168966.49845361
 10
6364264.95961136
 20
6168960.99347488
 10
6364264.37749899
 20
6168960.60270179
 10
6364260.58657141
 20
6168958.05585613
 10
6364256.62186318
 20
6168955.39231593
 10
6364250.01614375
 20
6168965.15377566
 10
6364258.76250594
 20
6168970.98432459
 10
6364262.87031753
 20
6168973.72436695
 10
6364263.93442981
 20
6168974.43308709
 10
6364266.4509507
 20
6168970.68708379
  0
LWPOLYLINE
  5
200DD
330
1F
100
AcDbEntity
  8
tejido
100
AcDbPolyline
 90
15
 70
1
 10
6364245.69789395
 20
6168984.51855316
 10
6364247.10219518
 20
6168982.31119317
 10
6364249.02585127
 20
6168979.28608025
 10
6364246.54167053
 20
6168977.64154003
 10
6364244.39129328
 20
6168980.87443294
 10
6364243.77558711
 20
6168980.48036401
 10
6364241.56717621
 20
6168983.83745672
 10
6364242.8682577
 20
6168984.6926061
 10
6364243.61457439
 20
6168985.18259499
 10
6364243.99025589
 20
6168984.59281489
 10
6364242.48609353
 20
6168983.60369471
 10
6364243.56091547
 20
6168981.91571646
 10
6364245.18989476
 20
6168982.98766775
 10
6364244.65349808
 20
6168983.83118314
 10
6364245.69789395
 20
6168984.51855316
  0
LWPOLYLINE
  5
200DE
330
1F
100
AcDbEntity
  8
tejido
100
AcDbPolyline
 90
17
 70
1
 10
6364248.19470953
 20
6168986.24332029
 10
6364248.58503228
 20
6168985.66278878
 10
6364249.14345897
 20
6168984.83265882
 10
6364249.19237538
 20
6168984.76034606
 10
6364249.68591391
 20
6168983.98819337
 10
6364250.17815099
 20
6168983.29313483
 10
6364253.15871739
 20
6168985.25302216
 10
6364253.78098235
 20
6168985.6621448
 10
6364255.23040721
 20
6168983.39139224
 10
6364251.93826444
 20
6168981.21335231
 10
6364249.02585127
 20
6168979.28608025
 10
6364247.10219518
 20
6168982.31119317
 10
6364245.69789395
 20
6168984.51855316
 10
6364244.78477894
 20
6168985.95177257
 10
6364246.73484412
 20
6168987.23450455
 10
6364247.63195624
 20
6168985.86906879
 10
6364248.19470953
 20
6168986.24332029
  0
LWPOLYLINE
  5
200DF
330
1F
100
AcDbEntity
  8
tejido
100
AcDbPolyline
 90
5
 70
1
 10
6364248.58511759
 20
6168985.66272359
 10
6364248.1945697
 20
6168986.2432533
 10
6364249.02780936
 20
6168986.79752008
 10
6364249.41835726
 20
6168986.21699037
 10
6364248.58511759
 20
6168985.66272359
  0
LWPOLYLINE
  5
200E0
330
1F
100
AcDbEntity
  8
tejido
100
AcDbPolyline
 90
24
 70
1
 10
6364265.03357605
 20
6168989.87871857
 10
6364263.45125787
 20
6168988.83101163
 10
6364256.06290819
 20
6168983.94209927
 10
6364255.23040721
 20
6168983.39139224
 10
6364253.78098235
 20
6168985.6621448
 10
6364253.15871739
 20
6168985.25302216
 10
6364250.17815099
 20
6168983.29313483
 10
6364249.68591391
 20
6168983.98819337
 10
6364249.19237538
 20
6168984.76034606
 10
6364249.14345897
 20
6168984.83265882
 10
6364251.22505724
 20
6168986.21926134
 10
6364250.2761238
 20
6168987.6299812
 10
6364251.85156809
 20
6168988.68015281
 10
6364253.1115907
 20
6168986.70881625
 10
6364256.32615372
 20
6168988.88115163
 10
6364255.51964706
 20
6168990.06986396
 10
6364259.92374785
 20
6168992.90761875
 10
6364259.38810563
 20
6168993.69912582
 10
6364260.22054021
 20
6168994.25441101
 10
6364260.76517621
 20
6168993.44899164
 10
6364263.1905653
 20
6168995.06373857
 10
6364263.80862774
 20
6168994.10839418
 10
6364262.64134706
 20
6168993.41124347
 10
6364265.03357605
 20
6168989.87871857
  0
LWPOLYLINE
  5
200E1
330
1F
100
AcDbEntity
  8
tejido
100
AcDbPolyline
 90
10
 70
1
 10
6364268.26662468
 20
6168992.01835203
 10
6364266.12031292
 20
6168990.59771887
 10
6364265.03357605
 20
6168989.87871857
 10
6364262.64134706
 20
6168993.41124347
 10
6364263.80862774
 20
6168994.10839418
 10
6364263.1905653
 20
6168995.06373857
 10
6364264.02301492
 20
6168995.61798602
 10
6364263.49500714
 20
6168996.43457551
 10
6364264.70847355
 20
6168997.24345601
 10
6364268.26662468
 20
6168992.01835203
  0
LWPOLYLINE
  5
200E2
330
1F
100
AcDbEntity
  8
tejido
100
AcDbPolyline
 90
9
 70
1
 10
6364273.21081506
 20
6168995.29010794
 10
6364271.30592747
 20
6168994.02866819
 10
6364268.66116452
 20
6168992.27934785
 10
6364268.26662468
 20
6168992.01835203
 10
6364264.70847355
 20
6168997.24345601
 10
6364268.30912818
 20
6168999.64045857
 10
6364267.47307473
 20
6169000.86677983
 10
6364268.81073894
 20
6169001.74645451
 10
6364273.21081506
 20
6168995.29010794
  0
LWPOLYLINE
  5
200E3
330
1F
100
AcDbEntity
  8
tejido
100
AcDbPolyline
 90
13
 70
1
 10
6364252.09669821
 20
6168995.49102458
 10
6364250.03958174
 20
6168994.08768172
 10
6364249.80754665
 20
6168994.41346585
 10
6364249.47593419
 20
6168994.18757387
 10
6364249.54908647
 20
6168993.7534928
 10
6364247.32943968
 20
6168992.24076213
 10
6364247.09764875
 20
6168992.5665498
 10
6364245.06327491
 20
6168995.64805949
 10
6364247.36606813
 20
6168997.14893036
 10
6364248.29855145
 20
6168995.84103344
 10
6364250.75567212
 20
6168997.46118618
 10
6364251.87083279
 20
6168995.82080575
 10
6364252.09669821
 20
6168995.49102458
  0
LWPOLYLINE
  5
200E4
330
1F
100
AcDbEntity
  8
tejido
100
AcDbPolyline
 90
12
 70
1
 10
6364257.25385371
 20
6168994.14934538
 10
6364254.31809927
 20
6168992.21910952
 10
6364253.03526108
 20
6168994.10915561
 10
6364252.09669821
 20
6168995.49102458
 10
6364251.87083279
 20
6168995.82080575
 10
6364250.75567212
 20
6168997.46118618
 10
6364248.29855145
 20
6168995.84103344
 10
6364247.36606813
 20
6168997.14893036
 10
6364249.45565009
 20
6168998.51128749
 10
6364252.91645188
 20
6169000.76766566
 10
6364255.32883565
 20
6168997.08737349
 10
6364257.25385371
 20
6168994.14934538
  0
LWPOLYLINE
  5
200E5
330
1F
100
AcDbEntity
  8
tejido
100
AcDbPolyline
 90
23
 70
1
 10
6364266.81871589
 20
6169004.66952891
 10
6364266.61124604
 20
6169004.54349275
 10
6364265.58359337
 20
6169006.02706993
 10
6364264.72382362
 20
6169005.50844893
 10
6364263.9603505
 20
6169006.61371214
 10
6364260.56271881
 20
6169004.37571229
 10
6364258.22543884
 20
6169002.83630375
 10
6364258.50750873
 20
6169002.42424139
 10
6364257.8384466
 20
6169001.98342382
 10
6364259.2510361
 20
6168999.92021386
 10
6364261.58927857
 20
6169001.46061327
 10
6364260.17711638
 20
6169003.52382942
 10
6364260.8447887
 20
6169003.96364994
 10
6364262.34502816
 20
6169001.77172435
 10
6364264.36367767
 20
6168998.82296547
 10
6364257.25385371
 20
6168994.14934538
 10
6364255.32883565
 20
6168997.08737349
 10
6364252.91645188
 20
6169000.76766566
 10
6364254.80245043
 20
6169001.99702157
 10
6364259.27212696
 20
6169004.9103982
 10
6364262.61819962
 20
6169007.0914181
 10
6364264.38407877
 20
6169008.24240696
 10
6364266.81871589
 20
6169004.66952891
  0
LWPOLYLINE
  5
200E6
330
1F
100
AcDbEntity
  8
tejido
100
AcDbPolyline
 90
12
 70
1
 10
6364266.81856664
 20
6169004.66943736
 10
6364268.81061525
 20
6169001.74635209
 10
6364267.47292683
 20
6169000.86666241
 10
6364264.36352959
 20
6168998.82289494
 10
6364262.34510056
 20
6169001.77160622
 10
6364260.84481694
 20
6169003.96357952
 10
6364260.56274826
 20
6169004.37562627
 10
6364263.9604247
 20
6169006.61363849
 10
6364264.7237059
 20
6169005.50833927
 10
6364265.58347099
 20
6169006.02697877
 10
6364266.61132554
 20
6169004.54339035
 10
6364266.81856664
 20
6169004.66943736
  0
LWPOLYLINE
  5
200E7
330
1F
100
AcDbEntity
  8
tejido
100
AcDbPolyline
 90
12
 70
1
 10
6364245.06327225
 20
6168995.64824261
 10
6364243.43693265
 20
6168994.58793022
 10
6364240.93850945
 20
6168998.42058998
 10
6364241.30322545
 20
6168998.65831846
 10
6364239.43687201
 20
6169001.52124474
 10
6364240.65196636
 20
6169002.32734034
 10
6364245.26555937
 20
6169005.38744505
 10
6364247.67049702
 20
6169001.76168936
 10
6364247.41287813
 20
6169001.59090477
 10
6364249.45565009
 20
6168998.51128749
 10
6364247.36606458
 20
6168997.14917453
 10
6364245.06327225
 20
6168995.64824261
  0
LWPOLYLINE
  5
200E8
330
1F
100
AcDbEntity
  8
tejido
100
AcDbPolyline
 90
6
 70
1
 10
6364232.86623654
 20
6168997.1626111
 10
6364229.75105738
 20
6168995.09675218
 10
6364228.30866545
 20
6168997.22854515
 10
6364225.55169678
 20
6169001.30092099
 10
6364228.5844599
 20
6169003.3866914
 10
6364232.86623654
 20
6168997.1626111
  0
LWPOLYLINE
  5
200E9
330
1F
100
AcDbEntity
  8
tejido
100
AcDbPolyline
 90
17
 70
1
 10
6364252.21560687
 20
6169009.99756987
 10
6364249.09831417
 20
6169007.92982935
 10
6364245.26555937
 20
6169005.38744505
 10
6364240.65196636
 20
6169002.32734034
 10
6364240.34506553
 20
6169002.79704522
 10
6364239.67396498
 20
6169003.82262784
 10
6364240.5827423
 20
6169004.40997554
 10
6364238.05580475
 20
6169008.28062568
 10
6364239.68644969
 20
6169009.37665686
 10
6364241.67464823
 20
6169010.7159297
 10
6364243.10460991
 20
6169008.59997545
 10
6364246.74258629
 20
6169011.02951247
 10
6364245.31434862
 20
6169013.16551789
 10
6364246.40707998
 20
6169013.90060163
 10
6364248.50413705
 20
6169010.76999668
 10
6364250.82309504
 20
6169012.27610844
 10
6364252.21560687
 20
6169009.99756987
  0
LWPOLYLINE
  5
200EA
330
1F
100
AcDbEntity
  8
tejido
100
AcDbPolyline
 90
5
 70
1
 10
6364241.67453361
 20
6169010.71584207
 10
6364245.31422271
 20
6169013.16543401
 10
6364246.74267077
 20
6169011.02943749
 10
6364243.1046918
 20
6169008.599877
 10
6364241.67453361
 20
6169010.71584207
  0
LWPOLYLINE
  5
200EB
330
1F
100
AcDbEntity
  8
tejido
100
AcDbPolyline
 90
18
 70
1
 10
6364256.01942765
 20
6169017.54418823
 10
6364255.73609414
 20
6169017.35306553
 10
6364255.43163271
 20
6169017.17055045
 10
6364254.95063557
 20
6169016.88448893
 10
6364257.31921746
 20
6169013.38269797
 10
6364254.06682624
 20
6169011.22538329
 10
6364252.93076816
 20
6169010.47190395
 10
6364252.21560687
 20
6169009.99756987
 10
6364250.82309504
 20
6169012.27610844
 10
6364248.50413705
 20
6169010.76999668
 10
6364246.40707998
 20
6169013.90060163
 10
6364248.29330018
 20
6169015.16940252
 10
6364249.44745319
 20
6169015.94237679
 10
6364251.22779729
 20
6169017.131613
 10
6364250.38924262
 20
6169018.37884012
 10
6364250.93101676
 20
6169018.75144403
 10
6364253.85008368
 20
6169020.75879484
 10
6364256.01942765
 20
6169017.54418823
  0
LWPOLYLINE
  5
200EC
330
1F
100
AcDbEntity
  8
tejido
100
AcDbPolyline
 90
9
 70
1
 10
6364240.65087158
 20
6169028.23852452
 10
6364240.13387951
 20
6169029.01125294
 10
6364239.357585
 20
6169030.17121917
 10
6364246.28390925
 20
6169034.80474996
 10
6364250.69729167
 20
6169028.32759238
 10
6364249.16396945
 20
6169027.26521032
 10
6364246.8758389
 20
6169025.67950214
 10
6364243.7678458
 20
6169030.3240274
 10
6364240.65087158
 20
6169028.23852452
  0
LWPOLYLINE
  5
200ED
330
1F
100
AcDbEntity
  8
tejido
100
AcDbPolyline
 90
6
 70
1
 10
6364234.34659326
 20
6169026.81893485
 10
6364226.45453576
 20
6169021.5387402
 10
6364223.89162185
 20
6169025.47388456
 10
6364224.28702927
 20
6169025.73070358
 10
6364231.85118178
 20
6169030.65202406
 10
6364234.34659326
 20
6169026.81893485
  0
LWPOLYLINE
  5
200EE
330
1F
100
AcDbEntity
  8
tejido
100
AcDbPolyline
 90
10
 70
1
 10
6364246.28390925
 20
6169034.80474996
 10
6364239.357585
 20
6169030.17121917
 10
6364234.3467282
 20
6169026.81900226
 10
6364231.8511071
 20
6169030.65213043
 10
6364235.60226051
 20
6169033.20932739
 10
6364233.72099407
 20
6169036.02703974
 10
6364240.62466779
 20
6169040.62263178
 10
6364241.78958116
 20
6169041.39881482
 10
6364244.04347549
 20
6169038.09238587
 10
6364246.28390925
 20
6169034.80474996
  0
LWPOLYLINE
  5
200EF
330
1F
100
AcDbEntity
  8
tejido
100
AcDbPolyline
 90
6
 70
1
 10
6364219.41151681
 20
6169016.82704585
 10
6364216.40468181
 20
6169014.81577625
 10
6364216.30655204
 20
6169014.96040139
 10
6364211.88737802
 20
6169021.491492
 10
6364214.95775669
 20
6169023.53569394
 10
6364219.41151681
 20
6169016.82704585
  0
LWPOLYLINE
  5
200F0
330
1F
100
AcDbEntity
  8
tejido
100
AcDbPolyline
 90
15
 70
1
 10
6364241.78965241
 20
6169041.39870938
 10
6364240.62451978
 20
6169040.62255636
 10
6364233.72086425
 20
6169036.0269221
 10
6364225.76403075
 20
6169030.72978276
 10
6364223.30250909
 20
6169034.43332046
 10
6364222.55289594
 20
6169035.56182581
 10
6364229.37629619
 20
6169040.10427882
 10
6364228.2015926
 20
6169041.98787112
 10
6364229.48065129
 20
6169042.84070164
 10
6364231.70388995
 20
6169044.32343263
 10
6364234.731626
 20
6169046.34200734
 10
6364236.43570407
 20
6169047.4790953
 10
6364237.26794376
 20
6169048.03334743
 10
6364238.7888099
 20
6169045.801659
 10
6364241.78965241
 20
6169041.39870938
  0
LWPOLYLINE
  5
200F1
330
1F
100
AcDbEntity
  8
tejido
100
AcDbPolyline
 90
6
 70
1
 10
6364229.75105738
 20
6168995.09675218
 10
6364227.04153013
 20
6168993.41590344
 10
6364225.48303306
 20
6168992.44898273
 10
6364224.15604859
 20
6168994.41739489
 10
6364228.30866545
 20
6168997.22854515
 10
6364229.75105738
 20
6168995.09675218
  0
LWPOLYLINE
  5
200F2
330
1F
100
AcDbEntity
  8
tejido
100
AcDbPolyline
 90
7
 70
1
 10
6364232.95620102
 20
6168974.1770624
 10
6364235.58734232
 20
6168970.15888032
 10
6364247.3251524
 20
6168952.23513057
 10
6364244.20278271
 20
6168950.18917362
 10
6364228.75720233
 20
6168973.59798125
 10
6364231.97309057
 20
6168975.6793059
 10
6364232.95620102
 20
6168974.1770624
  0
LWPOLYLINE
  5
200F3
330
1F
100
AcDbEntity
  8
tejido
100
AcDbPolyline
 90
22
 70
1
 10
6364225.32528637
 20
6168985.83117701
 10
6364232.68644405
 20
6168990.75956458
 10
6364234.17955962
 20
6168988.55367594
 10
6364238.66293711
 20
6168981.92752083
 10
6364243.10354419
 20
6168975.3666854
 10
6364250.01614729
 20
6168965.1535315
 10
6364256.62186673
 20
6168955.39207176
 10
6364258.17181597
 20
6168953.10262924
 10
6364258.56720005
 20
6168952.51832471
 10
6364257.22252755
 20
6168951.63775441
 10
6364253.32187021
 20
6168957.59415748
 10
6364253.00573052
 20
6168957.3875392
 10
6364250.83684364
 20
6168960.64214337
 10
6364249.88424331
 20
6168960.04115507
 10
6364245.33177603
 20
6168966.86339441
 10
6364243.87221076
 20
6168965.90190757
 10
6364239.24323277
 20
6168972.69104424
 10
6364237.74553512
 20
6168971.67295538
 10
6364235.13961249
 20
6168975.60528562
 10
6364232.95640969
 20
6168974.17715674
 10
6364231.97330083
 20
6168975.67939148
 10
6364225.32528637
 20
6168985.83117701
  0
LWPOLYLINE
  5
200F4
330
1F
100
AcDbEntity
  8
tejido
100
AcDbPolyline
 90
7
 70
1
 10
6364251.17184465
 20
6168946.36143233
 10
6364254.15936858
 20
6168948.40567747
 10
6364253.58069049
 20
6168949.25132695
 10
6364255.49217603
 20
6168950.50407079
 10
6364259.16771158
 20
6168945.11661395
 10
6364254.13096294
 20
6168941.79845551
 10
6364251.17184465
 20
6168946.36143233
  0
LWPOLYLINE
  5
200F5
330
1F
100
AcDbEntity
  8
tejido
100
AcDbPolyline
 90
10
 70
1
 10
6364286.03064953
 20
6168962.81103921
 10
6364285.11381027
 20
6168964.22741409
 10
6364285.51061135
 20
6168964.48404673
 10
6364281.58966771
 20
6168970.54260617
 10
6364283.37374965
 20
6168971.69721726
 10
6364287.4775898
 20
6168974.35325056
 10
6364289.96575101
 20
6168970.7018995
 10
6364289.28279333
 20
6168967.02677369
 10
6364288.84291616
 20
6168964.66359198
 10
6364286.03064953
 20
6168962.81103921
  0
LWPOLYLINE
  5
200F6
330
1F
100
AcDbEntity
  8
tejido
100
AcDbPolyline
 90
9
 70
1
 10
6364245.69775038
 20
6168984.5184744
 10
6364244.65337067
 20
6168983.83110168
 10
6364245.18978034
 20
6168982.98759966
 10
6364243.56078337
 20
6168981.91562174
 10
6364242.48594926
 20
6168983.60359689
 10
6364243.99010595
 20
6168984.592737
 10
6364243.61442931
 20
6168985.18248543
 10
6364244.78466395
 20
6168985.95171033
 10
6364245.69775038
 20
6168984.5184744
  0
LWPOLYLINE
  5
200F7
330
1F
100
AcDbEntity
  8
tejido
100
AcDbPolyline
 90
27
 70
1
 10
6364264.70854837
 20
6168997.24337308
 10
6364263.4948742
 20
6168996.4345052
 10
6364264.02289113
 20
6168995.61789045
 10
6364263.19065161
 20
6168995.06363823
 10
6364260.76525998
 20
6168993.4489318
 10
6364260.22040054
 20
6168994.2542986
 10
6364259.38817552
 20
6168993.69904624
 10
6364259.92383077
 20
6168992.90755059
 10
6364255.51951731
 20
6168990.06974192
 10
6364256.32602233
 20
6168988.88104178
 10
6364253.11145442
 20
6168986.70870633
 10
6364251.85144919
 20
6168988.68009052
 10
6364250.27615417
 20
6168987.62989861
 10
6364251.22492581
 20
6168986.21918763
 10
6364249.14334135
 20
6168984.83254233
 10
6364248.58511759
 20
6168985.66272359
 10
6364249.41835726
 20
6168986.21699037
 10
6364249.02780936
 20
6168986.79752008
 10
6364248.1945697
 20
6168986.2432533
 10
6364247.63181006
 20
6168985.86896849
 10
6364246.73471197
 20
6168987.23441374
 10
6364254.31795177
 20
6168992.21903265
 10
6364257.25393803
 20
6168994.14924793
 10
6364264.36352959
 20
6168998.82289494
 10
6364267.47292683
 20
6169000.86666241
 10
6364268.30898659
 20
6168999.64037837
 10
6364264.70854837
 20
6168997.24337308
  0
LWPOLYLINE
  5
200F8
330
1F
100
AcDbEntity
  8
tejido
100
AcDbPolyline
 90
20
 70
1
 10
6364252.09669821
 20
6168995.49102458
 10
6364253.03526108
 20
6168994.10915561
 10
6364254.31809927
 20
6168992.21910952
 10
6364246.73484412
 20
6168987.23450455
 10
6364244.78477894
 20
6168985.95177257
 10
6364243.61457439
 20
6168985.18259499
 10
6364242.8682577
 20
6168984.6926061
 10
6364241.56717621
 20
6168983.83745672
 10
6364238.66311758
 20
6168981.92770662
 10
6364234.17955697
 20
6168988.55385906
 10
6364241.52220268
 20
6168993.33996293
 10
6364243.43693265
 20
6168994.58793022
 10
6364245.06327491
 20
6168995.64805949
 10
6364247.09764875
 20
6168992.5665498
 10
6364247.32943968
 20
6168992.24076213
 10
6364249.54908647
 20
6168993.7534928
 10
6364249.47593419
 20
6168994.18757387
 10
6364249.80754665
 20
6168994.41346585
 10
6364250.03958174
 20
6168994.08768172
 10
6364252.09669821
 20
6168995.49102458
  0
LWPOLYLINE
  5
200F9
330
1F
100
AcDbEntity
  8
tejido
100
AcDbPolyline
 90
9
 70
1
 10
6364260.84481694
 20
6169003.96357952
 10
6364260.17697283
 20
6169003.52374918
 10
6364261.58936003
 20
6169001.46054412
 10
6364259.25092006
 20
6168999.92012328
 10
6364257.83853284
 20
6169001.98332836
 10
6364258.50736257
 20
6169002.42417333
 10
6364258.22529388
 20
6169002.83622008
 10
6364260.56274826
 20
6169004.37562627
 10
6364260.84481694
 20
6169003.96357952
  0
LWPOLYLINE
  5
200FA
330
1F
100
AcDbEntity
  8
tejido
100
AcDbPolyline
 90
22
 70
1
 10
6364246.40707998
 20
6169013.90060163
 10
6364245.31434862
 20
6169013.16551789
 10
6364241.67464823
 20
6169010.7159297
 10
6364239.68644969
 20
6169009.37665686
 10
6364238.05580475
 20
6169008.28062568
 10
6364240.5827423
 20
6169004.40997554
 10
6364239.67396498
 20
6169003.82262784
 10
6364240.34506553
 20
6169002.79704522
 10
6364240.65196636
 20
6169002.32734034
 10
6364239.43687201
 20
6169001.52124474
 10
6364238.4070077
 20
6169000.83805416
 10
6364234.26112276
 20
6168998.08781291
 10
6364232.86629833
 20
6168997.16267745
 10
6364228.58437658
 20
6169003.38665219
 10
6364233.39960807
 20
6169006.69701749
 10
6364237.33427648
 20
6169009.40273818
 10
6364247.59953624
 20
6169016.46098026
 10
6364250.38924262
 20
6169018.37884012
 10
6364251.22779729
 20
6169017.131613
 10
6364249.44745319
 20
6169015.94237679
 10
6364248.29330018
 20
6169015.16940252
 10
6364246.40707998
 20
6169013.90060163
  0
LWPOLYLINE
  5
200FB
330
1F
100
AcDbEntity
  8
tejido
100
AcDbPolyline
 90
7
 70
1
 10
6364259.77228475
 20
6169015.00969783
 10
6364258.47631124
 20
6169014.15061993
 10
6364256.60423818
 20
6169016.73333199
 10
6364256.01928687
 20
6169017.54411928
 10
6364257.42046093
 20
6169018.46074177
 10
6364257.98362716
 20
6169017.63463349
 10
6364259.77228475
 20
6169015.00969783
  0
LWPOLYLINE
  5
200FC
330
1F
100
AcDbEntity
  8
tejido
100
AcDbPolyline
 90
6
 70
1
 10
6364221.53105766
 20
6169047.31991738
 10
6364217.14493479
 20
6169044.40034575
 10
6364216.17813124
 20
6169045.88181911
 10
6364220.55194889
 20
6169048.75319628
 10
6364220.9536141
 20
6169048.16482504
 10
6364221.53105766
 20
6169047.31991738
  0
LWPOLYLINE
  5
200FD
330
1F
100
AcDbEntity
  8
tejido
100
AcDbPolyline
 90
7
 70
1
 10
6364216.17813124
 20
6169045.88181911
 10
6364217.14493479
 20
6169044.40034575
 10
6364210.08176775
 20
6169039.69836287
 10
6364208.8907012
 20
6169041.46868035
 10
6364214.25361739
 20
6169044.97661173
 10
6364216.0144414
 20
6169046.13252887
 10
6364216.17813124
 20
6169045.88181911
  0
LWPOLYLINE
  5
200FE
330
1F
100
AcDbEntity
  8
tejido
100
AcDbPolyline
 90
11
 70
1
 10
6364208.2758066
 20
6169037.27866491
 10
6364209.52519884
 20
6169035.37512839
 10
6364210.16944455
 20
6169035.78841631
 10
6364211.55651886
 20
6169033.74583884
 10
6364213.29934196
 20
6169034.89948501
 10
6364214.61854742
 20
6169032.93096026
 10
6364211.02787365
 20
6169030.53611729
 10
6364207.40194317
 20
6169028.11792811
 10
6364206.94075224
 20
6169028.7982954
 10
6364203.42315577
 20
6169033.99718578
 10
6364208.2758066
 20
6169037.27866491
  0
LWPOLYLINE
  5
200FF
330
1F
100
AcDbEntity
  8
tejido
100
AcDbPolyline
 90
20
 70
1
 10
6364203.42315842
 20
6169033.99700265
 10
6364206.94075224
 20
6169028.7982954
 10
6364205.92088781
 20
6169028.14125951
 10
6364205.42904394
 20
6169029.01546064
 10
6364204.59902164
 20
6169028.46222527
 10
6364205.79853751
 20
6169026.71402303
 10
6364204.71861747
 20
6169026.00910331
 10
6364202.59444065
 20
6169029.19939401
 10
6364204.59649495
 20
6169030.49686171
 10
6364204.1514201
 20
6169031.18161455
 10
6364203.42401415
 20
6169032.29643743
 10
6364201.49192684
 20
6169031.01598117
 10
6364200.00355887
 20
6169033.26919605
 10
6364199.05152251
 20
6169034.71284123
 10
6364199.80582565
 20
6169035.24995861
 10
6364200.78637786
 20
6169033.79769086
 10
6364201.89587562
 20
6169034.54706059
 10
6364200.8921455
 20
6169036.02298693
 10
6364201.67329384
 20
6169036.58247367
 10
6364203.42315842
 20
6169033.99700265
  0
LWPOLYLINE
  5
20100
330
1F
100
AcDbEntity
  8
tejido
100
AcDbPolyline
 90
6
 70
1
 10
6364208.67828861
 20
6169017.01046845
 10
6364206.15207268
 20
6169015.3812951
 10
6364204.34925348
 20
6169018.01702947
 10
6364206.91471996
 20
6169019.69878945
 10
6364207.75649126
 20
6169018.42357166
 10
6364208.67828861
 20
6169017.01046845
  0
LWPOLYLINE
  5
20101
330
1F
100
AcDbEntity
  8
tejido
100
AcDbPolyline
 90
10
 70
1
 10
6364211.88737802
 20
6169021.491492
 10
6364216.30655204
 20
6169014.96040139
 10
6364215.34687788
 20
6169014.29526439
 10
6364213.33603883
 20
6169013.06569719
 10
6364211.03684479
 20
6169016.47449076
 10
6364212.99535836
 20
6169017.72530626
 10
6364211.02708123
 20
6169020.59571937
 10
6364207.79262587
 20
6169025.3113857
 10
6364208.85031205
 20
6169025.97794438
 10
6364211.88737802
 20
6169021.491492
  0
LWPOLYLINE
  5
20102
330
1F
100
AcDbEntity
  8
tejido
100
AcDbPolyline
 90
9
 70
1
 10
6364221.12946275
 20
6169007.83606819
 10
6364223.28446097
 20
6169004.65125832
 10
6364222.36982049
 20
6169004.05379681
 10
6364220.5875405
 20
6169006.6528166
 10
6364218.38766801
 20
6169005.21433881
 10
6364215.88679071
 20
6169009.0104365
 10
6364217.97747729
 20
6169010.45923444
 10
6364218.91436768
 20
6169011.10893593
 10
6364221.12946275
 20
6169007.83606819
  0
LWPOLYLINE
  5
20103
330
1F
100
AcDbEntity
  8
tejido
100
AcDbPolyline
 90
6
 70
1
 10
6364218.02173073
 20
6168998.02264162
 10
6364217.36559478
 20
6168998.98244629
 10
6364216.61032892
 20
6169000.0868616
 10
6364218.86343968
 20
6169001.64805222
 10
6364220.27484147
 20
6168999.58383225
 10
6364218.02173073
 20
6168998.02264162
  0
LWPOLYLINE
  5
20104
330
1F
100
AcDbEntity
  8
tejido
100
AcDbPolyline
 90
6
 70
1
 10
6364190.53981561
 20
6169038.21249998
 10
6364184.68765507
 20
6169034.3653611
 10
6364178.73345384
 20
6169030.44971964
 10
6364178.33894897
 20
6169031.02719115
 10
6364190.14531078
 20
6169038.78997147
 10
6364190.53981561
 20
6169038.21249998
  0
LWPOLYLINE
  5
20105
330
1F
100
AcDbEntity
  8
tejido
100
AcDbPolyline
 90
14
 70
1
 10
6364204.34925348
 20
6169018.01702947
 10
6364206.15207268
 20
6169015.3812951
 10
6364210.93815281
 20
6169008.38236927
 10
6364214.75025519
 20
6169002.80779388
 10
6364211.98434638
 20
6169000.94506709
 10
6364202.97835091
 20
6168994.87645637
 10
6364187.82592413
 20
6169017.10912923
 10
6364186.99802477
 20
6169018.32452837
 10
6364192.87782582
 20
6169022.19707679
 10
6364193.73335312
 20
6169020.87004117
 10
6364195.37274535
 20
6169018.32896837
 10
6364196.1276429
 20
6169018.83608347
 10
6364201.37825523
 20
6169022.36239303
 10
6364204.34925348
 20
6169018.01702947
  0
LWPOLYLINE
  5
20106
330
1F
100
AcDbEntity
  8
tejido
100
AcDbPolyline
 90
5
 70
1
 10
6364205.20462256
 20
6168979.24962704
 10
6364202.8333612
 20
6168977.6957434
 10
6364201.21048174
 20
6168980.06301222
 10
6364203.58466509
 20
6168981.62591339
 10
6364205.20462256
 20
6168979.24962704
  0
LWPOLYLINE
  5
20107
330
1F
100
AcDbEntity
  8
tejido
100
AcDbPolyline
 90
6
 70
1
 10
6364163.36608627
 20
6169007.02009077
 10
6364160.15193707
 20
6169004.88777426
 10
6364159.91170022
 20
6169005.24340897
 10
6364157.64687253
 20
6169008.62769327
 10
6364160.81050878
 20
6169010.72526574
 10
6364163.36608627
 20
6169007.02009077
  0
LWPOLYLINE
  5
20108
330
1F
100
AcDbEntity
  8
tejido
100
AcDbPolyline
 90
6
 70
1
 10
6364225.45988216
 20
6168932.94486635
 10
6364222.31349493
 20
6168930.899561
 10
6364221.38646449
 20
6168932.3285933
 10
6364220.47275482
 20
6168933.73581151
 10
6364223.56664337
 20
6168935.74534367
 10
6364225.45988216
 20
6168932.94486635
  0
LWPOLYLINE
  5
20109
330
1F
100
AcDbEntity
  8
tejido
100
AcDbPolyline
 90
10
 70
1
 10
6364148.39445471
 20
6168999.48799065
 10
6364150.79073427
 20
6168995.97933475
 10
6364143.84719724
 20
6168991.53897567
 10
6364141.63894317
 20
6168994.69159709
 10
6364140.24925847
 20
6168996.66575487
 10
6364141.53186289
 20
6168997.5362056
 10
6364142.09243593
 20
6168996.70964767
 10
6364145.61637566
 20
6168999.10034868
 10
6364147.6954283
 20
6169000.5109705
 10
6364148.39445471
 20
6168999.48799065
  0
LWPOLYLINE
  5
2010A
330
1F
100
AcDbEntity
  8
tejido
100
AcDbPolyline
 90
6
 70
1
 10
6364167.04559615
 20
6168961.34231434
 10
6364165.86313213
 20
6168963.13979144
 10
6364166.68904088
 20
6168963.67776458
 10
6364167.62310211
 20
6168964.28568865
 10
6364168.80678608
 20
6168962.48829031
 10
6364167.04559615
 20
6168961.34231434
  0
LWPOLYLINE
  5
2010B
330
1F
100
AcDbEntity
  8
tejido
100
AcDbPolyline
 90
9
 70
1
 10
6364184.46741522
 20
6168965.66022329
 10
6364174.96634269
 20
6168959.43413691
 10
6364173.29642592
 20
6168958.3390009
 10
6364172.75554951
 20
6168959.14618452
 10
6364175.78768934
 20
6168961.1242215
 10
6364171.89915488
 20
6168967.06981218
 10
6364173.53645849
 20
6168968.13614534
 10
6364180.07964385
 20
6168972.39620068
 10
6364184.46741522
 20
6168965.66022329
  0
LWPOLYLINE
  5
2010C
330
1F
100
AcDbEntity
  8
tejido
100
AcDbPolyline
 90
8
 70
1
 10
6364164.54251016
 20
6168942.9609142
 10
6364165.64264124
 20
6168943.68255141
 10
6364167.81691184
 20
6168945.10774271
 10
6364176.4857538
 20
6168950.78972034
 10
6364178.03846261
 20
6168948.37741262
 10
6364166.98474959
 20
6168941.33477714
 10
6364166.05794694
 20
6168940.74417592
 10
6364164.54251016
 20
6168942.9609142
  0
LWPOLYLINE
  5
2010D
330
1F
100
AcDbEntity
  8
tejido
100
AcDbPolyline
 90
20
 70
1
 10
6364197.61331613
 20
6168957.02815458
 10
6364198.55910201
 20
6168955.63240856
 10
6364196.34140675
 20
6168954.17874629
 10
6364193.36275257
 20
6168952.2259074
 10
6364192.75135921
 20
6168951.82494059
 10
6364191.42803041
 20
6168953.8714342
 10
6364188.56248451
 20
6168951.99625004
 10
6364189.90133842
 20
6168949.95700299
 10
6364189.43164856
 20
6168949.6490643
 10
6364187.27638343
 20
6168948.23532198
 10
6364185.78967572
 20
6168950.52556026
 10
6364181.09214931
 20
6168947.48945252
 10
6364179.80749798
 20
6168949.50445312
 10
6364180.89412511
 20
6168950.03741618
 10
6364179.23772427
 20
6168952.59420338
 10
6364179.47516039
 20
6168952.75053042
 10
6364190.94787802
 20
6168960.2700827
 10
6364194.04369138
 20
6168962.29912877
 10
6364195.37463435
 20
6168960.33382724
 10
6364197.61331613
 20
6168957.02815458
  0
LWPOLYLINE
  5
2010E
330
1F
100
AcDbEntity
  8
tejido
100
AcDbPolyline
 90
29
 70
1
 10
6364199.46465851
 20
6168954.29401133
 10
6364200.94073675
 20
6168952.11569137
 10
6364194.23068377
 20
6168947.62089541
 10
6364193.62171294
 20
6168948.57038056
 10
6364190.02267967
 20
6168946.2144081
 10
6364190.54637722
 20
6168945.4197379
 10
6364189.18533763
 20
6168944.56371701
 10
6364187.88828382
 20
6168946.53756503
 10
6364186.30436382
 20
6168945.53026187
 10
6364187.09607047
 20
6168944.32734225
 10
6364185.22282767
 20
6168943.12878004
 10
6364184.42506225
 20
6168944.33561311
 10
6364181.72207239
 20
6168942.61784618
 10
6364182.524969
 20
6168941.40208454
 10
6364180.06494903
 20
6168939.82988926
 10
6364179.25895049
 20
6168941.05260824
 10
6364178.3969143
 20
6168942.41456093
 10
6364182.57955037
 20
6168945.15612449
 10
6364187.27646239
 20
6168948.23525767
 10
6364189.43167896
 20
6168949.64898024
 10
6364190.44759061
 20
6168948.16121706
 10
6364191.79620802
 20
6168949.04606739
 10
6364192.39307495
 20
6168948.17243195
 10
6364195.04147874
 20
6168949.86039731
 10
6364194.80966355
 20
6168950.18714445
 10
6364197.7335471
 20
6168952.1241873
 10
6364196.34129228
 20
6168954.17868162
 10
6364198.55895073
 20
6168955.63232284
 10
6364199.46465851
 20
6168954.29401133
  0
LWPOLYLINE
  5
2010F
330
1F
100
AcDbEntity
  8
tejido
100
AcDbPolyline
 90
24
 70
1
 10
6364206.30945241
 20
6168944.18990694
 10
6364207.0955781
 20
6168943.02691976
 10
6364207.55457055
 20
6168942.34834993
 10
6364205.80254488
 20
6168941.20656442
 10
6364205.50129317
 20
6168941.0101307
 10
6364205.40120931
 20
6168940.94465762
 10
6364202.07455499
 20
6168938.77569708
 10
6364200.31460086
 20
6168937.62879486
 10
6364199.9429788
 20
6168937.38732572
 10
6364199.21062844
 20
6168938.49807534
 10
6364198.16320478
 20
6168937.81365921
 10
6364197.1691217
 20
6168939.31374294
 10
6364196.49726255
 20
6168938.87485446
 10
6364195.7976995
 20
6168939.93206174
 10
6364190.56624816
 20
6168936.53307086
 10
6364189.69474486
 20
6168938.06494271
 10
6364183.76466397
 20
6168934.14164662
 10
6364182.8388784
 20
6168935.69173742
 10
6364185.23689074
 20
6168937.26303326
 10
6364191.18830788
 20
6168941.16363111
 10
6364193.84295811
 20
6168942.90370446
 10
6364200.88338324
 20
6168947.51833104
 10
6364204.07583564
 20
6168942.73303319
 10
6364206.30945241
 20
6168944.18990694
  0
LWPOLYLINE
  5
20110
330
1F
100
AcDbEntity
  8
tejido
100
AcDbPolyline
 90
8
 70
1
 10
6364183.75769752
 20
6168913.25371913
 10
6364182.28290162
 20
6168915.41304399
 10
6364189.37978979
 20
6168920.06511003
 10
6364189.47867534
 20
6168920.12992001
 10
6364191.19057145
 20
6168917.62394249
 10
6364185.78481021
 20
6168914.1874164
 10
6364185.61496427
 20
6168914.43503582
 10
6364183.75769752
 20
6168913.25371913
  0
LWPOLYLINE
  5
20111
330
1F
100
AcDbEntity
  8
tejido
100
AcDbPolyline
 90
8
 70
1
 10
6364199.81132051
 20
6168922.68160242
 10
6364201.02526271
 20
6168920.91962814
 10
6364197.58270741
 20
6168918.72701103
 10
6364196.34114045
 20
6168920.54561041
 10
6364195.66514407
 20
6168920.1156209
 10
6364193.74576548
 20
6168922.92575872
 10
6364197.80847952
 20
6168925.58852355
 10
6364199.81132051
 20
6168922.68160242
  0
LWPOLYLINE
  5
20112
330
1F
100
AcDbEntity
  8
tejido
100
AcDbPolyline
 90
11
 70
1
 10
6364194.75312705
 20
6168930.02591831
 10
6364193.73576087
 20
6168931.50323399
 10
6364192.86147865
 20
6168932.77216705
 10
6364193.10565595
 20
6168932.93097305
 10
6364199.94290407
 20
6168937.387436
 10
6364200.31452668
 20
6168937.62886705
 10
6364201.08267082
 20
6168936.4920448
 10
6364198.82763053
 20
6168934.99485764
 10
6364199.88407605
 20
6168933.40362987
 10
6364196.86092689
 20
6168931.41192465
 10
6364194.75312705
 20
6168930.02591831
  0
LWPOLYLINE
  5
20113
330
1F
100
AcDbEntity
  8
tejido
100
AcDbPolyline
 90
11
 70
1
 10
6364203.10148545
 20
6168917.9037496
 10
6364202.78694543
 20
6168918.36131571
 10
6364201.03449979
 20
6168920.90578043
 10
6364201.02526271
 20
6168920.91962814
 10
6364199.81132051
 20
6168922.68160242
 10
6364204.79961967
 20
6168926.00205068
 10
6364202.54667374
 20
6168929.39452014
 10
6364204.84443894
 20
6168930.92633497
 10
6364208.40094604
 20
6168925.66316931
 10
6364210.37410801
 20
6168922.74403407
 10
6364203.10148545
 20
6168917.9037496
  0
LWPOLYLINE
  5
20114
330
1F
100
AcDbEntity
  8
tejido
100
AcDbPolyline
 90
6
 70
1
 10
6364212.90408498
 20
6168919.00066793
 10
6364205.66508612
 20
6168914.18266794
 10
6364204.54968006
 20
6168915.80204169
 10
6364203.10148545
 20
6168917.9037496
 10
6364210.37410801
 20
6168922.74403407
 10
6364212.90408498
 20
6168919.00066793
  0
LWPOLYLINE
  5
20115
330
1F
100
AcDbEntity
  8
tejido
100
AcDbPolyline
 90
14
 70
1
 10
6364209.01440157
 20
6168940.19490187
 10
6364209.40491108
 20
6168939.61834165
 10
6364210.96274148
 20
6168937.32016013
 10
6364212.04323425
 20
6168935.72531263
 10
6364206.59209275
 20
6168932.09207976
 10
6364204.84443894
 20
6168930.92633497
 10
6364202.1589145
 20
6168934.89969994
 10
6364201.08267082
 20
6168936.4920448
 10
6364200.31452668
 20
6168937.62886705
 10
6364202.07448131
 20
6168938.775802
 10
6364205.40113033
 20
6168940.94475759
 10
6364205.50141102
 20
6168941.01019834
 10
6364206.9601258
 20
6168938.85668476
 10
6364209.01440157
 20
6168940.19490187
  0
LWPOLYLINE
  5
20116
330
1F
100
AcDbEntity
  8
tejido
100
AcDbPolyline
 90
9
 70
1
 10
6364215.51860986
 20
6168930.5979288
 10
6364215.63308981
 20
6168930.42953287
 10
6364212.00357544
 20
6168928.03710624
 10
6364209.77563663
 20
6168931.3609042
 10
6364212.10295923
 20
6168932.90916722
 10
6364213.3770896
 20
6168933.75692509
 10
6364213.71339804
 20
6168933.26063686
 10
6364215.3520066
 20
6168930.84259424
 10
6364215.51860986
 20
6168930.5979288
  0
LWPOLYLINE
  5
20117
330
1F
100
AcDbEntity
  8
tejido
100
AcDbPolyline
 90
5
 70
1
 10
6364222.15975289
 20
6168920.7409545
 10
6364219.0702421
 20
6168918.70547703
 10
6364217.96504209
 20
6168920.34899698
 10
6364221.05555303
 20
6168922.38448895
 10
6364222.15975289
 20
6168920.7409545
  0
LWPOLYLINE
  5
20118
330
1F
100
AcDbEntity
  8
tejido
100
AcDbPolyline
 90
8
 70
1
 10
6364205.65471974
 20
6168962.23249037
 10
6364197.61331613
 20
6168957.02815458
 10
6364195.37463435
 20
6168960.33382724
 10
6364194.04369138
 20
6168962.29912877
 10
6364191.40227548
 20
6168966.19913477
 10
6364189.52340263
 20
6168968.97383775
 10
6364197.54209195
 20
6168974.22882518
 10
6364205.65471974
 20
6168962.23249037
  0
LWPOLYLINE
  5
20119
330
1F
100
AcDbEntity
  8
tejido
100
AcDbPolyline
 90
6
 70
1
 10
6364217.81290006
 20
6168944.25382979
 10
6364218.94822163
 20
6168942.57472738
 10
6364216.09448651
 20
6168940.69769977
 10
6364212.87377412
 20
6168945.4986011
 10
6364215.71255674
 20
6168947.35837732
 10
6364217.81290006
 20
6168944.25382979
  0
LWPOLYLINE
  5
2011A
330
1F
100
AcDbEntity
  8
tejido
100
AcDbPolyline
 90
15
 70
1
 10
6364231.8511071
 20
6169030.65213043
 10
6364224.28695896
 20
6169025.73081246
 10
6364223.89174839
 20
6169025.47395869
 10
6364226.45466731
 20
6169021.53880609
 10
6364224.984846
 20
6169020.55616762
 10
6364223.46109621
 20
6169019.53678522
 10
6364221.16105187
 20
6169017.99791673
 10
6364219.41163914
 20
6169016.82714043
 10
6364214.95789861
 20
6169023.53578489
 10
6364215.51150629
 20
6169023.90495822
 10
6364222.42824946
 20
6169028.50873863
 10
6364225.76415549
 20
6169030.7298466
 10
6364233.72099407
 20
6169036.02703974
 10
6364235.60226051
 20
6169033.20932739
 10
6364231.8511071
 20
6169030.65213043
  0
LWPOLYLINE
  5
2011B
330
1F
100
AcDbEntity
  8
tejido
100
AcDbPolyline
 90
10
 70
1
 10
6364225.76403075
 20
6169030.72978276
 10
6364222.42812916
 20
6169028.50867193
 10
6364215.51158787
 20
6169023.90484754
 10
6364211.02794112
 20
6169030.53603669
 10
6364214.61840803
 20
6169032.93089669
 10
6364228.2015926
 20
6169041.98787112
 10
6364229.37629619
 20
6169040.10427882
 10
6364222.55289594
 20
6169035.56182581
 10
6364223.30250909
 20
6169034.43332046
 10
6364225.76403075
 20
6169030.72978276
  0
LWPOLYLINE
  5
2011C
330
1F
100
AcDbEntity
  8
tejido
100
AcDbPolyline
 90
12
 70
1
 10
6364229.48076667
 20
6169042.84080491
 10
6364228.20150899
 20
6169041.98798713
 10
6364214.61854742
 20
6169032.93096026
 10
6364213.29934196
 20
6169034.89948501
 10
6364210.08189463
 20
6169039.69848096
 10
6364217.14484639
 20
6169044.40042213
 10
6364221.53097061
 20
6169047.3200353
 10
6364224.80073458
 20
6169049.49616267
 10
6364224.93842345
 20
6169049.58815563
 10
6364225.295226
 20
6169049.05818013
 10
6364225.30546898
 20
6169049.04233218
 10
6364229.48076667
 20
6169042.84080491
  0
LWPOLYLINE
  5
2011D
330
1F
100
AcDbEntity
  8
tejido
100
AcDbPolyline
 90
6
 70
1
 10
6364141.53186289
 20
6168997.5362056
 10
6364140.24925847
 20
6168996.66575487
 10
6364135.67562391
 20
6169002.97732752
 10
6364139.48735445
 20
6169005.48338507
 10
6364143.82410026
 20
6168999.09138532
 10
6364141.53186289
 20
6168997.5362056
  0
LWPOLYLINE
  5
2011E
330
1F
100
AcDbEntity
  8
tejido
100
AcDbPolyline
 90
5
 70
1
 10
6364145.61637566
 20
6168999.10034868
 10
6364143.77107785
 20
6169001.8207115
 10
6364145.84142716
 20
6169003.22522363
 10
6364147.6954283
 20
6169000.5109705
 10
6364145.61637566
 20
6168999.10034868
  0
LWPOLYLINE
  5
2011F
330
1F
100
AcDbEntity
  8
tejido
100
AcDbPolyline
 90
5
 70
1
 10
6364170.72089485
 20
6168985.16976959
 10
6364167.81491178
 20
6168983.2958307
 10
6364166.77601017
 20
6168984.90666788
 10
6364169.68199325
 20
6168986.78060676
 10
6364170.72089485
 20
6168985.16976959
  0
LWPOLYLINE
  5
20120
330
1F
100
AcDbEntity
  8
tejido
100
AcDbPolyline
 90
10
 70
1
 10
6364170.72089485
 20
6168985.16976959
 10
6364169.68199325
 20
6168986.78060676
 10
6364166.77601017
 20
6168984.90666788
 10
6364167.81491178
 20
6168983.2958307
 10
6364164.92955918
 20
6168981.43495162
 10
6364164.74917791
 20
6168981.31871087
 10
6364162.41676414
 20
6168984.81040365
 10
6364173.55337891
 20
6168992.2495743
 10
6364176.06116718
 20
6168988.61315971
 10
6364170.72089485
 20
6168985.16976959
  0
LWPOLYLINE
  5
20121
330
1F
100
AcDbEntity
  8
tejido
100
AcDbPolyline
 90
5
 70
1
 10
6364163.6229117
 20
6168980.59309242
 10
6364161.30279514
 20
6168984.06621956
 10
6364162.41676414
 20
6168984.81040365
 10
6364164.74917791
 20
6168981.31871087
 10
6364163.6229117
 20
6168980.59309242
  0
LWPOLYLINE
  5
20122
330
1F
100
AcDbEntity
  8
tejido
100
AcDbPolyline
 90
6
 70
1
 10
6364158.76789498
 20
6168977.46207931
 10
6364157.08040421
 20
6168980.07867761
 10
6364159.05042838
 20
6168981.3492442
 10
6364161.05693008
 20
6168982.64317464
 10
6364162.78984853
 20
6168980.05587032
 10
6364158.76789498
 20
6168977.46207931
  0
LWPOLYLINE
  5
20123
330
1F
100
AcDbEntity
  8
tejido
100
AcDbPolyline
 90
9
 70
1
 10
6364157.67478348
 20
6168976.75739534
 10
6364156.16617148
 20
6168975.78457318
 10
6364152.81976406
 20
6168973.62656523
 10
6364147.31617105
 20
6168970.07774389
 10
6364144.91788291
 20
6168973.79640131
 10
6364150.56433846
 20
6168977.43832861
 10
6364151.86195196
 20
6168975.42626322
 10
6364156.57342333
 20
6168978.46495425
 10
6364157.67478348
 20
6168976.75739534
  0
LWPOLYLINE
  5
20124
330
1F
100
AcDbEntity
  8
tejido
100
AcDbPolyline
 90
5
 70
1
 10
6364157.12714827
 20
6168984.33156361
 10
6364159.08011516
 20
6168985.59107593
 10
6364161.05692742
 20
6168982.64335776
 10
6364159.05042838
 20
6168981.3492442
 10
6364157.12714827
 20
6168984.33156361
  0
LWPOLYLINE
  5
20125
330
1F
100
AcDbEntity
  8
tejido
100
AcDbPolyline
 90
13
 70
1
 10
6364154.01997996
 20
6168982.3276499
 10
6364157.12714827
 20
6168984.33156361
 10
6364159.05042838
 20
6168981.3492442
 10
6364157.08040421
 20
6168980.07867761
 10
6364158.76789233
 20
6168977.46226243
 10
6364157.67478348
 20
6168976.75739534
 10
6364156.57341979
 20
6168978.46519842
 10
6364151.86194931
 20
6168975.42644635
 10
6364150.56433846
 20
6168977.43832861
 10
6364150.02524166
 20
6168978.27435633
 10
6364154.69255751
 20
6168981.28444343
 10
6364154.396371
 20
6168981.74368018
 10
6364154.01997996
 20
6168982.3276499
  0
LWPOLYLINE
  5
20126
330
1F
100
AcDbEntity
  8
tejido
100
AcDbPolyline
 90
17
 70
1
 10
6364185.02599297
 20
6168975.61603097
 10
6364180.07964031
 20
6168972.39644485
 10
6364173.53645849
 20
6168968.13614534
 10
6364172.28639842
 20
6168970.05621815
 10
6364173.39610172
 20
6168970.77878782
 10
6364171.66738812
 20
6168973.4339856
 10
6364171.1293204
 20
6168973.08365946
 10
6364169.48759427
 20
6168975.60530862
 10
6364170.02547887
 20
6168975.9556321
 10
6364166.54213023
 20
6168981.30625369
 10
6364165.46810733
 20
6168980.60728058
 10
6364164.92955918
 20
6168981.43495162
 10
6364167.81490912
 20
6168983.29601383
 10
6364170.72089219
 20
6168985.16995272
 10
6364176.06134765
 20
6168988.6133455
 10
6364179.26865411
 20
6168983.96213982
 10
6364185.02599297
 20
6168975.61603097
  0
LWPOLYLINE
  5
20127
330
1F
100
AcDbEntity
  8
tejido
100
AcDbPolyline
 90
5
 70
1
 10
6364168.61319546
 20
6168971.83136416
 10
6364166.50622753
 20
6168970.45953492
 10
6364163.4032482
 20
6168975.22551186
 10
6364165.51009674
 20
6168976.59715619
 10
6364168.61319546
 20
6168971.83136416
  0
LWPOLYLINE
  5
20128
330
1F
100
AcDbEntity
  8
tejido
100
AcDbPolyline
 90
7
 70
1
 10
6364166.68904442
 20
6168963.67752041
 10
6364165.86337365
 20
6168963.13997811
 10
6364161.4971271
 20
6168960.29794774
 10
6364158.32826445
 20
6168965.16523689
 10
6364161.66548331
 20
6168967.33794808
 10
6364163.51999255
 20
6168968.54523415
 10
6364166.68904442
 20
6168963.67752041
  0
LWPOLYLINE
  5
20129
330
1F
100
AcDbEntity
  8
tejido
100
AcDbPolyline
 90
15
 70
1
 10
6364161.66548331
 20
6168967.33794808
 10
6364160.7778033
 20
6168968.701323
 10
6364163.50812015
 20
6168970.4791159
 10
6364161.7927689
 20
6168973.11387085
 10
6364161.15913573
 20
6168972.70134723
 10
6364160.67292778
 20
6168973.44796317
 10
6364163.40330835
 20
6168975.22557379
 10
6364166.50622753
 20
6168970.45953492
 10
6364168.6132565
 20
6168971.83136505
 10
6364171.76838142
 20
6168966.98512402
 10
6364168.4965556
 20
6168964.85432968
 10
6364167.62334363
 20
6168964.28587532
 10
6364166.68904088
 20
6168963.67776458
 10
6364163.51999255
 20
6168968.54523415
 10
6364161.66548331
 20
6168967.33794808
  0
LWPOLYLINE
  5
2012A
330
1F
100
AcDbEntity
  8
tejido
100
AcDbPolyline
 90
6
 70
1
 10
6364160.7778033
 20
6168968.701323
 10
6364159.06226535
 20
6168971.33631948
 10
6364161.15913573
 20
6168972.70134723
 10
6364161.7927689
 20
6168973.11387085
 10
6364163.50811749
 20
6168970.47929903
 10
6364160.7778033
 20
6168968.701323
  0
LWPOLYLINE
  5
2012B
330
1F
100
AcDbEntity
  8
tejido
100
AcDbPolyline
 90
7
 70
1
 10
6364160.7778033
 20
6168968.701323
 10
6364161.66548331
 20
6168967.33794808
 10
6364158.73737937
 20
6168965.43163396
 10
6364157.85007179
 20
6168966.79458691
 10
6364156.1342861
 20
6168969.42982403
 10
6364159.06226535
 20
6168971.33631948
 10
6364160.7778033
 20
6168968.701323
  0
LWPOLYLINE
  5
2012C
330
1F
100
AcDbEntity
  8
tejido
100
AcDbPolyline
 90
7
 70
1
 10
6364157.85007179
 20
6168966.79458691
 10
6364155.01233493
 20
6168964.94685362
 10
6364153.29636696
 20
6168967.58202706
 10
6364154.51149272
 20
6168968.37334806
 10
6364155.72522955
 20
6168969.16361097
 10
6364156.1342861
 20
6168969.42982403
 10
6364157.85007179
 20
6168966.79458691
  0
LWPOLYLINE
  5
2012D
330
1F
100
AcDbEntity
  8
tejido
100
AcDbPolyline
 90
8
 70
1
 10
6364155.01233493
 20
6168964.94685362
 10
6364157.85007179
 20
6168966.79458691
 10
6364158.73737937
 20
6168965.43163396
 10
6364158.32826445
 20
6168965.16523689
 10
6364161.4971271
 20
6168960.29794774
 10
6364160.05349153
 20
6168959.35787792
 10
6364159.06862732
 20
6168958.71661327
 10
6364155.01233493
 20
6168964.94685362
  0
LWPOLYLINE
  5
2012E
330
1F
100
AcDbEntity
  8
tejido
100
AcDbPolyline
 90
6
 70
1
 10
6364159.06226535
 20
6168971.33631948
 10
6364156.1342861
 20
6168969.42982403
 10
6364155.72522955
 20
6168969.16361097
 10
6364152.81976406
 20
6168973.62656523
 10
6364156.16617148
 20
6168975.78457318
 10
6364159.06226535
 20
6168971.33631948
  0
LWPOLYLINE
  5
2012F
330
1F
100
AcDbEntity
  8
tejido
100
AcDbPolyline
 90
11
 70
1
 10
6364154.51149272
 20
6168968.37334806
 10
6364153.78305218
 20
6168969.49212457
 10
6364151.84846535
 20
6168968.23245136
 10
6364149.41300664
 20
6168966.64680314
 10
6364155.91394654
 20
6168956.66298257
 10
6364154.64946251
 20
6168955.83974621
 10
6364145.64962091
 20
6168969.0030492
 10
6364147.31634798
 20
6168970.07817384
 10
6364152.81976406
 20
6168973.62656523
 10
6364155.72522955
 20
6168969.16361097
 10
6364154.51149272
 20
6168968.37334806
  0
LWPOLYLINE
  5
20130
330
1F
100
AcDbEntity
  8
tejido
100
AcDbPolyline
 90
6
 70
1
 10
6364153.29636696
 20
6168967.58202706
 10
6364152.5769059
 20
6168967.11367484
 10
6364151.84846535
 20
6168968.23245136
 10
6364153.78305218
 20
6168969.49212457
 10
6364154.51149272
 20
6168968.37334806
 10
6364153.29636696
 20
6168967.58202706
  0
LWPOLYLINE
  5
20131
330
1F
100
AcDbEntity
  8
tejido
100
AcDbPolyline
 90
8
 70
1
 10
6364153.29636696
 20
6168967.58202706
 10
6364155.01233493
 20
6168964.94685362
 10
6364159.06862732
 20
6168958.71661327
 10
6364155.91394654
 20
6168956.66298257
 10
6364149.41325081
 20
6168966.64680668
 10
6364151.84846535
 20
6168968.23245136
 10
6364152.5769059
 20
6168967.11367484
 10
6364153.29636696
 20
6168967.58202706
  0
LWPOLYLINE
  5
20132
330
1F
100
AcDbEntity
  8
tejido
100
AcDbPolyline
 90
5
 70
1
 10
6364202.15891716
 20
6168934.89951681
 10
6364204.84443894
 20
6168930.92633497
 10
6364202.54667374
 20
6168929.39452014
 10
6364199.88407871
 20
6168933.40344674
 10
6364202.15891716
 20
6168934.89951681
  0
LWPOLYLINE
  5
20133
330
1F
100
AcDbEntity
  8
tejido
100
AcDbPolyline
 90
5
 70
1
 10
6364199.88407605
 20
6168933.40362987
 10
6364198.82763319
 20
6168934.99467452
 10
6364201.08267082
 20
6168936.4920448
 10
6364202.15891716
 20
6168934.89951681
 10
6364199.88407605
 20
6168933.40362987
  0
LWPOLYLINE
  5
20134
330
1F
100
AcDbEntity
  8
tejido
100
AcDbPolyline
 90
5
 70
1
 10
6364205.66508612
 20
6168914.18266794
 10
6364212.90408498
 20
6168919.00066793
 10
6364214.94146154
 20
6168915.98581347
 10
6364207.70615827
 20
6168911.22031369
 10
6364205.66508612
 20
6168914.18266794
  0
LWPOLYLINE
  5
20135
330
1F
100
AcDbEntity
  8
tejido
100
AcDbPolyline
 90
7
 70
1
 10
6364219.15159995
 20
6168945.15891895
 10
6364217.81290006
 20
6168944.25382979
 10
6364215.71255939
 20
6168947.35819419
 10
6364215.06652414
 20
6168948.31417082
 10
6364213.45276438
 20
6168950.70092625
 10
6364214.79188541
 20
6168951.60644889
 10
6364219.15159995
 20
6168945.15891895
  0
LWPOLYLINE
  5
20136
330
1F
100
AcDbEntity
  8
tejido
100
AcDbPolyline
 90
5
 70
1
 10
6364219.15159995
 20
6168945.15891895
 10
6364214.79188541
 20
6168951.60644889
 10
6364216.90879325
 20
6168953.03801236
 10
6364221.26856788
 20
6168946.59054437
 10
6364219.15159995
 20
6168945.15891895
  0
LWPOLYLINE
  5
20137
330
1F
100
AcDbEntity
  8
tejido
100
AcDbPolyline
 90
5
 70
1
 10
6364213.44392233
 20
6168958.1628736
 10
6364210.58483638
 20
6168956.22959747
 10
6364207.94656908
 20
6168960.13141948
 10
6364210.84452847
 20
6168962.00707362
 10
6364213.44392233
 20
6168958.1628736
  0
LWPOLYLINE
  5
20138
330
1F
100
AcDbEntity
  8
tejido
100
AcDbPolyline
 90
9
 70
1
 10
6364213.44377917
 20
6168958.16280021
 10
6364216.90889426
 20
6168953.03794252
 10
6364214.79187652
 20
6168951.60647226
 10
6364213.45262122
 20
6168950.70085286
 10
6364207.50263827
 20
6168959.49829653
 10
6364207.34009724
 20
6168959.73900054
 10
6364207.94642593
 20
6168960.13134609
 10
6364210.58469411
 20
6168956.22946304
 10
6364213.44377917
 20
6168958.16280021
  0
LWPOLYLINE
  5
20139
330
1F
100
AcDbEntity
  8
tejido
100
AcDbPolyline
 90
8
 70
1
 10
6364268.42561749
 20
6168982.40863872
 10
6364266.65630303
 20
6168985.08064759
 10
6364266.13407252
 20
6168985.86935746
 10
6364268.34442272
 20
6168987.33268149
 10
6364268.66781307
 20
6168986.85845354
 10
6364268.88017192
 20
6168986.54642678
 10
6364270.68210752
 20
6168983.90267133
 10
6364268.42561749
 20
6168982.40863872
  0
LWPOLYLINE
  5
2013A
330
1F
100
AcDbEntity
  8
tejido
100
AcDbPolyline
 90
5
 70
1
 10
6364273.22457886
 20
6168985.58627761
 10
6364270.68210752
 20
6168983.90267133
 10
6364268.88017192
 20
6168986.54642678
 10
6364271.45991526
 20
6168988.25334737
 10
6364273.22457886
 20
6168985.58627761
  0
LWPOLYLINE
  5
2013B
330
1F
100
AcDbEntity
  8
tejido
100
AcDbPolyline
 90
6
 70
1
 10
6364268.08339251
 20
6168982.18198224
 10
6364265.69948108
 20
6168980.60367644
 10
6364263.93034882
 20
6168983.27574902
 10
6364266.65630303
 20
6168985.08064759
 10
6364268.42561749
 20
6168982.40863872
 10
6364268.08339251
 20
6168982.18198224
  0
LWPOLYLINE
  5
2013C
330
1F
100
AcDbEntity
  8
tejido
100
AcDbPolyline
 90
10
 70
1
 10
6364276.24860866
 20
6168986.61649346
 10
6364276.82047749
 20
6168986.99789853
 10
6364273.48137038
 20
6168992.00570844
 10
6364272.90932106
 20
6168991.6241176
 10
6364271.30592747
 20
6168994.02866819
 10
6364273.21081506
 20
6168995.29010794
 10
6364280.08540512
 20
6168985.20144477
 10
6364279.19570518
 20
6168984.60796299
 10
6364278.08292913
 20
6168983.86575026
 10
6364276.24860866
 20
6168986.61649346
  0
LWPOLYLINE
  5
2013D
330
1F
100
AcDbEntity
  8
tejido
100
AcDbPolyline
 90
10
 70
1
 10
6364282.09239525
 20
6168962.27194076
 10
6364280.38662475
 20
6168964.90707782
 10
6364277.47747001
 20
6168969.40135917
 10
6364278.15867931
 20
6168969.85920429
 10
6364282.6228461
 20
6168972.85773466
 10
6364283.37374965
 20
6168971.69721726
 10
6364281.58966771
 20
6168970.54260617
 10
6364285.51061135
 20
6168964.48404673
 10
6364285.11381027
 20
6168964.22741409
 10
6364282.09239525
 20
6168962.27194076
  0
LWPOLYLINE
  5
2013E
330
1F
100
AcDbEntity
  8
tejido
100
AcDbPolyline
 90
6
 70
1
 10
6364287.47755672
 20
6168974.3532414
 10
6364283.37375954
 20
6168971.69730521
 10
6364282.62272387
 20
6168972.85776156
 10
6364285.66843926
 20
6168974.9036691
 10
6364286.65216338
 20
6168975.56457675
 10
6364287.47755672
 20
6168974.3532414
  0
LWPOLYLINE
  5
2013F
330
1F
100
AcDbEntity
  8
tejido
100
AcDbPolyline
 90
5
 70
1
 10
6364286.03064953
 20
6168962.81103921
 10
6364283.02461139
 20
6168960.83093936
 10
6364282.09239525
 20
6168962.27194076
 10
6364285.11381027
 20
6168964.22741409
 10
6364286.03064953
 20
6168962.81103921
  0
LWPOLYLINE
  5
20140
330
1F
100
AcDbEntity
  8
tejido
100
AcDbPolyline
 90
7
 70
1
 10
6364269.67508497
 20
6168959.27765252
 10
6364267.44526009
 20
6168962.66306917
 10
6364270.47456112
 20
6168964.69784588
 10
6364270.80247035
 20
6168964.91806707
 10
6364271.32939703
 20
6168964.10866652
 10
6364273.03352896
 20
6168961.4896853
 10
6364269.67508497
 20
6168959.27765252
  0
LWPOLYLINE
  5
20141
330
1F
100
AcDbEntity
  8
tejido
100
AcDbPolyline
 90
8
 70
1
 10
6364269.25651704
 20
6168951.76249401
 10
6364268.57464976
 20
6168952.79793333
 10
6364265.93097257
 20
6168956.81177388
 10
6364266.58890992
 20
6168957.24504246
 10
6364269.67508497
 20
6168959.27765252
 10
6364273.03352896
 20
6168961.4896853
 10
6364276.33052769
 20
6168956.42161374
 10
6364269.25651704
 20
6168951.76249401
  0
LWPOLYLINE
  5
20142
330
1F
100
AcDbEntity
  8
tejido
100
AcDbPolyline
 90
6
 70
1
 10
6364269.67508497
 20
6168959.27765252
 10
6364266.58890992
 20
6168957.24504246
 10
6364264.37749899
 20
6168960.60270179
 10
6364264.9596087
 20
6168960.99365801
 10
6364267.44526009
 20
6168962.66306917
 10
6364269.67508497
 20
6168959.27765252
  0
LWPOLYLINE
  5
20143
330
1F
100
AcDbEntity
  8
tejido
100
AcDbPolyline
 90
5
 70
1
 10
6364265.41856208
 20
6168950.71931121
 10
6364268.57464976
 20
6168952.79793333
 10
6364269.25651704
 20
6168951.76249401
 10
6364266.10079917
 20
6168949.68363302
 10
6364265.41856208
 20
6168950.71931121
  0
LWPOLYLINE
  5
20144
330
1F
100
AcDbEntity
  8
tejido
100
AcDbPolyline
 90
7
 70
1
 10
6364262.77506885
 20
6168954.7330934
 10
6364262.13128759
 20
6168955.71047199
 10
6364260.58657141
 20
6168958.05585613
 10
6364264.37749899
 20
6168960.60270179
 10
6364266.58890992
 20
6168957.24504246
 10
6364265.93097257
 20
6168956.81177388
 10
6364262.77506885
 20
6168954.7330934
  0
LWPOLYLINE
  5
20145
330
1F
100
AcDbEntity
  8
tejido
100
AcDbPolyline
 90
5
 70
1
 10
6364262.13128759
 20
6168955.71047199
 10
6364258.17181597
 20
6168953.10262924
 10
6364256.62186053
 20
6168955.39249905
 10
6364260.58657141
 20
6168958.05585613
 10
6364262.13128759
 20
6168955.71047199
  0
LWPOLYLINE
  5
20146
330
1F
100
AcDbEntity
  8
tejido
100
AcDbPolyline
 90
6
 70
1
 10
6364262.61819962
 20
6169007.0914181
 10
6364258.15562427
 20
6169013.93773545
 10
6364258.47649605
 20
6169014.15064996
 10
6364259.77226944
 20
6169015.00975183
 10
6364264.38407877
 20
6169008.24240696
 10
6364262.61819962
 20
6169007.0914181
  0
LWPOLYLINE
  5
20147
330
1F
100
AcDbEntity
  8
tejido
100
AcDbPolyline
 90
6
 70
1
 10
6364258.50809917
 20
6169004.41233738
 10
6364254.06682624
 20
6169011.22538329
 10
6364257.31921746
 20
6169013.38269797
 10
6364258.15562339
 20
6169013.93779649
 10
6364262.61819962
 20
6169007.0914181
 10
6364258.50809917
 20
6169004.41233738
  0
LWPOLYLINE
  5
20148
330
1F
100
AcDbEntity
  8
tejido
100
AcDbPolyline
 90
9
 70
1
 10
6364240.0532444
 20
6168995.59358099
 10
6364241.52220268
 20
6168993.33996293
 10
6364234.17955697
 20
6168988.55385906
 10
6364232.68626092
 20
6168990.75956193
 10
6364229.7511756
 20
6168995.09686087
 10
6364232.86629833
 20
6168997.16267745
 10
6364234.26112276
 20
6168998.08781291
 10
6364238.30992508
 20
6168994.45732829
 10
6364240.0532444
 20
6168995.59358099
  0
LWPOLYLINE
  5
20149
330
1F
100
AcDbEntity
  8
tejido
100
AcDbPolyline
 90
7
 70
1
 10
6364251.50331458
 20
6169004.30395249
 10
6364249.09831417
 20
6169007.92982935
 10
6364252.21560687
 20
6169009.99756987
 10
6364252.93076816
 20
6169010.47190395
 10
6364255.33570835
 20
6169006.84596519
 10
6364252.75668936
 20
6169005.13539184
 10
6364251.50331458
 20
6169004.30395249
  0
LWPOLYLINE
  5
2014A
330
1F
100
AcDbEntity
  8
tejido
100
AcDbPolyline
 90
5
 70
1
 10
6364251.50331458
 20
6169004.30395249
 10
6364247.67049702
 20
6169001.76168936
 10
6364245.26555937
 20
6169005.38744505
 10
6364249.09831417
 20
6169007.92982935
 10
6364251.50331458
 20
6169004.30395249
  0
LWPOLYLINE
  5
2014B
330
1F
100
AcDbEntity
  8
tejido
100
AcDbPolyline
 90
7
 70
1
 10
6364254.80245043
 20
6169001.99702157
 10
6364252.75668936
 20
6169005.13539184
 10
6364255.33570835
 20
6169006.84596519
 10
6364252.93076816
 20
6169010.47190395
 10
6364254.06682624
 20
6169011.22538329
 10
6364258.50809917
 20
6169004.41233738
 10
6364254.80245043
 20
6169001.99702157
  0
LWPOLYLINE
  5
2014C
330
1F
100
AcDbEntity
  8
tejido
100
AcDbPolyline
 90
8
 70
1
 10
6364249.45565009
 20
6168998.51128749
 10
6364247.41287813
 20
6169001.59090477
 10
6364247.67049702
 20
6169001.76168936
 10
6364251.50331458
 20
6169004.30395249
 10
6364252.75668936
 20
6169005.13539184
 10
6364254.80245043
 20
6169001.99702157
 10
6364252.91645188
 20
6169000.76766566
 10
6364249.45565009
 20
6168998.51128749
  0
LWPOLYLINE
  5
2014D
330
1F
100
AcDbEntity
  8
tejido
100
AcDbPolyline
 90
10
 70
1
 10
6364241.52220268
 20
6168993.33996293
 10
6364240.0532444
 20
6168995.59358099
 10
6364238.93373099
 20
6168997.31095032
 10
6364240.17757723
 20
6168998.12161478
 10
6364238.4070077
 20
6169000.83805416
 10
6364239.43687201
 20
6169001.52124474
 10
6364241.30322545
 20
6168998.65831846
 10
6364240.93850945
 20
6168998.42058998
 10
6364243.43693265
 20
6168994.58793022
 10
6364241.52220268
 20
6168993.33996293
  0
LWPOLYLINE
  5
2014E
330
1F
100
AcDbEntity
  8
tejido
100
AcDbPolyline
 90
7
 70
1
 10
6364240.0532444
 20
6168995.59358099
 10
6364238.30992508
 20
6168994.45732829
 10
6364234.26112276
 20
6168998.08781291
 10
6364238.40706874
 20
6169000.83805504
 10
6364240.17763827
 20
6168998.12161567
 10
6364238.93373187
 20
6168997.31088928
 10
6364240.0532444
 20
6168995.59358099
  0
LWPOLYLINE
  5
2014F
330
1F
100
AcDbEntity
  8
tejido
100
AcDbPolyline
 90
9
 70
1
 10
6364224.23821357
 20
6169018.37481606
 10
6364225.88978835
 20
6169015.90655035
 10
6364225.30523944
 20
6169015.51537563
 10
6364223.65347622
 20
6169017.98400494
 10
6364221.938593
 20
6169016.83619793
 10
6364221.16105187
 20
6169017.99791673
 10
6364223.41097091
 20
6169019.50302713
 10
6364223.46109621
 20
6169019.53678522
 10
6364224.23821357
 20
6169018.37481606
  0
LWPOLYLINE
  5
20150
330
1F
100
AcDbEntity
  8
tejido
100
AcDbPolyline
 90
9
 70
1
 10
6364240.13388216
 20
6169029.01106981
 10
6364236.61364433
 20
6169026.65565257
 10
6364229.47550831
 20
6169021.87972049
 10
6364225.76171476
 20
6169019.39450013
 10
6364224.984846
 20
6169020.55616762
 10
6364226.45466731
 20
6169021.53880609
 10
6364234.3467282
 20
6169026.81900226
 10
6364239.357585
 20
6169030.17121917
 10
6364240.13388216
 20
6169029.01106981
  0
LWPOLYLINE
  5
20151
330
1F
100
AcDbEntity
  8
tejido
100
AcDbPolyline
 90
10
 70
1
 10
6364224.6868554
 20
6169010.3012452
 10
6364221.12937586
 20
6169007.83624237
 10
6364218.91443373
 20
6169011.10904532
 10
6364216.40483072
 20
6169014.81589124
 10
6364219.41163649
 20
6169016.82732356
 10
6364221.16105187
 20
6169017.99791673
 10
6364221.938593
 20
6169016.83619793
 10
6364223.59028988
 20
6169014.36793398
 10
6364222.46781054
 20
6169013.61697165
 10
6364224.6868554
 20
6169010.3012452
  0
LWPOLYLINE
  5
20152
330
1F
100
AcDbEntity
  8
tejido
100
AcDbPolyline
 90
11
 70
1
 10
6364233.25102422
 20
6169016.2374018
 10
6364228.89890952
 20
6169013.22089816
 10
6364224.6868554
 20
6169010.3012452
 10
6364222.46781054
 20
6169013.61697165
 10
6364223.59028988
 20
6169014.36793398
 10
6364225.30505631
 20
6169015.51537298
 10
6364225.88978835
 20
6169015.90655035
 10
6364226.25824947
 20
6169015.35574092
 10
6364227.19387804
 20
6169015.98188198
 10
6364231.49579097
 20
6169018.86046579
 10
6364233.25102422
 20
6169016.2374018
  0
LWPOLYLINE
  5
20153
330
1F
100
AcDbEntity
  8
tejido
100
AcDbPolyline
 90
9
 70
1
 10
6364240.31102934
 20
6169021.12979343
 10
6364237.02116193
 20
6169018.84957999
 10
6364233.4037179
 20
6169016.34304462
 10
6364233.25102422
 20
6169016.2374018
 10
6364231.49579097
 20
6169018.86046579
 10
6364230.35284625
 20
6169020.56845917
 10
6364237.49073275
 20
6169025.34475399
 10
6364238.80754954
 20
6169023.37674429
 10
6364240.31102934
 20
6169021.12979343
  0
LWPOLYLINE
  5
20154
330
1F
100
AcDbEntity
  8
tejido
100
AcDbPolyline
 90
11
 70
1
 10
6364238.80754954
 20
6169023.37674429
 10
6364240.45332154
 20
6169024.47800135
 10
6364239.13656669
 20
6169026.44595089
 10
6364239.828087
 20
6169026.90852466
 10
6364239.46792698
 20
6169027.44687706
 10
6364240.65087158
 20
6169028.23852452
 10
6364243.76784314
 20
6169030.32421053
 10
6364246.87559473
 20
6169025.6794986
 10
6364243.04858622
 20
6169023.02717594
 10
6364240.31102934
 20
6169021.12979343
 10
6364238.80754954
 20
6169023.37674429
  0
LWPOLYLINE
  5
20155
330
1F
100
AcDbEntity
  8
tejido
100
AcDbPolyline
 90
8
 70
1
 10
6364239.828087
 20
6169026.90852466
 10
6364239.13656669
 20
6169026.44595089
 10
6364237.49073275
 20
6169025.34475399
 10
6364236.61364433
 20
6169026.65565257
 10
6364240.13387951
 20
6169029.01125294
 10
6364240.65087158
 20
6169028.23852452
 10
6364239.46792698
 20
6169027.44687706
 10
6364239.828087
 20
6169026.90852466
  0
LWPOLYLINE
  5
20156
330
1F
100
AcDbEntity
  8
tejido
100
AcDbPolyline
 90
5
 70
1
 10
6364238.80754954
 20
6169023.37674429
 10
6364237.49073275
 20
6169025.34475399
 10
6364239.13656669
 20
6169026.44595089
 10
6364240.45332154
 20
6169024.47800135
 10
6364238.80754954
 20
6169023.37674429
  0
LWPOLYLINE
  5
20157
330
1F
100
AcDbEntity
  8
tejido
100
AcDbPolyline
 90
7
 70
1
 10
6364230.35284625
 20
6169020.56845917
 10
6364231.49579097
 20
6169018.86046579
 10
6364227.19387804
 20
6169015.98188198
 10
6364225.17347236
 20
6169019.00119596
 10
6364225.76171476
 20
6169019.39450013
 10
6364229.47550831
 20
6169021.87972049
 10
6364230.35284625
 20
6169020.56845917
  0
LWPOLYLINE
  5
20158
330
1F
100
AcDbEntity
  8
tejido
100
AcDbPolyline
 90
5
 70
1
 10
6364225.30505631
 20
6169015.51537298
 10
6364223.59028988
 20
6169014.36793398
 10
6364221.938593
 20
6169016.83619793
 10
6364223.65329309
 20
6169017.98400229
 10
6364225.30505631
 20
6169015.51537298
  0
LWPOLYLINE
  5
20159
330
1F
100
AcDbEntity
  8
tejido
100
AcDbPolyline
 90
6
 70
1
 10
6364227.19387804
 20
6169015.98188198
 10
6364226.25824947
 20
6169015.35574092
 10
6364225.88978835
 20
6169015.90655035
 10
6364224.2380269
 20
6169018.37505757
 10
6364225.17347236
 20
6169019.00119596
 10
6364227.19387804
 20
6169015.98188198
  0
LWPOLYLINE
  5
2015A
330
1F
100
AcDbEntity
  8
tejido
100
AcDbPolyline
 90
5
 70
1
 10
6364230.352872
 20
6169020.56848832
 10
6364229.47544084
 20
6169021.87978809
 10
6364236.61351631
 20
6169026.65554391
 10
6364237.49069293
 20
6169025.34462448
 10
6364230.352872
 20
6169020.56848832
  0
LWPOLYLINE
  5
2015B
330
1F
100
AcDbEntity
  8
tejido
100
AcDbPolyline
 90
6
 70
1
 10
6364225.76171476
 20
6169019.39450013
 10
6364225.17347236
 20
6169019.00119596
 10
6364224.23821357
 20
6169018.37481606
 10
6364223.46109621
 20
6169019.53678522
 10
6364224.984846
 20
6169020.55616762
 10
6364225.76171476
 20
6169019.39450013
  0
LWPOLYLINE
  5
2015C
330
1F
100
AcDbEntity
  8
tejido
100
AcDbPolyline
 90
7
 70
1
 10
6364215.51158787
 20
6169023.90484754
 10
6364214.95775669
 20
6169023.53569394
 10
6364211.88737802
 20
6169021.491492
 10
6364208.85031205
 20
6169025.97794438
 10
6364207.40180345
 20
6169028.11765157
 10
6364211.02794112
 20
6169030.53603669
 10
6364215.51158787
 20
6169023.90484754
  0
LWPOLYLINE
  5
2015D
330
1F
100
AcDbEntity
  8
tejido
100
AcDbPolyline
 90
9
 70
1
 10
6364231.70388995
 20
6169044.32343263
 10
6364229.48065129
 20
6169042.84070164
 10
6364225.30533812
 20
6169049.04221891
 10
6364225.29510478
 20
6169049.05807579
 10
6364224.93830087
 20
6169049.58807814
 10
6364227.05655665
 20
6169050.99826269
 10
6364227.32217363
 20
6169050.61698752
 10
6364228.24879642
 20
6169049.28498125
 10
6364231.70388995
 20
6169044.32343263
  0
LWPOLYLINE
  5
2015E
330
1F
100
AcDbEntity
  8
tejido
100
AcDbPolyline
 90
14
 70
1
 10
6364237.26786131
 20
6169048.03345076
 10
6364236.43583882
 20
6169047.4792096
 10
6364234.73154587
 20
6169046.34211901
 10
6364231.7040237
 20
6169044.32354838
 10
6364228.24891187
 20
6169049.28504544
 10
6364227.3223062
 20
6169050.61708372
 10
6364227.05667931
 20
6169050.99836851
 10
6364227.23622097
 20
6169051.11777189
 10
6364229.65350353
 20
6169052.7273944
 10
6364232.69195235
 20
6169054.75033628
 10
6364233.2553277
 20
6169053.92418548
 10
6364233.81828904
 20
6169053.09711284
 10
6364236.70489996
 20
6169048.86052337
 10
6364237.26786131
 20
6169048.03345076
  0
LWPOLYLINE
  5
2015F
330
1F
100
AcDbEntity
  8
tejido
100
AcDbPolyline
 90
5
 70
1
 10
6364193.73561568
 20
6168931.50299695
 10
6364190.5451337
 20
6168929.36678833
 10
6364189.64801655
 20
6168930.6778237
 10
6364192.86151128
 20
6168932.77229891
 10
6364193.73561568
 20
6168931.50299695
  0
LWPOLYLINE
  5
20160
330
1F
100
AcDbEntity
  8
tejido
100
AcDbPolyline
 90
8
 70
1
 10
6364190.5451337
 20
6168929.36678833
 10
6364193.73561568
 20
6168931.50299695
 10
6364194.75298275
 20
6168930.02562022
 10
6364195.21407735
 20
6168929.35611952
 10
6364192.50362123
 20
6168927.50137937
 10
6364192.08930911
 20
6168928.10677884
 10
6364191.62477265
 20
6168927.78871861
 10
6364190.5451337
 20
6168929.36678833
  0
LWPOLYLINE
  5
20161
330
1F
100
AcDbEntity
  8
tejido
100
AcDbPolyline
 90
9
 70
1
 10
6364189.37978979
 20
6168920.06511003
 10
6364182.28290162
 20
6168915.41304399
 10
6364177.33406206
 20
6168922.65185517
 10
6364181.99378253
 20
6168925.6888192
 10
6364182.74591927
 20
6168924.56538009
 10
6364183.2941817
 20
6168924.93264443
 10
6364184.25532007
 20
6168923.4971298
 10
6364186.20680851
 20
6168924.80381683
 10
6364189.37978979
 20
6168920.06511003
  0
LWPOLYLINE
  5
20162
330
1F
100
AcDbEntity
  8
tejido
100
AcDbPolyline
 90
7
 70
1
 10
6364131.6785391
 20
6168989.44246065
 10
6364135.30517057
 20
6168991.91191038
 10
6364135.97542307
 20
6168990.93662401
 10
6364138.22892239
 20
6168992.41654723
 10
6364140.31922374
 20
6168989.28345538
 10
6364134.38267892
 20
6168985.4876484
 10
6364131.6785391
 20
6168989.44246065
  0
LWPOLYLINE
  5
20163
330
1F
100
AcDbEntity
  8
tejido
100
AcDbPolyline
 90
5
 70
1
 10
6364140.31934202
 20
6168989.28351668
 10
6364138.22902517
 20
6168992.41660156
 10
6364141.63894317
 20
6168994.69159709
 10
6364143.84719724
 20
6168991.53897567
 10
6364140.31934202
 20
6168989.28351668
  0
LWPOLYLINE
  5
20164
330
1F
100
AcDbEntity
  8
tejido
100
AcDbPolyline
 90
17
 70
1
 10
6364172.10440675
 20
6168959.22520866
 10
6364171.75243527
 20
6168958.9927936
 10
6364169.83860006
 20
6168961.8880015
 10
6364165.18278443
 20
6168958.81751405
 10
6364166.69105241
 20
6168956.54358484
 10
6364166.17602948
 20
6168956.20403343
 10
6364167.33014116
 20
6168954.42916301
 10
6364164.66778038
 20
6168952.68495935
 10
6364162.97174227
 20
6168955.39411568
 10
6364164.6730377
 20
6168956.48531091
 10
6364163.38163631
 20
6168958.49844314
 10
6364167.26997655
 20
6168960.99285171
 10
6364167.04559615
 20
6168961.34231434
 10
6364168.80678608
 20
6168962.48829031
 10
6364167.62310211
 20
6168964.28568865
 10
6364168.49637512
 20
6168964.8541439
 10
6364172.10440675
 20
6168959.22520866
  0
LWPOLYLINE
  5
20165
330
1F
100
AcDbEntity
  8
tejido
100
AcDbPolyline
 90
8
 70
1
 10
6364172.75554951
 20
6168959.14618452
 10
6364172.52732066
 20
6168959.50420016
 10
6364172.10440675
 20
6168959.22520866
 10
6364168.49637247
 20
6168964.85432702
 10
6364171.76838142
 20
6168966.98512402
 10
6364171.89915488
 20
6168967.06981218
 10
6364175.787692
 20
6168961.12403837
 10
6364172.75554951
 20
6168959.14618452
  0
LWPOLYLINE
  5
20166
330
1F
100
AcDbEntity
  8
tejido
100
AcDbPolyline
 90
7
 70
1
 10
6364190.947938
 20
6168960.27016475
 10
6364188.56323571
 20
6168963.87722608
 10
6364189.37034332
 20
6168964.41071363
 10
6364187.31193618
 20
6168967.52429555
 10
6364189.52340263
 20
6168968.97383775
 10
6364194.04368784
 20
6168962.29937294
 10
6364190.947938
 20
6168960.27016475
  0
LWPOLYLINE
  5
20167
330
1F
100
AcDbEntity
  8
tejido
100
AcDbPolyline
 90
5
 70
1
 10
6364164.21584958
 20
6168945.78615763
 10
6364166.38490308
 20
6168947.2258655
 10
6364167.81709232
 20
6168945.10792849
 10
6364165.64264124
 20
6168943.68255141
 10
6364164.21584958
 20
6168945.78615763
  0
LWPOLYLINE
  5
20168
330
1F
100
AcDbEntity
  8
tejido
100
AcDbPolyline
 90
11
 70
1
 10
6364179.47516039
 20
6168952.75053042
 10
6364179.23772073
 20
6168952.59444755
 10
6364178.51002265
 20
6168952.11730598
 10
6364176.24767006
 20
6168955.51006687
 10
6364172.60800793
 20
6168953.0830685
 10
6364170.37817042
 20
6168956.42721253
 10
6364173.29642326
 20
6168958.33918403
 10
6364174.96634269
 20
6168959.43413691
 10
6364176.51959409
 20
6168957.13173683
 10
6364178.13874096
 20
6168954.73138279
 10
6364179.47516039
 20
6168952.75053042
  0
LWPOLYLINE
  5
20169
330
1F
100
AcDbEntity
  8
tejido
100
AcDbPolyline
 90
5
 70
1
 10
6364178.13875751
 20
6168954.73138043
 10
6364176.51961357
 20
6168957.13162106
 10
6364177.91599188
 20
6168958.06653328
 10
6364179.52676766
 20
6168955.66068996
 10
6364178.13875751
 20
6168954.73138043
  0
LWPOLYLINE
  5
2016A
330
1F
100
AcDbEntity
  8
tejido
100
AcDbPolyline
 90
5
 70
1
 10
6364166.38478736
 20
6168947.22578615
 10
6364164.21573386
 20
6168945.78607829
 10
6364163.74650082
 20
6168946.47786838
 10
6364165.90392149
 20
6168947.93663997
 10
6364166.38478736
 20
6168947.22578615
  0
LWPOLYLINE
  5
2016B
330
1F
100
AcDbEntity
  8
tejido
100
AcDbPolyline
 90
13
 70
1
 10
6364178.51002265
 20
6168952.11730598
 10
6364176.48575115
 20
6168950.78990347
 10
6364167.81691184
 20
6168945.10774271
 10
6364166.38490308
 20
6168947.2258655
 10
6364165.90385408
 20
6168947.93671666
 10
6364163.74667758
 20
6168946.47794861
 10
6364161.12046636
 20
6168950.36095778
 10
6364164.66753267
 20
6168952.68519998
 10
6364167.3301385
 20
6168954.42934614
 10
6364170.37817042
 20
6168956.42721253
 10
6364172.60800793
 20
6168953.0830685
 10
6364176.24767006
 20
6168955.51006687
 10
6364178.51002265
 20
6168952.11730598
  0
LWPOLYLINE
  5
2016C
330
1F
100
AcDbEntity
  8
tejido
100
AcDbPolyline
 90
8
 70
1
 10
6364163.74667758
 20
6168946.47794861
 10
6364164.21584958
 20
6168945.78615763
 10
6364165.64264124
 20
6168943.68255141
 10
6364164.54251016
 20
6168942.9609142
 10
6364163.78939995
 20
6168942.46783482
 10
6364159.23735685
 20
6168949.12602598
 10
6364161.12046636
 20
6168950.36095778
 10
6364163.74667758
 20
6168946.47794861
  0
LWPOLYLINE
  5
2016D
330
1F
100
AcDbEntity
  8
tejido
100
AcDbPolyline
 90
5
 70
1
 10
6364268.57459628
 20
6168952.79789513
 10
6364265.41858476
 20
6168950.7192538
 10
6364262.77495534
 20
6168954.73308954
 10
6364265.93103361
 20
6168956.81177477
 10
6364268.57459628
 20
6168952.79789513
  0
LWPOLYLINE
  5
2016E
330
1F
100
AcDbEntity
  8
tejido
100
AcDbPolyline
 90
8
 70
1
 10
6364255.2149012
 20
6169021.69693527
 10
6364253.85005067
 20
6169020.75883236
 10
6364250.93098899
 20
6169018.75143708
 10
6364249.17355927
 20
6169021.30620234
 10
6364251.94899888
 20
6169023.21528233
 10
6364249.16394937
 20
6169027.26504338
 10
6364250.69725084
 20
6169028.32763028
 10
6364255.2149012
 20
6169021.69693527
  0
LWPOLYLINE
  5
2016F
330
1F
100
AcDbEntity
  8
tejido
100
AcDbPolyline
 90
5
 70
1
 10
6364238.98835258
 20
6169016.01135085
 10
6364235.37090451
 20
6169013.5042623
 10
6364233.40368599
 20
6169016.34308001
 10
6364237.02114282
 20
6169018.84956848
 10
6364238.98835258
 20
6169016.01135085
  0
LWPOLYLINE
  5
20170
330
1F
100
AcDbEntity
  8
tejido
100
AcDbPolyline
 90
5
 70
1
 10
6364237.33423136
 20
6169009.40276849
 10
6364233.39955866
 20
6169006.69701384
 10
6364231.4100817
 20
6169009.5807237
 10
6364235.3292162
 20
6169012.29565606
 10
6364237.33423136
 20
6169009.40276849
  0
LWPOLYLINE
  5
20171
330
1F
100
AcDbEntity
  8
tejido
100
AcDbPolyline
 90
5
 70
1
 10
6364286.65229915
 20
6168975.56447019
 10
6364285.66845563
 20
6168974.90358415
 10
6364279.19568465
 20
6168984.60794834
 10
6364280.08537409
 20
6168985.20144666
 10
6364286.65229915
 20
6168975.56447019
  0
LWPOLYLINE
  5
20172
330
1F
100
AcDbEntity
  8
tejido
100
AcDbPolyline
 90
11
 70
1
 10
6364285.6685939
 20
6168974.90355656
 10
6364282.6228461
 20
6168972.85773466
 10
6364278.15886509
 20
6168969.85902382
 10
6364276.56483406
 20
6168972.24948415
 10
6364279.58328303
 20
6168974.26212333
 10
6364277.96329517
 20
6168976.69103841
 10
6364278.73550589
 20
6168977.20582506
 10
6364275.46019736
 20
6168982.11711578
 10
6364278.08292913
 20
6168983.86575026
 10
6364279.19570518
 20
6168984.60796299
 10
6364285.6685939
 20
6168974.90355656
  0
LWPOLYLINE
  5
20173
330
1F
100
AcDbEntity
  8
tejido
100
AcDbPolyline
 90
7
 70
1
 10
6364277.96327606
 20
6168976.69104713
 10
6364274.94505793
 20
6168974.67841198
 10
6364271.66954574
 20
6168979.59014662
 10
6364273.01142716
 20
6168980.48420195
 10
6364275.46016182
 20
6168982.11715297
 10
6364278.73536808
 20
6168977.20581407
 10
6364277.96327606
 20
6168976.69104713
  0
LWPOLYLINE
  5
20174
330
1F
100
AcDbEntity
  8
tejido
100
AcDbPolyline
 90
6
 70
1
 10
6364276.56481729
 20
6168972.2494927
 10
6364275.65125194
 20
6168973.6192004
 10
6364274.94505793
 20
6168974.67841198
 10
6364277.96327606
 20
6168976.69104713
 10
6364279.5831354
 20
6168974.2621293
 10
6364276.56481729
 20
6168972.2494927
  0
LWPOLYLINE
  5
20175
330
1F
100
AcDbEntity
  8
tejido
100
AcDbPolyline
 90
11
 70
1
 10
6364274.94509033
 20
6168974.67840278
 10
6364275.65129525
 20
6168973.61932167
 10
6364270.58060182
 20
6168970.21262956
 10
6364273.10042969
 20
6168966.46172886
 10
6364270.80265348
 20
6168964.91806972
 10
6364270.47474425
 20
6168964.69784854
 10
6364266.4509507
 20
6168970.68708379
 10
6364263.93442981
 20
6168974.43308709
 10
6364270.45376843
 20
6168978.77961599
 10
6364271.6695924
 20
6168979.59011818
 10
6364274.94509033
 20
6168974.67840278
  0
LWPOLYLINE
  5
20176
330
1F
100
AcDbEntity
  8
tejido
100
AcDbPolyline
 90
8
 70
1
 10
6364270.47474425
 20
6168964.69784854
 10
6364267.44526009
 20
6168962.66306917
 10
6364264.95961136
 20
6168960.99347488
 10
6364261.26234525
 20
6168966.49845361
 10
6364264.75409501
 20
6168968.84368926
 10
6364264.42840787
 20
6168969.32893492
 10
6364266.4509507
 20
6168970.68708379
 10
6364270.47474425
 20
6168964.69784854
  0
LWPOLYLINE
  5
20177
330
1F
100
AcDbEntity
  8
tejido
100
AcDbPolyline
 90
8
 70
1
 10
6364276.56481729
 20
6168972.2494927
 10
6364278.15881071
 20
6168969.85901258
 10
6364277.4775218
 20
6168969.40128128
 10
6364274.12316865
 20
6168967.14889218
 10
6364273.10039316
 20
6168966.46173282
 10
6364270.5804648
 20
6168970.21263822
 10
6364275.65125194
 20
6168973.6192004
 10
6364276.56481729
 20
6168972.2494927
  0
LWPOLYLINE
  5
20178
330
1F
100
AcDbEntity
  8
tejido
100
AcDbPolyline
 90
10
 70
1
 10
6364227.23603784
 20
6169051.11776924
 10
6364227.05667931
 20
6169050.99836851
 10
6364224.93842345
 20
6169049.58815563
 10
6364224.80073458
 20
6169049.49616267
 10
6364223.79428182
 20
6169050.88199266
 10
6364222.83666931
 20
6169052.20075956
 10
6364224.69798859
 20
6169053.48995795
 10
6364225.80234436
 20
6169051.86205893
 10
6364226.43832961
 20
6169052.29342149
 10
6364227.23603784
 20
6169051.11776924
  0
LWPOLYLINE
  5
20179
330
1F
100
AcDbEntity
  8
tejido
100
AcDbPolyline
 90
7
 70
1
 10
6364229.65339268
 20
6169052.7272824
 10
6364227.23611012
 20
6169051.1176599
 10
6364226.43839923
 20
6169052.29349528
 10
6364225.80241398
 20
6169051.86213272
 10
6364224.69806087
 20
6169053.48984861
 10
6364227.68080144
 20
6169055.53561091
 10
6364229.65339268
 20
6169052.7272824
  0
LWPOLYLINE
  5
2017A
330
1F
100
AcDbEntity
  8
tejido
100
AcDbPolyline
 90
6
 70
1
 10
6364232.69202463
 20
6169054.75022694
 10
6364229.65339268
 20
6169052.7272824
 10
6364227.68080144
 20
6169055.53561091
 10
6364227.4454567
 20
6169055.87068859
 10
6364230.47656585
 20
6169057.99976047
 10
6364232.69202463
 20
6169054.75022694
  0
LWPOLYLINE
  5
2017B
330
1F
100
AcDbEntity
  8
tejido
100
AcDbPolyline
 90
5
 70
1
 10
6364237.7454653
 20
6168971.6728197
 10
6364235.56634054
 20
6168970.19162287
 10
6364232.95635646
 20
6168974.17717443
 10
6364235.13955925
 20
6168975.60530331
 10
6364237.7454653
 20
6168971.6728197
  0
LWPOLYLINE
  5
2017C
330
1F
100
AcDbEntity
  8
tejido
100
AcDbPolyline
 90
6
 70
1
 10
6364255.49217603
 20
6168950.50407079
 10
6364257.22252755
 20
6168951.63775441
 10
6364258.56720005
 20
6168952.51832471
 10
6364262.2166182
 20
6168947.12566567
 10
6364259.16771158
 20
6168945.11661395
 10
6364255.49217603
 20
6168950.50407079
  0
LWPOLYLINE
  5
2017D
330
1F
100
AcDbEntity
  8
tejido
100
AcDbPolyline
 90
5
 70
1
 10
6364251.17184465
 20
6168946.36143233
 10
6364250.58504547
 20
6168947.25764004
 10
6364253.58069049
 20
6168949.25132695
 10
6364254.15936858
 20
6168948.40567747
 10
6364251.17184465
 20
6168946.36143233
  0
LWPOLYLINE
  5
2017E
330
1F
100
AcDbEntity
  8
tejido
100
AcDbPolyline
 90
8
 70
1
 10
6364148.39427158
 20
6168999.48798799
 10
6364147.69543096
 20
6169000.51078738
 10
6364142.80763303
 20
6169007.66647387
 10
6364145.4257555
 20
6169009.38781128
 10
6364148.38776051
 20
6169005.03832404
 10
6364147.89945108
 20
6169004.70496046
 10
6364150.48043427
 20
6169000.90512376
 10
6364148.39427158
 20
6168999.48798799
  0
HATCH
  5
201A2
330
1F
100
AcDbEntity
  8
mdr_tejidoconsolidado
 62
7
440
33554585
100
AcDbHatch
 10
0.0
 20
0.0
 30
0.0
210
0.0
220
0.0
230
1.0
  2
SOLID
 70
0
 71
0
 91
1
 92
3
 72
0
 73
1
 93
190
 10
6364145.64970428
 20
6168969.00303238
 10
6364145.65066999
 20
6168969.00372591
 10
6364147.31634389
 20
6168970.07817121
 10
6364152.81873535
 20
6168973.62590196
 10
6364152.8197472
 20
6168973.62648633
 10
6364152.82043185
 20
6168973.62553946
 10
6364155.69795437
 20
6168969.20550714
 10
6364155.70082969
 20
6168969.2015317
 10
6364155.70408079
 20
6168969.1978572
 10
6364155.70767637
 20
6168969.19451902
 10
6364155.7115818
 20
6168969.1915493
 10
6364155.71575949
 20
6168969.18897665
 10
6364155.7201692
 20
6168969.18682582
 10
6364155.72476848
 20
6168969.18511753
 10
6364155.72951304
 20
6168969.18386823
 10
6364155.7343572
 20
6168969.18308995
 10
6364155.73925432
 20
6168969.18279019
 10
6364155.74415724
 20
6168969.18297181
 10
6364155.74901876
 20
6168969.18363309
 10
6364155.75379206
 20
6168969.18476765
 10
6364155.75843118
 20
6168969.18636456
 10
6364155.76289146
 20
6168969.18840846
 10
6364155.76712995
 20
6168969.19087965
 10
6364156.13428015
 20
6168969.42982016
 10
6364159.02036679
 20
6168971.30903807
 10
6364159.02434227
 20
6168971.31191391
 10
6364159.02801674
 20
6168971.31516556
 10
6364159.03135481
 20
6168971.3187617
 10
6364159.03432433
 20
6168971.3226677
 10
6364159.0368967
 20
6168971.32684596
 10
6364159.03904717
 20
6168971.33125622
 10
6364159.04075501
 20
6168971.33585603
 10
6364159.04200378
 20
6168971.34060108
 10
6364159.04278146
 20
6168971.34544568
 10
6364159.04308055
 20
6168971.35034317
 10
6364159.04289818
 20
6168971.3552464
 10
6364159.0422361
 20
6168971.36010815
 10
6364159.04110068
 20
6168971.36488159
 10
6364159.03950287
 20
6168971.36952076
 10
6364159.03745805
 20
6168971.37398099
 10
6364159.03498591
 20
6168971.37821932
 10
6364156.16684304
 20
6168975.7835417
 10
6364156.16625156
 20
6168975.78455607
 10
6364156.16720588
 20
6168975.78524025
 10
6364157.67496302
 20
6168976.75758052
 10
6364158.76813384
 20
6168977.46244911
 10
6364162.79021001
 20
6168980.05605739
 10
6364163.62307696
 20
6168980.59333001
 10
6364164.74958142
 20
6168981.31888659
 10
6364164.74962446
 20
6168981.31891434
 10
6364164.92834744
 20
6168981.43428497
 10
6364164.9293592
 20
6168981.43487001
 10
6364164.93004415
 20
6168981.43392301
 10
6364165.44106958
 20
6168980.64917896
 10
6364165.44394551
 20
6168980.64520376
 10
6364165.4471972
 20
6168980.64152957
 10
6364165.45079335
 20
6168980.63819177
 10
6364165.45469932
 20
6168980.6352225
 10
6364165.45887751
 20
6168980.63265035
 10
6364165.46328767
 20
6168980.6305001
 10
6364165.46788736
 20
6168980.62879244
 10
6364165.47263226
 20
6168980.62754382
 10
6364165.4774767
 20
6168980.62676626
 10
6364165.48237403
 20
6168980.62646726
 10
6364165.48727708
 20
6168980.62664968
 10
6364165.49213864
 20
6168980.62731178
 10
6364165.49691191
 20
6168980.62844717
 10
6364165.50155091
 20
6168980.63004493
 10
6364165.50601098
 20
6168980.63208967
 10
6364165.51024918
 20
6168980.6345617
 10
6364166.54091849
 20
6168981.30558135
 10
6364166.5419303
 20
6168981.30617152
 10
6364166.54261682
 20
6168981.30522245
 10
6364170.02505323
 20
6168975.95666439
 10
6364170.02564349
 20
6168975.95565246
 10
6364170.02469416
 20
6168975.95496605
 10
6364169.52932577
 20
6168975.63258372
 10
6364169.52534905
 20
6168975.62970837
 10
6364169.52167334
 20
6168975.62645703
 10
6364169.51833407
 20
6168975.62286104
 10
6364169.51536339
 20
6168975.61895502
 10
6364169.51278991
 20
6168975.6147766
 10
6364169.51063844
 20
6168975.61036603
 10
6364169.50892969
 20
6168975.6057658
 10
6364169.50768012
 20
6168975.60102022
 10
6364169.50690178
 20
6168975.596175
 10
6364169.50660215
 20
6168975.59127682
 10
6364169.50678412
 20
6168975.58637286
 10
6364169.50744595
 20
6168975.58151036
 10
6364169.50858125
 20
6168975.57673615
 10
6364169.5101791
 20
6168975.57209624
 10
6364169.51222409
 20
6168975.5676353
 10
6364169.51469653
 20
6168975.56339631
 10
6364171.10185629
 20
6168973.12555969
 10
6364171.10473205
 20
6168973.12158389
 10
6364171.10798366
 20
6168973.1179091
 10
6364171.11157981
 20
6168973.11457074
 10
6364171.11548587
 20
6168973.11160093
 10
6364171.11966421
 20
6168973.1090283
 10
6364171.1240746
 20
6168973.1068776
 10
6364171.12867455
 20
6168973.10516956
 10
6364171.13341978
 20
6168973.10392063
 10
6364171.13826457
 20
6168973.10314283
 10
6364171.14316228
 20
6168973.10284366
 10
6364171.14806572
 20
6168973.10302599
 10
6364171.15292768
 20
6168973.10368807
 10
6364171.15770133
 20
6168973.10482352
 10
6364171.1623407
 20
6168973.10642141
 10
6364171.1668011
 20
6168973.10846635
 10
6364171.17103959
 20
6168973.11093865
 10
6364171.66617639
 20
6168973.43331324
 10
6364171.66718819
 20
6168973.43390343
 10
6364171.66787473
 20
6168973.43295439
 10
6364173.39543193
 20
6168970.77981646
 10
6364173.39602218
 20
6168970.77880463
 10
6364173.39507301
 20
6168970.7781181
 10
6364172.32812098
 20
6168970.08349747
 10
6364172.324145
 20
6168970.08062165
 10
6364172.32047005
 20
6168970.07736995
 10
6364172.31713154
 20
6168970.07377368
 10
6364172.31416163
 20
6168970.06986749
 10
6364172.3115889
 20
6168970.06568899
 10
6364172.30943816
 20
6168970.06127843
 10
6364172.3077301
 20
6168970.05667828
 10
6364172.30648118
 20
6168970.05193287
 10
6364172.30570344
 20
6168970.04708788
 10
6364172.30540435
 20
6168970.04218999
 10
6364172.30558681
 20
6168970.03728637
 10
6364172.30624905
 20
6168970.03242425
 10
6364172.30738469
 20
6168970.02765046
 10
6364172.3089828
 20
6168970.02301098
 10
6364172.31102799
 20
6168970.01855049
 10
6364172.31350056
 20
6168970.01431195
 10
6364173.53578869
 20
6168968.13717399
 10
6364173.53637895
 20
6168968.13616214
 10
6364173.53542977
 20
6168968.13547563
 10
6364171.89914868
 20
6168967.07023948
 10
6364171.76838833
 20
6168966.98512852
 10
6364168.49656003
 20
6168964.85433257
 10
6364167.62334363
 20
6168964.28587532
 10
6364166.69006951
 20
6168963.67843408
 10
6364166.68905769
 20
6168963.67784408
 10
6364166.68837123
 20
6168963.67879312
 10
6364163.54727211
 20
6168968.50333437
 10
6364163.54439644
 20
6168968.50730998
 10
6364163.54114495
 20
6168968.51098459
 10
6364163.53754896
 20
6168968.51432282
 10
6364163.53364309
 20
6168968.51729251
 10
6364163.52946495
 20
6168968.51986507
 10
6364163.52505478
 20
6168968.52201573
 10
6364163.52045505
 20
6168968.52372378
 10
6364163.51571005
 20
6168968.52497276
 10
6364163.51086549
 20
6168968.52575065
 10
6364163.505968
 20
6168968.52604996
 10
6364163.50106476
 20
6168968.5258678
 10
6364163.49620299
 20
6168968.52520594
 10
6364163.49142949
 20
6168968.52407074
 10
6364163.48679025
 20
6168968.52247313
 10
6364163.48232993
 20
6168968.5204285
 10
6364163.47809149
 20
6168968.51795655
 10
6364161.66548331
 20
6168967.33794808
 10
6364158.73738236
 20
6168965.43163591
 10
6364158.37016151
 20
6168965.19251835
 10
6364158.36618614
 20
6168965.18964249
 10
6364158.36251178
 20
6168965.18639084
 10
6364158.35917381
 20
6168965.18279471
 10
6364158.35620439
 20
6168965.17888873
 10
6364158.35363209
 20
6168965.17471051
 10
6364158.3514817
 20
6168965.1703003
 10
6364158.34977392
 20
6168965.16570055
 10
6364158.34852519
 20
6168965.16095557
 10
6364158.34774755
 20
6168965.15611104
 10
6364158.34744848
 20
6168965.15121362
 10
6364158.34763085
 20
6168965.14631047
 10
6364158.34829292
 20
6168965.1414488
 10
6364158.34942831
 20
6168965.13667542
 10
6364158.35102608
 20
6168965.13203632
 10
6364158.35307085
 20
6168965.12757615
 10
6364158.35554292
 20
6168965.12333787
 10
6364161.49645744
 20
6168960.29897631
 10
6364161.49704759
 20
6168960.29796454
 10
6364161.49609858
 20
6168960.29727798
 10
6364160.05349153
 20
6168959.35787792
 10
6364159.06862858
 20
6168958.71661409
 10
6364155.91394654
 20
6168956.66298257
 10
6364154.65047635
 20
6168955.84040626
 10
6364154.64947782
 20
6168955.83982291
 10
6364154.64877972
 20
6168955.84074487
 10
6364145.6503255
 20
6168969.00201866
 10
6364145.64970428
 20
6168969.00303238
 97
0
 75
1
 76
1
 52
0.0
 41
1.0
 77
0
 78
1
 53
45.0
 43
0.0
 44
0.0
 45
-0.0034798562
 46
0.0034798562
 79
0
 98
0
  0
HATCH
  5
201A3
330
1F
100
AcDbEntity
  8
mdr_tejidoconsolidado
 62
7
440
33554585
100
AcDbHatch
 10
0.0
 20
0.0
 30
0.0
210
0.0
220
0.0
230
1.0
  2
SOLID
 70
0
 71
0
 91
1
 92
3
 72
0
 73
1
 93
109
 10
6364261.262425
 20
6168966.49843794
 10
6364261.26336416
 20
6168966.49913796
 10
6364264.71260168
 20
6168968.81582024
 10
6364264.71653504
 20
6168968.81875199
 10
6364264.72016216
 20
6168968.82205508
 10
6364264.72344812
 20
6168968.82569773
 10
6364264.72636131
 20
6168968.82964485
 10
6364264.72887366
 20
6168968.83385846
 10
6364264.73096101
 20
6168968.83829799
 10
6364264.73260324
 20
6168968.84292071
 10
6364264.73378456
 20
6168968.84768211
 10
6364264.73449359
 20
6168968.85253635
 10
6364264.7347235
 20
6168968.85743672
 10
6364264.73447209
 20
6168968.86233603
 10
6364264.73374177
 20
6168968.86718711
 10
6364264.73253957
 20
6168968.87194328
 10
6364264.73087707
 20
6168968.87655875
 10
6364264.72877027
 20
6168968.88098908
 10
6364264.72623946
 20
6168968.88519163
 10
6364264.42909181
 20
6168969.32791591
 10
6364264.4284876
 20
6168969.32891924
 10
6364264.42942674
 20
6168969.32961909
 10
6364266.40943304
 20
6168970.65920445
 10
6364266.41336794
 20
6168970.66213684
 10
6364266.41699643
 20
6168970.66544084
 10
6364266.42028355
 20
6168970.66908462
 10
6364266.42319764
 20
6168970.67303309
 10
6364266.42571063
 20
6168970.6772482
 10
6364266.42779831
 20
6168970.68168937
 10
6364266.42944058
 20
6168970.68631379
 10
6364266.4306216
 20
6168970.69107693
 10
6364266.43133001
 20
6168970.69593291
 10
6364266.43155898
 20
6168970.70083494
 10
6364266.4313063
 20
6168970.7057358
 10
6364266.43057442
 20
6168970.71058829
 10
6364266.42937037
 20
6168970.71534567
 10
6364266.42770576
 20
6168970.71996209
 10
6364266.42559662
 20
6168970.72439311
 10
6364266.42306327
 20
6168970.72859602
 10
6364263.93511581
 20
6168974.43206595
 10
6364263.93451002
 20
6168974.4330712
 10
6364263.93545336
 20
6168974.4337695
 10
6364270.45376843
 20
6168978.77961599
 10
6364271.66874054
 20
6168979.58955031
 10
6364271.67039166
 20
6168979.59071022
 10
6364273.01141908
 20
6168980.48419657
 10
6364275.45930059
 20
6168982.11657866
 10
6364275.46104577
 20
6168982.11768143
 10
6364278.08292552
 20
6168983.86574785
 10
6364279.19570518
 20
6168984.60796299
 10
6364280.08435943
 20
6168985.20076979
 10
6364280.08535883
 20
6168985.2013682
 10
6364280.08606094
 20
6168985.20043871
 10
6364286.65160504
 20
6168975.5654888
 10
6364286.65221843
 20
6168975.56448576
 10
6364286.65127594
 20
6168975.56378286
 10
6364285.67023122
 20
6168974.90477688
 10
6364285.66823344
 20
6168974.90336273
 10
6364285.66757709
 20
6168974.90287357
 10
6364282.6228461
 20
6168972.85773466
 10
6364278.15988619
 20
6168969.85970974
 10
6364278.15888098
 20
6168969.85910401
 10
6364278.15818264
 20
6168969.86004725
 10
6364276.56493157
 20
6168972.24933793
 10
6364275.67908871
 20
6168973.57746476
 10
6364275.67616239
 20
6168973.58141639
 10
6364275.67286207
 20
6168973.58506148
 10
6364275.66921968
 20
6168973.58836476
 10
6364275.66527043
 20
6168973.5912943
 10
6364275.66105253
 20
6168973.59382176
 10
6364275.65660677
 20
6168973.59592269
 10
6364275.65197614
 20
6168973.59757678
 10
6364275.64720543
 20
6168973.59876802
 10
6364275.64234078
 20
6168973.59948491
 10
6364275.63742924
 20
6168973.5997205
 10
6364275.6325183
 20
6168973.59947251
 10
6364275.62765548
 20
6168973.59874335
 10
6364275.62288779
 20
6168973.59754006
 10
6364275.61826135
 20
6168973.59587429
 10
6364275.61382091
 20
6168973.59376214
 10
6364275.6096094
 20
6168973.59122405
 10
6364270.62210452
 20
6168970.24051196
 10
6364270.61817077
 20
6168970.23757914
 10
6364270.61454343
 20
6168970.23427487
 10
6364270.61125743
 20
6168970.23063098
 10
6364270.60834441
 20
6168970.22668255
 10
6364270.60583242
 20
6168970.22246762
 10
6364270.60374566
 20
6168970.21802676
 10
6364270.60210423
 20
6168970.21340275
 10
6364270.60092392
 20
6168970.20864012
 10
6364270.60021611
 20
6168970.20378474
 10
6364270.59998762
 20
6168970.19888336
 10
6364270.60024063
 20
6168970.19398318
 10
6364270.60097273
 20
6168970.18913139
 10
6364270.60217685
 20
6168970.18437473
 10
6364270.6038414
 20
6168970.17975899
 10
6364270.60595036
 20
6168970.17532863
 10
6364270.6084834
 20
6168970.17112632
 10
6364273.09974522
 20
6168966.46274772
 10
6364273.10034993
 20
6168966.46174451
 10
6364273.09941083
 20
6168966.46104438
 10
6364270.8026549
 20
6168964.91807068
 10
6364270.47474425
 20
6168964.69784854
 10
6364267.44526009
 20
6168962.66306917
 10
6364264.96063031
 20
6168960.99415931
 10
6364264.95962703
 20
6168960.99355465
 10
6364264.958927
 20
6168960.99449385
 10
6364261.26302958
 20
6168966.49743468
 10
6364261.262425
 20
6168966.49843794
 97
0
 75
1
 76
1
 52
0.0
 41
1.0
 77
0
 78
1
 53
45.0
 43
0.0
 44
0.0
 45
-0.0034798562
 46
0.0034798562
 79
0
 98
0
  0
HATCH
  5
201A4
330
1F
100
AcDbEntity
  8
mdr_tejidoconsolidado
 62
7
440
33554585
100
AcDbHatch
 10
0.0
 20
0.0
 30
0.0
210
0.0
220
0.0
230
1.0
  2
SOLID
 70
0
 71
0
 91
1
 92
3
 72
0
 73
1
 93
103
 10
6364256.06298829
 20
6168983.9420831
 10
6364256.06393387
 20
6168983.94277797
 10
6364263.45024979
 20
6168988.83034458
 10
6364263.45124321
 20
6168988.83093497
 10
6364263.45194876
 20
6168988.83001976
 10
6364265.68193193
 20
6168985.6285844
 10
6364265.68488272
 20
6168985.62475682
 10
6364265.68818926
 20
6168985.621232
 10
6364265.69182067
 20
6168985.61804288
 10
6364265.69574301
 20
6168985.61521926
 10
6364265.69991963
 20
6168985.61278752
 10
6364265.70431153
 20
6168985.61077038
 10
6364265.70887765
 20
6168985.60918668
 10
6364265.71357534
 20
6168985.60805122
 10
6364265.71836071
 20
6168985.60737461
 10
6364265.72318905
 20
6168985.60716317
 10
6364265.72801525
 20
6168985.60741888
 10
6364265.73279421
 20
6168985.60813935
 10
6364265.7374813
 20
6168985.60931784
 10
6364265.7420327
 20
6168985.61094335
 10
6364265.74640591
 20
6168985.61300069
 10
6364265.75056006
 20
6168985.61547063
 10
6364266.13407252
 20
6168985.86935746
 10
6364268.30217123
 20
6168987.30470963
 10
6364268.30615713
 20
6168987.30764209
 10
6364268.30983365
 20
6168987.31095419
 10
6364268.31316477
 20
6168987.31461348
 10
6364268.31611787
 20
6168987.31858413
 10
6364268.31866402
 20
6168987.32282723
 10
6364268.32077829
 20
6168987.32730123
 10
6364268.32243995
 20
6168987.33196231
 10
6364268.32363275
 20
6168987.33676481
 10
6364268.32434499
 20
6168987.34166169
 10
6364268.3245697
 20
6168987.346605
 10
6364268.32430468
 20
6168987.35154631
 10
6364268.32355252
 20
6168987.35643723
 10
6364268.32232059
 20
6168987.36122984
 10
6364268.32062097
 20
6168987.36587721
 10
6364268.31847028
 20
6168987.37033382
 10
6364268.31588961
 20
6168987.37455601
 10
6364267.91310346
 20
6168987.96567548
 10
6364266.12101243
 20
6168990.59651273
 10
6364266.12039715
 20
6168990.59751971
 10
6364266.12134775
 20
6168990.59821896
 10
6364268.26644509
 20
6168992.01810521
 10
6364268.66116039
 20
6168992.27934511
 10
6364271.3059153
 20
6168994.02866014
 10
6364273.20980031
 20
6168995.28943596
 10
6364273.21079975
 20
6168995.29002996
 10
6364273.21150042
 20
6168995.28910216
 10
6364280.08470959
 20
6168985.20246548
 10
6364280.08532399
 20
6168985.20146056
 10
6364280.0843776
 20
6168985.20075935
 10
6364279.19570518
 20
6168984.60796299
 10
6364278.08293328
 20
6168983.86575303
 10
6364275.46019983
 20
6168982.11711742
 10
6364273.01245999
 20
6168980.48475631
 10
6364273.01146055
 20
6168980.48415806
 10
6364273.01075852
 20
6168980.48508753
 10
6364270.70989046
 20
6168983.86189643
 10
6364270.70695848
 20
6168983.86577907
 10
6364270.70366303
 20
6168983.86935838
 10
6364270.70003531
 20
6168983.87260044
 10
6364270.69610966
 20
6168983.87547458
 10
6364270.69192325
 20
6168983.87795357
 10
6364270.68751573
 20
6168983.88001394
 10
6364270.68292882
 20
6168983.88163618
 10
6364270.67820597
 20
6168983.88280494
 10
6364270.67339187
 20
6168983.88350914
 10
6364270.66853213
 20
6168983.88374212
 10
6364270.66367275
 20
6168983.88350167
 10
6364270.65885975
 20
6168983.88279008
 10
6364270.65413869
 20
6168983.88161406
 10
6364270.64955428
 20
6168983.87998478
 10
6364270.64514993
 20
6168983.87791764
 10
6364270.64096734
 20
6168983.87543222
 10
6364268.42562124
 20
6168982.4086412
 10
6364268.12607106
 20
6168982.21024836
 10
6364268.12206106
 20
6168982.20729504
 10
6364268.11836475
 20
6168982.20395745
 10
6364268.11501879
 20
6168982.20026871
 10
6364268.11205639
 20
6168982.19626541
 10
6364268.10950693
 20
6168982.19198726
 10
6364268.10739571
 20
6168982.18747672
 10
6364268.10574367
 20
6168982.18277853
 10
6364268.1045672
 20
6168982.1779393
 10
6364268.10387797
 20
6168982.17300704
 10
6364268.10368282
 20
6168982.16803068
 10
6364268.10398369
 20
6168982.1630596
 10
6364268.1047776
 20
6168982.1581431
 10
6364268.10605665
 20
6168982.15332996
 10
6364268.10780818
 20
6168982.14866795
 10
6364268.11001479
 20
6168982.1442033
 10
6364268.1126546
 20
6168982.13998031
 10
6364270.45305764
 20
6168978.78063623
 10
6364270.45368575
 20
6168978.77963164
 10
6364270.45273386
 20
6168978.77892623
 10
6364263.93443806
 20
6168974.43309259
 10
6364262.87134168
 20
6168973.72486434
 10
6364262.87033615
 20
6168973.72426352
 10
6364262.86963966
 20
6168973.7252053
 10
6364256.0635901
 20
6168983.94107574
 10
6364256.06298829
 20
6168983.9420831
 97
0
 75
1
 76
1
 52
0.0
 41
1.0
 77
0
 78
1
 53
45.0
 43
0.0
 44
0.0
 45
-0.0034798562
 46
0.0034798562
 79
0
 98
0
  0
HATCH
  5
201A5
330
1F
100
AcDbEntity
  8
mdr_tejidoparairregular
 62
7
440
33554585
100
AcDbHatch
 10
0.0
 20
0.0
 30
0.0
210
0.0
220
0.0
230
1.0
  2
SOLID
 70
0
 71
0
 91
1
 92
3
 72
0
 73
1
 93
97
 10
6364164.92963921
 20
6168981.43493452
 10
6364164.93059329
 20
6168981.43561863
 10
6364167.81490753
 20
6168983.2960128
 10
6364170.72089195
 20
6168985.16995256
 10
6364176.06033642
 20
6168988.61269348
 10
6364176.06133254
 20
6168988.61326989
 10
6364176.0620307
 20
6168988.61235495
 10
6364179.26864993
 20
6168983.96214588
 10
6364185.02528408
 20
6168975.6170586
 10
6364185.02590952
 20
6168975.61604745
 10
6364185.02494666
 20
6168975.61534992
 10
6364180.07964615
 20
6168972.39644865
 10
6364173.53748713
 20
6168968.13681509
 10
6364173.53647529
 20
6168968.13622487
 10
6364173.53578878
 20
6168968.13717399
 10
6364172.28706809
 20
6168970.05518956
 10
6364172.28647794
 20
6168970.05620135
 10
6364172.28742698
 20
6168970.05688789
 10
6364173.35420339
 20
6168970.75150624
 10
6364173.35817885
 20
6168970.7543821
 10
6364173.3618533
 20
6168970.75763376
 10
6364173.36519134
 20
6168970.76122992
 10
6364173.36816084
 20
6168970.76513593
 10
6364173.37073319
 20
6168970.76931419
 10
6364173.37288363
 20
6168970.77372446
 10
6364173.37459145
 20
6168970.77832426
 10
6364173.3758402
 20
6168970.78306931
 10
6364173.37661785
 20
6168970.78791391
 10
6364173.37691693
 20
6168970.7928114
 10
6364173.37673454
 20
6168970.79771462
 10
6364173.37607244
 20
6168970.80257636
 10
6364173.37493701
 20
6168970.80734979
 10
6364173.37333918
 20
6168970.81198895
 10
6364173.37129435
 20
6168970.81644917
 10
6364173.36882219
 20
6168970.82068748
 10
6364171.69466925
 20
6168973.39208346
 10
6364171.69179347
 20
6168973.39605921
 10
6364171.68854185
 20
6168973.39973393
 10
6364171.68494569
 20
6168973.40307225
 10
6364171.68103964
 20
6168973.406042
 10
6364171.6768613
 20
6168973.40861458
 10
6364171.67245093
 20
6168973.41076523
 10
6364171.667851
 20
6168973.41247323
 10
6364171.6631058
 20
6168973.41372213
 10
6364171.65826103
 20
6168973.4144999
 10
6364171.65336336
 20
6168973.41479905
 10
6364171.64845995
 20
6168973.4146167
 10
6364171.64359803
 20
6168973.41395461
 10
6364171.63882441
 20
6168973.41281915
 10
6364171.63418508
 20
6168973.41122127
 10
6364171.6297247
 20
6168973.40917633
 10
6364171.62548625
 20
6168973.40670405
 10
6364171.13034903
 20
6168973.08432919
 10
6364171.1293372
 20
6168973.08373899
 10
6364171.12865069
 20
6168973.08468812
 10
6364169.4882639
 20
6168975.60428009
 10
6364169.48767378
 20
6168975.60529183
 10
6364169.48862267
 20
6168975.60597842
 10
6364169.98358984
 20
6168975.92834983
 10
6364169.98756461
 20
6168975.93122585
 10
6364169.99123839
 20
6168975.93447757
 10
6364169.99457579
 20
6168975.93807369
 10
6364169.9975447
 20
6168975.94197957
 10
6364170.00011651
 20
6168975.94615762
 10
6364170.00226648
 20
6168975.95056761
 10
6364170.00397389
 20
6168975.95516707
 10
6364170.00522232
 20
6168975.95991172
 10
6364170.00599973
 20
6168975.96475589
 10
6364170.00629865
 20
6168975.96965293
 10
6364170.0061162
 20
6168975.97455569
 10
6364170.00545413
 20
6168975.97941696
 10
6364170.00431883
 20
6168975.98418995
 10
6364170.00272121
 20
6168975.98882869
 10
6364170.00067666
 20
6168975.99328853
 10
6364169.99820487
 20
6168975.99752652
 10
6364166.56940543
 20
6168981.26435744
 10
6364166.56653011
 20
6168981.26833289
 10
6364166.56327901
 20
6168981.27200739
 10
6364166.55968343
 20
6168981.27534558
 10
6364166.55577799
 20
6168981.2783153
 10
6364166.5516003
 20
6168981.28088796
 10
6364166.54719059
 20
6168981.28303878
 10
6364166.5425913
 20
6168981.28474707
 10
6364166.53784674
 20
6168981.28599637
 10
6364166.53300257
 20
6168981.28677465
 10
6364166.52810545
 20
6168981.28707442
 10
6364166.52320252
 20
6168981.28689279
 10
6364166.518341
 20
6168981.28623151
 10
6364166.5135677
 20
6168981.28509695
 10
6364166.50892857
 20
6168981.28350003
 10
6364166.50446829
 20
6168981.28145613
 10
6364166.50022979
 20
6168981.27898493
 10
6364165.46913615
 20
6168980.60795013
 10
6364165.46812416
 20
6168980.60736012
 10
6364165.46743787
 20
6168980.60830945
 10
6364164.93023031
 20
6168981.43392019
 10
6364164.92963921
 20
6168981.43493452
 97
0
 75
1
 76
1
 52
0.0
 41
1.0
 77
0
 78
1
 53
45.0
 43
0.0
 44
0.0
 45
-0.0034798562
 46
0.0034798562
 79
0
 98
0
  0
HATCH
  5
201A6
330
1F
100
AcDbEntity
  8
mdr_tejidoparairregular
 62
7
440
33554585
100
AcDbHatch
 10
0.0
 20
0.0
 30
0.0
210
0.0
220
0.0
230
1.0
  2
SOLID
 70
0
 71
0
 91
1
 92
3
 72
0
 73
1
 93
15
 10
6364158.32834397
 20
6168965.16522008
 10
6364158.32929309
 20
6168965.16590659
 10
6364161.66548331
 20
6168967.33794808
 10
6364163.5189639
 20
6168968.5445645
 10
6364163.51997574
 20
6168968.54515463
 10
6364163.52066222
 20
6168968.54420551
 10
6364166.68837474
 20
6168963.67854905
 10
6364166.68896489
 20
6168963.67753722
 10
6364166.68801578
 20
6168963.67685072
 10
6364165.86337365
 20
6168963.13997811
 10
6364161.49815574
 20
6168960.29861729
 10
6364161.49714391
 20
6168960.29802725
 10
6364161.49645745
 20
6168960.2989763
 10
6364158.32893414
 20
6168965.16420826
 10
6364158.32834397
 20
6168965.16522008
 97
0
 75
1
 76
1
 52
0.0
 41
1.0
 77
0
 78
1
 53
45.0
 43
0.0
 44
0.0
 45
-0.0034798562
 46
0.0034798562
 79
0
 98
0
  0
HATCH
  5
201A7
330
1F
100
AcDbEntity
  8
mdr_tejidoparairregular
 62
7
440
33554585
100
AcDbHatch
 10
0.0
 20
0.0
 30
0.0
210
0.0
220
0.0
230
1.0
  2
SOLID
 70
0
 71
0
 91
1
 92
3
 72
0
 73
1
 93
14
 10
6364152.81984413
 20
6168973.62654812
 10
6364152.82079845
 20
6168973.62723228
 10
6364156.1651428
 20
6168975.78390981
 10
6364156.16615462
 20
6168975.78449427
 10
6364156.16683932
 20
6168975.7835474
 10
6364159.06159567
 20
6168971.33734808
 10
6364159.06218583
 20
6168971.33633628
 10
6364159.06123678
 20
6168971.33564975
 10
6364156.13428994
 20
6168969.42982653
 10
6364155.72625821
 20
6168969.16428042
 10
6364155.72524636
 20
6168969.16369047
 10
6364155.72455995
 20
6168969.16463952
 10
6364152.82043557
 20
6168973.62553374
 10
6364152.81984413
 20
6168973.62654812
 97
0
 75
1
 76
1
 52
0.0
 41
1.0
 77
0
 78
1
 53
45.0
 43
0.0
 44
0.0
 45
-0.0034798562
 46
0.0034798562
 79
0
 98
0
  0
HATCH
  5
201A8
330
1F
100
AcDbEntity
  8
mdr_tejidoparairregular
 62
7
440
33554585
100
AcDbHatch
 10
0.0
 20
0.0
 30
0.0
210
0.0
220
0.0
230
1.0
  2
SOLID
 70
0
 71
0
 91
1
 92
3
 72
0
 73
1
 93
16
 10
6364270.58054456
 20
6168970.21262257
 10
6364270.58148366
 20
6168970.2133227
 10
6364275.65023092
 20
6168973.61851447
 10
6364275.65123606
 20
6168973.61912021
 10
6364275.65193447
 20
6168973.61817708
 10
6364276.56481729
 20
6168972.2494927
 10
6364278.15813127
 20
6168969.86003152
 10
6364278.15873145
 20
6168969.85902828
 10
6364278.15779414
 20
6168969.85832958
 10
6364277.477526
 20
6168969.40128409
 10
6364274.12317393
 20
6168967.14889573
 10
6364273.10141202
 20
6168966.46241735
 10
6364273.10040881
 20
6168966.46181258
 10
6364273.09970865
 20
6168966.4627517
 10
6364270.58114929
 20
6168970.21161936
 10
6364270.58054456
 20
6168970.21262257
 97
0
 75
1
 76
1
 52
0.0
 41
1.0
 77
0
 78
1
 53
45.0
 43
0.0
 44
0.0
 45
-0.0034798562
 46
0.0034798562
 79
0
 98
0
  0
HATCH
  5
201A9
330
1F
100
AcDbEntity
  8
mdr_tejidoparairregular
 62
7
440
33554585
100
AcDbHatch
 10
0.0
 20
0.0
 30
0.0
210
0.0
220
0.0
230
1.0
  2
SOLID
 70
0
 71
0
 91
1
 92
3
 72
0
 73
1
 93
57
 10
6364250.01622445
 20
6168965.15375981
 10
6364250.01716957
 20
6168965.1544595
 10
6364258.7625
 20
6168970.98432063
 10
6364262.87030351
 20
6168973.7243576
 10
6364263.93341081
 20
6168974.43240842
 10
6364263.9344141
 20
6168974.4330079
 10
6364263.93511254
 20
6168974.4320708
 10
6364266.45026615
 20
6168970.68810279
 10
6364266.45087091
 20
6168970.68709946
 10
6364266.44993157
 20
6168970.68639944
 10
6364264.46990813
 20
6168969.35680258
 10
6364264.46597424
 20
6168969.35387102
 10
6364264.46234659
 20
6168969.35056804
 10
6364264.45906011
 20
6168969.34692545
 10
6364264.45614643
 20
6168969.3429783
 10
6364264.45363361
 20
6168969.3387646
 10
6364264.45154585
 20
6168969.33432493
 10
6364264.44990323
 20
6168969.32970202
 10
6364264.44872159
 20
6168969.32494038
 10
6364264.44801229
 20
6168969.32008585
 10
6364264.44778216
 20
6168969.31518519
 10
6364264.44803342
 20
6168969.31028556
 10
6364264.44876365
 20
6168969.30543414
 10
6364264.44996582
 20
6168969.30067764
 10
6364264.45162835
 20
6168969.29606186
 10
6364264.45373524
 20
6168969.29163123
 10
6364264.45626621
 20
6168969.28742841
 10
6364264.75341112
 20
6168968.84470819
 10
6364264.7540153
 20
6168968.84370493
 10
6364264.75307629
 20
6168968.84300503
 10
6364261.30385123
 20
6168966.52633112
 10
6364261.29991714
 20
6168966.52339877
 10
6364261.29628941
 20
6168966.52009493
 10
6364261.29300298
 20
6168966.51645142
 10
6364261.29008949
 20
6168966.51250334
 10
6364261.28757701
 20
6168966.5082887
 10
6364261.28548973
 20
6168966.50384809
 10
6364261.28384775
 20
6168966.49922427
 10
6364261.28266688
 20
6168966.49446178
 10
6364261.2819585
 20
6168966.48960648
 10
6364261.28172943
 20
6168966.48470512
 10
6364261.28198187
 20
6168966.47980491
 10
6364261.2827134
 20
6168966.47495304
 10
6364261.28391696
 20
6168966.47019624
 10
6364261.28558097
 20
6168966.4655803
 10
6364261.2876894
 20
6168966.4611497
 10
6364261.29022195
 20
6168966.45694708
 10
6364264.95892692
 20
6168960.99449397
 10
6364264.95953157
 20
6168960.99349057
 10
6364264.95859212
 20
6168960.99279066
 10
6364264.37750637
 20
6168960.60270674
 10
6364260.58657141
 20
6168958.05585613
 10
6364256.62287986
 20
6168955.39299894
 10
6364256.62187862
 20
6168955.39239526
 10
6364256.62117675
 20
6168955.3933303
 10
6364250.01683471
 20
6168965.15275461
 10
6364250.01622445
 20
6168965.15375981
 97
0
 75
1
 76
1
 52
0.0
 41
1.0
 77
0
 78
1
 53
45.0
 43
0.0
 44
0.0
 45
-0.0034798562
 46
0.0034798562
 79
0
 98
0
  0
HATCH
  5
201AA
330
1F
100
AcDbEntity
  8
mdr_tejidoparairregular
 62
7
440
33554585
100
AcDbHatch
 10
0.0
 20
0.0
 30
0.0
210
0.0
220
0.0
230
1.0
  2
SOLID
 70
0
 71
0
 91
1
 92
3
 72
0
 73
1
 93
15
 10
6364268.08347559
 20
6168982.18196638
 10
6364268.08443117
 20
6168982.18267015
 10
6364268.42561551
 20
6168982.40863741
 10
6364270.68109274
 20
6168983.90199944
 10
6364270.68209221
 20
6168983.90259335
 10
6364270.68279283
 20
6168983.90166556
 10
6364273.01074955
 20
6168980.4851007
 10
6364273.01136408
 20
6168980.48409545
 10
6364273.01041701
 20
6168980.48339457
 10
6364271.66959728
 20
6168979.59012144
 10
6364270.45477639
 20
6168978.78028792
 10
6364270.45378304
 20
6168978.77969311
 10
6364270.45307596
 20
6168978.78060994
 10
6364268.08410466
 20
6168982.18096004
 10
6364268.08347559
 20
6168982.18196638
 97
0
 75
1
 76
1
 52
0.0
 41
1.0
 77
0
 78
1
 53
45.0
 43
0.0
 44
0.0
 45
-0.0034798562
 46
0.0034798562
 79
0
 98
0
  0
HATCH
  5
201AB
330
1F
100
AcDbEntity
  8
mdr_tejidoparairregular
 62
7
440
33554585
100
AcDbHatch
 10
0.0
 20
0.0
 30
0.0
210
0.0
220
0.0
230
1.0
  2
SOLID
 70
0
 71
0
 91
1
 92
3
 72
0
 73
1
 93
15
 10
6364263.45134095
 20
6168988.83099576
 10
6364263.45229666
 20
6168988.83169941
 10
6364265.03338755
 20
6168989.87852748
 10
6364266.11930073
 20
6168990.59686442
 10
6364266.12030025
 20
6168990.59745781
 10
6364266.12100065
 20
6168990.5965301
 10
6364268.34372585
 20
6168987.33370446
 10
6364268.34434115
 20
6168987.33269752
 10
6364268.34339062
 20
6168987.33199821
 10
6364266.13407961
 20
6168985.86936215
 10
6364265.71085308
 20
6168985.589
 10
6364265.70985964
 20
6168985.58840894
 10
6364265.70915388
 20
6168985.58932444
 10
6364263.45196993
 20
6168988.82998932
 10
6364263.45134095
 20
6168988.83099576
 97
0
 75
1
 76
1
 52
0.0
 41
1.0
 77
0
 78
1
 53
45.0
 43
0.0
 44
0.0
 45
-0.0034798562
 46
0.0034798562
 79
0
 98
0
  0
HATCH
  5
201AC
330
1F
100
AcDbEntity
  8
mdr_tejidoparairregular
 62
7
440
33554585
100
AcDbHatch
 10
0.0
 20
0.0
 30
0.0
210
0.0
220
0.0
230
1.0
  2
SOLID
 70
0
 71
0
 91
1
 92
3
 72
0
 73
1
 93
18
 10
6364243.10380494
 20
6168975.36691614
 10
6364243.10475428
 20
6168975.36761402
 10
6364246.54166529
 20
6168977.64153657
 10
6364249.02584888
 20
6168979.28607867
 10
6364251.93826444
 20
6168981.21335231
 10
6364255.23022674
 20
6168983.39120646
 10
6364256.06188662
 20
6168983.94142341
 10
6364256.06289219
 20
6168983.94202003
 10
6364256.06358735
 20
6168983.94107988
 10
6364262.86963722
 20
6168973.72538808
 10
6364262.8702379
 20
6168973.72438288
 10
6364262.86929679
 20
6168973.72368608
 10
6364258.76251171
 20
6168970.98432843
 10
6364250.01716048
 20
6168965.15445344
 10
6364250.01615923
 20
6168965.15385448
 10
6364250.01545884
 20
6168965.15478762
 10
6364243.10441636
 20
6168975.36590892
 10
6364243.10380494
 20
6168975.36691614
 97
0
 75
1
 76
1
 52
0.0
 41
1.0
 77
0
 78
1
 53
45.0
 43
0.0
 44
0.0
 45
-0.0034798562
 46
0.0034798562
 79
0
 98
0
  0
TEXT
  5
201AE
330
1F
100
AcDbEntity
  8
tejido
 62
8
100
AcDbText
 10
6364202.400978472
 20
6168916.249240671
 30
0.0
 40
0.375
  1
0.0
  7
GOOGLE_SANS
 72
1
 11
6364202.400978472
 21
6168916.249240671
 31
0.0
100
AcDbText
 73
2
  0
TEXT
  5
201AF
330
1F
100
AcDbEntity
  8
tejido
 62
8
100
AcDbText
 10
6364250.948646965
 20
6168973.184772119
 30
0.0
 40
0.375
  1
0.0
  7
GOOGLE_SANS
 72
1
 11
6364250.948646965
 21
6168973.184772119
 31
0.0
100
AcDbText
 73
2
  0
TEXT
  5
201B0
330
1F
100
AcDbEntity
  8
tejido
 62
8
100
AcDbText
 10
6364257.407088279
 20
6168977.467020195
 30
0.0
 40
0.375
  1
3.7
  7
GOOGLE_SANS
 72
1
 11
6364257.407088279
 21
6168977.467020195
 31
0.0
100
AcDbText
 73
2
  0
TEXT
  5
201B1
330
1F
100
AcDbEntity
  8
tejido
 62
8
100
AcDbText
 10
6364262.991579124
 20
6168981.186652937
 30
0.0
 40
0.375
  1
25.9
  7
GOOGLE_SANS
 72
1
 11
6364262.991579124
 21
6168981.186652937
 31
0.0
100
AcDbText
 73
2
  0
TEXT
  5
201B2
330
1F
100
AcDbEntity
  8
tejido
 62
8
100
AcDbText
 10
6364265.903968874
 20
6168988.090959542
 30
0.0
 40
0.375
  1
0.0
  7
GOOGLE_SANS
 72
1
 11
6364265.903968874
 21
6168988.090959542
 31
0.0
100
AcDbText
 73
2
  0
TEXT
  5
201B3
330
1F
100
AcDbEntity
  8
tejido
 62
8
100
AcDbText
 10
6364268.656550714
 20
6168989.575722431
 30
0.0
 40
0.375
  1
23.5
  7
GOOGLE_SANS
 72
1
 11
6364268.656550714
 21
6168989.575722431
 31
0.0
100
AcDbText
 73
2
  0
TEXT
  5
201B4
330
1F
100
AcDbEntity
  8
tejido
 62
8
100
AcDbText
 10
6364270.554441387
 20
6168981.340773661
 30
0.0
 40
0.375
  1
0.0
  7
GOOGLE_SANS
 72
1
 11
6364270.554441387
 21
6168981.340773661
 31
0.0
100
AcDbText
 73
2
  0
TEXT
  5
201B5
330
1F
100
AcDbEntity
  8
tejido
 62
8
100
AcDbText
 10
6364273.357553984
 20
6168987.052075268
 30
0.0
 40
0.375
  1
25.9
  7
GOOGLE_SANS
 72
1
 11
6364273.357553984
 21
6168987.052075268
 31
0.0
100
AcDbText
 73
2
  0
TEXT
  5
201B6
330
1F
100
AcDbEntity
  8
tejido
 62
8
100
AcDbText
 10
6364227.2505474035
 20
6169007.261629073
 30
0.0
 40
0.375
  1
0.0
  7
GOOGLE_SANS
 72
1
 11
6364227.2505474035
 21
6169007.261629073
 31
0.0
100
AcDbText
 73
2
  0
TEXT
  5
201B7
330
1F
100
AcDbEntity
  8
tejido
 62
8
100
AcDbText
 10
6364232.409468762
 20
6169012.9625127
 30
0.0
 40
0.375
  1
23.4
  7
GOOGLE_SANS
 72
1
 11
6364232.409468762
 21
6169012.9625127
 31
0.0
100
AcDbText
 73
2
  0
TEXT
  5
201B8
330
1F
100
AcDbEntity
  8
tejido
 62
8
100
AcDbText
 10
6364241.264071726
 20
6169014.8161110375
 30
0.0
 40
0.375
  1
29.8
  7
GOOGLE_SANS
 72
1
 11
6364241.264071726
 21
6169014.8161110375
 31
0.0
100
AcDbText
 73
2
  0
TEXT
  5
201B9
330
1F
100
AcDbEntity
  8
tejido
 62
8
100
AcDbText
 10
6364241.018590435
 20
6169019.519200882
 30
0.0
 40
0.375
  1
3.8
  7
GOOGLE_SANS
 72
1
 11
6364241.018590435
 21
6169019.519200882
 31
0.0
100
AcDbText
 73
2
  0
TEXT
  5
201BA
330
1F
100
AcDbEntity
  8
tejido
 62
8
100
AcDbText
 10
6364247.727246859
 20
6169022.042877827
 30
0.0
 40
0.375
  1
27.0
  7
GOOGLE_SANS
 72
1
 11
6364247.727246859
 21
6169022.042877827
 31
0.0
100
AcDbText
 73
2
  0
TEXT
  5
201BB
330
1F
100
AcDbEntity
  8
tejido
 62
8
100
AcDbText
 10
6364176.395844819
 20
6169005.807740927
 30
0.0
 40
0.375
  1
14.0
  7
GOOGLE_SANS
 72
1
 11
6364176.395844819
 21
6169005.807740927
 31
0.0
100
AcDbText
 73
2
  0
TEXT
  5
201BC
330
1F
100
AcDbEntity
  8
tejido
 62
8
100
AcDbText
 10
6364165.563240638
 20
6169012.258398847
 30
0.0
 40
0.375
  1
16.8
  7
GOOGLE_SANS
 72
1
 11
6364165.563240638
 21
6169012.258398847
 31
0.0
100
AcDbText
 73
2
  0
TEXT
  5
201BD
330
1F
100
AcDbEntity
  8
tejido
 62
8
100
AcDbText
 10
6364189.3421761915
 20
6169033.751976792
 30
0.0
 40
0.375
  1
5.6
  7
GOOGLE_SANS
 72
1
 11
6364189.3421761915
 21
6169033.751976792
 31
0.0
100
AcDbText
 73
2
  0
TEXT
  5
201BE
330
1F
100
AcDbEntity
  8
tejido
 62
8
100
AcDbText
 10
6364146.992743484
 20
6168989.062136209
 30
0.0
 40
0.375
  1
11.2
  7
GOOGLE_SANS
 72
1
 11
6364146.992743484
 21
6168989.062136209
 31
0.0
100
AcDbText
 73
2
  0
TEXT
  5
201BF
330
1F
100
AcDbEntity
  8
tejido
 62
8
100
AcDbText
 10
6364147.962663011
 20
6168980.586596126
 30
0.0
 40
0.375
  1
11.2
  7
GOOGLE_SANS
 72
1
 11
6364147.962663011
 21
6168980.586596126
 31
0.0
100
AcDbText
 73
2
  0
TEXT
  5
201C0
330
1F
100
AcDbEntity
  8
tejido
 62
8
100
AcDbText
 10
6364231.381225841
 20
6168949.39057895
 30
0.0
 40
0.375
  1
18.9
  7
GOOGLE_SANS
 72
1
 11
6364231.381225841
 21
6168949.39057895
 31
0.0
100
AcDbText
 73
2
  0
TEXT
  5
201C1
330
1F
100
AcDbEntity
  8
tejido
 62
8
100
AcDbText
 10
6364224.423716649
 20
6169057.099797573
 30
0.0
 40
0.375
  1
3.5
  7
GOOGLE_SANS
 72
1
 11
6364224.423716649
 21
6169057.099797573
 31
0.0
100
AcDbText
 73
2
  0
TEXT
  5
201C2
330
1F
100
AcDbEntity
  8
tejido
 62
8
100
AcDbText
 10
6364222.666683234
 20
6169049.10879378
 30
0.0
 40
0.375
  1
5.6
  7
GOOGLE_SANS
 72
1
 11
6364222.666683234
 21
6169049.10879378
 31
0.0
100
AcDbText
 73
2
  0
TEXT
  5
201C3
330
1F
100
AcDbEntity
  8
tejido
 62
8
100
AcDbText
 10
6364216.339747072
 20
6169053.663218493
 30
0.0
 40
0.375
  1
5.6
  7
GOOGLE_SANS
 72
1
 11
6364216.339747072
 21
6169053.663218493
 31
0.0
100
AcDbText
 73
2
  0
TEXT
  5
201C4
330
1F
100
AcDbEntity
  8
tejido
 62
8
100
AcDbText
 10
6364218.728690387
 20
6169050.217541423
 30
0.0
 40
0.375
  1
8.4
  7
GOOGLE_SANS
 72
1
 11
6364218.728690387
 21
6169050.217541423
 31
0.0
100
AcDbText
 73
2
  0
TEXT
  5
201C5
330
1F
100
AcDbEntity
  8
tejido
 62
8
100
AcDbText
 10
6364209.762050907
 20
6169047.194098635
 30
0.0
 40
0.375
  1
2.8
  7
GOOGLE_SANS
 72
1
 11
6364209.762050907
 21
6169047.194098635
 31
0.0
100
AcDbText
 73
2
  0
TEXT
  5
201C6
330
1F
100
AcDbEntity
  8
tejido
 62
8
100
AcDbText
 10
6364214.208195618
 20
6169046.969526302
 30
0.0
 40
0.375
  1
5.6
  7
GOOGLE_SANS
 72
1
 11
6364214.208195618
 21
6169046.969526302
 31
0.0
100
AcDbText
 73
2
  0
TEXT
  5
201C7
330
1F
100
AcDbEntity
  8
tejido
 62
8
100
AcDbText
 10
6364204.619673366
 20
6169040.585818221
 30
0.0
 40
0.375
  1
6.6
  7
GOOGLE_SANS
 72
1
 11
6364204.619673366
 21
6169040.585818221
 31
0.0
100
AcDbText
 73
2
  0
TEXT
  5
201C8
330
1F
100
AcDbEntity
  8
tejido
 62
8
100
AcDbText
 10
6364200.806542206
 20
6169029.702965701
 30
0.0
 40
0.375
  1
5.6
  7
GOOGLE_SANS
 72
1
 11
6364200.806542206
 21
6169029.702965701
 31
0.0
100
AcDbText
 73
2
  0
TEXT
  5
201C9
330
1F
100
AcDbEntity
  8
tejido
 62
8
100
AcDbText
 10
6364200.847031862
 20
6169034.904952164
 30
0.0
 40
0.375
  1
2.8
  7
GOOGLE_SANS
 72
1
 11
6364200.847031862
 21
6169034.904952164
 31
0.0
100
AcDbText
 73
2
  0
TEXT
  5
201CA
330
1F
100
AcDbEntity
  8
tejido
 62
8
100
AcDbText
 10
6364206.805075624
 20
6169027.303559191
 30
0.0
 40
0.375
  1
2.8
  7
GOOGLE_SANS
 72
1
 11
6364206.805075624
 21
6169027.303559191
 31
0.0
100
AcDbText
 73
2
  0
TEXT
  5
201CB
330
1F
100
AcDbEntity
  8
tejido
 62
8
100
AcDbText
 10
6364217.180550533
 20
6169004.887882669
 30
0.0
 40
0.375
  1
2.8
  7
GOOGLE_SANS
 72
1
 11
6364217.180550533
 21
6169004.887882669
 31
0.0
100
AcDbText
 73
2
  0
TEXT
  5
201CC
330
1F
100
AcDbEntity
  8
tejido
 62
8
100
AcDbText
 10
6364221.239175593
 20
6169002.969319856
 30
0.0
 40
0.375
  1
5.6
  7
GOOGLE_SANS
 72
1
 11
6364221.239175593
 21
6169002.969319856
 31
0.0
100
AcDbText
 73
2
  0
TEXT
  5
201CD
330
1F
100
AcDbEntity
  8
tejido
 62
8
100
AcDbText
 10
6364159.8394950675
 20
6169015.562722214
 30
0.0
 40
0.375
  1
14.0
  7
GOOGLE_SANS
 72
1
 11
6364159.8394950675
 21
6169015.562722214
 31
0.0
100
AcDbText
 73
2
  0
TEXT
  5
201CE
330
1F
100
AcDbEntity
  8
tejido
 62
8
100
AcDbText
 10
6364163.219603079
 20
6169010.671265305
 30
0.0
 40
0.375
  1
16.8
  7
GOOGLE_SANS
 72
1
 11
6364163.219603079
 21
6169010.671265305
 31
0.0
100
AcDbText
 73
2
  0
TEXT
  5
201CF
330
1F
100
AcDbEntity
  8
tejido
 62
8
100
AcDbText
 10
6364175.32784302
 20
6168993.32219082
 30
0.0
 40
0.375
  1
14.0
  7
GOOGLE_SANS
 72
1
 11
6364175.32784302
 21
6168993.32219082
 31
0.0
100
AcDbText
 73
2
  0
TEXT
  5
201D0
330
1F
100
AcDbEntity
  8
tejido
 62
8
100
AcDbText
 10
6364168.999306498
 20
6169001.930520013
 30
0.0
 40
0.375
  1
5.6
  7
GOOGLE_SANS
 72
1
 11
6364168.999306498
 21
6169001.930520013
 31
0.0
100
AcDbText
 73
2
  0
TEXT
  5
201D1
330
1F
100
AcDbEntity
  8
tejido
 62
8
100
AcDbText
 10
6364191.013597097
 20
6168980.9582137
 30
0.0
 40
0.375
  1
2.8
  7
GOOGLE_SANS
 72
1
 11
6364191.013597097
 21
6168980.9582137
 31
0.0
100
AcDbText
 73
2
  0
TEXT
  5
201D2
330
1F
100
AcDbEntity
  8
tejido
 62
8
100
AcDbText
 10
6364193.614042857
 20
6169006.256487737
 30
0.0
 40
0.375
  1
5.6
  7
GOOGLE_SANS
 72
1
 11
6364193.614042857
 21
6169006.256487737
 31
0.0
100
AcDbText
 73
2
  0
TEXT
  5
201D3
330
1F
100
AcDbEntity
  8
tejido
 62
8
100
AcDbText
 10
6364194.691534118
 20
6169022.701445887
 30
0.0
 40
0.375
  1
2.8
  7
GOOGLE_SANS
 72
1
 11
6364194.691534118
 21
6169022.701445887
 31
0.0
100
AcDbText
 73
2
  0
TEXT
  5
201D4
330
1F
100
AcDbEntity
  8
tejido
 62
8
100
AcDbText
 10
6364210.164939383
 20
6168996.899555656
 30
0.0
 40
0.375
  1
2.8
  7
GOOGLE_SANS
 72
1
 11
6364210.164939383
 21
6168996.899555656
 31
0.0
100
AcDbText
 73
2
  0
TEXT
  5
201D5
330
1F
100
AcDbEntity
  8
tejido
 62
8
100
AcDbText
 10
6364220.934192131
 20
6168991.153080116
 30
0.0
 40
0.375
  1
8.4
  7
GOOGLE_SANS
 72
1
 11
6364220.934192131
 21
6168991.153080116
 31
0.0
100
AcDbText
 73
2
  0
TEXT
  5
201D6
330
1F
100
AcDbEntity
  8
tejido
 62
8
100
AcDbText
 10
6364134.562227371
 20
6168995.980467014
 30
0.0
 40
0.375
  1
5.2
  7
GOOGLE_SANS
 72
1
 11
6364134.562227371
 21
6168995.980467014
 31
0.0
100
AcDbText
 73
2
  0
TEXT
  5
201D7
330
1F
100
AcDbEntity
  8
tejido
 62
8
100
AcDbText
 10
6364155.593261905
 20
6169010.1553487815
 30
0.0
 40
0.375
  1
2.8
  7
GOOGLE_SANS
 72
1
 11
6364155.593261905
 21
6169010.1553487815
 31
0.0
100
AcDbText
 73
2
  0
TEXT
  5
201D8
330
1F
100
AcDbEntity
  8
tejido
 62
8
100
AcDbText
 10
6364160.461566601
 20
6169003.774049101
 30
0.0
 40
0.375
  1
5.6
  7
GOOGLE_SANS
 72
1
 11
6364160.461566601
 21
6169003.774049101
 31
0.0
100
AcDbText
 73
2
  0
TEXT
  5
201D9
330
1F
100
AcDbEntity
  8
tejido
 62
8
100
AcDbText
 10
6364142.931158315
 20
6169003.006899323
 30
0.0
 40
0.375
  1
6.7
  7
GOOGLE_SANS
 72
1
 11
6364142.931158315
 21
6169003.006899323
 31
0.0
100
AcDbText
 73
2
  0
TEXT
  5
201DA
330
1F
100
AcDbEntity
  8
tejido
 62
8
100
AcDbText
 10
6364151.663272286
 20
6169004.946146221
 30
0.0
 40
0.375
  1
7.5
  7
GOOGLE_SANS
 72
1
 11
6364151.663272286
 21
6169004.946146221
 31
0.0
100
AcDbText
 73
2
  0
TEXT
  5
201DB
330
1F
100
AcDbEntity
  8
tejido
 62
8
100
AcDbText
 10
6364150.684833659
 20
6168999.607632862
 30
0.0
 40
0.375
  1
3.5
  7
GOOGLE_SANS
 72
1
 11
6364150.684833659
 21
6168999.607632862
 31
0.0
100
AcDbText
 73
2
  0
TEXT
  5
201DC
330
1F
100
AcDbEntity
  8
tejido
 62
8
100
AcDbText
 10
6364143.017956456
 20
6168979.848643215
 30
0.0
 40
0.375
  1
11.2
  7
GOOGLE_SANS
 72
1
 11
6364143.017956456
 21
6168979.848643215
 31
0.0
100
AcDbText
 73
2
  0
TEXT
  5
201DD
330
1F
100
AcDbEntity
  8
tejido
 62
8
100
AcDbText
 10
6364150.180028592
 20
6168983.467977044
 30
0.0
 40
0.375
  1
14.0
  7
GOOGLE_SANS
 72
1
 11
6364150.180028592
 21
6168983.467977044
 31
0.0
100
AcDbText
 73
2
  0
TEXT
  5
201DE
330
1F
100
AcDbEntity
  8
tejido
 62
8
100
AcDbText
 10
6364147.382491464
 20
6168987.572863204
 30
0.0
 40
0.375
  1
2.8
  7
GOOGLE_SANS
 72
1
 11
6364147.382491464
 21
6168987.572863204
 31
0.0
100
AcDbText
 73
2
  0
TEXT
  5
201DF
330
1F
100
AcDbEntity
  8
tejido
 62
8
100
AcDbText
 10
6364156.409742866
 20
6168987.514773762
 30
0.0
 40
0.375
  1
11.2
  7
GOOGLE_SANS
 72
1
 11
6364156.409742866
 21
6168987.514773762
 31
0.0
100
AcDbText
 73
2
  0
TEXT
  5
201E0
330
1F
100
AcDbEntity
  8
tejido
 62
8
100
AcDbText
 10
6364161.848641711
 20
6168998.233284702
 30
0.0
 40
0.375
  1
2.8
  7
GOOGLE_SANS
 72
1
 11
6364161.848641711
 21
6168998.233284702
 31
0.0
100
AcDbText
 73
2
  0
TEXT
  5
201E1
330
1F
100
AcDbEntity
  8
tejido
 62
8
100
AcDbText
 10
6364166.555495486
 20
6168994.385421232
 30
0.0
 40
0.375
  1
5.6
  7
GOOGLE_SANS
 72
1
 11
6364166.555495486
 21
6168994.385421232
 31
0.0
100
AcDbText
 73
2
  0
TEXT
  5
201E2
330
1F
100
AcDbEntity
  8
tejido
 62
8
100
AcDbText
 10
6364162.413869987
 20
6168991.10802957
 30
0.0
 40
0.375
  1
8.4
  7
GOOGLE_SANS
 72
1
 11
6364162.413869987
 21
6168991.10802957
 31
0.0
100
AcDbText
 73
2
  0
TEXT
  5
201E3
330
1F
100
AcDbEntity
  8
tejido
 62
8
100
AcDbText
 10
6364167.575428577
 20
6168990.240081327
 30
0.0
 40
0.375
  1
3.7
  7
GOOGLE_SANS
 72
1
 11
6364167.575428577
 21
6168990.240081327
 31
0.0
100
AcDbText
 73
2
  0
TEXT
  5
201E4
330
1F
100
AcDbEntity
  8
tejido
 62
8
100
AcDbText
 10
6364151.5313935615
 20
6168979.655857251
 30
0.0
 40
0.375
  1
0.0
  7
GOOGLE_SANS
 72
1
 11
6364151.5313935615
 21
6168979.655857251
 31
0.0
100
AcDbText
 73
2
  0
TEXT
  5
201E5
330
1F
100
AcDbEntity
  8
tejido
 62
8
100
AcDbText
 10
6364165.127304444
 20
6168975.264167594
 30
0.0
 40
0.375
  1
26.4
  7
GOOGLE_SANS
 72
1
 11
6364165.127304444
 21
6168975.264167594
 31
0.0
100
AcDbText
 73
2
  0
TEXT
  5
201E6
330
1F
100
AcDbEntity
  8
tejido
 62
8
100
AcDbText
 10
6364159.652856943
 20
6168954.229497727
 30
0.0
 40
0.375
  1
3.3
  7
GOOGLE_SANS
 72
1
 11
6364159.652856943
 21
6168954.229497727
 31
0.0
100
AcDbText
 73
2
  0
TEXT
  5
201E7
330
1F
100
AcDbEntity
  8
tejido
 62
8
100
AcDbText
 10
6364163.511980349
 20
6168959.387653398
 30
0.0
 40
0.375
  1
5.7
  7
GOOGLE_SANS
 72
1
 11
6364163.511980349
 21
6168959.387653398
 31
0.0
100
AcDbText
 73
2
  0
TEXT
  5
201E8
330
1F
100
AcDbEntity
  8
tejido
 62
8
100
AcDbText
 10
6364168.929483116
 20
6168958.217286622
 30
0.0
 40
0.375
  1
5.7
  7
GOOGLE_SANS
 72
1
 11
6364168.929483116
 21
6168958.217286622
 31
0.0
100
AcDbText
 73
2
  0
TEXT
  5
201E9
330
1F
100
AcDbEntity
  8
tejido
 62
8
100
AcDbText
 10
6364184.782085187
 20
6168970.64739504
 30
0.0
 40
0.375
  1
3.3
  7
GOOGLE_SANS
 72
1
 11
6364184.782085187
 21
6168970.64739504
 31
0.0
100
AcDbText
 73
2
  0
TEXT
  5
201EA
330
1F
100
AcDbEntity
  8
tejido
 62
8
100
AcDbText
 10
6364183.353346799
 20
6168960.210841258
 30
0.0
 40
0.375
  1
0.0
  7
GOOGLE_SANS
 72
1
 11
6364183.353346799
 21
6168960.210841258
 31
0.0
100
AcDbText
 73
2
  0
TEXT
  5
201EB
330
1F
100
AcDbEntity
  8
tejido
 62
8
100
AcDbText
 10
6364175.491298726
 20
6168943.952741334
 30
0.0
 40
0.375
  1
2.8
  7
GOOGLE_SANS
 72
1
 11
6364175.491298726
 21
6168943.952741334
 31
0.0
100
AcDbText
 73
2
  0
TEXT
  5
201EC
330
1F
100
AcDbEntity
  8
tejido
 62
8
100
AcDbText
 10
6364190.659946964
 20
6168951.912996195
 30
0.0
 40
0.375
  1
2.8
  7
GOOGLE_SANS
 72
1
 11
6364190.659946964
 21
6168951.912996195
 31
0.0
100
AcDbText
 73
2
  0
TEXT
  5
201ED
330
1F
100
AcDbEntity
  8
tejido
 62
8
100
AcDbText
 10
6364175.089535821
 20
6168935.472230316
 30
0.0
 40
0.375
  1
5.6
  7
GOOGLE_SANS
 72
1
 11
6364175.089535821
 21
6168935.472230316
 31
0.0
100
AcDbText
 73
2
  0
TEXT
  5
201EE
330
1F
100
AcDbEntity
  8
tejido
 62
8
100
AcDbText
 10
6364191.069426363
 20
6168944.256707528
 30
0.0
 40
0.375
  1
2.8
  7
GOOGLE_SANS
 72
1
 11
6364191.069426363
 21
6168944.256707528
 31
0.0
100
AcDbText
 73
2
  0
TEXT
  5
201EF
330
1F
100
AcDbEntity
  8
tejido
 62
8
100
AcDbText
 10
6364242.575629716
 20
6168979.5526625
 30
0.0
 40
0.375
  1
5.6
  7
GOOGLE_SANS
 72
1
 11
6364242.575629716
 21
6168979.5526625
 31
0.0
100
AcDbText
 73
2
  0
TEXT
  5
201F0
330
1F
100
AcDbEntity
  8
tejido
 62
8
100
AcDbText
 10
6364182.394833243
 20
6168937.975833291
 30
0.0
 40
0.375
  1
8.4
  7
GOOGLE_SANS
 72
1
 11
6364182.394833243
 21
6168937.975833291
 31
0.0
100
AcDbText
 73
2
  0
TEXT
  5
201F1
330
1F
100
AcDbEntity
  8
tejido
 62
8
100
AcDbText
 10
6364256.712613771
 20
6169015.457295217
 30
0.0
 40
0.375
  1
2.8
  7
GOOGLE_SANS
 72
1
 11
6364256.712613771
 21
6169015.457295217
 31
0.0
100
AcDbText
 73
2
  0
TEXT
  5
201F2
330
1F
100
AcDbEntity
  8
tejido
 62
8
100
AcDbText
 10
6364193.710634522
 20
6168950.92205746
 30
0.0
 40
0.375
  1
2.8
  7
GOOGLE_SANS
 72
1
 11
6364193.710634522
 21
6168950.92205746
 31
0.0
100
AcDbText
 73
2
  0
TEXT
  5
201F3
330
1F
100
AcDbEntity
  8
tejido
 62
8
100
AcDbText
 10
6364181.728896409
 20
6168929.379894416
 30
0.0
 40
0.375
  1
5.6
  7
GOOGLE_SANS
 72
1
 11
6364181.728896409
 21
6168929.379894416
 31
0.0
100
AcDbText
 73
2
  0
TEXT
  5
201F4
330
1F
100
AcDbEntity
  8
tejido
 62
8
100
AcDbText
 10
6364180.153068859
 20
6168932.354181756
 30
0.0
 40
0.375
  1
8.4
  7
GOOGLE_SANS
 72
1
 11
6364180.153068859
 21
6168932.354181756
 31
0.0
100
AcDbText
 73
2
  0
TEXT
  5
201F5
330
1F
100
AcDbEntity
  8
tejido
 62
8
100
AcDbText
 10
6364191.698087333
 20
6168935.715147603
 30
0.0
 40
0.375
  1
2.8
  7
GOOGLE_SANS
 72
1
 11
6364191.698087333
 21
6168935.715147603
 31
0.0
100
AcDbText
 73
2
  0
TEXT
  5
201F6
330
1F
100
AcDbEntity
  8
tejido
 62
8
100
AcDbText
 10
6364203.591763971
 20
6168945.844483767
 30
0.0
 40
0.375
  1
2.8
  7
GOOGLE_SANS
 72
1
 11
6364203.591763971
 21
6168945.844483767
 31
0.0
100
AcDbText
 73
2
  0
TEXT
  5
201F7
330
1F
100
AcDbEntity
  8
tejido
 62
8
100
AcDbText
 10
6364190.185734196
 20
6168925.61647256
 30
0.0
 40
0.375
  1
6.2
  7
GOOGLE_SANS
 72
1
 11
6364190.185734196
 21
6168925.61647256
 31
0.0
100
AcDbText
 73
2
  0
TEXT
  5
201F8
330
1F
100
AcDbEntity
  8
tejido
 62
8
100
AcDbText
 10
6364192.687312368
 20
6168915.83183783
 30
0.0
 40
0.375
  1
2.8
  7
GOOGLE_SANS
 72
1
 11
6364192.687312368
 21
6168915.83183783
 31
0.0
100
AcDbText
 73
2
  0
TEXT
  5
201F9
330
1F
100
AcDbEntity
  8
tejido
 62
8
100
AcDbText
 10
6364190.728536904
 20
6168908.001735343
 30
0.0
 40
0.375
  1
5.6
  7
GOOGLE_SANS
 72
1
 11
6364190.728536904
 21
6168908.001735343
 31
0.0
100
AcDbText
 73
2
  0
TEXT
  5
201FA
330
1F
100
AcDbEntity
  8
tejido
 62
8
100
AcDbText
 10
6364198.834612009
 20
6168910.073460841
 30
0.0
 40
0.375
  1
2.8
  7
GOOGLE_SANS
 72
1
 11
6364198.834612009
 21
6168910.073460841
 31
0.0
100
AcDbText
 73
2
  0
TEXT
  5
201FB
330
1F
100
AcDbEntity
  8
tejido
 62
8
100
AcDbText
 10
6364197.279320516
 20
6168928.671655598
 30
0.0
 40
0.375
  1
6.0
  7
GOOGLE_SANS
 72
1
 11
6364197.279320516
 21
6168928.671655598
 31
0.0
100
AcDbText
 73
2
  0
TEXT
  5
201FC
330
1F
100
AcDbEntity
  8
tejido
 62
8
100
AcDbText
 10
6364200.586707954
 20
6168927.845887571
 30
0.0
 40
0.375
  1
3.8
  7
GOOGLE_SANS
 72
1
 11
6364200.586707954
 21
6168927.845887571
 31
0.0
100
AcDbText
 73
2
  0
TEXT
  5
201FD
330
1F
100
AcDbEntity
  8
tejido
 62
8
100
AcDbText
 10
6364209.100861896
 20
6168930.5929034
 30
0.0
 40
0.375
  1
2.8
  7
GOOGLE_SANS
 72
1
 11
6364209.100861896
 21
6168930.5929034
 31
0.0
100
AcDbText
 73
2
  0
TEXT
  5
201FE
330
1F
100
AcDbEntity
  8
tejido
 62
8
100
AcDbText
 10
6364207.257600642
 20
6168940.60243774
 30
0.0
 40
0.375
  1
5.6
  7
GOOGLE_SANS
 72
1
 11
6364207.257600642
 21
6168940.60243774
 31
0.0
100
AcDbText
 73
2
  0
TEXT
  5
201FF
330
1F
100
AcDbEntity
  8
tejido
 62
8
100
AcDbText
 10
6364255.629271921
 20
6169019.613005521
 30
0.0
 40
0.375
  1
2.8
  7
GOOGLE_SANS
 72
1
 11
6364255.629271921
 21
6169019.613005521
 31
0.0
100
AcDbText
 73
2
  0
TEXT
  5
20200
330
1F
100
AcDbEntity
  8
tejido
 62
8
100
AcDbText
 10
6364214.911553858
 20
6168923.416060206
 30
0.0
 40
0.375
  1
5.6
  7
GOOGLE_SANS
 72
1
 11
6364214.911553858
 21
6168923.416060206
 31
0.0
100
AcDbText
 73
2
  0
TEXT
  5
20201
330
1F
100
AcDbEntity
  8
tejido
 62
8
100
AcDbText
 10
6364202.558633644
 20
6168958.263121606
 30
0.0
 40
0.375
  1
2.8
  7
GOOGLE_SANS
 72
1
 11
6364202.558633644
 21
6168958.263121606
 31
0.0
100
AcDbText
 73
2
  0
TEXT
  5
20202
330
1F
100
AcDbEntity
  8
tejido
 62
8
100
AcDbText
 10
6364207.277207139
 20
6168951.281321535
 30
0.0
 40
0.375
  1
8.4
  7
GOOGLE_SANS
 72
1
 11
6364207.277207139
 21
6168951.281321535
 31
0.0
100
AcDbText
 73
2
  0
TEXT
  5
20203
330
1F
100
AcDbEntity
  8
tejido
 62
8
100
AcDbText
 10
6364211.797189462
 20
6168942.294869366
 30
0.0
 40
0.375
  1
2.8
  7
GOOGLE_SANS
 72
1
 11
6364211.797189462
 21
6168942.294869366
 31
0.0
100
AcDbText
 73
2
  0
TEXT
  5
20204
330
1F
100
AcDbEntity
  8
tejido
 62
8
100
AcDbText
 10
6364217.738556103
 20
6168937.423721126
 30
0.0
 40
0.375
  1
5.6
  7
GOOGLE_SANS
 72
1
 11
6364217.738556103
 21
6168937.423721126
 31
0.0
100
AcDbText
 73
2
  0
TEXT
  5
20205
330
1F
100
AcDbEntity
  8
tejido
 62
8
100
AcDbText
 10
6364217.783458334
 20
6168932.280243823
 30
0.0
 40
0.375
  1
8.4
  7
GOOGLE_SANS
 72
1
 11
6364217.783458334
 21
6168932.280243823
 31
0.0
100
AcDbText
 73
2
  0
TEXT
  5
20206
330
1F
100
AcDbEntity
  8
tejido
 62
8
100
AcDbText
 10
6364217.452718621
 20
6168929.49739218
 30
0.0
 40
0.375
  1
2.8
  7
GOOGLE_SANS
 72
1
 11
6364217.452718621
 21
6168929.49739218
 31
0.0
100
AcDbText
 73
2
  0
TEXT
  5
20207
330
1F
100
AcDbEntity
  8
tejido
 62
8
100
AcDbText
 10
6364224.016702533
 20
6168926.708972439
 30
0.0
 40
0.375
  1
5.6
  7
GOOGLE_SANS
 72
1
 11
6364224.016702533
 21
6168926.708972439
 31
0.0
100
AcDbText
 73
2
  0
TEXT
  5
20208
330
1F
100
AcDbEntity
  8
tejido
 62
8
100
AcDbText
 10
6364214.801657011
 20
6168975.048712833
 30
0.0
 40
0.375
  1
9.4
  7
GOOGLE_SANS
 72
1
 11
6364214.801657011
 21
6168975.048712833
 31
0.0
100
AcDbText
 73
2
  0
TEXT
  5
20209
330
1F
100
AcDbEntity
  8
tejido
 62
8
100
AcDbText
 10
6364227.480813612
 20
6168990.512578486
 30
0.0
 40
0.375
  1
4.1
  7
GOOGLE_SANS
 72
1
 11
6364227.480813612
 21
6168990.512578486
 31
0.0
100
AcDbText
 73
2
  0
TEXT
  5
2020A
330
1F
100
AcDbEntity
  8
tejido
 62
8
100
AcDbText
 10
6364246.741735369
 20
6168959.237422241
 30
0.0
 40
0.375
  1
4.7
  7
GOOGLE_SANS
 72
1
 11
6364246.741735369
 21
6168959.237422241
 31
0.0
100
AcDbText
 73
2
  0
TEXT
  5
2020B
330
1F
100
AcDbEntity
  8
tejido
 62
8
100
AcDbText
 10
6364262.148727551
 20
6168951.4151675375
 30
0.0
 40
0.375
  1
3.7
  7
GOOGLE_SANS
 72
1
 11
6364262.148727551
 21
6168951.4151675375
 31
0.0
100
AcDbText
 73
2
  0
TEXT
  5
2020C
330
1F
100
AcDbEntity
  8
tejido
 62
8
100
AcDbText
 10
6364273.5238875095
 20
6168964.897552964
 30
0.0
 40
0.375
  1
2.8
  7
GOOGLE_SANS
 72
1
 11
6364273.5238875095
 21
6168964.897552964
 31
0.0
100
AcDbText
 73
2
  0
TEXT
  5
2020D
330
1F
100
AcDbEntity
  8
tejido
 62
8
100
AcDbText
 10
6364277.529384891
 20
6168961.075408154
 30
0.0
 40
0.375
  1
5.6
  7
GOOGLE_SANS
 72
1
 11
6364277.529384891
 21
6168961.075408154
 31
0.0
100
AcDbText
 73
2
  0
TEXT
  5
2020E
330
1F
100
AcDbEntity
  8
tejido
 62
8
100
AcDbText
 10
6364277.254321812
 20
6168966.0615837155
 30
0.0
 40
0.375
  1
8.4
  7
GOOGLE_SANS
 72
1
 11
6364277.254321812
 21
6168966.0615837155
 31
0.0
100
AcDbText
 73
2
  0
TEXT
  5
2020F
330
1F
100
AcDbEntity
  8
tejido
 62
8
100
AcDbText
 10
6364258.5661565075
 20
6168964.673086044
 30
0.0
 40
0.375
  1
0.0
  7
GOOGLE_SANS
 72
1
 11
6364258.5661565075
 21
6168964.673086044
 31
0.0
100
AcDbText
 73
2
  0
TEXT
  5
20210
330
1F
100
AcDbEntity
  8
tejido
 62
8
100
AcDbText
 10
6364245.674317245
 20
6168981.274706425
 30
0.0
 40
0.375
  1
2.8
  7
GOOGLE_SANS
 72
1
 11
6364245.674317245
 21
6168981.274706425
 31
0.0
100
AcDbText
 73
2
  0
TEXT
  5
20211
330
1F
100
AcDbEntity
  8
tejido
 62
8
100
AcDbText
 10
6364249.7326467335
 20
6168983.303630958
 30
0.0
 40
0.375
  1
5.6
  7
GOOGLE_SANS
 72
1
 11
6364249.7326467335
 21
6168983.303630958
 31
0.0
100
AcDbText
 73
2
  0
TEXT
  5
20212
330
1F
100
AcDbEntity
  8
tejido
 62
8
100
AcDbText
 10
6364248.806463478
 20
6168986.230121836
 30
0.0
 40
0.375
  1
2.8
  7
GOOGLE_SANS
 72
1
 11
6364248.806463478
 21
6168986.230121836
 31
0.0
100
AcDbText
 73
2
  0
TEXT
  5
20213
330
1F
100
AcDbEntity
  8
tejido
 62
8
100
AcDbText
 10
6364257.956772535
 20
6168988.607402874
 30
0.0
 40
0.375
  1
2.8
  7
GOOGLE_SANS
 72
1
 11
6364257.956772535
 21
6168988.607402874
 31
0.0
100
AcDbText
 73
2
  0
TEXT
  5
20214
330
1F
100
AcDbEntity
  8
tejido
 62
8
100
AcDbText
 10
6364265.260121103
 20
6168993.306551205
 30
0.0
 40
0.375
  1
5.6
  7
GOOGLE_SANS
 72
1
 11
6364265.260121103
 21
6168993.306551205
 31
0.0
100
AcDbText
 73
2
  0
TEXT
  5
20215
330
1F
100
AcDbEntity
  8
tejido
 62
8
100
AcDbText
 10
6364268.934387861
 20
6168996.53296093
 30
0.0
 40
0.375
  1
2.8
  7
GOOGLE_SANS
 72
1
 11
6364268.934387861
 21
6168996.53296093
 31
0.0
100
AcDbText
 73
2
  0
TEXT
  5
20216
330
1F
100
AcDbEntity
  8
tejido
 62
8
100
AcDbText
 10
6364248.434949327
 20
6168995.081307023
 30
0.0
 40
0.375
  1
2.8
  7
GOOGLE_SANS
 72
1
 11
6364248.434949327
 21
6168995.081307023
 31
0.0
100
AcDbText
 73
2
  0
TEXT
  5
20217
330
1F
100
AcDbEntity
  8
tejido
 62
8
100
AcDbText
 10
6364252.929420125
 20
6168996.614120666
 30
0.0
 40
0.375
  1
5.6
  7
GOOGLE_SANS
 72
1
 11
6364252.929420125
 21
6168996.614120666
 31
0.0
100
AcDbText
 73
2
  0
TEXT
  5
20218
330
1F
100
AcDbEntity
  8
tejido
 62
8
100
AcDbText
 10
6364259.047276651
 20
6169000.28200527
 30
0.0
 40
0.375
  1
2.8
  7
GOOGLE_SANS
 72
1
 11
6364259.047276651
 21
6169000.28200527
 31
0.0
100
AcDbText
 73
2
  0
TEXT
  5
20219
330
1F
100
AcDbEntity
  8
tejido
 62
8
100
AcDbText
 10
6364264.658409889
 20
6169002.863580081
 30
0.0
 40
0.375
  1
5.6
  7
GOOGLE_SANS
 72
1
 11
6364264.658409889
 21
6169002.863580081
 31
0.0
100
AcDbText
 73
2
  0
TEXT
  5
2021A
330
1F
100
AcDbEntity
  8
tejido
 62
8
100
AcDbText
 10
6364244.405173163
 20
6168999.9790319735
 30
0.0
 40
0.375
  1
29.4
  7
GOOGLE_SANS
 72
1
 11
6364244.405173163
 21
6168999.9790319735
 31
0.0
100
AcDbText
 73
2
  0
TEXT
  5
2021B
330
1F
100
AcDbEntity
  8
tejido
 62
8
100
AcDbText
 10
6364229.195990425
 20
6168999.230327385
 30
0.0
 40
0.375
  1
2.8
  7
GOOGLE_SANS
 72
1
 11
6364229.195990425
 21
6168999.230327385
 31
0.0
100
AcDbText
 73
2
  0
TEXT
  5
2021C
330
1F
100
AcDbEntity
  8
tejido
 62
8
100
AcDbText
 10
6364244.610662815
 20
6169008.045988499
 30
0.0
 40
0.375
  1
2.8
  7
GOOGLE_SANS
 72
1
 11
6364244.610662815
 21
6169008.045988499
 31
0.0
100
AcDbText
 73
2
  0
TEXT
  5
2021D
330
1F
100
AcDbEntity
  8
tejido
 62
8
100
AcDbText
 10
6364244.210544014
 20
6169010.879401809
 30
0.0
 40
0.375
  1
5.6
  7
GOOGLE_SANS
 72
1
 11
6364244.210544014
 21
6169010.879401809
 31
0.0
100
AcDbText
 73
2
  0
TEXT
  5
2021E
330
1F
100
AcDbEntity
  8
tejido
 62
8
100
AcDbText
 10
6364252.261110258
 20
6169014.848250354
 30
0.0
 40
0.375
  1
5.6
  7
GOOGLE_SANS
 72
1
 11
6364252.261110258
 21
6169014.848250354
 31
0.0
100
AcDbText
 73
2
  0
TEXT
  5
2021F
330
1F
100
AcDbEntity
  8
tejido
 62
8
100
AcDbText
 10
6364245.613415284
 20
6169030.25537309
 30
0.0
 40
0.375
  1
4.1
  7
GOOGLE_SANS
 72
1
 11
6364245.613415284
 21
6169030.25537309
 31
0.0
100
AcDbText
 73
2
  0
TEXT
  5
20220
330
1F
100
AcDbEntity
  8
tejido
 62
8
100
AcDbText
 10
6364229.1186189335
 20
6169026.109377671
 30
0.0
 40
0.375
  1
5.6
  7
GOOGLE_SANS
 72
1
 11
6364229.1186189335
 21
6169026.109377671
 31
0.0
100
AcDbText
 73
2
  0
TEXT
  5
20221
330
1F
100
AcDbEntity
  8
tejido
 62
8
100
AcDbText
 10
6364238.929760786
 20
6169034.251476801
 30
0.0
 40
0.375
  1
2.8
  7
GOOGLE_SANS
 72
1
 11
6364238.929760786
 21
6169034.251476801
 31
0.0
100
AcDbText
 73
2
  0
TEXT
  5
20222
330
1F
100
AcDbEntity
  8
tejido
 62
8
100
AcDbText
 10
6364215.657784677
 20
6169019.178131133
 30
0.0
 40
0.375
  1
2.8
  7
GOOGLE_SANS
 72
1
 11
6364215.657784677
 21
6169019.178131133
 31
0.0
100
AcDbText
 73
2
  0
TEXT
  5
20223
330
1F
100
AcDbEntity
  8
tejido
 62
8
100
AcDbText
 10
6364232.370819253
 20
6169039.474192569
 30
0.0
 40
0.375
  1
2.8
  7
GOOGLE_SANS
 72
1
 11
6364232.370819253
 21
6169039.474192569
 31
0.0
100
AcDbText
 73
2
  0
TEXT
  5
20224
330
1F
100
AcDbEntity
  8
tejido
 62
8
100
AcDbText
 10
6364226.953143356
 20
6168994.816169813
 30
0.0
 40
0.375
  1
0.0
  7
GOOGLE_SANS
 72
1
 11
6364226.953143356
 21
6168994.816169813
 31
0.0
100
AcDbText
 73
2
  0
TEXT
  5
20225
330
1F
100
AcDbEntity
  8
tejido
 62
8
100
AcDbText
 10
6364238.031274533
 20
6168962.975282703
 30
0.0
 40
0.375
  1
4.3
  7
GOOGLE_SANS
 72
1
 11
6364238.031274533
 21
6168962.975282703
 31
0.0
100
AcDbText
 73
2
  0
TEXT
  5
20226
330
1F
100
AcDbEntity
  8
tejido
 62
8
100
AcDbText
 10
6364238.74400422
 20
6168975.773321561
 30
0.0
 40
0.375
  1
0.0
  7
GOOGLE_SANS
 72
1
 11
6364238.74400422
 21
6168975.773321561
 31
0.0
100
AcDbText
 73
2
  0
TEXT
  5
20227
330
1F
100
AcDbEntity
  8
tejido
 62
8
100
AcDbText
 10
6364255.120400166
 20
6168945.982886894
 30
0.0
 40
0.375
  1
0.0
  7
GOOGLE_SANS
 72
1
 11
6364255.120400166
 21
6168945.982886894
 31
0.0
100
AcDbText
 73
2
  0
TEXT
  5
20228
330
1F
100
AcDbEntity
  8
tejido
 62
8
100
AcDbText
 10
6364286.375124081
 20
6168968.880432666
 30
0.0
 40
0.375
  1
0.0
  7
GOOGLE_SANS
 72
1
 11
6364286.375124081
 21
6168968.880432666
 31
0.0
100
AcDbText
 73
2
  0
TEXT
  5
20229
330
1F
100
AcDbEntity
  8
tejido
 62
8
100
AcDbText
 10
6364244.143748298
 20
6168983.876587138
 30
0.0
 40
0.375
  1
0.0
  7
GOOGLE_SANS
 72
1
 11
6364244.143748298
 21
6168983.876587138
 31
0.0
100
AcDbText
 73
2
  0
TEXT
  5
2022A
330
1F
100
AcDbEntity
  8
tejido
 62
8
100
AcDbText
 10
6364256.74724182
 20
6168992.18781386
 30
0.0
 40
0.375
  1
0.0
  7
GOOGLE_SANS
 72
1
 11
6364256.74724182
 21
6168992.18781386
 31
0.0
100
AcDbText
 73
2
  0
TEXT
  5
2022B
330
1F
100
AcDbEntity
  8
tejido
 62
8
100
AcDbText
 10
6364243.456094121
 20
6168989.416551649
 30
0.0
 40
0.375
  1
0.0
  7
GOOGLE_SANS
 72
1
 11
6364243.456094121
 21
6168989.416551649
 31
0.0
100
AcDbText
 73
2
  0
TEXT
  5
2022C
330
1F
100
AcDbEntity
  8
tejido
 62
8
100
AcDbText
 10
6364259.684148765
 20
6169002.001168663
 30
0.0
 40
0.375
  1
0.0
  7
GOOGLE_SANS
 72
1
 11
6364259.684148765
 21
6169002.001168663
 31
0.0
100
AcDbText
 73
2
  0
TEXT
  5
2022D
330
1F
100
AcDbEntity
  8
tejido
 62
8
100
AcDbText
 10
6364237.051706647
 20
6169005.492134017
 30
0.0
 40
0.375
  1
0.0
  7
GOOGLE_SANS
 72
1
 11
6364237.051706647
 21
6169005.492134017
 31
0.0
100
AcDbText
 73
2
  0
TEXT
  5
2022E
330
1F
100
AcDbEntity
  8
tejido
 62
8
100
AcDbText
 10
6364257.9065931635
 20
6169016.312124434
 30
0.0
 40
0.375
  1
0.0
  7
GOOGLE_SANS
 72
1
 11
6364257.9065931635
 21
6169016.312124434
 31
0.0
100
AcDbText
 73
2
  0
TEXT
  5
2022F
330
1F
100
AcDbEntity
  8
tejido
 62
8
100
AcDbText
 10
6364218.84508368
 20
6169046.583331325
 30
0.0
 40
0.375
  1
0.0
  7
GOOGLE_SANS
 72
1
 11
6364218.84508368
 21
6169046.583331325
 31
0.0
100
AcDbText
 73
2
  0
TEXT
  5
20230
330
1F
100
AcDbEntity
  8
tejido
 62
8
100
AcDbText
 10
6364213.014270242
 20
6169042.912586184
 30
0.0
 40
0.375
  1
0.0
  7
GOOGLE_SANS
 72
1
 11
6364213.014270242
 21
6169042.912586184
 31
0.0
100
AcDbText
 73
2
  0
TEXT
  5
20231
330
1F
100
AcDbEntity
  8
tejido
 62
8
100
AcDbText
 10
6364208.602555096
 20
6169032.816411715
 30
0.0
 40
0.375
  1
0.0
  7
GOOGLE_SANS
 72
1
 11
6364208.602555096
 21
6169032.816411715
 31
0.0
100
AcDbText
 73
2
  0
TEXT
  5
20232
330
1F
100
AcDbEntity
  8
tejido
 62
8
100
AcDbText
 10
6364203.197103016
 20
6169031.451614289
 30
0.0
 40
0.375
  1
0.0
  7
GOOGLE_SANS
 72
1
 11
6364203.197103016
 21
6169031.451614289
 31
0.0
100
AcDbText
 73
2
  0
TEXT
  5
20233
330
1F
100
AcDbEntity
  8
tejido
 62
8
100
AcDbText
 10
6364206.5229657935
 20
6169017.533001551
 30
0.0
 40
0.375
  1
0.0
  7
GOOGLE_SANS
 72
1
 11
6364206.5229657935
 21
6169017.533001551
 31
0.0
100
AcDbText
 73
2
  0
TEXT
  5
20234
330
1F
100
AcDbEntity
  8
tejido
 62
8
100
AcDbText
 10
6364212.463590789
 20
6169018.393847999
 30
0.0
 40
0.375
  1
0.0
  7
GOOGLE_SANS
 72
1
 11
6364212.463590789
 21
6169018.393847999
 31
0.0
100
AcDbText
 73
2
  0
TEXT
  5
20235
330
1F
100
AcDbEntity
  8
tejido
 62
8
100
AcDbText
 10
6364219.235774499
 20
6169007.726557741
 30
0.0
 40
0.375
  1
0.0
  7
GOOGLE_SANS
 72
1
 11
6364219.235774499
 21
6169007.726557741
 31
0.0
100
AcDbText
 73
2
  0
TEXT
  5
20236
330
1F
100
AcDbEntity
  8
tejido
 62
8
100
AcDbText
 10
6364218.442606343
 20
6168999.835362249
 30
0.0
 40
0.375
  1
0.0
  7
GOOGLE_SANS
 72
1
 11
6364218.442606343
 21
6168999.835362249
 31
0.0
100
AcDbText
 73
2
  0
TEXT
  5
20237
330
1F
100
AcDbEntity
  8
tejido
 62
8
100
AcDbText
 10
6364184.4392919745
 20
6169034.619962393
 30
0.0
 40
0.375
  1
0.0
  7
GOOGLE_SANS
 72
1
 11
6364184.4392919745
 21
6169034.619962393
 31
0.0
100
AcDbText
 73
2
  0
TEXT
  5
20238
330
1F
100
AcDbEntity
  8
tejido
 62
8
100
AcDbText
 10
6364201.220734025
 20
6169009.476794271
 30
0.0
 40
0.375
  1
0.0
  7
GOOGLE_SANS
 72
1
 11
6364201.220734025
 21
6169009.476794271
 31
0.0
100
AcDbText
 73
2
  0
TEXT
  5
20239
330
1F
100
AcDbEntity
  8
tejido
 62
8
100
AcDbText
 10
6364203.208333936
 20
6168979.6593646165
 30
0.0
 40
0.375
  1
0.0
  7
GOOGLE_SANS
 72
1
 11
6364203.208333936
 21
6168979.6593646165
 31
0.0
100
AcDbText
 73
2
  0
TEXT
  5
2023A
330
1F
100
AcDbEntity
  8
tejido
 62
8
100
AcDbText
 10
6364160.496891359
 20
6169007.80985242
 30
0.0
 40
0.375
  1
0.0
  7
GOOGLE_SANS
 72
1
 11
6364160.496891359
 21
6169007.80985242
 31
0.0
100
AcDbText
 73
2
  0
TEXT
  5
2023B
330
1F
100
AcDbEntity
  8
tejido
 62
8
100
AcDbText
 10
6364222.955816675
 20
6168933.327363867
 30
0.0
 40
0.375
  1
0.0
  7
GOOGLE_SANS
 72
1
 11
6364222.955816675
 21
6168933.327363867
 31
0.0
100
AcDbText
 73
2
  0
TEXT
  5
2023C
330
1F
100
AcDbEntity
  8
tejido
 62
8
100
AcDbText
 10
6364145.656730612
 20
6168996.012233315
 30
0.0
 40
0.375
  1
0.0
  7
GOOGLE_SANS
 72
1
 11
6364145.656730612
 21
6168996.012233315
 31
0.0
100
AcDbText
 73
2
  0
TEXT
  5
2023D
330
1F
100
AcDbEntity
  8
tejido
 62
8
100
AcDbText
 10
6364167.334717202
 20
6168962.814012276
 30
0.0
 40
0.375
  1
0.0
  7
GOOGLE_SANS
 72
1
 11
6364167.334717202
 21
6168962.814012276
 31
0.0
100
AcDbText
 73
2
  0
TEXT
  5
2023E
330
1F
100
AcDbEntity
  8
tejido
 62
8
100
AcDbText
 10
6364178.031693622
 20
6168966.077817892
 30
0.0
 40
0.375
  1
0.0
  7
GOOGLE_SANS
 72
1
 11
6364178.031693622
 21
6168966.077817892
 31
0.0
100
AcDbText
 73
2
  0
TEXT
  5
2023F
330
1F
100
AcDbEntity
  8
tejido
 62
8
100
AcDbText
 10
6364171.346527714
 20
6168945.761948053
 30
0.0
 40
0.375
  1
0.0
  7
GOOGLE_SANS
 72
1
 11
6364171.346527714
 21
6168945.761948053
 31
0.0
100
AcDbText
 73
2
  0
TEXT
  5
20240
330
1F
100
AcDbEntity
  8
tejido
 62
8
100
AcDbText
 10
6364188.970409866
 20
6168954.67459675
 30
0.0
 40
0.375
  1
0.0
  7
GOOGLE_SANS
 72
1
 11
6364188.970409866
 21
6168954.67459675
 31
0.0
100
AcDbText
 73
2
  0
TEXT
  5
20241
330
1F
100
AcDbEntity
  8
tejido
 62
8
100
AcDbText
 10
6364189.632093928
 20
6168947.431630647
 30
0.0
 40
0.375
  1
0.0
  7
GOOGLE_SANS
 72
1
 11
6364189.632093928
 21
6168947.431630647
 31
0.0
100
AcDbText
 73
2
  0
TEXT
  5
20242
330
1F
100
AcDbEntity
  8
tejido
 62
8
100
AcDbText
 10
6364196.808192797
 20
6168941.026097656
 30
0.0
 40
0.375
  1
0.0
  7
GOOGLE_SANS
 72
1
 11
6364196.808192797
 21
6168941.026097656
 31
0.0
100
AcDbText
 73
2
  0
TEXT
  5
20243
330
1F
100
AcDbEntity
  8
tejido
 62
8
100
AcDbText
 10
6364186.796311556
 20
6168916.634142504
 30
0.0
 40
0.375
  1
0.0
  7
GOOGLE_SANS
 72
1
 11
6364186.796311556
 21
6168916.634142504
 31
0.0
100
AcDbText
 73
2
  0
TEXT
  5
20244
330
1F
100
AcDbEntity
  8
tejido
 62
8
100
AcDbText
 10
6364197.428495002
 20
6168922.10580592
 30
0.0
 40
0.375
  1
0.0
  7
GOOGLE_SANS
 72
1
 11
6364197.428495002
 21
6168922.10580592
 31
0.0
100
AcDbText
 73
2
  0
TEXT
  5
20245
330
1F
100
AcDbEntity
  8
tejido
 62
8
100
AcDbText
 10
6364196.874978081
 20
6168933.587071713
 30
0.0
 40
0.375
  1
0.0
  7
GOOGLE_SANS
 72
1
 11
6364196.874978081
 21
6168933.587071713
 31
0.0
100
AcDbText
 73
2
  0
TEXT
  5
20246
330
1F
100
AcDbEntity
  8
tejido
 62
8
100
AcDbText
 10
6364205.052495329
 20
6168923.768162646
 30
0.0
 40
0.375
  1
0.0
  7
GOOGLE_SANS
 72
1
 11
6364205.052495329
 21
6168923.768162646
 31
0.0
100
AcDbText
 73
2
  0
TEXT
  5
20247
330
1F
100
AcDbEntity
  8
tejido
 62
8
100
AcDbText
 10
6364208.010239766
 20
6168918.459241167
 30
0.0
 40
0.375
  1
6.3
  7
GOOGLE_SANS
 72
1
 11
6364208.010239766
 21
6168918.459241167
 31
0.0
100
AcDbText
 73
2
  0
TEXT
  5
20248
330
1F
100
AcDbEntity
  8
tejido
 62
8
100
AcDbText
 10
6364206.074562272
 20
6168936.253755957
 30
0.0
 40
0.375
  1
0.0
  7
GOOGLE_SANS
 72
1
 11
6364206.074562272
 21
6168936.253755957
 31
0.0
100
AcDbText
 73
2
  0
TEXT
  5
20249
330
1F
100
AcDbEntity
  8
tejido
 62
8
100
AcDbText
 10
6364212.699460086
 20
6168930.895584513
 30
0.0
 40
0.375
  1
0.0
  7
GOOGLE_SANS
 72
1
 11
6364212.699460086
 21
6168930.895584513
 31
0.0
100
AcDbText
 73
2
  0
TEXT
  5
2024A
330
1F
100
AcDbEntity
  8
tejido
 62
8
100
AcDbText
 10
6364220.062556703
 20
6168920.544964299
 30
0.0
 40
0.375
  1
0.0
  7
GOOGLE_SANS
 72
1
 11
6364220.062556703
 21
6168920.544964299
 31
0.0
100
AcDbText
 73
2
  0
TEXT
  5
2024B
330
1F
100
AcDbEntity
  8
tejido
 62
8
100
AcDbText
 10
6364197.585215782
 20
6168965.618479655
 30
0.0
 40
0.375
  1
0.0
  7
GOOGLE_SANS
 72
1
 11
6364197.585215782
 21
6168965.618479655
 31
0.0
100
AcDbText
 73
2
  0
TEXT
  5
2024C
330
1F
100
AcDbEntity
  8
tejido
 62
8
100
AcDbText
 10
6364215.908827792
 20
6168944.029634694
 30
0.0
 40
0.375
  1
0.0
  7
GOOGLE_SANS
 72
1
 11
6364215.908827792
 21
6168944.029634694
 31
0.0
100
AcDbText
 73
2
  0
TEXT
  5
2024D
330
1F
100
AcDbEntity
  8
tejido
 62
8
100
AcDbText
 10
6364224.055174357
 20
6169025.909708206
 30
0.0
 40
0.375
  1
0.0
  7
GOOGLE_SANS
 72
1
 11
6364224.055174357
 21
6169025.909708206
 31
0.0
100
AcDbText
 73
2
  0
TEXT
  5
2024E
330
1F
100
AcDbEntity
  8
tejido
 62
8
100
AcDbText
 10
6364219.490173847
 20
6169031.911332928
 30
0.0
 40
0.375
  1
0.0
  7
GOOGLE_SANS
 72
1
 11
6364219.490173847
 21
6169031.911332928
 31
0.0
100
AcDbText
 73
2
  0
TEXT
  5
2024F
330
1F
100
AcDbEntity
  8
tejido
 62
8
100
AcDbText
 10
6364219.778094222
 20
6169041.262756319
 30
0.0
 40
0.375
  1
0.0
  7
GOOGLE_SANS
 72
1
 11
6364219.778094222
 21
6169041.262756319
 31
0.0
100
AcDbText
 73
2
  0
TEXT
  5
20250
330
1F
100
AcDbEntity
  8
tejido
 62
8
100
AcDbText
 10
6364139.78642059
 20
6169001.081407992
 30
0.0
 40
0.375
  1
9.4
  7
GOOGLE_SANS
 72
1
 11
6364139.78642059
 21
6169001.081407992
 31
0.0
100
AcDbText
 73
2
  0
TEXT
  5
20251
330
1F
100
AcDbEntity
  8
tejido
 62
8
100
AcDbText
 10
6364145.731722016
 20
6169001.163347186
 30
0.0
 40
0.375
  1
9.3
  7
GOOGLE_SANS
 72
1
 11
6364145.731722016
 21
6169001.163347186
 31
0.0
100
AcDbText
 73
2
  0
TEXT
  5
20252
330
1F
100
AcDbEntity
  8
tejido
 62
8
100
AcDbText
 10
6364168.748452509
 20
6168985.038218731
 30
0.0
 40
0.375
  1
8.6
  7
GOOGLE_SANS
 72
1
 11
6364168.748452509
 21
6168985.038218731
 31
0.0
100
AcDbText
 73
2
  0
TEXT
  5
20253
330
1F
100
AcDbEntity
  8
tejido
 62
8
100
AcDbText
 10
6364169.307260148
 20
6168987.00269881
 30
0.0
 40
0.375
  1
6.7
  7
GOOGLE_SANS
 72
1
 11
6364169.307260148
 21
6168987.00269881
 31
0.0
100
AcDbText
 73
2
  0
TEXT
  5
20254
330
1F
100
AcDbEntity
  8
tejido
 62
8
100
AcDbText
 10
6364163.02339598
 20
6168982.697451144
 30
0.0
 40
0.375
  1
4.2
  7
GOOGLE_SANS
 72
1
 11
6364163.02339598
 21
6168982.697451144
 31
0.0
100
AcDbText
 73
2
  0
TEXT
  5
20255
330
1F
100
AcDbEntity
  8
tejido
 62
8
100
AcDbText
 10
6364159.925379203
 20
6168980.057501736
 30
0.0
 40
0.375
  1
8.9
  7
GOOGLE_SANS
 72
1
 11
6364159.925379203
 21
6168980.057501736
 31
0.0
100
AcDbText
 73
2
  0
TEXT
  5
20256
330
1F
100
AcDbEntity
  8
tejido
 62
8
100
AcDbText
 10
6364150.554659336
 20
6168974.404391805
 30
0.0
 40
0.375
  1
9.4
  7
GOOGLE_SANS
 72
1
 11
6364150.554659336
 21
6168974.404391805
 31
0.0
100
AcDbText
 73
2
  0
TEXT
  5
20257
330
1F
100
AcDbEntity
  8
tejido
 62
8
100
AcDbText
 10
6364159.08304884
 20
6168983.472122874
 30
0.0
 40
0.375
  1
6.9
  7
GOOGLE_SANS
 72
1
 11
6364159.08304884
 21
6168983.472122874
 31
0.0
100
AcDbText
 73
2
  0
TEXT
  5
20258
330
1F
100
AcDbEntity
  8
tejido
 62
8
100
AcDbText
 10
6364154.928384021
 20
6168979.631124982
 30
0.0
 40
0.375
  1
6.4
  7
GOOGLE_SANS
 72
1
 11
6364154.928384021
 21
6168979.631124982
 31
0.0
100
AcDbText
 73
2
  0
TEXT
  5
20259
330
1F
100
AcDbEntity
  8
tejido
 62
8
100
AcDbText
 10
6364175.317662407
 20
6168978.5977903465
 30
0.0
 40
0.375
  1
0.0
  7
GOOGLE_SANS
 72
1
 11
6364175.317662407
 21
6168978.5977903465
 31
0.0
100
AcDbText
 73
2
  0
TEXT
  5
2025A
330
1F
100
AcDbEntity
  8
tejido
 62
8
100
AcDbText
 10
6364166.008209874
 20
6168973.528358233
 30
0.0
 40
0.375
  1
26.4
  7
GOOGLE_SANS
 72
1
 11
6364166.008209874
 21
6168973.528358233
 31
0.0
100
AcDbText
 73
2
  0
TEXT
  5
2025B
330
1F
100
AcDbEntity
  8
tejido
 62
8
100
AcDbText
 10
6364162.508645906
 20
6168964.4215108
 30
0.0
 40
0.375
  1
0.0
  7
GOOGLE_SANS
 72
1
 11
6364162.508645906
 21
6168964.4215108
 31
0.0
100
AcDbText
 73
2
  0
TEXT
  5
2025C
330
1F
100
AcDbEntity
  8
tejido
 62
8
100
AcDbText
 10
6364166.121741825
 20
6168969.066910411
 30
0.0
 40
0.375
  1
29.1
  7
GOOGLE_SANS
 72
1
 11
6364166.121741825
 21
6168969.066910411
 31
0.0
100
AcDbText
 73
2
  0
TEXT
  5
2025D
330
1F
100
AcDbEntity
  8
tejido
 62
8
100
AcDbText
 10
6364161.28521118
 20
6168970.907670643
 30
0.0
 40
0.375
  1
32.9
  7
GOOGLE_SANS
 72
1
 11
6364161.28521118
 21
6168970.907670643
 31
0.0
100
AcDbText
 73
2
  0
TEXT
  5
2025E
330
1F
100
AcDbEntity
  8
tejido
 62
8
100
AcDbText
 10
6364158.899870444
 20
6168968.383945097
 30
0.0
 40
0.375
  1
32.4
  7
GOOGLE_SANS
 72
1
 11
6364158.899870444
 21
6168968.383945097
 31
0.0
100
AcDbText
 73
2
  0
TEXT
  5
2025F
330
1F
100
AcDbEntity
  8
tejido
 62
8
100
AcDbText
 10
6364155.573235388
 20
6168967.188369331
 30
0.0
 40
0.375
  1
29.9
  7
GOOGLE_SANS
 72
1
 11
6364155.573235388
 21
6168967.188369331
 31
0.0
100
AcDbText
 73
2
  0
TEXT
  5
20260
330
1F
100
AcDbEntity
  8
tejido
 62
8
100
AcDbText
 10
6364158.248861194
 20
6168962.741742227
 30
0.0
 40
0.375
  1
29.1
  7
GOOGLE_SANS
 72
1
 11
6364158.248861194
 21
6168962.741742227
 31
0.0
100
AcDbText
 73
2
  0
TEXT
  5
20261
330
1F
100
AcDbEntity
  8
tejido
 62
8
100
AcDbText
 10
6364155.942464313
 20
6168972.477136465
 30
0.0
 40
0.375
  1
0.0
  7
GOOGLE_SANS
 72
1
 11
6364155.942464313
 21
6168972.477136465
 31
0.0
100
AcDbText
 73
2
  0
TEXT
  5
20262
330
1F
100
AcDbEntity
  8
tejido
 62
8
100
AcDbText
 10
6364151.038241166
 20
6168966.707985396
 30
0.0
 40
0.375
  1
23.7
  7
GOOGLE_SANS
 72
1
 11
6364151.038241166
 21
6168966.707985396
 31
0.0
100
AcDbText
 73
2
  0
TEXT
  5
20263
330
1F
100
AcDbEntity
  8
tejido
 62
8
100
AcDbText
 10
6364153.179988988
 20
6168968.302878043
 30
0.0
 40
0.375
  1
27.6
  7
GOOGLE_SANS
 72
1
 11
6364153.179988988
 21
6168968.302878043
 31
0.0
100
AcDbText
 73
2
  0
TEXT
  5
20264
330
1F
100
AcDbEntity
  8
tejido
 62
8
100
AcDbText
 10
6364154.284696527
 20
6168962.5448556375
 30
0.0
 40
0.375
  1
26.4
  7
GOOGLE_SANS
 72
1
 11
6364154.284696527
 21
6168962.5448556375
 31
0.0
100
AcDbText
 73
2
  0
TEXT
  5
20265
330
1F
100
AcDbEntity
  8
tejido
 62
8
100
AcDbText
 10
6364202.361011934
 20
6168932.150780975
 30
0.0
 40
0.375
  1
3.4
  7
GOOGLE_SANS
 72
1
 11
6364202.361011934
 21
6168932.150780975
 31
0.0
100
AcDbText
 73
2
  0
TEXT
  5
20266
330
1F
100
AcDbEntity
  8
tejido
 62
8
100
AcDbText
 10
6364200.4900333015
 20
6168934.947494155
 30
0.0
 40
0.375
  1
6.5
  7
GOOGLE_SANS
 72
1
 11
6364200.4900333015
 21
6168934.947494155
 31
0.0
100
AcDbText
 73
2
  0
TEXT
  5
20267
330
1F
100
AcDbEntity
  8
tejido
 62
8
100
AcDbText
 10
6364210.310516034
 20
6168915.102909068
 30
0.0
 40
0.375
  1
3.6
  7
GOOGLE_SANS
 72
1
 11
6364210.310516034
 21
6168915.102909068
 31
0.0
100
AcDbText
 73
2
  0
TEXT
  5
20268
330
1F
100
AcDbEntity
  8
tejido
 62
8
100
AcDbText
 10
6364216.302060741
 20
6168947.930091304
 30
0.0
 40
0.375
  1
10.5
  7
GOOGLE_SANS
 72
1
 11
6364216.302060741
 21
6168947.930091304
 31
0.0
100
AcDbText
 73
2
  0
TEXT
  5
20269
330
1F
100
AcDbEntity
  8
tejido
 62
8
100
AcDbText
 10
6364218.030223234
 20
6168949.098463111
 30
0.0
 40
0.375
  1
33.7
  7
GOOGLE_SANS
 72
1
 11
6364218.030223234
 21
6168949.098463111
 31
0.0
100
AcDbText
 73
2
  0
TEXT
  5
2026A
330
1F
100
AcDbEntity
  8
tejido
 62
8
100
AcDbText
 10
6364210.701402408
 20
6168959.130374618
 30
0.0
 40
0.375
  1
19.0
  7
GOOGLE_SANS
 72
1
 11
6364210.701402408
 21
6168959.130374618
 31
0.0
100
AcDbText
 73
2
  0
TEXT
  5
2026B
330
1F
100
AcDbEntity
  8
tejido
 62
8
100
AcDbText
 10
6364212.925346538
 20
6168954.845530764
 30
0.0
 40
0.375
  1
14.6
  7
GOOGLE_SANS
 72
1
 11
6364212.925346538
 21
6168954.845530764
 31
0.0
100
AcDbText
 73
2
  0
TEXT
  5
2026C
330
1F
100
AcDbEntity
  8
tejido
 62
8
100
AcDbText
 10
6364268.4005222535
 20
6168984.872390701
 30
0.0
 40
0.375
  1
30.0
  7
GOOGLE_SANS
 72
1
 11
6364268.4005222535
 21
6168984.872390701
 31
0.0
100
AcDbText
 73
2
  0
TEXT
  5
2026D
330
1F
100
AcDbEntity
  8
tejido
 62
8
100
AcDbText
 10
6364271.059491785
 20
6168986.075296654
 30
0.0
 40
0.375
  1
27.3
  7
GOOGLE_SANS
 72
1
 11
6364271.059491785
 21
6168986.075296654
 31
0.0
100
AcDbText
 73
2
  0
TEXT
  5
2026E
330
1F
100
AcDbEntity
  8
tejido
 62
8
100
AcDbText
 10
6364266.177960705
 20
6168982.842157184
 30
0.0
 40
0.375
  1
27.3
  7
GOOGLE_SANS
 72
1
 11
6364266.177960705
 21
6168982.842157184
 31
0.0
100
AcDbText
 73
2
  0
TEXT
  5
2026F
330
1F
100
AcDbEntity
  8
tejido
 62
8
100
AcDbText
 10
6364275.841993919
 20
6168989.593100574
 30
0.0
 40
0.375
  1
23.5
  7
GOOGLE_SANS
 72
1
 11
6364275.841993919
 21
6168989.593100574
 31
0.0
100
AcDbText
 73
2
  0
TEXT
  5
20270
330
1F
100
AcDbEntity
  8
tejido
 62
8
100
AcDbText
 10
6364281.535309441
 20
6168967.324099171
 30
0.0
 40
0.375
  1
8.3
  7
GOOGLE_SANS
 72
1
 11
6364281.535309441
 21
6168967.324099171
 31
0.0
100
AcDbText
 73
2
  0
TEXT
  5
20271
330
1F
100
AcDbEntity
  8
tejido
 62
8
100
AcDbText
 10
6364285.051858274
 20
6168973.630605683
 30
0.0
 40
0.375
  1
6.3
  7
GOOGLE_SANS
 72
1
 11
6364285.051858274
 21
6168973.630605683
 31
0.0
100
AcDbText
 73
2
  0
TEXT
  5
20272
330
1F
100
AcDbEntity
  8
tejido
 62
8
100
AcDbText
 10
6364284.061092787
 20
6168962.532520699
 30
0.0
 40
0.375
  1
3.6
  7
GOOGLE_SANS
 72
1
 11
6364284.061092787
 21
6168962.532520699
 31
0.0
100
AcDbText
 73
2
  0
TEXT
  5
20273
330
1F
100
AcDbEntity
  8
tejido
 62
8
100
AcDbText
 10
6364270.240583039
 20
6168962.090405078
 30
0.0
 40
0.375
  1
0.0
  7
GOOGLE_SANS
 72
1
 11
6364270.240583039
 21
6168962.090405078
 31
0.0
100
AcDbText
 73
2
  0
TEXT
  5
20274
330
1F
100
AcDbEntity
  8
tejido
 62
8
100
AcDbText
 10
6364271.136805039
 20
6168956.623084648
 30
0.0
 40
0.375
  1
7.7
  7
GOOGLE_SANS
 72
1
 11
6364271.136805039
 21
6168956.623084648
 31
0.0
100
AcDbText
 73
2
  0
TEXT
  5
20275
330
1F
100
AcDbEntity
  8
tejido
 62
8
100
AcDbText
 10
6364267.023809647
 20
6168959.9485152485
 30
0.0
 40
0.375
  1
5.9
  7
GOOGLE_SANS
 72
1
 11
6364267.023809647
 21
6168959.9485152485
 31
0.0
100
AcDbText
 73
2
  0
TEXT
  5
20276
330
1F
100
AcDbEntity
  8
tejido
 62
8
100
AcDbText
 10
6364267.33754389
 20
6168951.24079066
 30
0.0
 40
0.375
  1
4.0
  7
GOOGLE_SANS
 72
1
 11
6364267.33754389
 21
6168951.24079066
 31
0.0
100
AcDbText
 73
2
  0
TEXT
  5
20277
330
1F
100
AcDbEntity
  8
tejido
 62
8
100
AcDbText
 10
6364263.585298549
 20
6168957.661382315
 30
0.0
 40
0.375
  1
4.7
  7
GOOGLE_SANS
 72
1
 11
6364263.585298549
 21
6168957.661382315
 31
0.0
100
AcDbText
 73
2
  0
TEXT
  5
20278
330
1F
100
AcDbEntity
  8
tejido
 62
8
100
AcDbText
 10
6364259.382063224
 20
6168955.570206307
 30
0.0
 40
0.375
  1
6.7
  7
GOOGLE_SANS
 72
1
 11
6364259.382063224
 21
6168955.570206307
 31
0.0
100
AcDbText
 73
2
  0
TEXT
  5
20279
330
1F
100
AcDbEntity
  8
tejido
 62
8
100
AcDbText
 10
6364261.264184319
 20
6169011.023449895
 30
0.0
 40
0.375
  1
0.0
  7
GOOGLE_SANS
 72
1
 11
6364261.264184319
 21
6169011.023449895
 31
0.0
100
AcDbText
 73
2
  0
TEXT
  5
2027A
330
1F
100
AcDbEntity
  8
tejido
 62
8
100
AcDbText
 10
6364258.338840701
 20
6169009.167818694
 30
0.0
 40
0.375
  1
26.8
  7
GOOGLE_SANS
 72
1
 11
6364258.338840701
 21
6169009.167818694
 31
0.0
100
AcDbText
 73
2
  0
TEXT
  5
2027B
330
1F
100
AcDbEntity
  8
tejido
 62
8
100
AcDbText
 10
6364235.218984201
 20
6168993.4837199375
 30
0.0
 40
0.375
  1
0.0
  7
GOOGLE_SANS
 72
1
 11
6364235.218984201
 21
6168993.4837199375
 31
0.0
100
AcDbText
 73
2
  0
TEXT
  5
2027C
330
1F
100
AcDbEntity
  8
tejido
 62
8
100
AcDbText
 10
6364252.217013815
 20
6169007.387941023
 30
0.0
 40
0.375
  1
33.5
  7
GOOGLE_SANS
 72
1
 11
6364252.217013815
 21
6169007.387941023
 31
0.0
100
AcDbText
 73
2
  0
TEXT
  5
2027D
330
1F
100
AcDbEntity
  8
tejido
 62
8
100
AcDbText
 10
6364248.384430605
 20
6169004.845736632
 30
0.0
 40
0.375
  1
32.9
  7
GOOGLE_SANS
 72
1
 11
6364248.384430605
 21
6169004.845736632
 31
0.0
100
AcDbText
 73
2
  0
TEXT
  5
2027E
330
1F
100
AcDbEntity
  8
tejido
 62
8
100
AcDbText
 10
6364255.385456077
 20
6169005.890510124
 30
0.0
 40
0.375
  1
29.4
  7
GOOGLE_SANS
 72
1
 11
6364255.385456077
 21
6169005.890510124
 31
0.0
100
AcDbText
 73
2
  0
TEXT
  5
2027F
330
1F
100
AcDbEntity
  8
tejido
 62
8
100
AcDbText
 10
6364251.112193431
 20
6169001.813855288
 30
0.0
 40
0.375
  1
0.0
  7
GOOGLE_SANS
 72
1
 11
6364251.112193431
 21
6169001.813855288
 31
0.0
100
AcDbText
 73
2
  0
TEXT
  5
20280
330
1F
100
AcDbEntity
  8
tejido
 62
8
100
AcDbText
 10
6364240.814501391
 20
6168997.003419122
 30
0.0
 40
0.375
  1
6.6
  7
GOOGLE_SANS
 72
1
 11
6364240.814501391
 21
6168997.003419122
 31
0.0
100
AcDbText
 73
2
  0
TEXT
  5
20281
330
1F
100
AcDbEntity
  8
tejido
 62
8
100
AcDbText
 10
6364237.640602033
 20
6168997.66898332
 30
0.0
 40
0.375
  1
3.7
  7
GOOGLE_SANS
 72
1
 11
6364237.640602033
 21
6168997.66898332
 31
0.0
100
AcDbText
 73
2
  0
TEXT
  5
20282
330
1F
100
AcDbEntity
  8
tejido
 62
8
100
AcDbText
 10
6364223.426331582
 20
6169017.751119279
 30
0.0
 40
0.375
  1
0.0
  7
GOOGLE_SANS
 72
1
 11
6364223.426331582
 21
6169017.751119279
 31
0.0
100
AcDbText
 73
2
  0
TEXT
  5
20283
330
1F
100
AcDbEntity
  8
tejido
 62
8
100
AcDbText
 10
6364232.558747648
 20
6169024.782665228
 30
0.0
 40
0.375
  1
0.0
  7
GOOGLE_SANS
 72
1
 11
6364232.558747648
 21
6169024.782665228
 31
0.0
100
AcDbText
 73
2
  0
TEXT
  5
20284
330
1F
100
AcDbEntity
  8
tejido
 62
8
100
AcDbText
 10
6364220.733199023
 20
6169013.006828905
 30
0.0
 40
0.375
  1
4.0
  7
GOOGLE_SANS
 72
1
 11
6364220.733199023
 21
6169013.006828905
 31
0.0
100
AcDbText
 73
2
  0
TEXT
  5
20285
330
1F
100
AcDbEntity
  8
tejido
 62
8
100
AcDbText
 10
6364227.755616089
 20
6169014.582790536
 30
0.0
 40
0.375
  1
6.0
  7
GOOGLE_SANS
 72
1
 11
6364227.755616089
 21
6169014.582790536
 31
0.0
100
AcDbText
 73
2
  0
TEXT
  5
20286
330
1F
100
AcDbEntity
  8
tejido
 62
8
100
AcDbText
 10
6364235.335366665
 20
6169020.809061537
 30
0.0
 40
0.375
  1
6.8
  7
GOOGLE_SANS
 72
1
 11
6364235.335366665
 21
6169020.809061537
 31
0.0
100
AcDbText
 73
2
  0
TEXT
  5
20287
330
1F
100
AcDbEntity
  8
tejido
 62
8
100
AcDbText
 10
6364242.543383939
 20
6169025.816042505
 30
0.0
 40
0.375
  1
7.4
  7
GOOGLE_SANS
 72
1
 11
6364242.543383939
 21
6169025.816042505
 31
0.0
100
AcDbText
 73
2
  0
TEXT
  5
20288
330
1F
100
AcDbEntity
  8
tejido
 62
8
100
AcDbText
 10
6364238.583929904
 20
6169027.114656711
 30
0.0
 40
0.375
  1
5.7
  7
GOOGLE_SANS
 72
1
 11
6364238.583929904
 21
6169027.114656711
 31
0.0
100
AcDbText
 73
2
  0
TEXT
  5
20289
330
1F
100
AcDbEntity
  8
tejido
 62
8
100
AcDbText
 10
6364238.972036739
 20
6169024.911360848
 30
0.0
 40
0.375
  1
9.3
  7
GOOGLE_SANS
 72
1
 11
6364238.972036739
 21
6169024.911360848
 31
0.0
100
AcDbText
 73
2
  0
TEXT
  5
2028A
330
1F
100
AcDbEntity
  8
tejido
 62
8
100
AcDbText
 10
6364228.334688045
 20
6169018.93076423
 30
0.0
 40
0.375
  1
3.5
  7
GOOGLE_SANS
 72
1
 11
6364228.334688045
 21
6169018.93076423
 31
0.0
100
AcDbText
 73
2
  0
TEXT
  5
2028B
330
1F
100
AcDbEntity
  8
tejido
 62
8
100
AcDbText
 10
6364223.62181458
 20
6169016.175902518
 30
0.0
 40
0.375
  1
3.5
  7
GOOGLE_SANS
 72
1
 11
6364223.62181458
 21
6169016.175902518
 31
0.0
100
AcDbText
 73
2
  0
TEXT
  5
2028C
330
1F
100
AcDbEntity
  8
tejido
 62
8
100
AcDbText
 10
6364225.715939784
 20
6169017.178456057
 30
0.0
 40
0.375
  1
5.5
  7
GOOGLE_SANS
 72
1
 11
6364225.715939784
 21
6169017.178456057
 31
0.0
100
AcDbText
 73
2
  0
TEXT
  5
2028D
330
1F
100
AcDbEntity
  8
tejido
 62
8
100
AcDbText
 10
6364233.482957965
 20
6169023.611995745
 30
0.0
 40
0.375
  1
3.2
  7
GOOGLE_SANS
 72
1
 11
6364233.482957965
 21
6169023.611995745
 31
0.0
100
AcDbText
 73
2
  0
TEXT
  5
2028E
330
1F
100
AcDbEntity
  8
tejido
 62
8
100
AcDbText
 10
6364224.611376736
 20
6169019.46561147
 30
0.0
 40
0.375
  1
2.5
  7
GOOGLE_SANS
 72
1
 11
6364224.611376736
 21
6169019.46561147
 31
0.0
100
AcDbText
 73
2
  0
TEXT
  5
2028F
330
1F
100
AcDbEntity
  8
tejido
 62
8
100
AcDbText
 10
6364211.456973003
 20
6169026.013091382
 30
0.0
 40
0.375
  1
2.8
  7
GOOGLE_SANS
 72
1
 11
6364211.456973003
 21
6169026.013091382
 31
0.0
100
AcDbText
 73
2
  0
TEXT
  5
20290
330
1F
100
AcDbEntity
  8
tejido
 62
8
100
AcDbText
 10
6364228.313354145
 20
6169046.910142699
 30
0.0
 40
0.375
  1
2.8
  7
GOOGLE_SANS
 72
1
 11
6364228.313354145
 21
6169046.910142699
 31
0.0
100
AcDbText
 73
2
  0
TEXT
  5
20291
330
1F
100
AcDbEntity
  8
tejido
 62
8
100
AcDbText
 10
6364232.175105838
 20
6169049.533114777
 30
0.0
 40
0.375
  1
5.6
  7
GOOGLE_SANS
 72
1
 11
6364232.175105838
 21
6169049.533114777
 31
0.0
100
AcDbText
 73
2
  0
TEXT
  5
20292
330
1F
100
AcDbEntity
  8
tejido
 62
8
100
AcDbText
 10
6364191.689557004
 20
6168931.074494587
 30
0.0
 40
0.375
  1
4.0
  7
GOOGLE_SANS
 72
1
 11
6364191.689557004
 21
6168931.074494587
 31
0.0
100
AcDbText
 73
2
  0
TEXT
  5
20293
330
1F
100
AcDbEntity
  8
tejido
 62
8
100
AcDbText
 10
6364192.914562602
 20
6168929.4219972165
 30
0.0
 40
0.375
  1
0.0
  7
GOOGLE_SANS
 72
1
 11
6364192.914562602
 21
6168929.4219972165
 31
0.0
100
AcDbText
 73
2
  0
TEXT
  5
20294
330
1F
100
AcDbEntity
  8
tejido
 62
8
100
AcDbText
 10
6364183.273349987
 20
6168920.881371389
 30
0.0
 40
0.375
  1
4.0
  7
GOOGLE_SANS
 72
1
 11
6364183.273349987
 21
6168920.881371389
 31
0.0
100
AcDbText
 73
2
  0
TEXT
  5
20295
330
1F
100
AcDbEntity
  8
tejido
 62
8
100
AcDbText
 10
6364135.920522764
 20
6168989.142936793
 30
0.0
 40
0.375
  1
4.7
  7
GOOGLE_SANS
 72
1
 11
6364135.920522764
 21
6168989.142936793
 31
0.0
100
AcDbText
 73
2
  0
TEXT
  5
20296
330
1F
100
AcDbEntity
  8
tejido
 62
8
100
AcDbText
 10
6364141.018498617
 20
6168991.981223446
 30
0.0
 40
0.375
  1
7.3
  7
GOOGLE_SANS
 72
1
 11
6364141.018498617
 21
6168991.981223446
 31
0.0
100
AcDbText
 73
2
  0
TEXT
  5
20297
330
1F
100
AcDbEntity
  8
tejido
 62
8
100
AcDbText
 10
6364166.38493635
 20
6168958.030600188
 30
0.0
 40
0.375
  1
2.8
  7
GOOGLE_SANS
 72
1
 11
6364166.38493635
 21
6168958.030600188
 31
0.0
100
AcDbText
 73
2
  0
TEXT
  5
20298
330
1F
100
AcDbEntity
  8
tejido
 62
8
100
AcDbText
 10
6364172.131588576
 20
6168962.999684056
 30
0.0
 40
0.375
  1
3.3
  7
GOOGLE_SANS
 72
1
 11
6364172.131588576
 21
6168962.999684056
 31
0.0
100
AcDbText
 73
2
  0
TEXT
  5
20299
330
1F
100
AcDbEntity
  8
tejido
 62
8
100
AcDbText
 10
6364190.588675736
 20
6168964.469591214
 30
0.0
 40
0.375
  1
3.1
  7
GOOGLE_SANS
 72
1
 11
6364190.588675736
 21
6168964.469591214
 31
0.0
100
AcDbText
 73
2
  0
TEXT
  5
2029A
330
1F
100
AcDbEntity
  8
tejido
 62
8
100
AcDbText
 10
6364166.016018559
 20
6168945.451566344
 30
0.0
 40
0.375
  1
3.1
  7
GOOGLE_SANS
 72
1
 11
6364166.016018559
 21
6168945.451566344
 31
0.0
100
AcDbText
 73
2
  0
TEXT
  5
2029B
330
1F
100
AcDbEntity
  8
tejido
 62
8
100
AcDbText
 10
6364174.496553045
 20
6168955.891232277
 30
0.0
 40
0.375
  1
3.1
  7
GOOGLE_SANS
 72
1
 11
6364174.496553045
 21
6168955.891232277
 31
0.0
100
AcDbText
 73
2
  0
TEXT
  5
2029C
330
1F
100
AcDbEntity
  8
tejido
 62
8
100
AcDbText
 10
6364178.024473728
 20
6168956.39875986
 30
0.0
 40
0.375
  1
3.1
  7
GOOGLE_SANS
 72
1
 11
6364178.024473728
 21
6168956.39875986
 31
0.0
100
AcDbText
 73
2
  0
TEXT
  5
2029D
330
1F
100
AcDbEntity
  8
tejido
 62
8
100
AcDbText
 10
6364165.067468318
 20
6168946.859798236
 30
0.0
 40
0.375
  1
4.0
  7
GOOGLE_SANS
 72
1
 11
6364165.067468318
 21
6168946.859798236
 31
0.0
100
AcDbText
 73
2
  0
TEXT
  5
2029E
330
1F
100
AcDbEntity
  8
tejido
 62
8
100
AcDbText
 10
6364169.566818986
 20
6168950.896941844
 30
0.0
 40
0.375
  1
6.2
  7
GOOGLE_SANS
 72
1
 11
6364169.566818986
 21
6168950.896941844
 31
0.0
100
AcDbText
 73
2
  0
TEXT
  5
2029F
330
1F
100
AcDbEntity
  8
tejido
 62
8
100
AcDbText
 10
6364162.440817197
 20
6168946.417985849
 30
0.0
 40
0.375
  1
0.0
  7
GOOGLE_SANS
 72
1
 11
6364162.440817197
 21
6168946.417985849
 31
0.0
100
AcDbText
 73
2
  0
TEXT
  5
202A0
330
1F
100
AcDbEntity
  8
tejido
 62
8
100
AcDbText
 10
6364265.674787837
 20
6168953.765510378
 30
0.0
 40
0.375
  1
0.0
  7
GOOGLE_SANS
 72
1
 11
6364265.674787837
 21
6168953.765510378
 31
0.0
100
AcDbText
 73
2
  0
TEXT
  5
202A1
330
1F
100
AcDbEntity
  8
tejido
 62
8
100
AcDbText
 10
6364251.879095485
 20
6169023.04487874
 30
0.0
 40
0.375
  1
23.4
  7
GOOGLE_SANS
 72
1
 11
6364251.879095485
 21
6169023.04487874
 31
0.0
100
AcDbText
 73
2
  0
TEXT
  5
202A2
330
1F
100
AcDbEntity
  8
tejido
 62
8
100
AcDbText
 10
6364236.195990451
 20
6169016.17701729
 30
0.0
 40
0.375
  1
27.0
  7
GOOGLE_SANS
 72
1
 11
6364236.195990451
 21
6169016.17701729
 31
0.0
100
AcDbText
 73
2
  0
TEXT
  5
202A3
330
1F
100
AcDbEntity
  8
tejido
 62
8
100
AcDbText
 10
6364234.370062098
 20
6169009.494712663
 30
0.0
 40
0.375
  1
27.0
  7
GOOGLE_SANS
 72
1
 11
6364234.370062098
 21
6169009.494712663
 31
0.0
100
AcDbText
 73
2
  0
TEXT
  5
202A4
330
1F
100
AcDbEntity
  8
tejido
 62
8
100
AcDbText
 10
6364282.956209809
 20
6168979.986608638
 30
0.0
 40
0.375
  1
24.2
  7
GOOGLE_SANS
 72
1
 11
6364282.956209809
 21
6168979.986608638
 31
0.0
100
AcDbText
 73
2
  0
TEXT
  5
202A5
330
1F
100
AcDbEntity
  8
tejido
 62
8
100
AcDbText
 10
6364280.258763369
 20
6168977.211817044
 30
0.0
 40
0.375
  1
27.3
  7
GOOGLE_SANS
 72
1
 11
6364280.258763369
 21
6168977.211817044
 31
0.0
100
AcDbText
 73
2
  0
TEXT
  5
202A6
330
1F
100
AcDbEntity
  8
tejido
 62
8
100
AcDbText
 10
6364275.202559975
 20
6168978.397794074
 30
0.0
 40
0.375
  1
31.6
  7
GOOGLE_SANS
 72
1
 11
6364275.202559975
 21
6168978.397794074
 31
0.0
100
AcDbText
 73
2
  0
TEXT
  5
202A7
330
1F
100
AcDbEntity
  8
tejido
 62
8
100
AcDbText
 10
6364277.264051806
 20
6168974.4702516
 30
0.0
 40
0.375
  1
30.5
  7
GOOGLE_SANS
 72
1
 11
6364277.264051806
 21
6168974.4702516
 31
0.0
100
AcDbText
 73
2
  0
TEXT
  5
202A8
330
1F
100
AcDbEntity
  8
tejido
 62
8
100
AcDbText
 10
6364269.927223686
 20
6168972.864419618
 30
0.0
 40
0.375
  1
27.3
  7
GOOGLE_SANS
 72
1
 11
6364269.927223686
 21
6168972.864419618
 31
0.0
100
AcDbText
 73
2
  0
TEXT
  5
202A9
330
1F
100
AcDbEntity
  8
tejido
 62
8
100
AcDbText
 10
6364265.860064776
 20
6168965.728380842
 30
0.0
 40
0.375
  1
24.2
  7
GOOGLE_SANS
 72
1
 11
6364265.860064776
 21
6168965.728380842
 31
0.0
100
AcDbText
 73
2
  0
TEXT
  5
202AA
330
1F
100
AcDbEntity
  8
tejido
 62
8
100
AcDbText
 10
6364274.3723168885
 20
6168970.039039905
 30
0.0
 40
0.375
  1
0.0
  7
GOOGLE_SANS
 72
1
 11
6364274.3723168885
 21
6168970.039039905
 31
0.0
100
AcDbText
 73
2
  0
TEXT
  5
202AB
330
1F
100
AcDbEntity
  8
tejido
 62
8
100
AcDbText
 10
6364224.955957404
 20
6169051.483319628
 30
0.0
 40
0.375
  1
3.5
  7
GOOGLE_SANS
 72
1
 11
6364224.955957404
 21
6169051.483319628
 31
0.0
100
AcDbText
 73
2
  0
TEXT
  5
202AC
330
1F
100
AcDbEntity
  8
tejido
 62
8
100
AcDbText
 10
6364227.225336949
 20
6169053.265770664
 30
0.0
 40
0.375
  1
6.1
  7
GOOGLE_SANS
 72
1
 11
6364227.225336949
 21
6169053.265770664
 31
0.0
100
AcDbText
 73
2
  0
TEXT
  5
202AD
330
1F
100
AcDbEntity
  8
tejido
 62
8
100
AcDbText
 10
6364230.070115937
 20
6169055.345002675
 30
0.0
 40
0.375
  1
7.4
  7
GOOGLE_SANS
 72
1
 11
6364230.070115937
 21
6169055.345002675
 31
0.0
100
AcDbText
 73
2
  0
TEXT
  5
202AE
330
1F
100
AcDbEntity
  8
tejido
 62
8
100
AcDbText
 10
6364235.3522885665
 20
6168972.907298159
 30
0.0
 40
0.375
  1
4.1
  7
GOOGLE_SANS
 72
1
 11
6364235.3522885665
 21
6168972.907298159
 31
0.0
100
AcDbText
 73
2
  0
TEXT
  5
202AF
330
1F
100
AcDbEntity
  8
tejido
 62
8
100
AcDbText
 10
6364258.858464477
 20
6168948.818961205
 30
0.0
 40
0.375
  1
4.1
  7
GOOGLE_SANS
 72
1
 11
6364258.858464477
 21
6168948.818961205
 31
0.0
100
AcDbText
 73
2
  0
TEXT
  5
202B0
330
1F
100
AcDbEntity
  8
tejido
 62
8
100
AcDbText
 10
6364252.363474029
 20
6168947.811131589
 30
0.0
 40
0.375
  1
4.1
  7
GOOGLE_SANS
 72
1
 11
6364252.363474029
 21
6168947.811131589
 31
0.0
100
AcDbText
 73
2
  0
TEXT
  5
202B1
330
1F
100
AcDbEntity
  8
tejido
 62
8
100
AcDbText
 10
6364146.651103871
 20
6169004.591339311
 30
0.0
 40
0.375
  1
0.0
  7
GOOGLE_SANS
 72
1
 11
6364146.651103871
 21
6169004.591339311
 31
0.0
100
AcDbText
 73
2
  0
TEXT
  5
202B3
330
1F
100
AcDbEntity
  8
parcelas_etiquetas
 62
252
100
AcDbText
 10
6364225.748290521
 20
6169056.082061075
 30
0.0
 40
0.45
  1
USAM
  7
GOOGLE_SANS
 72
1
 11
6364225.748290521
 21
6169056.082061075
 31
0.0
100
AcDbText
 73
2
  0
TEXT
  5
202B4
330
1F
100
AcDbEntity
  8
parcelas_etiquetas
 62
252
100
AcDbText
 10
6364225.748290521
 20
6169055.482061075
 30
0.0
 40
0.45
  1
001a
  7
GOOGLE_SANS
 72
1
 11
6364225.748290521
 21
6169055.482061075
 31
0.0
100
AcDbText
 73
2
  0
TEXT
  5
202B5
330
1F
100
AcDbEntity
  8
parcelas_etiquetas
 62
252
100
AcDbText
 10
6364218.125535922
 20
6169051.374816484
 30
0.0
 40
0.45
  1
USAM
  7
GOOGLE_SANS
 72
1
 11
6364218.125535922
 21
6169051.374816484
 31
0.0
100
AcDbText
 73
2
  0
TEXT
  5
202B6
330
1F
100
AcDbEntity
  8
parcelas_etiquetas
 62
252
100
AcDbText
 10
6364218.125535922
 20
6169050.774816484
 30
0.0
 40
0.45
  1
001b
  7
GOOGLE_SANS
 72
1
 11
6364218.125535922
 21
6169050.774816484
 31
0.0
100
AcDbText
 73
2
  0
TEXT
  5
202B7
330
1F
100
AcDbEntity
  8
parcelas_etiquetas
 62
252
100
AcDbText
 10
6364210.793529025
 20
6169046.597433225
 30
0.0
 40
0.45
  1
USAM
  7
GOOGLE_SANS
 72
1
 11
6364210.793529025
 21
6169046.597433225
 31
0.0
100
AcDbText
 73
2
  0
TEXT
  5
202B8
330
1F
100
AcDbEntity
  8
parcelas_etiquetas
 62
252
100
AcDbText
 10
6364210.793529025
 20
6169045.997433226
 30
0.0
 40
0.45
  1
001c
  7
GOOGLE_SANS
 72
1
 11
6364210.793529025
 21
6169045.997433226
 31
0.0
100
AcDbText
 73
2
  0
TEXT
  5
202B9
330
1F
100
AcDbEntity
  8
parcelas_etiquetas
 62
252
100
AcDbText
 10
6364205.868836313
 20
6169038.449127692
 30
0.0
 40
0.45
  1
USAM
  7
GOOGLE_SANS
 72
1
 11
6364205.868836313
 21
6169038.449127692
 31
0.0
100
AcDbText
 73
2
  0
TEXT
  5
202BA
330
1F
100
AcDbEntity
  8
parcelas_etiquetas
 62
252
100
AcDbText
 10
6364205.868836313
 20
6169037.849127692
 30
0.0
 40
0.45
  1
001e
  7
GOOGLE_SANS
 72
1
 11
6364205.868836313
 21
6169037.849127692
 31
0.0
100
AcDbText
 73
2
  0
TEXT
  5
202BB
330
1F
100
AcDbEntity
  8
parcelas_etiquetas
 62
252
100
AcDbText
 10
6364209.88588036
 20
6169017.463111935
 30
0.0
 40
0.45
  1
USAM
  7
GOOGLE_SANS
 72
1
 11
6364209.88588036
 21
6169017.463111935
 31
0.0
100
AcDbText
 73
2
  0
TEXT
  5
202BC
330
1F
100
AcDbEntity
  8
parcelas_etiquetas
 62
252
100
AcDbText
 10
6364209.88588036
 20
6169016.863111936
 30
0.0
 40
0.45
  1
002
  7
GOOGLE_SANS
 72
1
 11
6364209.88588036
 21
6169016.863111936
 31
0.0
100
AcDbText
 73
2
  0
TEXT
  5
202BD
330
1F
100
AcDbEntity
  8
parcelas_etiquetas
 62
252
100
AcDbText
 10
6364196.4719145605
 20
6169008.538060489
 30
0.0
 40
0.45
  1
USAM
  7
GOOGLE_SANS
 72
1
 11
6364196.4719145605
 21
6169008.538060489
 31
0.0
100
AcDbText
 73
2
  0
TEXT
  5
202BE
330
1F
100
AcDbEntity
  8
parcelas_etiquetas
 62
252
100
AcDbText
 10
6364196.4719145605
 20
6169007.9380604895
 30
0.0
 40
0.45
  1
003
  7
GOOGLE_SANS
 72
1
 11
6364196.4719145605
 21
6169007.9380604895
 31
0.0
100
AcDbText
 73
2
  0
TEXT
  5
202BF
330
1F
100
AcDbEntity
  8
parcelas_etiquetas
 62
252
100
AcDbText
 10
6364179.744722512
 20
6168997.589187221
 30
0.0
 40
0.45
  1
USAM
  7
GOOGLE_SANS
 72
1
 11
6364179.744722512
 21
6168997.589187221
 31
0.0
100
AcDbText
 73
2
  0
TEXT
  5
202C0
330
1F
100
AcDbEntity
  8
parcelas_etiquetas
 62
252
100
AcDbText
 10
6364179.744722512
 20
6168996.989187221
 30
0.0
 40
0.45
  1
004
  7
GOOGLE_SANS
 72
1
 11
6364179.744722512
 21
6168996.989187221
 31
0.0
100
AcDbText
 73
2
  0
TEXT
  5
202C1
330
1F
100
AcDbEntity
  8
parcelas_etiquetas
 62
252
100
AcDbText
 10
6364157.2064295625
 20
6169008.931398669
 30
0.0
 40
0.45
  1
USAM
  7
GOOGLE_SANS
 72
1
 11
6364157.2064295625
 21
6169008.931398669
 31
0.0
100
AcDbText
 73
2
  0
TEXT
  5
202C2
330
1F
100
AcDbEntity
  8
parcelas_etiquetas
 62
252
100
AcDbText
 10
6364157.2064295625
 20
6169008.33139867
 30
0.0
 40
0.45
  1
005
  7
GOOGLE_SANS
 72
1
 11
6364157.2064295625
 21
6169008.33139867
 31
0.0
100
AcDbText
 73
2
  0
TEXT
  5
202C3
330
1F
100
AcDbEntity
  8
parcelas_etiquetas
 62
252
100
AcDbText
 10
6364146.789440063
 20
6169002.103790922
 30
0.0
 40
0.45
  1
USAM
  7
GOOGLE_SANS
 72
1
 11
6364146.789440063
 21
6169002.103790922
 31
0.0
100
AcDbText
 73
2
  0
TEXT
  5
202C4
330
1F
100
AcDbEntity
  8
parcelas_etiquetas
 62
252
100
AcDbText
 10
6364146.789440063
 20
6169001.503790922
 30
0.0
 40
0.45
  1
006
  7
GOOGLE_SANS
 72
1
 11
6364146.789440063
 21
6169001.503790922
 31
0.0
100
AcDbText
 73
2
  0
TEXT
  5
202C5
330
1F
100
AcDbEntity
  8
parcelas_etiquetas
 62
252
100
AcDbText
 10
6364135.551224725
 20
6168994.391365985
 30
0.0
 40
0.45
  1
USAM
  7
GOOGLE_SANS
 72
1
 11
6364135.551224725
 21
6168994.391365985
 31
0.0
100
AcDbText
 73
2
  0
TEXT
  5
202C6
330
1F
100
AcDbEntity
  8
parcelas_etiquetas
 62
252
100
AcDbText
 10
6364135.551224725
 20
6168993.791365986
 30
0.0
 40
0.45
  1
007a
  7
GOOGLE_SANS
 72
1
 11
6364135.551224725
 21
6168993.791365986
 31
0.0
100
AcDbText
 73
2
  0
TEXT
  5
202C7
330
1F
100
AcDbEntity
  8
parcelas_etiquetas
 62
252
100
AcDbText
 10
6364152.921396807
 20
6168990.532819933
 30
0.0
 40
0.45
  1
USAM
  7
GOOGLE_SANS
 72
1
 11
6364152.921396807
 21
6168990.532819933
 31
0.0
100
AcDbText
 73
2
  0
TEXT
  5
202C8
330
1F
100
AcDbEntity
  8
parcelas_etiquetas
 62
252
100
AcDbText
 10
6364152.921396807
 20
6168989.932819934
 30
0.0
 40
0.45
  1
009
  7
GOOGLE_SANS
 72
1
 11
6364152.921396807
 21
6168989.932819934
 31
0.0
100
AcDbText
 73
2
  0
TEXT
  5
202C9
330
1F
100
AcDbEntity
  8
parcelas_etiquetas
 62
252
100
AcDbText
 10
6364158.664954096
 20
6168982.40401081
 30
0.0
 40
0.45
  1
USAM
  7
GOOGLE_SANS
 72
1
 11
6364158.664954096
 21
6168982.40401081
 31
0.0
100
AcDbText
 73
2
  0
TEXT
  5
202CA
330
1F
100
AcDbEntity
  8
parcelas_etiquetas
 62
252
100
AcDbText
 10
6364158.664954096
 20
6168981.80401081
 30
0.0
 40
0.45
  1
010
  7
GOOGLE_SANS
 72
1
 11
6364158.664954096
 21
6168981.80401081
 31
0.0
100
AcDbText
 73
2
  0
TEXT
  5
202CB
330
1F
100
AcDbEntity
  8
parcelas_etiquetas
 62
252
100
AcDbText
 10
6364172.074737505
 20
6168962.667089203
 30
0.0
 40
0.45
  1
USAM
  7
GOOGLE_SANS
 72
1
 11
6364172.074737505
 21
6168962.667089203
 31
0.0
100
AcDbText
 73
2
  0
TEXT
  5
202CC
330
1F
100
AcDbEntity
  8
parcelas_etiquetas
 62
252
100
AcDbText
 10
6364172.074737505
 20
6168962.067089204
 30
0.0
 40
0.45
  1
013
  7
GOOGLE_SANS
 72
1
 11
6364172.074737505
 21
6168962.067089204
 31
0.0
100
AcDbText
 73
2
  0
TEXT
  5
202CD
330
1F
100
AcDbEntity
  8
parcelas_etiquetas
 62
252
100
AcDbText
 10
6364176.646789188
 20
6168956.016199663
 30
0.0
 40
0.45
  1
USAM
  7
GOOGLE_SANS
 72
1
 11
6364176.646789188
 21
6168956.016199663
 31
0.0
100
AcDbText
 73
2
  0
TEXT
  5
202CE
330
1F
100
AcDbEntity
  8
parcelas_etiquetas
 62
252
100
AcDbText
 10
6364176.646789188
 20
6168955.416199664
 30
0.0
 40
0.45
  1
014
  7
GOOGLE_SANS
 72
1
 11
6364176.646789188
 21
6168955.416199664
 31
0.0
100
AcDbText
 73
2
  0
TEXT
  5
202CF
330
1F
100
AcDbEntity
  8
parcelas_etiquetas
 62
252
100
AcDbText
 10
6364181.180447362
 20
6168949.3540478805
 30
0.0
 40
0.45
  1
USAM
  7
GOOGLE_SANS
 72
1
 11
6364181.180447362
 21
6168949.3540478805
 31
0.0
100
AcDbText
 73
2
  0
TEXT
  5
202D0
330
1F
100
AcDbEntity
  8
parcelas_etiquetas
 62
252
100
AcDbText
 10
6364181.180447362
 20
6168948.754047881
 30
0.0
 40
0.45
  1
015
  7
GOOGLE_SANS
 72
1
 11
6364181.180447362
 21
6168948.754047881
 31
0.0
100
AcDbText
 73
2
  0
TEXT
  5
202D1
330
1F
100
AcDbEntity
  8
parcelas_etiquetas
 62
252
100
AcDbText
 10
6364185.7145518465
 20
6168942.694438129
 30
0.0
 40
0.45
  1
USAM
  7
GOOGLE_SANS
 72
1
 11
6364185.7145518465
 21
6168942.694438129
 31
0.0
100
AcDbText
 73
2
  0
TEXT
  5
202D2
330
1F
100
AcDbEntity
  8
parcelas_etiquetas
 62
252
100
AcDbText
 10
6364185.7145518465
 20
6168942.094438129
 30
0.0
 40
0.45
  1
016
  7
GOOGLE_SANS
 72
1
 11
6364185.7145518465
 21
6168942.094438129
 31
0.0
100
AcDbText
 73
2
  0
TEXT
  5
202D3
330
1F
100
AcDbEntity
  8
parcelas_etiquetas
 62
252
100
AcDbText
 10
6364190.242663843
 20
6168936.101112288
 30
0.0
 40
0.45
  1
USAM
  7
GOOGLE_SANS
 72
1
 11
6364190.242663843
 21
6168936.101112288
 31
0.0
100
AcDbText
 73
2
  0
TEXT
  5
202D4
330
1F
100
AcDbEntity
  8
parcelas_etiquetas
 62
252
100
AcDbText
 10
6364190.242663843
 20
6168935.501112289
 30
0.0
 40
0.45
  1
017
  7
GOOGLE_SANS
 72
1
 11
6364190.242663843
 21
6168935.501112289
 31
0.0
100
AcDbText
 73
2
  0
TEXT
  5
202D5
330
1F
100
AcDbEntity
  8
parcelas_etiquetas
 62
252
100
AcDbText
 10
6364187.565567498
 20
6168924.400860405
 30
0.0
 40
0.45
  1
USAM
  7
GOOGLE_SANS
 72
1
 11
6364187.565567498
 21
6168924.400860405
 31
0.0
100
AcDbText
 73
2
  0
TEXT
  5
202D6
330
1F
100
AcDbEntity
  8
parcelas_etiquetas
 62
252
100
AcDbText
 10
6364187.565567498
 20
6168923.800860405
 30
0.0
 40
0.45
  1
018c
  7
GOOGLE_SANS
 72
1
 11
6364187.565567498
 21
6168923.800860405
 31
0.0
100
AcDbText
 73
2
  0
TEXT
  5
202D7
330
1F
100
AcDbEntity
  8
parcelas_etiquetas
 62
252
100
AcDbText
 10
6364192.531074487
 20
6168917.259202406
 30
0.0
 40
0.45
  1
USAM
  7
GOOGLE_SANS
 72
1
 11
6364192.531074487
 21
6168917.259202406
 31
0.0
100
AcDbText
 73
2
  0
TEXT
  5
202D8
330
1F
100
AcDbEntity
  8
parcelas_etiquetas
 62
252
100
AcDbText
 10
6364192.531074487
 20
6168916.659202406
 30
0.0
 40
0.45
  1
018d
  7
GOOGLE_SANS
 72
1
 11
6364192.531074487
 21
6168916.659202406
 31
0.0
100
AcDbText
 73
2
  0
TEXT
  5
202D9
330
1F
100
AcDbEntity
  8
parcelas_etiquetas
 62
252
100
AcDbText
 10
6364197.6736052595
 20
6168910.399591855
 30
0.0
 40
0.45
  1
USAM
  7
GOOGLE_SANS
 72
1
 11
6364197.6736052595
 21
6168910.399591855
 31
0.0
100
AcDbText
 73
2
  0
TEXT
  5
202DA
330
1F
100
AcDbEntity
  8
parcelas_etiquetas
 62
252
100
AcDbText
 10
6364197.6736052595
 20
6168909.799591855
 30
0.0
 40
0.45
  1
018e
  7
GOOGLE_SANS
 72
1
 11
6364197.6736052595
 21
6168909.799591855
 31
0.0
100
AcDbText
 73
2
  0
TEXT
  5
202DB
330
1F
100
AcDbEntity
  8
parcelas_etiquetas
 62
252
100
AcDbText
 10
6364203.922379231
 20
6168924.748347522
 30
0.0
 40
0.45
  1
USAM
  7
GOOGLE_SANS
 72
1
 11
6364203.922379231
 21
6168924.748347522
 31
0.0
100
AcDbText
 73
2
  0
TEXT
  5
202DC
330
1F
100
AcDbEntity
  8
parcelas_etiquetas
 62
252
100
AcDbText
 10
6364203.922379231
 20
6168924.148347522
 30
0.0
 40
0.45
  1
018f
  7
GOOGLE_SANS
 72
1
 11
6364203.922379231
 21
6168924.148347522
 31
0.0
100
AcDbText
 73
2
  0
TEXT
  5
202DD
330
1F
100
AcDbEntity
  8
parcelas_etiquetas
 62
252
100
AcDbText
 10
6364211.247837205
 20
6168929.476070761
 30
0.0
 40
0.45
  1
USAM
  7
GOOGLE_SANS
 72
1
 11
6364211.247837205
 21
6168929.476070761
 31
0.0
100
AcDbText
 73
2
  0
TEXT
  5
202DE
330
1F
100
AcDbEntity
  8
parcelas_etiquetas
 62
252
100
AcDbText
 10
6364211.247837205
 20
6168928.876070761
 30
0.0
 40
0.45
  1
018g
  7
GOOGLE_SANS
 72
1
 11
6364211.247837205
 21
6168928.876070761
 31
0.0
100
AcDbText
 73
2
  0
TEXT
  5
202DF
330
1F
100
AcDbEntity
  8
parcelas_etiquetas
 62
252
100
AcDbText
 10
6364209.839222576
 20
6168947.805041898
 30
0.0
 40
0.45
  1
USAM
  7
GOOGLE_SANS
 72
1
 11
6364209.839222576
 21
6168947.805041898
 31
0.0
100
AcDbText
 73
2
  0
TEXT
  5
202E0
330
1F
100
AcDbEntity
  8
parcelas_etiquetas
 62
252
100
AcDbText
 10
6364209.839222576
 20
6168947.205041898
 30
0.0
 40
0.45
  1
019a
  7
GOOGLE_SANS
 72
1
 11
6364209.839222576
 21
6168947.205041898
 31
0.0
100
AcDbText
 73
2
  0
TEXT
  5
202E1
330
1F
100
AcDbEntity
  8
parcelas_etiquetas
 62
252
100
AcDbText
 10
6364242.357039996
 20
6168968.535440684
 30
0.0
 40
0.45
  1
USAM
  7
GOOGLE_SANS
 72
1
 11
6364242.357039996
 21
6168968.535440684
 31
0.0
100
AcDbText
 73
2
  0
TEXT
  5
202E2
330
1F
100
AcDbEntity
  8
parcelas_etiquetas
 62
252
100
AcDbText
 10
6364242.357039996
 20
6168967.935440685
 30
0.0
 40
0.45
  1
019e
  7
GOOGLE_SANS
 72
1
 11
6364242.357039996
 21
6168967.935440685
 31
0.0
100
AcDbText
 73
2
  0
TEXT
  5
202E3
330
1F
100
AcDbEntity
  8
parcelas_etiquetas
 62
252
100
AcDbText
 10
6364266.506068003
 20
6168956.283921556
 30
0.0
 40
0.45
  1
USAM
  7
GOOGLE_SANS
 72
1
 11
6364266.506068003
 21
6168956.283921556
 31
0.0
100
AcDbText
 73
2
  0
TEXT
  5
202E4
330
1F
100
AcDbEntity
  8
parcelas_etiquetas
 62
252
100
AcDbText
 10
6364266.506068003
 20
6168955.683921556
 30
0.0
 40
0.45
  1
020a
  7
GOOGLE_SANS
 72
1
 11
6364266.506068003
 21
6168955.683921556
 31
0.0
100
AcDbText
 73
2
  0
TEXT
  5
202E5
330
1F
100
AcDbEntity
  8
parcelas_etiquetas
 62
252
100
AcDbText
 10
6364276.911482137
 20
6168963.197836385
 30
0.0
 40
0.45
  1
USAM
  7
GOOGLE_SANS
 72
1
 11
6364276.911482137
 21
6168963.197836385
 31
0.0
100
AcDbText
 73
2
  0
TEXT
  5
202E6
330
1F
100
AcDbEntity
  8
parcelas_etiquetas
 62
252
100
AcDbText
 10
6364276.911482137
 20
6168962.5978363855
 30
0.0
 40
0.45
  1
022
  7
GOOGLE_SANS
 72
1
 11
6364276.911482137
 21
6168962.5978363855
 31
0.0
100
AcDbText
 73
2
  0
TEXT
  5
202E7
330
1F
100
AcDbEntity
  8
parcelas_etiquetas
 62
252
100
AcDbText
 10
6364284.419671095
 20
6168968.566470144
 30
0.0
 40
0.45
  1
USAM
  7
GOOGLE_SANS
 72
1
 11
6364284.419671095
 21
6168968.566470144
 31
0.0
100
AcDbText
 73
2
  0
TEXT
  5
202E8
330
1F
100
AcDbEntity
  8
parcelas_etiquetas
 62
252
100
AcDbText
 10
6364284.419671095
 20
6168967.966470145
 30
0.0
 40
0.45
  1
023
  7
GOOGLE_SANS
 72
1
 11
6364284.419671095
 21
6168967.966470145
 31
0.0
100
AcDbText
 73
2
  0
TEXT
  5
202E9
330
1F
100
AcDbEntity
  8
parcelas_etiquetas
 62
252
100
AcDbText
 10
6364255.912331306
 20
6168988.859239453
 30
0.0
 40
0.45
  1
USAM
  7
GOOGLE_SANS
 72
1
 11
6364255.912331306
 21
6168988.859239453
 31
0.0
100
AcDbText
 73
2
  0
TEXT
  5
202EA
330
1F
100
AcDbEntity
  8
parcelas_etiquetas
 62
252
100
AcDbText
 10
6364255.912331306
 20
6168988.259239454
 30
0.0
 40
0.45
  1
026
  7
GOOGLE_SANS
 72
1
 11
6364255.912331306
 21
6168988.259239454
 31
0.0
100
AcDbText
 73
2
  0
TEXT
  5
202EB
330
1F
100
AcDbEntity
  8
parcelas_etiquetas
 62
252
100
AcDbText
 10
6364251.465084934
 20
6168995.388071397
 30
0.0
 40
0.45
  1
USAM
  7
GOOGLE_SANS
 72
1
 11
6364251.465084934
 21
6168995.388071397
 31
0.0
100
AcDbText
 73
2
  0
TEXT
  5
202EC
330
1F
100
AcDbEntity
  8
parcelas_etiquetas
 62
252
100
AcDbText
 10
6364251.465084934
 20
6168994.788071398
 30
0.0
 40
0.45
  1
027
  7
GOOGLE_SANS
 72
1
 11
6364251.465084934
 21
6168994.788071398
 31
0.0
100
AcDbText
 73
2
  0
TEXT
  5
202ED
330
1F
100
AcDbEntity
  8
parcelas_etiquetas
 62
252
100
AcDbText
 10
6364242.764476766
 20
6169008.70530875
 30
0.0
 40
0.45
  1
USAM
  7
GOOGLE_SANS
 72
1
 11
6364242.764476766
 21
6169008.70530875
 31
0.0
100
AcDbText
 73
2
  0
TEXT
  5
202EE
330
1F
100
AcDbEntity
  8
parcelas_etiquetas
 62
252
100
AcDbText
 10
6364242.764476766
 20
6169008.105308751
 30
0.0
 40
0.45
  1
029
  7
GOOGLE_SANS
 72
1
 11
6364242.764476766
 21
6169008.105308751
 31
0.0
100
AcDbText
 73
2
  0
TEXT
  5
202EF
330
1F
100
AcDbEntity
  8
parcelas_etiquetas
 62
252
100
AcDbText
 10
6364233.449185269
 20
6169021.623220196
 30
0.0
 40
0.45
  1
USAM
  7
GOOGLE_SANS
 72
1
 11
6364233.449185269
 21
6169021.623220196
 31
0.0
100
AcDbText
 73
2
  0
TEXT
  5
202F0
330
1F
100
AcDbEntity
  8
parcelas_etiquetas
 62
252
100
AcDbText
 10
6364233.449185269
 20
6169021.023220196
 30
0.0
 40
0.45
  1
031
  7
GOOGLE_SANS
 72
1
 11
6364233.449185269
 21
6169021.023220196
 31
0.0
100
AcDbText
 73
2
  0
TEXT
  5
202F1
330
1F
100
AcDbEntity
  8
parcelas_etiquetas
 62
252
100
AcDbText
 10
6364229.066454172
 20
6169028.410347541
 30
0.0
 40
0.45
  1
USAM
  7
GOOGLE_SANS
 72
1
 11
6364229.066454172
 21
6169028.410347541
 31
0.0
100
AcDbText
 73
2
  0
TEXT
  5
202F2
330
1F
100
AcDbEntity
  8
parcelas_etiquetas
 62
252
100
AcDbText
 10
6364229.066454172
 20
6169027.810347541
 30
0.0
 40
0.45
  1
032
  7
GOOGLE_SANS
 72
1
 11
6364229.066454172
 21
6169027.810347541
 31
0.0
100
AcDbText
 73
2
  0
TEXT
  5
202F3
330
1F
100
AcDbEntity
  8
parcelas_etiquetas
 62
252
100
AcDbText
 10
6364224.595359934
 20
6169035.065683262
 30
0.0
 40
0.45
  1
USAM
  7
GOOGLE_SANS
 72
1
 11
6364224.595359934
 21
6169035.065683262
 31
0.0
100
AcDbText
 73
2
  0
TEXT
  5
202F4
330
1F
100
AcDbEntity
  8
parcelas_etiquetas
 62
252
100
AcDbText
 10
6364224.595359934
 20
6169034.465683263
 30
0.0
 40
0.45
  1
033
  7
GOOGLE_SANS
 72
1
 11
6364224.595359934
 21
6169034.465683263
 31
0.0
100
AcDbText
 73
2
  0
TEXT
  5
202F5
330
1F
100
AcDbEntity
  8
parcelas_etiquetas
 62
252
100
AcDbText
 10
6364223.66136033
 20
6169044.148796023
 30
0.0
 40
0.45
  1
USAM
  7
GOOGLE_SANS
 72
1
 11
6364223.66136033
 21
6169044.148796023
 31
0.0
100
AcDbText
 73
2
  0
TEXT
  5
202F6
330
1F
100
AcDbEntity
  8
parcelas_etiquetas
 62
252
100
AcDbText
 10
6364223.66136033
 20
6169043.548796023
 30
0.0
 40
0.45
  1
034a
  7
GOOGLE_SANS
 72
1
 11
6364223.66136033
 21
6169043.548796023
 31
0.0
100
AcDbText
 73
2
  0
TEXT
  5
202F7
330
1F
100
AcDbEntity
  8
parcelas_etiquetas
 62
252
100
AcDbText
 10
6364165.322075612
 20
6168972.549261915
 30
0.0
 40
0.45
  1
USAM
  7
GOOGLE_SANS
 72
1
 11
6364165.322075612
 21
6168972.549261915
 31
0.0
100
AcDbText
 73
2
  0
TEXT
  5
202F8
330
1F
100
AcDbEntity
  8
parcelas_etiquetas
 62
252
100
AcDbText
 10
6364165.322075612
 20
6168971.949261915
 30
0.0
 40
0.45
  1
011a
  7
GOOGLE_SANS
 72
1
 11
6364165.322075612
 21
6168971.949261915
 31
0.0
100
AcDbText
 73
2
  0
TEXT
  5
202F9
330
1F
100
AcDbEntity
  8
parcelas_etiquetas
 62
252
100
AcDbText
 10
6364225.953636834
 20
6168958.542845121
 30
0.0
 40
0.45
  1
USAM
  7
GOOGLE_SANS
 72
1
 11
6364225.953636834
 21
6168958.542845121
 31
0.0
100
AcDbText
 73
2
  0
TEXT
  5
202FA
330
1F
100
AcDbEntity
  8
parcelas_etiquetas
 62
252
100
AcDbText
 10
6364225.953636834
 20
6168957.942845121
 30
0.0
 40
0.45
  1
019f
  7
GOOGLE_SANS
 72
1
 11
6364225.953636834
 21
6168957.942845121
 31
0.0
100
AcDbText
 73
2
  0
TEXT
  5
202FB
330
1F
100
AcDbEntity
  8
parcelas_etiquetas
 62
252
100
AcDbText
 10
6364268.317877731
 20
6168970.609212252
 30
0.0
 40
0.45
  1
USAM
  7
GOOGLE_SANS
 72
1
 11
6364268.317877731
 21
6168970.609212252
 31
0.0
100
AcDbText
 73
2
  0
TEXT
  5
202FC
330
1F
100
AcDbEntity
  8
parcelas_etiquetas
 62
252
100
AcDbText
 10
6364268.317877731
 20
6168970.009212253
 30
0.0
 40
0.45
  1
024
  7
GOOGLE_SANS
 72
1
 11
6364268.317877731
 21
6168970.009212253
 31
0.0
100
AcDbText
 73
2
  0
TEXT
  5
202FD
330
1F
100
AcDbEntity
  8
parcelas_etiquetas
 62
252
100
AcDbText
 10
6364261.579254183
 20
6168980.534992414
 30
0.0
 40
0.45
  1
USAM
  7
GOOGLE_SANS
 72
1
 11
6364261.579254183
 21
6168980.534992414
 31
0.0
100
AcDbText
 73
2
  0
TEXT
  5
202FE
330
1F
100
AcDbEntity
  8
parcelas_etiquetas
 62
252
100
AcDbText
 10
6364261.579254183
 20
6168979.934992414
 30
0.0
 40
0.45
  1
025
  7
GOOGLE_SANS
 72
1
 11
6364261.579254183
 21
6168979.934992414
 31
0.0
100
AcDbText
 73
2
  0
TEXT
  5
202FF
330
1F
100
AcDbEntity
  8
parcelas_etiquetas
 62
252
100
AcDbText
 10
6364247.1120030675
 20
6169002.084466342
 30
0.0
 40
0.45
  1
USAM
  7
GOOGLE_SANS
 72
1
 11
6364247.1120030675
 21
6169002.084466342
 31
0.0
100
AcDbText
 73
2
  0
TEXT
  5
20300
330
1F
100
AcDbEntity
  8
parcelas_etiquetas
 62
252
100
AcDbText
 10
6364247.1120030675
 20
6169001.484466342
 30
0.0
 40
0.45
  1
028
  7
GOOGLE_SANS
 72
1
 11
6364247.1120030675
 21
6169001.484466342
 31
0.0
100
AcDbText
 73
2
  0
TEXT
  5
20301
330
1F
100
AcDbEntity
  8
parcelas_etiquetas
 62
252
100
AcDbText
 10
6364238.189746669
 20
6169015.118623026
 30
0.0
 40
0.45
  1
USAM
  7
GOOGLE_SANS
 72
1
 11
6364238.189746669
 21
6169015.118623026
 31
0.0
100
AcDbText
 73
2
  0
TEXT
  5
20302
330
1F
100
AcDbEntity
  8
parcelas_etiquetas
 62
252
100
AcDbText
 10
6364238.189746669
 20
6169014.518623026
 30
0.0
 40
0.45
  1
030
  7
GOOGLE_SANS
 72
1
 11
6364238.189746669
 21
6169014.518623026
 31
0.0
100
AcDbText
 73
2
  0
TEXT
  5
20304
330
1F
100
AcDbEntity
  8
calles_etiquetas
 62
252
100
AcDbText
 10
6364266.495072903
 20
6169020.554652559
 30
0.0
 40
0.585
  1
ARGERICH
 50
-55.82133620172587
  7
GOOGLE_SANS
 72
1
 11
6364266.495072903
 21
6169020.554652559
 31
0.0
100
AcDbText
 73
2
  0
TEXT
  5
20305
330
1F
100
AcDbEntity
  8
calles_etiquetas
 62
252
100
AcDbText
 10
6364173.112781179
 20
6169037.719456599
 30
0.0
 40
0.585
  1
GENERAL CESAR DIAZ
 50
33.311799363340356
  7
GOOGLE_SANS
 72
1
 11
6364173.112781179
 21
6169037.719456599
 31
0.0
100
AcDbText
 73
2
  0
TEXT
  5
20306
330
1F
100
AcDbEntity
  8
calles_etiquetas
 62
252
100
AcDbText
 10
6364152.676931006
 20
6168943.108005967
 30
0.0
 40
0.585
  1
HELGUERA
 50
-55.712967516710805
  7
GOOGLE_SANS
 72
1
 11
6364152.676931006
 21
6168943.108005967
 31
0.0
100
AcDbText
 73
2
  0
TEXT
  5
20307
330
1F
100
AcDbEntity
  8
calles_etiquetas
 62
252
100
AcDbText
 10
6364246.375548783
 20
6168925.960160306
 30
0.0
 40
0.585
  1
REMEDIOS DE ESCALADA DE SAN MARTIN
 50
33.18143518171135
  7
GOOGLE_SANS
 72
1
 11
6364246.375548783
 21
6168925.960160306
 31
0.0
100
AcDbText
 73
2
  0
ENDSEC
  0
SECTION
  2
OBJECTS
  0
DICTIONARY
  5
C
330
0
100
AcDbDictionary
281
1
  3
ACAD_GROUP
350
D
  3
ACAD_LAYOUT
350
1A
  3
ACAD_MLEADERSTYLE
350
43
  3
ACAD_PLOTSETTINGS
350
19
  3
ACAD_PLOTSTYLENAME
350
E
  3
ACAD_TABLESTYLE
350
42
  3
ACAD_COLOR
350
20195
  3
ACAD_MATERIAL
350
20196
  3
ACAD_MLINESTYLE
350
20197
  3
ACAD_SCALELIST
350
20198
  3
ACAD_VISUALSTYLE
350
20199
  3
EZDXF_META
350
2030A
  0
DICTIONARY
  5
D
102
{ACAD_REACTORS
330
C
102
}
330
C
100
AcDbDictionary
281
1
  0
DICTIONARY
  5
1A
102
{ACAD_REACTORS
330
C
102
}
330
C
100
AcDbDictionary
281
1
  3
Layout1
350
1E
  3
Model
350
22
  0
DICTIONARY
  5
43
102
{ACAD_REACTORS
330
C
102
}
330
C
100
AcDbDictionary
281
1
  3
Standard
350
2019F
  0
DICTIONARY
  5
19
102
{ACAD_REACTORS
330
C
102
}
330
C
100
AcDbDictionary
281
1
  0
ACDBDICTIONARYWDFLT
  5
E
102
{ACAD_REACTORS
330
C
102
}
330
C
100
AcDbDictionary
281
1
  3
Normal
350
F
100
AcDbDictionaryWithDefault
340
F
  0
DICTIONARY
  5
42
102
{ACAD_REACTORS
330
C
102
}
330
C
100
AcDbDictionary
281
1
  0
LAYOUT
  5
1E
102
{ACAD_REACTORS
330
1A
102
}
330
1A
100
AcDbPlotSettings
  1

  2
none_device
  4

  6

 40
0.0
 41
0.0
 42
0.0
 43
0.0
 44
0.0
 45
0.0
 46
0.0
 47
0.0
 48
0.0
 49
0.0
140
0.0
141
0.0
142
1.0
143
1.0
 70
688
 72
0
 73
0
 74
5
  7

 75
16
 76
0
 77
2
 78
300
147
1.0
148
0.0
149
0.0
100
AcDbLayout
  1
Layout1
 70
1
 71
1
 10
0.0
 20
0.0
 11
12.0
 21
9.0
 12
0.0
 22
0.0
 32
0.0
 14
1e+20
 24
1e+20
 34
1e+20
 15
-1e+20
 25
-1e+20
 35
-1e+20
146
0.0
 13
0.0
 23
0.0
 33
0.0
 16
1.0
 26
0.0
 36
0.0
 17
0.0
 27
1.0
 37
0.0
 76
0
330
1B
  0
LAYOUT
  5
22
102
{ACAD_REACTORS
330
1A
102
}
330
1A
100
AcDbPlotSettings
  1

  2
none_device
  4

  6

 40
0.0
 41
0.0
 42
0.0
 43
0.0
 44
0.0
 45
0.0
 46
0.0
 47
0.0
 48
0.0
 49
0.0
140
0.0
141
0.0
142
1.0
143
1.0
 70
1712
 72
0
 73
0
 74
0
  7

 75
0
 76
0
 77
2
 78
300
147
1.0
148
0.0
149
0.0
100
AcDbLayout
  1
Model
 70
1
 71
0
 10
0.0
 20
0.0
 11
12.0
 21
9.0
 12
0.0
 22
0.0
 32
0.0
 14
30.0
 24
49.75
 34
0.0
 15
130.5
 25
163.1318914119703
 35
0.0
146
0.0
 13
0.0
 23
0.0
 33
0.0
 16
1.0
 26
0.0
 36
0.0
 17
0.0
 27
1.0
 37
0.0
 76
0
330
1F
331
29
  0
ACDBPLACEHOLDER
  5
F
102
{ACAD_REACTORS
330
E
102
}
330
E
  0
DICTIONARY
  5
20195
330
C
100
AcDbDictionary
281
1
  0
DICTIONARY
  5
20196
330
C
100
AcDbDictionary
281
1
  3
ByBlock
350
2019A
  3
ByLayer
350
2019B
  3
Global
350
2019C
  0
DICTIONARY
  5
20197
330
C
100
AcDbDictionary
281
1
  3
Standard
350
2019D
  0
DICTIONARY
  5
20198
330
C
100
AcDbDictionary
281
1
  0
DICTIONARY
  5
20199
330
C
100
AcDbDictionary
281
1
  0
MATERIAL
  5
2019A
102
{ACAD_REACTORS
330
20196
102
}
330
20196
100
AcDbMaterial
  1
ByBlock
  2

 70
0
 40
1.0
 71
1
 41
1.0
 91
-1023410177
 42
1.0
 72
1
  3

 73
1
 74
1
 75
1
 44
0.5
 73
0
 45
1.0
 46
1.0
 77
1
  4

 78
1
 79
1
170
1
 48
1.0
171
1
  6

172
1
173
1
174
1
140
1.0
141
1.0
175
1
  7

176
1
177
1
178
1
143
1.0
179
1
  8

270
1
271
1
272
1
145
1.0
146
1.0
273
1
  9

274
1
275
1
276
1
 42
1.0
 72
1
  3

 73
1
 74
1
 75
1
 94
63
  0
MATERIAL
  5
2019B
102
{ACAD_REACTORS
330
20196
102
}
330
20196
100
AcDbMaterial
  1
ByLayer
  2

 70
0
 40
1.0
 71
1
 41
1.0
 91
-1023410177
 42
1.0
 72
1
  3

 73
1
 74
1
 75
1
 44
0.5
 73
0
 45
1.0
 46
1.0
 77
1
  4

 78
1
 79
1
170
1
 48
1.0
171
1
  6

172
1
173
1
174
1
140
1.0
141
1.0
175
1
  7

176
1
177
1
178
1
143
1.0
179
1
  8

270
1
271
1
272
1
145
1.0
146
1.0
273
1
  9

274
1
275
1
276
1
 42
1.0
 72
1
  3

 73
1
 74
1
 75
1
 94
63
  0
MATERIAL
  5
2019C
102
{ACAD_REACTORS
330
20196
102
}
330
20196
100
AcDbMaterial
  1
Global
  2

 70
0
 40
1.0
 71
1
 41
1.0
 91
-1023410177
 42
1.0
 72
1
  3

 73
1
 74
1
 75
1
 44
0.5
 73
0
 45
1.0
 46
1.0
 77
1
  4

 78
1
 79
1
170
1
 48
1.0
171
1
  6

172
1
173
1
174
1
140
1.0
141
1.0
175
1
  7

176
1
177
1
178
1
143
1.0
179
1
  8

270
1
271
1
272
1
145
1.0
146
1.0
273
1
  9

274
1
275
1
276
1
 42
1.0
 72
1
  3

 73
1
 74
1
 75
1
 94
63
  0
MLINESTYLE
  5
2019D
102
{ACAD_REACTORS
330
20197
102
}
330
20197
100
AcDbMlineStyle
  2
Standard
 70
0
  3

 62
256
 51
90.0
 52
90.0
 71
2
 49
0.5
 62
256
  6
BYLAYER
 49
-0.5
 62
256
  6
BYLAYER
  0
MLEADERSTYLE
  5
2019F
102
{ACAD_REACTORS
330
43
102
}
330
43
100
AcDbMLeaderStyle
179
2
170
2
171
1
172
0
 90
2
 40
0.0
 41
0.0
173
1
 91
-1056964608
 92
-2
290
1
 42
2.0
291
1
 43
8.0
  3
Standard
 44
4.0
300

342
11
174
1
175
1
176
0
178
1
 93
-1056964608
 45
4.0
292
0
297
0
 46
4.0
 94
-1056964608
 47
1.0
 49
1.0
140
1.0
294
1
141
0.0
177
0
142
1.0
295
0
296
0
143
3.75
271
0
272
9
273
9
  0
DICTIONARY
  5
2030A
330
C
100
AcDbDictionary
280
1
281
1
  3
WRITTEN_BY_EZDXF
350
2030B
  0
DICTIONARYVAR
  5
2030B
330
2030A
100
DictionaryVariables
280
0
  1
1.4.4 @ 2026-07-28T21:33:52.533846+00:00
  0
ENDSEC
  0
EOF
