  0
SECTION
  2
HEADER
  9
$ACADVER
  1
AC1018
  9
$ACADMAINTVER
 70
0
  9
$DWGCODEPAGE
  3
ANSI_1252
  9
$EXTMIN
 10
30.0
 20
49.75
 30
0.0
  9
$EXTMAX
 10
130.5
 20
163.1318914119703
 30
0.0
  9
$LIMMIN
 10
0.0
 20
0.0
  9
$LIMMAX
 10
12.0
 20
9.0
  9
$ORTHOMODE
 70
0
  9
$REGENMODE
 70
1
  9
$FILLMODE
 70
1
  9
$QTEXTMODE
 70
0
  9
$MIRRTEXT
 70
1
  9
$LTSCALE
 40
1.0
  9
$ATTMODE
 70
1
  9
$TEXTSIZE
 40
0.2
  9
$TRACEWID
 40
0.05
  9
$TEXTSTYLE
  7
Standard
  9
$CLAYER
  8
0
  9
$CELTYPE
  6
ByLayer
  9
$CECOLOR
 62
256
  9
$CELTSCALE
 40
1.0
  9
$DISPSILH
 70
0
  9
$LUNITS
 70
2
  9
$LUPREC
 70
4
  9
$SKETCHINC
 40
0.1
  9
$FILLETRAD
 40
0.5
  9
$AUNITS
 70
0
  9
$AUPREC
 70
0
  9
$MENU
  1
.
  9
$ELEVATION
 40
0.0
  9
$PELEVATION
 40
0.0
  9
$THICKNESS
 40
0.0
  9
$LIMCHECK
 70
0
  9
$CHAMFERA
 40
0.5
  9
$CHAMFERB
 40
0.5
  9
$CHAMFERC
 40
1.0
  9
$CHAMFERD
 40
0.0
  9
$SKPOLY
 70
0
  9
$TDCREATE
 40
2461251.813449074
  9
$TDUPDATE
 40
2461251.813449074
  9
$ANGBASE
 50
0.0
  9
$ANGDIR
 70
0
  9
$PDMODE
 70
0
  9
$PDSIZE
 40
0.0
  9
$PLINEWID
 40
0.0
  9
$SPLFRAME
 70
0
  9
$SPLINETYPE
 70
6
  9
$SPLINESEGS
 70
8
  9
$HANDSEED
  5
20370
  9
$SURFTAB1
 70
6
  9
$SURFTAB2
 70
6
  9
$SURFTYPE
 70
6
  9
$SURFU
 70
6
  9
$SURFV
 70
6
  9
$UCSBASE
  2

  9
$UCSNAME
  2

  9
$UCSORG
 10
0.0
 20
0.0
 30
0.0
  9
$UCSXDIR
 10
1.0
 20
0.0
 30
0.0
  9
$UCSYDIR
 10
0.0
 20
1.0
 30
0.0
  9
$UCSORTHOREF
  2

  9
$UCSORTHOVIEW
 70
0
  9
$UCSORGTOP
 10
0.0
 20
0.0
 30
0.0
  9
$UCSORGBOTTOM
 10
0.0
 20
0.0
 30
0.0
  9
$UCSORGLEFT
 10
0.0
 20
0.0
 30
0.0
  9
$UCSORGRIGHT
 10
0.0
 20
0.0
 30
0.0
  9
$UCSORGFRONT
 10
0.0
 20
0.0
 30
0.0
  9
$UCSORGBACK
 10
0.0
 20
0.0
 30
0.0
  9
$PUCSBASE
  2

  9
$PUCSNAME
  2

  9
$PUCSORG
 10
0.0
 20
0.0
 30
0.0
  9
$PUCSXDIR
 10
1.0
 20
0.0
 30
0.0
  9
$PUCSYDIR
 10
0.0
 20
1.0
 30
0.0
  9
$PUCSORTHOREF
  2

  9
$PUCSORTHOVIEW
 70
0
  9
$PUCSORGTOP
 10
0.0
 20
0.0
 30
0.0
  9
$PUCSORGBOTTOM
 10
0.0
 20
0.0
 30
0.0
  9
$PUCSORGLEFT
 10
0.0
 20
0.0
 30
0.0
  9
$PUCSORGRIGHT
 10
0.0
 20
0.0
 30
0.0
  9
$PUCSORGFRONT
 10
0.0
 20
0.0
 30
0.0
  9
$PUCSORGBACK
 10
0.0
 20
0.0
 30
0.0
  9
$WORLDVIEW
 70
1
  9
$SHADEDGE
 70
3
  9
$SHADEDIF
 70
70
  9
$TILEMODE
 70
1
  9
$MAXACTVP
 70
64
  9
$PINSBASE
 10
0.0
 20
0.0
 30
0.0
  9
$PLIMCHECK
 70
0
  9
$PEXTMIN
 10
1e+20
 20
1e+20
 30
1e+20
  9
$PEXTMAX
 10
-1e+20
 20
-1e+20
 30
-1e+20
  9
$PLIMMIN
 10
0.0
 20
0.0
  9
$PLIMMAX
 10
12.0
 20
9.0
  9
$UNITMODE
 70
0
  9
$VISRETAIN
 70
1
  9
$PLINEGEN
 70
0
  9
$PSLTSCALE
 70
1
  9
$TREEDEPTH
 70
3020
  9
$CMLSTYLE
  2
Standard
  9
$CMLJUST
 70
0
  9
$CMLSCALE
 40
1.0
  9
$PROXYGRAPHICS
 70
1
  9
$MEASUREMENT
 70
0
  9
$CELWEIGHT
370
-1
  9
$ENDCAPS
280
0
  9
$JOINSTYLE
280
0
  9
$LWDISPLAY
290
0
  9
$INSUNITS
 70
6
  9
$HYPERLINKBASE
  1

  9
$STYLESHEET
  1

  9
$XEDIT
290
1
  9
$CEPSNTYPE
380
0
  9
$PSTYLEMODE
290
1
  9
$FINGERPRINTGUID
  2
{7454FE33-68C2-4433-BDF2-62F209BD2CD5}
  9
$VERSIONGUID
  2
{C2092B88-FC22-4B0E-B420-13C9D030A01C}
  9
$EXTNAMES
290
1
  9
$PSVPSCALE
 40
0.0
  9
$OLESTARTUP
290
0
  9
$SORTENTS
280
127
  9
$INDEXCTL
280
0
  9
$HIDETEXT
280
1
  9
$XCLIPFRAME
290
0
  9
$HALOGAP
280
0
  9
$OBSCOLOR
 70
257
  9
$OBSLTYPE
280
0
  9
$INTERSECTIONDISPLAY
280
0
  9
$INTERSECTIONCOLOR
 70
257
  9
$DIMASSOC
280
2
  9
$PROJECTNAME
  1

  0
ENDSEC
  0
SECTION
  2
CLASSES
  0
CLASS
  1
ACDBDICTIONARYWDFLT
  2
AcDbDictionaryWithDefault
  3
ObjectDBX Classes
 90
0
 91
4
280
0
281
0
  0
CLASS
  1
SUN
  2
AcDbSun
  3
SCENEOE
 90
1153
 91
0
280
0
281
0
  0
CLASS
  1
VISUALSTYLE
  2
AcDbVisualStyle
  3
ObjectDBX Classes
 90
4095
 91
0
280
0
281
0
  0
CLASS
  1
MATERIAL
  2
AcDbMaterial
  3
ObjectDBX Classes
 90
1153
 91
0
280
0
281
0
  0
CLASS
  1
SCALE
  2
AcDbScale
  3
ObjectDBX Classes
 90
1153
 91
0
280
0
281
0
  0
CLASS
  1
TABLESTYLE
  2
AcDbTableStyle
  3
ObjectDBX Classes
 90
4095
 91
0
280
0
281
0
  0
CLASS
  1
MLEADERSTYLE
  2
AcDbMLeaderStyle
  3
ACDB_MLEADERSTYLE_CLASS
 90
4095
 91
0
280
0
281
0
  0
CLASS
  1
DICTIONARYVAR
  2
AcDbDictionaryVar
  3
ObjectDBX Classes
 90
0
 91
0
280
0
281
0
  0
CLASS
  1
CELLSTYLEMAP
  2
AcDbCellStyleMap
  3
ObjectDBX Classes
 90
1152
 91
0
280
0
281
0
  0
CLASS
  1
MENTALRAYRENDERSETTINGS
  2
AcDbMentalRayRenderSettings
  3
SCENEOE
 90
1024
 91
0
280
0
281
0
  0
CLASS
  1
ACDBDETAILVIEWSTYLE
  2
AcDbDetailViewStyle
  3
ObjectDBX Classes
 90
1025
 91
0
280
0
281
0
  0
CLASS
  1
ACDBSECTIONVIEWSTYLE
  2
AcDbSectionViewStyle
  3
ObjectDBX Classes
 90
1025
 91
0
280
0
281
0
  0
CLASS
  1
RASTERVARIABLES
  2
AcDbRasterVariables
  3
ISM
 90
0
 91
0
280
0
281
0
  0
CLASS
  1
ACDBPLACEHOLDER
  2
AcDbPlaceHolder
  3
ObjectDBX Classes
 90
0
 91
0
280
0
281
0
  0
CLASS
  1
LAYOUT
  2
AcDbLayout
  3
ObjectDBX Classes
 90
0
 91
0
280
0
281
0
  0
ENDSEC
  0
SECTION
  2
TABLES
  0
TABLE
  2
VPORT
  5
8
330
0
100
AcDbSymbolTable
 70
1
  0
VPORT
  5
29
330
8
100
AcDbSymbolTableRecord
100
AcDbViewportTableRecord
  2
*Active
 70
0
 10
0.0
 20
0.0
 11
1.0
 21
1.0
 12
80.25
 22
106.4409457059851
 13
0.0
 23
0.0
 14
0.5
 24
0.5
 15
0.5
 25
0.5
 16
0.0
 26
0.0
 36
1.0
 17
0.0
 27
0.0
 37
0.0
 40
113.3818914119703
 41
0.8863849310366128
 42
50.0
 43
0.0
 44
0.0
 50
0.0
 51
0.0
 71
0
 72
1000
 73
1
 74
3
 75
0
 76
0
 77
0
 78
0
281
0
 65
1
110
0.0
120
0.0
130
0.0
111
1.0
121
0.0
131
0.0
112
0.0
122
1.0
132
0.0
 79
0
146
0.0
  0
ENDTAB
  0
TABLE
  2
LTYPE
  5
5
330
0
100
AcDbSymbolTable
 70
4
  0
LTYPE
  5
14
330
5
100
AcDbSymbolTableRecord
100
AcDbLinetypeTableRecord
  2
ByBlock
 70
0
  3

 72
65
 73
0
 40
0.0
  0
LTYPE
  5
15
330
5
100
AcDbSymbolTableRecord
100
AcDbLinetypeTableRecord
  2
ByLayer
 70
0
  3

 72
65
 73
0
 40
0.0
  0
LTYPE
  5
16
330
5
100
AcDbSymbolTableRecord
100
AcDbLinetypeTableRecord
  2
Continuous
 70
0
  3
Solid line
 72
65
 73
0
 40
0.0
  0
LTYPE
  5
201D5
330
5
100
AcDbSymbolTableRecord
100
AcDbLinetypeTableRecord
  2
DASHED
 70
0
  3
Dashed line - - -
 72
65
 73
2
 40
10.0
 49
5.0
 74
0
 49
-5.0
 74
0
  0
ENDTAB
  0
TABLE
  2
LAYER
  5
2
330
0
100
AcDbSymbolTable
 70
15
  0
LAYER
  5
10
330
2
100
AcDbSymbolTableRecord
100
AcDbLayerTableRecord
  2
0
 70
0
 62
7
  6
Continuous
370
-3
390
F
  0
LAYER
  5
201BF
330
2
100
AcDbSymbolTableRecord
100
AcDbLayerTableRecord
  2
manzanas
 70
0
 62
250
420
4210752
  6
Continuous
370
-3
390
F
  0
LAYER
  5
201C0
330
2
100
AcDbSymbolTableRecord
100
AcDbLayerTableRecord
  2
parcelas
 70
0
 62
252
420
6316128
  6
Continuous
370
-3
390
F
  0
LAYER
  5
201C1
330
2
100
AcDbSymbolTableRecord
100
AcDbLayerTableRecord
  2
lfi
 70
0
 62
141
420
3504561
  6
Continuous
370
-3
390
F
  0
LAYER
  5
201C2
330
2
100
AcDbSymbolTableRecord
100
AcDbLayerTableRecord
  2
lib
 70
0
 62
2
420
16765702
  6
Continuous
370
-3
390
F
  0
LAYER
  5
201C3
330
2
100
AcDbSymbolTableRecord
100
AcDbLayerTableRecord
  2
Tronera SI
 70
0
 62
141
420
3504561
  6
Continuous
370
-3
390
F
  0
LAYER
  5
201C4
330
2
100
AcDbSymbolTableRecord
100
AcDbLayerTableRecord
  2
Irregular
 70
0
 62
1
420
14948892
  6
Continuous
370
-3
390
F
  0
LAYER
  5
201C5
330
2
100
AcDbSymbolTableRecord
100
AcDbLayerTableRecord
  2
banda_minima
 70
0
 62
1
420
14948892
  6
Continuous
370
-3
390
F
  0
LAYER
  5
201C6
330
2
100
AcDbSymbolTableRecord
100
AcDbLayerTableRecord
  2
ldf
 70
0
 62
7
  6
Continuous
370
-3
390
F
  0
LAYER
  5
201C7
330
2
100
AcDbSymbolTableRecord
100
AcDbLayerTableRecord
  2
tejido
 70
0
 62
8
420
8421504
  6
Continuous
370
-3
390
F
  0
LAYER
  5
201C8
330
2
100
AcDbSymbolTableRecord
100
AcDbLayerTableRecord
  2
mdr_tejidoconsolidado
 70
0
 62
9
420
12632256
  6
Continuous
370
-3
390
F
1001
AcCmTransparency
1071
33554585
  0
LAYER
  5
201C9
330
2
100
AcDbSymbolTableRecord
100
AcDbLayerTableRecord
  2
mdr_tejidoparairregular
 70
0
 62
8
420
8421504
  6
Continuous
370
-3
390
F
1001
AcCmTransparency
1071
33554585
  0
LAYER
  5
201D3
330
2
100
AcDbSymbolTableRecord
100
AcDbLayerTableRecord
  2
Defpoints
 70
0
 62
7
  6
Continuous
290
0
370
-3
390
F
  0
LAYER
  5
20315
330
2
100
AcDbSymbolTableRecord
100
AcDbLayerTableRecord
  2
parcelas_etiquetas
 70
0
 62
252
420
6316128
  6
Continuous
370
-3
390
F
  0
LAYER
  5
20368
330
2
100
AcDbSymbolTableRecord
100
AcDbLayerTableRecord
  2
calles_etiquetas
 70
0
 62
252
420
6316128
  6
Continuous
370
-3
390
F
  0
ENDTAB
  0
TABLE
  2
STYLE
  5
3
330
0
100
AcDbSymbolTable
 70
2
  0
STYLE
  5
11
330
3
100
AcDbSymbolTableRecord
100
AcDbTextStyleTableRecord
  2
Standard
 70
0
 40
0.0
 41
1.0
 50
0.0
 71
0
 42
0.2
  3
GoogleSans-Regular.ttf
  4

  0
STYLE
  5
201EE
330
3
100
AcDbSymbolTableRecord
100
AcDbTextStyleTableRecord
  2
GOOGLE_SANS
 70
0
 40
0.0
 41
1.0
 50
0.0
 71
0
 42
2.5
  3
GoogleSans-Bold.ttf
  4

1001
ACAD
1000
Google Sans
1071
33554466
  0
ENDTAB
  0
TABLE
  2
VIEW
  5
6
330
0
100
AcDbSymbolTable
 70
0
  0
ENDTAB
  0
TABLE
  2
UCS
  5
7
330
0
100
AcDbSymbolTable
 70
0
  0
ENDTAB
  0
TABLE
  2
APPID
  5
9
330
0
100
AcDbSymbolTable
 70
4
  0
APPID
  5
12
330
9
100
AcDbSymbolTableRecord
100
AcDbRegAppTableRecord
  2
ACAD
 70
0
  0
APPID
  5
13
330
9
100
AcDbSymbolTableRecord
100
AcDbRegAppTableRecord
  2
HATCHBACKGROUNDCOLOR
 70
0
  0
APPID
  5
201D6
330
9
100
AcDbSymbolTableRecord
100
AcDbRegAppTableRecord
  2
AcCmTransparency
 70
0
  0
APPID
  5
2036D
330
9
100
AcDbSymbolTableRecord
100
AcDbRegAppTableRecord
  2
EZDXF
 70
0
  0
ENDTAB
  0
TABLE
  2
DIMSTYLE
  5
A
330
0
100
AcDbSymbolTable
 70
1
100
AcDbDimStyleTable
  0
DIMSTYLE
105
27
330
A
100
AcDbSymbolTableRecord
100
AcDbDimStyleTableRecord
  2
Standard
 70
0
  3

  4

 40
1.0
 41
2.5
 42
0.625
 43
3.75
 44
1.25
 45
0.0
 46
0.0
 47
0.0
 48
0.0
140
2.5
141
2.5
142
0.0
143
0.03937007874
144
1.0
145
0.0
146
1.0
147
0.625
148
0.0
 71
0
 72
0
 73
0
 74
0
 75
0
 76
0
 77
1
 78
8
 79
3
170
0
171
3
172
1
173
0
174
0
175
0
176
0
177
0
178
0
179
2
271
2
272
2
273
2
274
3
275
0
276
0
277
2
278
44
279
0
280
0
281
0
282
0
283
0
284
8
285
0
286
0
288
0
289
3
340
11
371
-2
372
-2
  0
ENDTAB
  0
TABLE
  2
BLOCK_RECORD
  5
1
330
0
100
AcDbSymbolTable
 70
2
  0
BLOCK_RECORD
  5
1F
330
1
100
AcDbSymbolTableRecord
100
AcDbBlockTableRecord
  2
*Model_Space
340
22
  0
BLOCK_RECORD
  5
1B
330
1
100
AcDbSymbolTableRecord
100
AcDbBlockTableRecord
  2
*Paper_Space
340
1E
  0
ENDTAB
  0
ENDSEC
  0
SECTION
  2
BLOCKS
  0
BLOCK
  5
20
330
1F
100
AcDbEntity
  8
0
100
AcDbBlockBegin
  2
*Model_Space
 70
0
 10
0.0
 20
0.0
 30
0.0
  3
*Model_Space
  1

  0
ENDBLK
  5
21
330
1F
100
AcDbEntity
  8
0
100
AcDbBlockEnd
  0
BLOCK
  5
1C
330
1B
100
AcDbEntity
 67
1
  8
0
100
AcDbBlockBegin
  2
*Paper_Space
 70
0
 10
0.0
 20
0.0
 30
0.0
  3
*Paper_Space
  1

  0
ENDBLK
  5
1D
330
1B
100
AcDbEntity
 67
1
  8
0
100
AcDbBlockEnd
  0
ENDSEC
  0
SECTION
  2
ENTITIES
  0
LWPOLYLINE
  5
20000
330
1F
100
AcDbEntity
  8
manzanas
 62
47
420
4210752
100
AcDbPolyline
 90
5
 70
1
 10
6371635.74180519
 20
6170330.51265017
 10
6371738.25538708
 20
6170337.81656669
 10
6371760.63324404
 20
6170197.97030567
 10
6371650.26433099
 20
6170191.57304712
 10
6371635.74180519
 20
6170330.51265017
  0
LWPOLYLINE
  5
20001
330
1F
100
AcDbEntity
  8
parcelas
 62
250
420
6316128
100
AcDbPolyline
 90
21
 70
1
 10
6371637.4280023
 20
6170327.1946303
 10
6371638.61296147
 20
6170328.60224159
 10
6371640.54723284
 20
6170330.90098972
 10
6371641.54550376
 20
6170330.9724833
 10
6371643.54203107
 20
6170331.11647056
 10
6371645.10389296
 20
6170331.22814669
 10
6371648.19362791
 20
6170331.45000575
 10
6371648.51463245
 20
6170329.45604543
 10
6371649.4502653
 20
6170323.63781796
 10
6371649.82079908
 20
6170321.33247982
 10
6371650.0120741
 20
6170320.1448871
 10
6371650.44818738
 20
6170316.90421173
 10
6371648.72377369
 20
6170316.75816849
 10
6371646.81551605
 20
6170316.59745561
 10
6371646.51579131
 20
6170316.57210279
 10
6371645.96630321
 20
6170316.52512257
 10
6371638.5820648
 20
6170315.90188372
 10
6371637.10142833
 20
6170315.77638076
 10
6371636.78100903
 20
6170318.83367699
 10
6371636.07292674
 20
6170325.58449053
 10
6371637.4280023
 20
6170327.1946303
  0
LWPOLYLINE
  5
20002
330
1F
100
AcDbEntity
  8
parcelas
 62
250
420
6316128
100
AcDbPolyline
 90
21
 70
1
 10
6371637.89670034
 20
6170308.18657292
 10
6371639.90993928
 20
6170308.35080883
 10
6371645.02743604
 20
6170308.77012479
 10
6371645.32717529
 20
6170308.79447752
 10
6371647.33541369
 20
6170308.95864091
 10
6371648.69522682
 20
6170309.06938782
 10
6371651.75353812
 20
6170309.31980036
 10
6371652.64694211
 20
6170304.14425728
 10
6371652.87084747
 20
6170302.84607819
 10
6371653.08922433
 20
6170301.58390181
 10
6371650.06477946
 20
6170301.34076364
 10
6371646.61864207
 20
6170301.06381976
 10
6371645.85239283
 20
6170301.00182244
 10
6371643.74280773
 20
6170300.8325774
 10
6371642.31142001
 20
6170300.7173701
 10
6371642.2027492
 20
6170300.70858987
 10
6371638.71050127
 20
6170300.42807995
 10
6371638.65829187
 20
6170300.92546205
 10
6371638.34491162
 20
6170303.90987496
 10
6371637.9803606
 20
6170307.39162399
 10
6371637.89670034
 20
6170308.18657292
  0
LWPOLYLINE
  5
20003
330
1F
100
AcDbEntity
  8
parcelas
 62
250
420
6316128
100
AcDbPolyline
 90
22
 70
1
 10
6371655.58208454
 20
6170301.78410323
 10
6371656.44132708
 20
6170301.85358766
 10
6371660.3868333
 20
6170302.17075431
 10
6371666.35771691
 20
6170302.65046026
 10
6371673.19185804
 20
6170303.19970201
 10
6371673.6357808
 20
6170300.31725036
 10
6371674.24532304
 20
6170296.36086918
 10
6371674.28953271
 20
6170296.071421
 10
6371671.13082091
 20
6170295.77753949
 10
6371669.35566342
 20
6170295.61275475
 10
6371667.14603625
 20
6170295.40778815
 10
6371667.01318788
 20
6170295.39481092
 10
6371639.50577121
 20
6170292.83827314
 10
6371638.71050127
 20
6170300.42807995
 10
6371642.2027492
 20
6170300.70858987
 10
6371642.31142001
 20
6170300.7173701
 10
6371643.74280773
 20
6170300.8325774
 10
6371645.85239283
 20
6170301.00182244
 10
6371646.61864207
 20
6170301.06381976
 10
6371650.06477946
 20
6170301.34076364
 10
6371653.08922433
 20
6170301.58390181
 10
6371655.58208454
 20
6170301.78410323
  0
LWPOLYLINE
  5
20004
330
1F
100
AcDbEntity
  8
parcelas
 62
250
420
6316128
100
AcDbPolyline
 90
19
 70
1
 10
6371663.3114029
 20
6170242.25478406
 10
6371648.13023276
 20
6170240.11064275
 10
6371645.07816796
 20
6170239.67966781
 10
6371643.38726259
 20
6170255.81484132
 10
6371643.01510562
 20
6170259.36584212
 10
6371645.88622423
 20
6170259.69455286
 10
6371665.05748319
 20
6170261.89136521
 10
6371665.84322139
 20
6170261.9815801
 10
6371669.5391236
 20
6170262.40519427
 10
6371669.66287802
 20
6170262.41947318
 10
6371672.00589569
 20
6170262.68814141
 10
6371672.20967974
 20
6170260.07819281
 10
6371673.40687679
 20
6170243.680629
 10
6371671.8353884
 20
6170243.45892648
 10
6371671.63492784
 20
6170243.4308653
 10
6371668.93765947
 20
6170243.04960483
 10
6371667.02637326
 20
6170242.77962646
 10
6371666.28522971
 20
6170242.67503893
 10
6371663.3114029
 20
6170242.25478406
  0
LWPOLYLINE
  5
20005
330
1F
100
AcDbEntity
  8
parcelas
 62
250
420
6316128
100
AcDbPolyline
 90
53
 70
1
 10
6371665.79972662
 20
6170210.82510954
 10
6371665.41582159
 20
6170215.57000444
 10
6371665.30740803
 20
6170216.90684422
 10
6371665.26234081
 20
6170217.46236185
 10
6371665.21601244
 20
6170218.03586674
 10
6371665.16597314
 20
6170218.65833291
 10
6371665.13651771
 20
6170219.03402152
 10
6371664.71327064
 20
6170224.35352295
 10
6371664.65957842
 20
6170225.02095
 10
6371664.50660471
 20
6170226.94732524
 10
6371664.28805126
 20
6170229.80903766
 10
6371664.08903809
 20
6170232.42695833
 10
6371663.95564758
 20
6170234.17556276
 10
6371663.83978739
 20
6170235.68943942
 10
6371663.83864453
 20
6170236.79974994
 10
6371666.84052868
 20
6170236.93523412
 10
6371668.44709506
 20
6170237.00767466
 10
6371669.51672877
 20
6170237.05615499
 10
6371672.22567576
 20
6170237.17737685
 10
6371673.91008597
 20
6170237.25381918
 10
6371674.48430271
 20
6170230.4220411
 10
6371674.67416998
 20
6170227.81399097
 10
6371674.71269999
 20
6170227.29538994
 10
6371674.77891726
 20
6170226.38506975
 10
6371674.87506855
 20
6170225.06605773
 10
6371674.95634711
 20
6170223.94489098
 10
6371674.99387703
 20
6170223.42627545
 10
6371675.58436752
 20
6170215.33434553
 10
6371675.62189745
 20
6170214.81573
 10
6371675.72552868
 20
6170213.39479506
 10
6371675.82170903
 20
6170212.07378285
 10
6371675.87283606
 20
6170211.3763094
 10
6371676.2200421
 20
6170206.60987601
 10
6371676.26107994
 20
6170206.05630058
 10
6371676.45088941
 20
6170203.45225087
 10
6371676.49846506
 20
6170202.79273762
 10
6371676.93050129
 20
6170196.86717733
 10
6371677.02536255
 20
6170195.56815278
 10
6371677.06044273
 20
6170195.08051127
 10
6371677.20641657
 20
6170193.08501337
 10
6371676.90659036
 20
6170193.06666111
 10
6371667.69079664
 20
6170192.51188813
 10
6371667.31500651
 20
6170192.48943335
 10
6371667.15004531
 20
6170194.48365567
 10
6371666.99739107
 20
6170196.3190075
 10
6371666.9779233
 20
6170196.55779877
 10
6371666.38374432
 20
6170203.73139278
 10
6371666.33518369
 20
6170204.32087022
 10
6371666.12660502
 20
6170206.83962166
 10
6371666.05266245
 20
6170207.730824
 10
6371665.93511685
 20
6170209.14555536
 10
6371665.82307935
 20
6170210.52535582
 10
6371665.79972662
 20
6170210.82510954
  0
LWPOLYLINE
  5
20006
330
1F
100
AcDbEntity
  8
parcelas
 62
250
420
6316128
100
AcDbPolyline
 90
34
 70
1
 10
6371739.44542696
 20
6170241.58721444
 10
6371739.29721627
 20
6170242.49534513
 10
6371739.00508534
 20
6170244.29166255
 10
6371742.07355378
 20
6170244.8073045
 10
6371745.73874613
 20
6170245.42362805
 10
6371745.86148255
 20
6170245.44441374
 10
6371746.32949849
 20
6170245.52222246
 10
6371748.37414397
 20
6170245.86596924
 10
6371748.69246437
 20
6170245.9196004
 10
6371749.04171528
 20
6170245.97868163
 10
6371749.67935617
 20
6170246.08595845
 10
6371750.8169436
 20
6170246.27650856
 10
6371751.60526562
 20
6170246.40897754
 10
6371752.78874149
 20
6170246.60819555
 10
6371752.8294578
 20
6170246.35270725
 10
6371753.10647063
 20
6170244.63319436
 10
6371753.86851339
 20
6170239.88678218
 10
6371753.92673956
 20
6170239.52751581
 10
6371751.94520117
 20
6170239.24670321
 10
6371751.52892925
 20
6170239.18765038
 10
6371750.88405563
 20
6170239.09627358
 10
6371750.16231955
 20
6170238.9937791
 10
6371749.89278638
 20
6170238.95586003
 10
6371747.00684213
 20
6170238.54589658
 10
6371746.44181676
 20
6170238.46668108
 10
6371746.29307782
 20
6170238.44551831
 10
6371746.0035862
 20
6170238.40430889
 10
6371743.14060065
 20
6170237.99767929
 10
6371742.67441087
 20
6170237.93190073
 10
6371740.09891671
 20
6170237.56645153
 10
6371740.00451121
 20
6170238.14426064
 10
6371739.60579896
 20
6170240.59923551
 10
6371739.57392458
 20
6170240.7968342
 10
6371739.44542696
 20
6170241.58721444
  0
LWPOLYLINE
  5
20007
330
1F
100
AcDbEntity
  8
parcelas
 62
250
420
6316128
100
AcDbPolyline
 90
71
 70
1
 10
6371691.24949023
 20
6170193.9298571
 10
6371689.65239316
 20
6170193.83367424
 10
6371685.75759475
 20
6170193.59913881
 10
6371684.66719902
 20
6170193.5343113
 10
6371683.19804189
 20
6170193.4449853
 10
6371680.20172195
 20
6170193.26549213
 10
6371677.80508341
 20
6170193.12070328
 10
6371677.20641657
 20
6170193.08501337
 10
6371677.06044273
 20
6170195.08051127
 10
6371677.02536255
 20
6170195.56815278
 10
6371676.93050129
 20
6170196.86717733
 10
6371676.49846506
 20
6170202.79273762
 10
6371676.45088941
 20
6170203.45225087
 10
6371676.26107994
 20
6170206.05630058
 10
6371676.2200421
 20
6170206.60987601
 10
6371675.87283606
 20
6170211.3763094
 10
6371675.82170903
 20
6170212.07378285
 10
6371675.72552868
 20
6170213.39479506
 10
6371675.62189745
 20
6170214.81573
 10
6371675.58436752
 20
6170215.33434553
 10
6371674.99387703
 20
6170223.42627545
 10
6371674.95634711
 20
6170223.94489098
 10
6371674.87506855
 20
6170225.06605773
 10
6371674.77891726
 20
6170226.38506975
 10
6371674.71269999
 20
6170227.29538994
 10
6371674.67416998
 20
6170227.81399097
 10
6371674.48430271
 20
6170230.4220411
 10
6371673.91008597
 20
6170237.25381918
 10
6371673.91905187
 20
6170237.94616223
 10
6371673.7709796
 20
6170239.60352569
 10
6371673.58484038
 20
6170241.68558567
 10
6371673.40687679
 20
6170243.680629
 10
6371672.20967974
 20
6170260.07819281
 10
6371672.00589569
 20
6170262.68814141
 10
6371672.79771401
 20
6170262.77854851
 10
6371675.48607536
 20
6170263.08661613
 10
6371682.48957839
 20
6170263.8903923
 10
6371685.97087136
 20
6170264.28898277
 10
6371686.20357323
 20
6170261.14138767
 10
6371686.25829505
 20
6170260.40295374
 10
6371687.11401413
 20
6170248.85180464
 10
6371687.15126844
 20
6170248.35219097
 10
6371687.18850826
 20
6170247.85357741
 10
6371687.22574808
 20
6170247.35496384
 10
6371687.2629879
 20
6170246.85635028
 10
6371687.79173889
 20
6170239.71081683
 10
6371687.82899323
 20
6170239.21120317
 10
6371687.84388046
 20
6170239.0123578
 10
6371687.86365275
 20
6170238.7525645
 10
6371687.87110362
 20
6170238.65264177
 10
6371687.9034729
 20
6170238.21397605
 10
6371688.14998965
 20
6170234.87252161
 10
6371688.34271215
 20
6170232.27451608
 10
6371688.62512065
 20
6170228.45843593
 10
6371688.83649938
 20
6170225.60862339
 10
6371688.93478139
 20
6170224.28063956
 10
6371689.38565951
 20
6170218.36635611
 10
6371689.61048979
 20
6170215.41670787
 10
6371689.76607349
 20
6170213.37933648
 10
6371689.83410246
 20
6170212.4820466
 10
6371689.95995519
 20
6170210.83936564
 10
6371690.00564604
 20
6170210.24084385
 10
6371690.05020627
 20
6170209.65130845
 10
6371690.29463492
 20
6170206.45386809
 10
6371690.35514052
 20
6170205.66150144
 10
6371690.46628007
 20
6170204.20566467
 10
6371690.74193298
 20
6170200.57954509
 10
6371690.96663291
 20
6170197.63889775
 10
6371691.05421671
 20
6170196.49681604
 10
6371691.09751582
 20
6170195.92526789
 10
6371691.24949023
 20
6170193.9298571
  0
LWPOLYLINE
  5
20008
330
1F
100
AcDbEntity
  8
parcelas
 62
250
420
6316128
100
AcDbPolyline
 90
73
 70
1
 10
6371685.97087136
 20
6170264.28898277
 10
6371686.85068102
 20
6170264.38976826
 10
6371691.06997277
 20
6170264.87308345
 10
6371699.8216609
 20
6170265.63218899
 10
6371705.23653301
 20
6170266.10083179
 10
6371705.73605963
 20
6170266.14408666
 10
6371709.94206099
 20
6170266.50917277
 10
6371710.63896936
 20
6170266.53028224
 10
6371713.99856977
 20
6170266.83607994
 10
6371714.02742429
 20
6170265.53609835
 10
6371720.41310007
 20
6170266.10784645
 10
6371721.49003033
 20
6170266.20448828
 10
6371721.58462609
 20
6170265.4066142
 10
6371721.62672015
 20
6170265.05611662
 10
6371723.65126927
 20
6170252.7826911
 10
6371724.5352422
 20
6170247.42285737
 10
6371725.03037461
 20
6170244.38910214
 10
6371725.73852463
 20
6170240.04803292
 10
6371726.30278344
 20
6170236.5931503
 10
6371726.37299688
 20
6170236.16603681
 10
6371726.69795885
 20
6170234.17513542
 10
6371726.80887412
 20
6170233.49353371
 10
6371727.82905815
 20
6170227.08735291
 10
6371728.11518861
 20
6170225.29094841
 10
6371728.5619812
 20
6170222.48656302
 10
6371728.73812397
 20
6170221.37677522
 10
6371728.99564142
 20
6170219.76001118
 10
6371729.65788701
 20
6170215.61833792
 10
6371730.56334363
 20
6170209.94972088
 10
6371731.24547649
 20
6170205.67829606
 10
6371731.55565413
 20
6170203.74119694
 10
6371732.24765813
 20
6170199.40989683
 10
6371732.72406411
 20
6170196.42588557
 10
6371726.02084905
 20
6170196.02258443
 10
6371724.03896123
 20
6170195.9038163
 10
6371710.79544492
 20
6170195.10657863
 10
6371708.62466911
 20
6170194.97606854
 10
6371704.88978502
 20
6170194.7508543
 10
6371698.73926066
 20
6170194.38057567
 10
6371691.24949023
 20
6170193.9298571
 10
6371691.09751582
 20
6170195.92526789
 10
6371691.05421671
 20
6170196.49681604
 10
6371690.96663291
 20
6170197.63889775
 10
6371690.74193298
 20
6170200.57954509
 10
6371690.46628007
 20
6170204.20566467
 10
6371690.35514052
 20
6170205.66150144
 10
6371690.29463492
 20
6170206.45386809
 10
6371690.05020627
 20
6170209.65130845
 10
6371690.00564604
 20
6170210.24084385
 10
6371689.95995519
 20
6170210.83936564
 10
6371689.83410246
 20
6170212.4820466
 10
6371689.76607349
 20
6170213.37933648
 10
6371689.61048979
 20
6170215.41670787
 10
6371689.38565951
 20
6170218.36635611
 10
6371688.93478139
 20
6170224.28063956
 10
6371688.83649938
 20
6170225.60862339
 10
6371688.62512065
 20
6170228.45843593
 10
6371688.34271215
 20
6170232.27451608
 10
6371688.14998965
 20
6170234.87252161
 10
6371687.9034729
 20
6170238.21397605
 10
6371687.87110362
 20
6170238.65264177
 10
6371687.86365275
 20
6170238.7525645
 10
6371687.84388046
 20
6170239.0123578
 10
6371687.82899323
 20
6170239.21120317
 10
6371687.79173889
 20
6170239.71081683
 10
6371687.2629879
 20
6170246.85635028
 10
6371687.22574808
 20
6170247.35496384
 10
6371687.18850826
 20
6170247.85357741
 10
6371687.15126844
 20
6170248.35219097
 10
6371687.11401413
 20
6170248.85180464
 10
6371686.25829505
 20
6170260.40295374
 10
6371686.20357323
 20
6170261.14138767
 10
6371685.97087136
 20
6170264.28898277
  0
LWPOLYLINE
  5
20009
330
1F
100
AcDbEntity
  8
parcelas
 62
250
420
6316128
100
AcDbPolyline
 90
37
 70
1
 10
6371721.49003033
 20
6170266.20448828
 10
6371720.41310007
 20
6170266.10784645
 10
6371714.02742429
 20
6170265.53609835
 10
6371713.99856977
 20
6170266.83607994
 10
6371713.25087358
 20
6170273.62833013
 10
6371716.45692306
 20
6170273.89989122
 10
6371717.13229277
 20
6170273.95769972
 10
6371719.61901172
 20
6170274.16781389
 10
6371720.5921204
 20
6170274.24994615
 10
6371723.97899889
 20
6170274.53713348
 10
6371726.78541538
 20
6170274.77489075
 10
6371728.32699932
 20
6170274.90527892
 10
6371729.3230812
 20
6170274.98974493
 10
6371730.53196628
 20
6170275.09230147
 10
6371732.31232693
 20
6170275.24315745
 10
6371734.80403174
 20
6170275.45434421
 10
6371736.45551033
 20
6170275.59432846
 10
6371738.86229385
 20
6170275.7982819
 10
6371745.904801
 20
6170276.39555956
 10
6371747.17663413
 20
6170276.50303015
 10
6371747.97689992
 20
6170276.57065226
 10
6371748.03080659
 20
6170276.23333001
 10
6371749.17660232
 20
6170269.09774621
 10
6371749.21294116
 20
6170268.86820243
 10
6371748.71667595
 20
6170268.80698932
 10
6371747.04616717
 20
6170268.59970847
 10
6371741.26776975
 20
6170267.88371973
 10
6371740.0745388
 20
6170267.73637632
 10
6371739.13994148
 20
6170267.61979175
 10
6371737.09397616
 20
6170267.36705397
 10
6371736.02556883
 20
6170267.23452467
 10
6371735.39750829
 20
6170267.15639574
 10
6371730.98352995
 20
6170266.85431403
 10
6371730.13311423
 20
6170266.79596774
 10
6371725.59722546
 20
6170266.48511601
 10
6371724.72780787
 20
6170266.42649416
 10
6371721.49003033
 20
6170266.20448828
  0
LWPOLYLINE
  5
2000A
330
1F
100
AcDbEntity
  8
parcelas
 62
250
420
6316128
100
AcDbPolyline
 90
23
 70
1
 10
6371751.45049589
 20
6170254.94335812
 10
6371751.79909926
 20
6170252.77074372
 10
6371752.44012358
 20
6170248.78181003
 10
6371752.78874149
 20
6170246.60819555
 10
6371751.60526562
 20
6170246.40897754
 10
6371750.8169436
 20
6170246.27650856
 10
6371749.67935617
 20
6170246.08595845
 10
6371749.04171528
 20
6170245.97868163
 10
6371748.69246437
 20
6170245.9196004
 10
6371748.37414397
 20
6170245.86596924
 10
6371746.32949849
 20
6170245.52222246
 10
6371745.86148255
 20
6170245.44441374
 10
6371745.73874613
 20
6170245.42362805
 10
6371742.07355378
 20
6170244.8073045
 10
6371739.00508534
 20
6170244.29166255
 10
6371738.62182477
 20
6170246.64683075
 10
6371738.02826169
 20
6170249.77718862
 10
6371737.59722141
 20
6170252.94391376
 10
6371741.58709798
 20
6170253.51993175
 10
6371745.00000597
 20
6170254.01255982
 10
6371749.38818163
 20
6170254.64536934
 10
6371750.89248571
 20
6170254.86324407
 10
6371751.45049589
 20
6170254.94335812
  0
LWPOLYLINE
  5
2000B
330
1F
100
AcDbEntity
  8
parcelas
 62
250
420
6316128
100
AcDbPolyline
 90
19
 70
1
 10
6371703.7319601
 20
6170335.4343506
 10
6371712.27370124
 20
6170336.0473656
 10
6371712.89096817
 20
6170332.11010272
 10
6371713.14006369
 20
6170330.52222531
 10
6371713.55680774
 20
6170327.85844728
 10
6371713.93164693
 20
6170325.46314437
 10
6371714.74842238
 20
6170320.2533823
 10
6371715.26874736
 20
6170316.93090326
 10
6371715.34142497
 20
6170316.47181562
 10
6371715.55203654
 20
6170315.12345402
 10
6371715.9543292
 20
6170312.55949724
 10
6371713.97407947
 20
6170312.39674008
 10
6371710.03956802
 20
6170312.07260293
 10
6371709.23427264
 20
6170312.00690859
 10
6371707.22704925
 20
6170311.84175966
 10
6371706.64155311
 20
6170315.79548822
 10
6371704.09903107
 20
6170332.95390879
 10
6371703.80517427
 20
6170334.93825934
 10
6371703.7319601
 20
6170335.4343506
  0
LWPOLYLINE
  5
2000C
330
1F
100
AcDbEntity
  8
parcelas
 62
250
420
6316128
100
AcDbPolyline
 90
14
 70
1
 10
6371680.44602021
 20
6170333.76326882
 10
6371696.15450064
 20
6170334.89133593
 10
6371696.22671472
 20
6170334.39523016
 10
6371696.51458545
 20
6170332.40979245
 10
6371701.46854422
 20
6170298.23409384
 10
6371701.75747329
 20
6170296.24467031
 10
6371686.53298189
 20
6170295.19664211
 10
6371686.23225525
 20
6170297.1028691
 10
6371685.23978641
 20
6170303.39141658
 10
6371684.459915
 20
6170308.33263147
 10
6371683.56659179
 20
6170313.99242282
 10
6371682.78674956
 20
6170318.93163756
 10
6371682.63472663
 20
6170319.89573041
 10
6371680.44602021
 20
6170333.76326882
  0
LWPOLYLINE
  5
2000D
330
1F
100
AcDbEntity
  8
parcelas
 62
250
420
6316128
100
AcDbPolyline
 90
45
 70
1
 10
6371712.27370124
 20
6170336.0473656
 10
6371714.97771696
 20
6170336.24162446
 10
6371718.96779933
 20
6170336.52755513
 10
6371720.16391523
 20
6170336.61392134
 10
6371723.15672699
 20
6170336.82837297
 10
6371724.15399753
 20
6170336.89985201
 10
6371725.23520374
 20
6170336.97754974
 10
6371727.14680925
 20
6170337.11430363
 10
6371728.14407978
 20
6170337.18578266
 10
6371730.33846627
 20
6170337.3436424
 10
6371730.52332476
 20
6170337.35732644
 10
6371730.63724884
 20
6170337.36498031
 10
6371733.63006049
 20
6170337.57943192
 10
6371734.02876578
 20
6170337.60822065
 10
6371738.7636057
 20
6170333.92572734
 10
6371738.81090262
 20
6170333.63032214
 10
6371739.07256487
 20
6170332.0036151
 10
6371739.23093638
 20
6170331.01560712
 10
6371739.48493084
 20
6170329.43480304
 10
6371739.88084512
 20
6170326.96578318
 10
6371739.92915665
 20
6170326.66939238
 10
6371740.03143282
 20
6170326.03167893
 10
6371740.40425672
 20
6170323.70636854
 10
6371740.45256825
 20
6170323.40997775
 10
6371740.61093978
 20
6170322.42196977
 10
6371738.23808704
 20
6170322.22351027
 10
6371736.44472514
 20
6170322.07246604
 10
6371735.50257602
 20
6170321.99378382
 10
6371734.73326969
 20
6170321.9296117
 10
6371731.62709958
 20
6170321.66850226
 10
6371729.2792347
 20
6170321.47140541
 10
6371727.27604084
 20
6170321.30431437
 10
6371726.21201032
 20
6170321.21486196
 10
6371724.98312327
 20
6170321.11201555
 10
6371722.47640238
 20
6170320.90161172
 10
6371721.17758101
 20
6170320.79274964
 10
6371718.72880773
 20
6170320.58718734
 10
6371718.14034497
 20
6170320.53764134
 10
6371717.26114391
 20
6170320.46387316
 10
6371714.74842238
 20
6170320.2533823
 10
6371713.93164693
 20
6170325.46314437
 10
6371713.55680774
 20
6170327.85844728
 10
6371713.14006369
 20
6170330.52222531
 10
6371712.89096817
 20
6170332.11010272
 10
6371712.27370124
 20
6170336.0473656
  0
LWPOLYLINE
  5
2000E
330
1F
100
AcDbEntity
  8
parcelas
 62
250
420
6316128
100
AcDbPolyline
 90
15
 70
1
 10
6371696.15450064
 20
6170334.89133593
 10
6371703.7319601
 20
6170335.4343506
 10
6371703.80517427
 20
6170334.93825934
 10
6371704.09903107
 20
6170332.95390879
 10
6371706.64155311
 20
6170315.79548822
 10
6371707.22704925
 20
6170311.84175966
 10
6371707.46984031
 20
6170310.20577605
 10
6371708.08966063
 20
6170306.02347478
 10
6371708.33246623
 20
6170304.38649108
 10
6371709.46216246
 20
6170296.77452631
 10
6371701.75747329
 20
6170296.24467031
 10
6371701.46854422
 20
6170298.23409384
 10
6371696.51458545
 20
6170332.40979245
 10
6371696.22671472
 20
6170334.39523016
 10
6371696.15450064
 20
6170334.89133593
  0
LWPOLYLINE
  5
2000F
330
1F
100
AcDbEntity
  8
parcelas
 62
250
420
6316128
100
AcDbPolyline
 90
42
 70
1
 10
6371672.21803326
 20
6170333.17380933
 10
6371674.62028092
 20
6170333.34568673
 10
6371676.62082291
 20
6170333.48873186
 10
6371680.44602021
 20
6170333.76326882
 10
6371682.63472663
 20
6170319.89573041
 10
6371682.78674956
 20
6170318.93163756
 10
6371683.56659179
 20
6170313.99242282
 10
6371684.459915
 20
6170308.33263147
 10
6371685.23978641
 20
6170303.39141658
 10
6371686.23225525
 20
6170297.1028691
 10
6371686.53298189
 20
6170295.19664211
 10
6371687.1751225
 20
6170291.13069995
 10
6371687.78753402
 20
6170287.25238458
 10
6371688.37958283
 20
6170283.19171791
 10
6371688.40178919
 20
6170283.03999315
 10
6371688.78396477
 20
6170280.41472568
 10
6371685.80644541
 20
6170280.0424466
 10
6371684.11797802
 20
6170279.83190443
 10
6371683.65867281
 20
6170279.77422822
 10
6371682.48044309
 20
6170279.62710238
 10
6371676.70713191
 20
6170278.90518562
 10
6371675.62119286
 20
6170286.53479093
 10
6371675.51542262
 20
6170287.27548554
 10
6371675.28388708
 20
6170289.65286064
 10
6371675.07199973
 20
6170291.02020975
 10
6371675.00245289
 20
6170291.47034007
 10
6371674.28953271
 20
6170296.071421
 10
6371674.24532304
 20
6170296.36086918
 10
6371673.6357808
 20
6170300.31725036
 10
6371673.19185804
 20
6170303.19970201
 10
6371672.72149653
 20
6170306.24982198
 10
6371672.39349001
 20
6170308.38172306
 10
6371672.11195441
 20
6170310.20620321
 10
6371671.80824147
 20
6170312.18040794
 10
6371671.20309139
 20
6170316.10984456
 10
6371670.89832038
 20
6170318.0880352
 10
6371670.8288316
 20
6170318.53416514
 10
6371670.74594939
 20
6170319.07613042
 10
6371670.57812678
 20
6170320.16403235
 10
6371668.91841078
 20
6170330.93928821
 10
6371668.61366888
 20
6170332.91547868
 10
6371672.21803326
 20
6170333.17380933
  0
LWPOLYLINE
  5
20010
330
1F
100
AcDbEntity
  8
parcelas
 62
250
420
6316128
100
AcDbPolyline
 90
26
 70
1
 10
6371655.56422789
 20
6170331.97901749
 10
6371655.86401063
 20
6170332.0003699
 10
6371668.31488625
 20
6170332.89414077
 10
6371668.61366888
 20
6170332.91547868
 10
6371668.91841078
 20
6170330.93928821
 10
6371670.57812678
 20
6170320.16403235
 10
6371670.74594939
 20
6170319.07613042
 10
6371670.8288316
 20
6170318.53416514
 10
6371670.89832038
 20
6170318.0880352
 10
6371671.20309139
 20
6170316.10984456
 10
6371671.80824147
 20
6170312.18040794
 10
6371672.11195441
 20
6170310.20620321
 10
6371672.39349001
 20
6170308.38172306
 10
6371672.72149653
 20
6170306.24982198
 10
6371673.19185804
 20
6170303.19970201
 10
6371666.35771691
 20
6170302.65046026
 10
6371660.3868333
 20
6170302.17075431
 10
6371659.7275316
 20
6170306.24745137
 10
6371659.12758668
 20
6170309.95589559
 10
6371658.77823007
 20
6170312.11149455
 10
6371657.96177454
 20
6170317.16121294
 10
6371657.88929996
 20
6170317.6062993
 10
6371657.40145891
 20
6170320.62015489
 10
6371657.3278247
 20
6170321.07622782
 10
6371656.1235143
 20
6170328.52206119
 10
6371655.56422789
 20
6170331.97901749
  0
LWPOLYLINE
  5
20011
330
1F
100
AcDbEntity
  8
parcelas
 62
250
420
6316128
100
AcDbPolyline
 90
23
 70
1
 10
6371648.19362791
 20
6170331.45000575
 10
6371655.56422789
 20
6170331.97901749
 10
6371656.1235143
 20
6170328.52206119
 10
6371657.3278247
 20
6170321.07622782
 10
6371657.40145891
 20
6170320.62015489
 10
6371657.88929996
 20
6170317.6062993
 10
6371657.96177454
 20
6170317.16121294
 10
6371658.77823007
 20
6170312.11149455
 10
6371659.12758668
 20
6170309.95589559
 10
6371659.7275316
 20
6170306.24745137
 10
6371660.3868333
 20
6170302.17075431
 10
6371656.44132708
 20
6170301.85358766
 10
6371655.58208454
 20
6170301.78410323
 10
6371653.08922433
 20
6170301.58390181
 10
6371652.87084747
 20
6170302.84607819
 10
6371652.64694211
 20
6170304.14425728
 10
6371651.75353812
 20
6170309.31980036
 10
6371650.44818738
 20
6170316.90421173
 10
6371650.0120741
 20
6170320.1448871
 10
6371649.82079908
 20
6170321.33247982
 10
6371649.4502653
 20
6170323.63781796
 10
6371648.51463245
 20
6170329.45604543
 10
6371648.19362791
 20
6170331.45000575
  0
LWPOLYLINE
  5
20012
330
1F
100
AcDbEntity
  8
parcelas
 62
250
420
6316128
100
AcDbPolyline
 90
15
 70
1
 10
6371637.10142833
 20
6170315.77638076
 10
6371638.5820648
 20
6170315.90188372
 10
6371645.96630321
 20
6170316.52512257
 10
6371646.51579131
 20
6170316.57210279
 10
6371646.81551605
 20
6170316.59745561
 10
6371648.72377369
 20
6170316.75816849
 10
6371650.44818738
 20
6170316.90421173
 10
6371651.75353812
 20
6170309.31980036
 10
6371648.69522682
 20
6170309.06938782
 10
6371647.33541369
 20
6170308.95864091
 10
6371645.32717529
 20
6170308.79447752
 10
6371645.02743604
 20
6170308.77012479
 10
6371639.90993928
 20
6170308.35080883
 10
6371637.89670034
 20
6170308.18657292
 10
6371637.10142833
 20
6170315.77638076
  0
LWPOLYLINE
  5
20013
330
1F
100
AcDbEntity
  8
parcelas
 62
250
420
6316128
100
AcDbPolyline
 90
19
 70
1
 10
6371666.86199277
 20
6170286.155694
 10
6371664.35492454
 20
6170285.83124971
 10
6371650.59450816
 20
6170284.05021963
 10
6371646.46997912
 20
6170283.51626282
 10
6371640.56324877
 20
6170282.75139869
 10
6371639.50577121
 20
6170292.83827314
 10
6371667.01318788
 20
6170295.39481092
 10
6371667.14603625
 20
6170295.40778815
 10
6371669.35566342
 20
6170295.61275475
 10
6371671.13082091
 20
6170295.77753949
 10
6371674.28953271
 20
6170296.071421
 10
6371675.00245289
 20
6170291.47034007
 10
6371675.07199973
 20
6170291.02020975
 10
6371675.28388708
 20
6170289.65286064
 10
6371675.51542262
 20
6170287.27548554
 10
6371672.75275006
 20
6170286.91832576
 10
6371672.17466526
 20
6170286.84292218
 10
6371667.19547426
 20
6170286.1985416
 10
6371666.86199277
 20
6170286.155694
  0
LWPOLYLINE
  5
20014
330
1F
100
AcDbEntity
  8
parcelas
 62
250
420
6316128
100
AcDbPolyline
 90
23
 70
1
 10
6371641.42920086
 20
6170274.49541057
 10
6371641.37697412
 20
6170274.99280657
 10
6371641.32474738
 20
6170275.49020258
 10
6371640.615461
 20
6170282.25500278
 10
6371640.56324877
 20
6170282.75139869
 10
6371646.46997912
 20
6170283.51626282
 10
6371650.59450816
 20
6170284.05021963
 10
6371664.35492454
 20
6170285.83124971
 10
6371666.86199277
 20
6170286.155694
 10
6371667.19547426
 20
6170286.1985416
 10
6371672.17466526
 20
6170286.84292218
 10
6371672.75275006
 20
6170286.91832576
 10
6371675.51542262
 20
6170287.27548554
 10
6371675.62119286
 20
6170286.53479093
 10
6371676.70713191
 20
6170278.90518562
 10
6371672.0721045
 20
6170278.3258142
 10
6371668.1350285
 20
6170277.83358765
 10
6371664.47953039
 20
6170277.37645388
 10
6371661.28233739
 20
6170276.97698181
 10
6371658.33576278
 20
6170276.60915264
 10
6371651.66379906
 20
6170275.77517368
 10
6371642.22300226
 20
6170274.59494881
 10
6371641.42920086
 20
6170274.49541057
  0
LWPOLYLINE
  5
20015
330
1F
100
AcDbEntity
  8
parcelas
 62
250
420
6316128
100
AcDbPolyline
 90
26
 70
1
 10
6371641.42920086
 20
6170274.49541057
 10
6371642.22300226
 20
6170274.59494881
 10
6371651.66379906
 20
6170275.77517368
 10
6371658.33576278
 20
6170276.60915264
 10
6371661.28233739
 20
6170276.97698181
 10
6371664.47953039
 20
6170277.37645388
 10
6371668.1350285
 20
6170277.83358765
 10
6371672.0721045
 20
6170278.3258142
 10
6371676.70713191
 20
6170278.90518562
 10
6371682.48044309
 20
6170279.62710238
 10
6371683.65867281
 20
6170279.77422822
 10
6371684.11797802
 20
6170279.83190443
 10
6371685.80644541
 20
6170280.0424466
 10
6371688.78396477
 20
6170280.41472568
 10
6371689.1056089
 20
6170278.23871894
 10
6371689.57247846
 20
6170275.08451652
 10
6371689.83013207
 20
6170272.76853906
 10
6371685.11135773
 20
6170272.16994759
 10
6371680.46045942
 20
6170271.58134316
 10
6371676.48853966
 20
6170271.07760787
 10
6371668.69346798
 20
6170270.08929982
 10
6371662.09156935
 20
6170269.25233554
 10
6371655.65141084
 20
6170268.43672253
 10
6371653.5925597
 20
6170268.17579536
 10
6371642.24192633
 20
6170266.73680399
 10
6371641.42920086
 20
6170274.49541057
  0
LWPOLYLINE
  5
20016
330
1F
100
AcDbEntity
  8
parcelas
 62
250
420
6316128
100
AcDbPolyline
 90
25
 70
1
 10
6371686.85068102
 20
6170264.38976826
 10
6371685.97087136
 20
6170264.28898277
 10
6371682.48957839
 20
6170263.8903923
 10
6371675.48607536
 20
6170263.08661613
 10
6371672.79771401
 20
6170262.77854851
 10
6371672.00589569
 20
6170262.68814141
 10
6371669.66287802
 20
6170262.41947318
 10
6371669.5391236
 20
6170262.40519427
 10
6371665.84322139
 20
6170261.9815801
 10
6371665.05748319
 20
6170261.89136521
 10
6371645.88622423
 20
6170259.69455286
 10
6371643.01510562
 20
6170259.36584212
 10
6371642.87821637
 20
6170260.66723681
 10
6371642.39869912
 20
6170265.24372545
 10
6371642.24192633
 20
6170266.73680399
 10
6371653.5925597
 20
6170268.17579536
 10
6371655.65141084
 20
6170268.43672253
 10
6371662.09156935
 20
6170269.25233554
 10
6371668.69346798
 20
6170270.08929982
 10
6371676.48853966
 20
6170271.07760787
 10
6371680.46045942
 20
6170271.58134316
 10
6371685.11135773
 20
6170272.16994759
 10
6371689.83013207
 20
6170272.76853906
 10
6371691.06997277
 20
6170264.87308345
 10
6371686.85068102
 20
6170264.38976826
  0
LWPOLYLINE
  5
20017
330
1F
100
AcDbEntity
  8
parcelas
 62
250
420
6316128
100
AcDbPolyline
 90
21
 70
1
 10
6371648.13023276
 20
6170240.11064275
 10
6371663.3114029
 20
6170242.25478406
 10
6371666.28522971
 20
6170242.67503893
 10
6371667.02637326
 20
6170242.77962646
 10
6371668.93765947
 20
6170243.04960483
 10
6371671.63492784
 20
6170243.4308653
 10
6371671.8353884
 20
6170243.45892648
 10
6371673.40687679
 20
6170243.680629
 10
6371673.58484038
 20
6170241.68558567
 10
6371673.7709796
 20
6170239.60352569
 10
6371673.91905187
 20
6170237.94616223
 10
6371673.91008597
 20
6170237.25381918
 10
6371672.22567576
 20
6170237.17737685
 10
6371669.51672877
 20
6170237.05615499
 10
6371668.44709506
 20
6170237.00767466
 10
6371666.84052868
 20
6170236.93523412
 10
6371663.83864453
 20
6170236.79974994
 10
6371663.83978739
 20
6170235.68943942
 10
6371645.78042001
 20
6170232.9847844
 10
6371645.07816796
 20
6170239.67966781
 10
6371648.13023276
 20
6170240.11064275
  0
LWPOLYLINE
  5
20018
330
1F
100
AcDbEntity
  8
parcelas
 62
250
420
6316128
100
AcDbPolyline
 90
9
 70
1
 10
6371645.78042001
 20
6170232.9847844
 10
6371663.83978739
 20
6170235.68943942
 10
6371663.95564758
 20
6170234.17556276
 10
6371664.08903809
 20
6170232.42695833
 10
6371664.28805126
 20
6170229.80903766
 10
6371664.50660471
 20
6170226.94732524
 10
6371662.05694816
 20
6170226.59570439
 10
6371646.68123292
 20
6170224.38712301
 10
6371645.78042001
 20
6170232.9847844
  0
LWPOLYLINE
  5
20019
330
1F
100
AcDbEntity
  8
parcelas
 62
250
420
6316128
100
AcDbPolyline
 90
12
 70
1
 10
6371646.68123292
 20
6170224.38712301
 10
6371662.05694816
 20
6170226.59570439
 10
6371664.50660471
 20
6170226.94732524
 10
6371664.65957842
 20
6170225.02095
 10
6371664.71327064
 20
6170224.35352295
 10
6371665.13651771
 20
6170219.03402152
 10
6371665.16597314
 20
6170218.65833291
 10
6371665.21601244
 20
6170218.03586674
 10
6371650.36127216
 20
6170216.25396888
 10
6371649.91090977
 20
6170216.20042349
 10
6371647.56926305
 20
6170215.91939008
 10
6371646.68123292
 20
6170224.38712301
  0
LWPOLYLINE
  5
2001A
330
1F
100
AcDbEntity
  8
parcelas
 62
250
420
6316128
100
AcDbPolyline
 90
20
 70
1
 10
6371648.46533832
 20
6170207.37975169
 10
6371648.45017611
 20
6170207.5285777
 10
6371648.13330713
 20
6170210.5479135
 10
6371647.98707777
 20
6170211.94022221
 10
6371647.58543986
 20
6170215.76957848
 10
6371647.56926305
 20
6170215.91939008
 10
6371649.91090977
 20
6170216.20042349
 10
6371650.36127216
 20
6170216.25396888
 10
6371665.21601244
 20
6170218.03586674
 10
6371665.26234081
 20
6170217.46236185
 10
6371665.30740803
 20
6170216.90684422
 10
6371665.41582159
 20
6170215.57000444
 10
6371665.79972662
 20
6170210.82510954
 10
6371665.82307935
 20
6170210.52535582
 10
6371665.93511685
 20
6170209.14555536
 10
6371662.94958147
 20
6170208.84318087
 10
6371657.68966641
 20
6170208.31176408
 10
6371653.07500215
 20
6170207.84572164
 10
6371650.75569058
 20
6170207.61102623
 10
6371648.46533832
 20
6170207.37975169
  0
LWPOLYLINE
  5
2001B
330
1F
100
AcDbEntity
  8
parcelas
 62
250
420
6316128
100
AcDbPolyline
 90
10
 70
1
 10
6371648.46533832
 20
6170207.37975169
 10
6371650.75569058
 20
6170207.61102623
 10
6371653.07500215
 20
6170207.84572164
 10
6371657.68966641
 20
6170208.31176408
 10
6371657.74778205
 20
6170207.33930726
 10
6371657.96139929
 20
6170203.78330952
 10
6371658.67189134
 20
6170191.96897308
 10
6371654.34934083
 20
6170191.70822838
 10
6371649.69015478
 20
6170195.69191001
 10
6371648.46533832
 20
6170207.37975169
  0
LWPOLYLINE
  5
2001C
330
1F
100
AcDbEntity
  8
parcelas
 62
250
420
6316128
100
AcDbPolyline
 90
20
 70
1
 10
6371657.68966641
 20
6170208.31176408
 10
6371662.94958147
 20
6170208.84318087
 10
6371665.93511685
 20
6170209.14555536
 10
6371666.05266245
 20
6170207.730824
 10
6371666.12660502
 20
6170206.83962166
 10
6371666.33518369
 20
6170204.32087022
 10
6371666.38374432
 20
6170203.73139278
 10
6371666.9779233
 20
6170196.55779877
 10
6371666.99739107
 20
6170196.3190075
 10
6371667.15004531
 20
6170194.48365567
 10
6371667.31500651
 20
6170192.48943335
 10
6371666.81629139
 20
6170192.45919412
 10
6371663.82198599
 20
6170192.27872985
 10
6371661.36837076
 20
6170192.13111411
 10
6371661.14449394
 20
6170192.11786447
 10
6371659.87021069
 20
6170192.04136752
 10
6371658.67189134
 20
6170191.96897308
 10
6371657.96139929
 20
6170203.78330952
 10
6371657.74778205
 20
6170207.33930726
 10
6371657.68966641
 20
6170208.31176408
  0
LWPOLYLINE
  5
2001D
330
1F
100
AcDbEntity
  8
parcelas
 62
250
420
6316128
100
AcDbPolyline
 90
45
 70
1
 10
6371726.37299688
 20
6170236.16603681
 10
6371726.30278344
 20
6170236.5931503
 10
6371725.73852463
 20
6170240.04803292
 10
6371725.03037461
 20
6170244.38910214
 10
6371724.5352422
 20
6170247.42285737
 10
6371729.29765581
 20
6170248.25415337
 10
6371733.40852857
 20
6170248.97096881
 10
6371738.02826169
 20
6170249.77718862
 10
6371738.62182477
 20
6170246.64683075
 10
6371739.00508534
 20
6170244.29166255
 10
6371739.29721627
 20
6170242.49534513
 10
6371739.44542696
 20
6170241.58721444
 10
6371739.57392458
 20
6170240.7968342
 10
6371739.60579896
 20
6170240.59923551
 10
6371740.00451121
 20
6170238.14426064
 10
6371740.09891671
 20
6170237.56645153
 10
6371740.34712803
 20
6170236.03958028
 10
6371741.22781145
 20
6170230.63068412
 10
6371741.74097596
 20
6170227.4571475
 10
6371741.86627028
 20
6170226.68072512
 10
6371742.3828122
 20
6170223.4812295
 10
6371742.65531718
 20
6170221.79666196
 10
6371743.63555251
 20
6170215.73100711
 10
6371744.0182483
 20
6170213.34582157
 10
6371744.57262244
 20
6170209.88279341
 10
6371744.92900997
 20
6170207.65627528
 10
6371745.16104524
 20
6170206.21019441
 10
6371745.79669262
 20
6170202.24719075
 10
6371746.59521999
 20
6170197.2612338
 10
6371742.10275569
 20
6170196.99102307
 10
6371737.21752864
 20
6170196.69611082
 10
6371732.72406411
 20
6170196.42588557
 10
6371732.24765813
 20
6170199.40989683
 10
6371731.55565413
 20
6170203.74119694
 10
6371731.24547649
 20
6170205.67829606
 10
6371730.56334363
 20
6170209.94972088
 10
6371729.65788701
 20
6170215.61833792
 10
6371728.99564142
 20
6170219.76001118
 10
6371728.73812397
 20
6170221.37677522
 10
6371728.5619812
 20
6170222.48656302
 10
6371728.11518861
 20
6170225.29094841
 10
6371727.82905815
 20
6170227.08735291
 10
6371726.80887412
 20
6170233.49353371
 10
6371726.69795885
 20
6170234.17513542
 10
6371726.37299688
 20
6170236.16603681
  0
LWPOLYLINE
  5
2001E
330
1F
100
AcDbEntity
  8
parcelas
 62
250
420
6316128
100
AcDbPolyline
 90
15
 70
1
 10
6371753.41237317
 20
6170197.67118871
 10
6371746.59521999
 20
6170197.2612338
 10
6371745.79669262
 20
6170202.24719075
 10
6371745.16104524
 20
6170206.21019441
 10
6371744.92900997
 20
6170207.65627528
 10
6371744.57262244
 20
6170209.88279341
 10
6371744.0182483
 20
6170213.34582157
 10
6371743.63555251
 20
6170215.73100711
 10
6371748.43875278
 20
6170216.50887842
 10
6371750.42868293
 20
6170216.83182579
 10
6371750.91617801
 20
6170213.70393119
 10
6371751.33206796
 20
6170211.03013818
 10
6371751.42467636
 20
6170210.43829874
 10
6371752.46601029
 20
6170203.74633727
 10
6371753.41237317
 20
6170197.67118871
  0
LWPOLYLINE
  5
2001F
330
1F
100
AcDbEntity
  8
parcelas
 62
250
420
6316128
100
AcDbPolyline
 90
14
 70
1
 10
6371753.93652688
 20
6170217.39985374
 10
6371757.39148167
 20
6170217.95911224
 10
6371757.87749742
 20
6170214.93322763
 10
6371758.57687896
 20
6170210.57602687
 10
6371759.25205397
 20
6170206.37052184
 10
6371759.87548201
 20
6170202.49136699
 10
6371756.14182595
 20
6170197.83580843
 10
6371753.41237317
 20
6170197.67118871
 10
6371752.46601029
 20
6170203.74633727
 10
6371751.42467636
 20
6170210.43829874
 10
6371751.33206796
 20
6170211.03013818
 10
6371750.91617801
 20
6170213.70393119
 10
6371750.42868293
 20
6170216.83182579
 10
6371753.93652688
 20
6170217.39985374
  0
LWPOLYLINE
  5
20020
330
1F
100
AcDbEntity
  8
parcelas
 62
250
420
6316128
100
AcDbPolyline
 90
16
 70
1
 10
6371756.17529728
 20
6170225.53381026
 10
6371756.5986513
 20
6170222.8971369
 10
6371757.39148167
 20
6170217.95911224
 10
6371753.93652688
 20
6170217.39985374
 10
6371750.42868293
 20
6170216.83182579
 10
6371748.43875278
 20
6170216.50887842
 10
6371743.63555251
 20
6170215.73100711
 10
6371742.65531718
 20
6170221.79666196
 10
6371742.3828122
 20
6170223.4812295
 10
6371745.02392117
 20
6170223.87463863
 10
6371745.51901224
 20
6170223.94783847
 10
6371746.94536674
 20
6170224.16058175
 10
6371749.94681465
 20
6170224.60723107
 10
6371752.06988826
 20
6170224.92310639
 10
6371752.71270366
 20
6170225.0184546
 10
6371756.17529728
 20
6170225.53381026
  0
LWPOLYLINE
  5
20021
330
1F
100
AcDbEntity
  8
parcelas
 62
250
420
6316128
100
AcDbPolyline
 90
19
 70
1
 10
6371754.98555189
 20
6170232.94084007
 10
6371755.38246703
 20
6170230.47183496
 10
6371756.17529728
 20
6170225.53381026
 10
6371752.71270366
 20
6170225.0184546
 10
6371752.06988826
 20
6170224.92310639
 10
6371749.94681465
 20
6170224.60723107
 10
6371746.94536674
 20
6170224.16058175
 10
6371745.51901224
 20
6170223.94783847
 10
6371745.02392117
 20
6170223.87463863
 10
6371742.3828122
 20
6170223.4812295
 10
6371741.86627028
 20
6170226.68072512
 10
6371741.74097596
 20
6170227.4571475
 10
6371741.22781145
 20
6170230.63068412
 10
6371743.8342645
 20
6170231.06860447
 10
6371744.32822496
 20
6170231.15079068
 10
6371748.95437903
 20
6170231.92809493
 10
6371750.89126053
 20
6170232.25327383
 10
6371752.59862724
 20
6170232.54011368
 10
6371754.98555189
 20
6170232.94084007
  0
LWPOLYLINE
  5
20022
330
1F
100
AcDbEntity
  8
parcelas
 62
250
420
6316128
100
AcDbPolyline
 90
23
 70
1
 10
6371752.59862724
 20
6170232.54011368
 10
6371750.89126053
 20
6170232.25327383
 10
6371748.95437903
 20
6170231.92809493
 10
6371744.32822496
 20
6170231.15079068
 10
6371743.8342645
 20
6170231.06860447
 10
6371741.22781145
 20
6170230.63068412
 10
6371740.34712803
 20
6170236.03958028
 10
6371740.09891671
 20
6170237.56645153
 10
6371742.67441087
 20
6170237.93190073
 10
6371743.14060065
 20
6170237.99767929
 10
6371746.0035862
 20
6170238.40430889
 10
6371746.29307782
 20
6170238.44551831
 10
6371746.44181676
 20
6170238.46668108
 10
6371747.00684213
 20
6170238.54589658
 10
6371749.89278638
 20
6170238.95586003
 10
6371750.16231955
 20
6170238.9937791
 10
6371750.88405563
 20
6170239.09627358
 10
6371751.52892925
 20
6170239.18765038
 10
6371751.94520117
 20
6170239.24670321
 10
6371753.92673956
 20
6170239.52751581
 10
6371754.46215384
 20
6170236.19925429
 10
6371754.98555189
 20
6170232.94084007
 10
6371752.59862724
 20
6170232.54011368
  0
LWPOLYLINE
  5
20023
330
1F
100
AcDbEntity
  8
parcelas
 62
250
420
6316128
100
AcDbPolyline
 90
29
 70
1
 10
6371721.49003033
 20
6170266.20448828
 10
6371724.72780787
 20
6170266.42649416
 10
6371725.59722546
 20
6170266.48511601
 10
6371730.13311423
 20
6170266.79596774
 10
6371730.98352995
 20
6170266.85431403
 10
6371735.39750829
 20
6170267.15639574
 10
6371735.94345632
 20
6170264.2054027
 10
6371736.65441364
 20
6170260.36052689
 10
6371741.1421925
 20
6170261.09181056
 10
6371742.32476984
 20
6170261.28401334
 10
6371743.61012516
 20
6170261.49371146
 10
6371748.22365512
 20
6170262.24482418
 10
6371749.60481672
 20
6170262.46991592
 10
6371749.73055342
 20
6170262.49074511
 10
6371750.22454289
 20
6170262.57093107
 10
6371751.45049589
 20
6170254.94335812
 10
6371750.89248571
 20
6170254.86324407
 10
6371749.38818163
 20
6170254.64536934
 10
6371745.00000597
 20
6170254.01255982
 10
6371741.58709798
 20
6170253.51993175
 10
6371737.59722141
 20
6170252.94391376
 10
6371738.02826169
 20
6170249.77718862
 10
6371733.40852857
 20
6170248.97096881
 10
6371729.29765581
 20
6170248.25415337
 10
6371724.5352422
 20
6170247.42285737
 10
6371723.65126927
 20
6170252.7826911
 10
6371721.62672015
 20
6170265.05611662
 10
6371721.58462609
 20
6170265.4066142
 10
6371721.49003033
 20
6170266.20448828
  0
LWPOLYLINE
  5
20024
330
1F
100
AcDbEntity
  8
parcelas
 62
250
420
6316128
100
AcDbPolyline
 90
25
 70
1
 10
6371749.21294116
 20
6170268.86820243
 10
6371749.24480102
 20
6170268.67160384
 10
6371749.46690694
 20
6170267.28939865
 10
6371749.67257564
 20
6170266.00598555
 10
6371749.8276135
 20
6170265.04093636
 10
6371750.0342968
 20
6170263.75653767
 10
6371750.19266852
 20
6170262.76852975
 10
6371750.22454289
 20
6170262.57093107
 10
6371749.73055342
 20
6170262.49074511
 10
6371749.60481672
 20
6170262.46991592
 10
6371748.22365512
 20
6170262.24482418
 10
6371743.61012516
 20
6170261.49371146
 10
6371742.32476984
 20
6170261.28401334
 10
6371741.1421925
 20
6170261.09181056
 10
6371736.65441364
 20
6170260.36052689
 10
6371735.94345632
 20
6170264.2054027
 10
6371735.39750829
 20
6170267.15639574
 10
6371736.02556883
 20
6170267.23452467
 10
6371737.09397616
 20
6170267.36705397
 10
6371739.13994148
 20
6170267.61979175
 10
6371740.0745388
 20
6170267.73637632
 10
6371741.26776975
 20
6170267.88371973
 10
6371747.04616717
 20
6170268.59970847
 10
6371748.71667595
 20
6170268.80698932
 10
6371749.21294116
 20
6170268.86820243
  0
LWPOLYLINE
  5
20025
330
1F
100
AcDbEntity
  8
parcelas
 62
250
420
6316128
100
AcDbPolyline
 90
36
 70
1
 10
6371744.34507887
 20
6170299.17595387
 10
6371746.22201285
 20
6170287.49357087
 10
6371746.69811338
 20
6170284.53056165
 10
6371746.24849017
 20
6170284.49503263
 10
6371736.85323316
 20
6170283.76160595
 10
6371733.94063241
 20
6170283.53431266
 10
6371731.62355305
 20
6170283.35266656
 10
6371726.27996326
 20
6170282.93507317
 10
6371719.8862282
 20
6170282.43623102
 10
6371712.34045389
 20
6170281.84666006
 10
6371712.68802173
 20
6170278.71073401
 10
6371713.05405662
 20
6170275.40502345
 10
6371713.25087358
 20
6170273.62833013
 10
6371713.99856977
 20
6170266.83607994
 10
6371710.63896936
 20
6170266.53028224
 10
6371709.94206099
 20
6170266.50917277
 10
6371705.73605963
 20
6170266.14408666
 10
6371705.23653301
 20
6170266.10083179
 10
6371699.8216609
 20
6170265.63218899
 10
6371691.06997277
 20
6170264.87308345
 10
6371689.83013207
 20
6170272.76853906
 10
6371689.57247846
 20
6170275.08451652
 10
6371689.1056089
 20
6170278.23871894
 10
6371688.78396477
 20
6170280.41472568
 10
6371688.40178919
 20
6170283.03999315
 10
6371688.37958283
 20
6170283.19171791
 10
6371687.78753402
 20
6170287.25238458
 10
6371687.1751225
 20
6170291.13069995
 10
6371686.53298189
 20
6170295.19664211
 10
6371701.75747329
 20
6170296.24467031
 10
6371709.46216246
 20
6170296.77452631
 10
6371710.22164189
 20
6170296.8265523
 10
6371719.04454067
 20
6170297.43464274
 10
6371726.03272518
 20
6170297.9150965
 10
6371734.48589203
 20
6170298.49681886
 10
6371744.34507887
 20
6170299.17595387
  0
LWPOLYLINE
  5
20026
330
1F
100
AcDbEntity
  8
parcelas
 62
250
420
6316128
100
AcDbPolyline
 90
12
 70
1
 10
6371743.07501882
 20
6170307.08597461
 10
6371744.34507887
 20
6170299.17595387
 10
6371734.48589203
 20
6170298.49681886
 10
6371726.03272518
 20
6170297.9150965
 10
6371719.04454067
 20
6170297.43464274
 10
6371710.22164189
 20
6170296.8265523
 10
6371709.46216246
 20
6170296.77452631
 10
6371708.33246623
 20
6170304.38649108
 10
6371711.58579592
 20
6170304.63973162
 10
6371718.13344467
 20
6170305.14780739
 10
6371725.11472947
 20
6170305.69017999
 10
6371743.07501882
 20
6170307.08597461
  0
LWPOLYLINE
  5
20027
330
1F
100
AcDbEntity
  8
parcelas
 62
250
420
6316128
100
AcDbPolyline
 90
18
 70
1
 10
6371707.22704925
 20
6170311.84175966
 10
6371709.23427264
 20
6170312.00690859
 10
6371710.03956802
 20
6170312.07260293
 10
6371713.97407947
 20
6170312.39674008
 10
6371715.9543292
 20
6170312.55949724
 10
6371719.55214131
 20
6170312.85574478
 10
6371724.76653016
 20
6170313.28446808
 10
6371727.54407437
 20
6170313.51280354
 10
6371731.38867835
 20
6170313.82863474
 10
6371741.85341555
 20
6170314.68960366
 10
6371743.07501882
 20
6170307.08597461
 10
6371725.11472947
 20
6170305.69017999
 10
6371718.13344467
 20
6170305.14780739
 10
6371711.58579592
 20
6170304.63973162
 10
6371708.33246623
 20
6170304.38649108
 10
6371708.08966063
 20
6170306.02347478
 10
6371707.46984031
 20
6170310.20577605
 10
6371707.22704925
 20
6170311.84175966
  0
LWPOLYLINE
  5
20028
330
1F
100
AcDbEntity
  8
parcelas
 62
250
420
6316128
100
AcDbPolyline
 90
30
 70
1
 10
6371714.74842238
 20
6170320.2533823
 10
6371717.26114391
 20
6170320.46387316
 10
6371718.14034497
 20
6170320.53764134
 10
6371718.72880773
 20
6170320.58718734
 10
6371721.17758101
 20
6170320.79274964
 10
6371722.47640238
 20
6170320.90161172
 10
6371724.98312327
 20
6170321.11201555
 10
6371726.21201032
 20
6170321.21486196
 10
6371727.27604084
 20
6170321.30431437
 10
6371729.2792347
 20
6170321.47140541
 10
6371731.62709958
 20
6170321.66850226
 10
6371734.73326969
 20
6170321.9296117
 10
6371735.50257602
 20
6170321.99378382
 10
6371736.44472514
 20
6170322.07246604
 10
6371738.23808704
 20
6170322.22351027
 10
6371740.61093978
 20
6170322.42196977
 10
6371740.69011105
 20
6170321.92896587
 10
6371741.08701098
 20
6170319.46096063
 10
6371741.2662407
 20
6170318.34521575
 10
6371741.61485812
 20
6170316.17160111
 10
6371741.85341555
 20
6170314.68960366
 10
6371731.38867835
 20
6170313.82863474
 10
6371727.54407437
 20
6170313.51280354
 10
6371724.76653016
 20
6170313.28446808
 10
6371719.55214131
 20
6170312.85574478
 10
6371715.9543292
 20
6170312.55949724
 10
6371715.55203654
 20
6170315.12345402
 10
6371715.34142497
 20
6170316.47181562
 10
6371715.26874736
 20
6170316.93090326
 10
6371714.74842238
 20
6170320.2533823
  0
LWPOLYLINE
  5
20029
330
1F
100
AcDbEntity
  8
parcelas
 62
250
420
6316128
100
AcDbPolyline
 90
29
 70
1
 10
6371720.5921204
 20
6170274.24994615
 10
6371719.61901172
 20
6170274.16781389
 10
6371717.13229277
 20
6170273.95769972
 10
6371716.45692306
 20
6170273.89989122
 10
6371713.25087358
 20
6170273.62833013
 10
6371713.05405662
 20
6170275.40502345
 10
6371712.68802173
 20
6170278.71073401
 10
6371712.34045389
 20
6170281.84666006
 10
6371719.8862282
 20
6170282.43623102
 10
6371726.27996326
 20
6170282.93507317
 10
6371731.62355305
 20
6170283.35266656
 10
6371733.94063241
 20
6170283.53431266
 10
6371736.85323316
 20
6170283.76160595
 10
6371746.24849017
 20
6170284.49503263
 10
6371746.69811338
 20
6170284.53056165
 10
6371747.73834231
 20
6170278.05264965
 10
6371747.97689992
 20
6170276.57065226
 10
6371747.17663413
 20
6170276.50303015
 10
6371745.904801
 20
6170276.39555956
 10
6371738.86229385
 20
6170275.7982819
 10
6371736.45551033
 20
6170275.59432846
 10
6371734.80403174
 20
6170275.45434421
 10
6371732.31232693
 20
6170275.24315745
 10
6371730.53196628
 20
6170275.09230147
 10
6371729.3230812
 20
6170274.98974493
 10
6371728.32699932
 20
6170274.90527892
 10
6371726.78541538
 20
6170274.77489075
 10
6371723.97899889
 20
6170274.53713348
 10
6371720.5921204
 20
6170274.24994615
  0
LWPOLYLINE
  5
2002A
330
1F
100
AcDbEntity
  8
lfi
 62
153
420
3504561
100
AcDbPolyline
 90
5
 70
1
 10
6371665.98274851
 20
6170297.49039629
 10
6371717.23953946
 20
6170301.14235455
 10
6371728.42846793
 20
6170231.21922404
 10
6371673.24401141
 20
6170228.02059476
 10
6371665.98274851
 20
6170297.49039629
  0
LWPOLYLINE
  5
2002B
330
1F
100
AcDbEntity
  8
lib
 62
40
420
16765702
100
AcDbPolyline
 90
5
 70
1
 10
6371676.06306295
 20
6170286.48297833
 10
6371710.23425691
 20
6170288.91761717
 10
6371717.69354257
 20
6170242.30219683
 10
6371680.90390488
 20
6170240.16977731
 10
6371676.06306295
 20
6170286.48297833
  0
LWPOLYLINE
  5
2002C
330
1F
100
AcDbEntity
  8
Tronera SI
 62
153
420
3504561
100
AcDbPolyline
 90
7
 70
1
 10
6371717.23953946
 20
6170301.14235455
 10
6371708.26229628
 20
6170300.5027414
 10
6371707.62268313
 20
6170309.47998458
 10
6371724.82376018
 20
6170310.70553175
 10
6371727.54854744
 20
6170293.67747984
 10
6371718.66160609
 20
6170292.25541321
 10
6371717.23953946
 20
6170301.14235455
  0
LWPOLYLINE
  5
2002D
330
1F
100
AcDbEntity
  8
Irregular
 62
1
420
14948892
100
AcDbPolyline
 90
7
 70
1
 10
6371665.98274851
 20
6170297.49039629
 10
6371666.91836762
 20
6170288.5391608
 10
6371657.96713213
 20
6170287.60354168
 10
6371656.0644804
 20
6170305.80655125
 10
6371674.32037854
 20
6170307.10725261
 10
6371674.95999168
 20
6170298.13000944
 10
6371665.98274851
 20
6170297.49039629
  0
LWPOLYLINE
  5
2002E
330
1F
100
AcDbEntity
  8
Irregular
 62
1
420
14948892
100
AcDbPolyline
 90
7
 70
1
 10
6371728.42846793
 20
6170231.21922404
 10
6371727.0064013
 20
6170240.10616538
 10
6371735.89334264
 20
6170241.52823202
 10
6371738.8885229
 20
6170222.81040926
 10
6371719.96433682
 20
6170221.71351605
 10
6371719.44354838
 20
6170230.6984356
 10
6371728.42846793
 20
6170231.21922404
  0
LWPOLYLINE
  5
2002F
330
1F
100
AcDbEntity
  8
Irregular
 62
1
420
14948892
100
AcDbPolyline
 90
7
 70
1
 10
6371673.24401141
 20
6170228.02059476
 10
6371682.22893096
 20
6170228.5413832
 10
6371682.7497194
 20
6170219.55646364
 10
6371665.18609501
 20
6170218.538432
 10
6371663.3571568
 20
6170236.03621114
 10
6371672.30839229
 20
6170236.97183026
 10
6371673.24401141
 20
6170228.02059476
  0
LWPOLYLINE
  5
20030
330
1F
100
AcDbEntity
  8
banda_minima
  6
DASHED
 62
1
 48
5.0
420
14948892
100
AcDbPolyline
 90
5
 70
1
 10
6371661.61946347
 20
6170235.35691336
 10
6371662.53029323
 20
6170226.66364779
 10
6371646.68123292
 20
6170224.38712301
 10
6371645.78042001
 20
6170232.9847844
 10
6371661.61946347
 20
6170235.35691336
  0
LWPOLYLINE
  5
20031
330
1F
100
AcDbEntity
  8
banda_minima
  6
DASHED
 62
1
 48
5.0
420
14948892
100
AcDbPolyline
 90
6
 70
1
 10
6371757.39148167
 20
6170217.95911224
 10
6371759.87548201
 20
6170202.49136699
 10
6371756.14182595
 20
6170197.83580843
 10
6371753.41237317
 20
6170197.67118871
 10
6371750.42868293
 20
6170216.83182579
 10
6371757.39148167
 20
6170217.95911224
  0
LWPOLYLINE
  5
20032
330
1F
100
AcDbEntity
  8
banda_minima
  6
DASHED
 62
1
 48
5.0
420
14948892
100
AcDbPolyline
 90
5
 70
1
 10
6371665.99384635
 20
6170208.4387109
 10
6371667.31500651
 20
6170192.48943335
 10
6371658.67189134
 20
6170191.96897308
 10
6371657.71187487
 20
6170207.94014686
 10
6371665.99384635
 20
6170208.4387109
  0
LWPOLYLINE
  5
20033
330
1F
100
AcDbEntity
  8
banda_minima
  6
DASHED
 62
1
 48
5.0
420
14948892
100
AcDbPolyline
 90
5
 70
1
 10
6371639.50577121
 20
6170292.83827314
 10
6371638.71050127
 20
6170300.42807995
 10
6371654.66373647
 20
6170301.71035076
 10
6371655.43820847
 20
6170294.31903297
 10
6371639.50577121
 20
6170292.83827314
  0
LWPOLYLINE
  5
20034
330
1F
100
AcDbEntity
  8
banda_minima
  6
DASHED
 62
1
 48
5.0
420
14948892
100
AcDbPolyline
 90
5
 70
1
 10
6371660.93115387
 20
6170241.91860508
 10
6371645.07816796
 20
6170239.67966781
 10
6371643.01510562
 20
6170259.36584212
 10
6371658.91185694
 20
6170261.18714502
 10
6371660.93115387
 20
6170241.91860508
  0
LWPOLYLINE
  5
20035
330
1F
100
AcDbEntity
  8
banda_minima
  6
DASHED
 62
1
 48
5.0
420
14948892
100
AcDbPolyline
 90
5
 70
1
 10
6371656.43551262
 20
6170284.80622907
 10
6371640.56324877
 20
6170282.75139869
 10
6371639.50577121
 20
6170292.83827314
 10
6371655.43821878
 20
6170294.31903393
 10
6371656.43551262
 20
6170284.80622907
  0
LWPOLYLINE
  5
20036
330
1F
100
AcDbEntity
  8
banda_minima
  6
DASHED
 62
1
 48
5.0
420
14948892
100
AcDbPolyline
 90
5
 70
1
 10
6371740.09891671
 20
6170237.56645153
 10
6371739.00508534
 20
6170244.29166255
 10
6371752.78874149
 20
6170246.60819555
 10
6371753.92673956
 20
6170239.52751581
 10
6371740.09891671
 20
6170237.56645153
  0
LWPOLYLINE
  5
20037
330
1F
100
AcDbEntity
  8
banda_minima
  6
DASHED
 62
1
 48
5.0
420
14948892
100
AcDbPolyline
 90
5
 70
1
 10
6371754.98555189
 20
6170232.94084007
 10
6371741.22781145
 20
6170230.63068412
 10
6371740.09891671
 20
6170237.56645153
 10
6371753.92673956
 20
6170239.52751581
 10
6371754.98555189
 20
6170232.94084007
  0
LWPOLYLINE
  5
20038
330
1F
100
AcDbEntity
  8
banda_minima
  6
DASHED
 62
1
 48
5.0
420
14948892
100
AcDbPolyline
 90
5
 70
1
 10
6371641.42920086
 20
6170274.49541057
 10
6371657.3087738
 20
6170276.48078156
 10
6371658.11866959
 20
6170268.74918818
 10
6371642.24192633
 20
6170266.73680399
 10
6371641.42920086
 20
6170274.49541057
  0
LWPOLYLINE
  5
20039
330
1F
100
AcDbEntity
  8
banda_minima
  6
DASHED
 62
1
 48
5.0
420
14948892
100
AcDbPolyline
 90
5
 70
1
 10
6371712.27370124
 20
6170336.0473656
 10
6371714.75919562
 20
6170320.18459096
 10
6371706.08344039
 20
6170319.56195817
 10
6371703.7319601
 20
6170335.4343506
 10
6371712.27370124
 20
6170336.0473656
  0
LWPOLYLINE
  5
2003A
330
1F
100
AcDbEntity
  8
banda_minima
  6
DASHED
 62
1
 48
5.0
420
14948892
100
AcDbPolyline
 90
6
 70
1
 10
6371648.46533832
 20
6170207.37975169
 10
6371657.68966641
 20
6170208.31176408
 10
6371658.67189134
 20
6170191.96897308
 10
6371654.34934083
 20
6170191.70822838
 10
6371649.69015478
 20
6170195.69191001
 10
6371648.46533832
 20
6170207.37975169
  0
LWPOLYLINE
  5
2003B
330
1F
100
AcDbEntity
  8
banda_minima
  6
DASHED
 62
1
 48
5.0
420
14948892
100
AcDbPolyline
 90
9
 70
1
 10
6371735.39750829
 20
6170267.15639574
 10
6371736.65441364
 20
6170260.36052689
 10
6371750.22454289
 20
6170262.57093107
 10
6371751.45049589
 20
6170254.94335812
 10
6371737.59722141
 20
6170252.94391376
 10
6371738.02826169
 20
6170249.77718862
 10
6371736.12876953
 20
6170249.44569583
 10
6371733.3052057
 20
6170267.01320375
 10
6371735.39750829
 20
6170267.15639574
  0
LWPOLYLINE
  5
2003C
330
1F
100
AcDbEntity
  8
banda_minima
  6
DASHED
 62
1
 48
5.0
420
14948892
100
AcDbPolyline
 90
5
 70
1
 10
6371637.10142833
 20
6170315.77638076
 10
6371650.44818738
 20
6170316.90421173
 10
6371651.75353812
 20
6170309.31980036
 10
6371637.89670034
 20
6170308.18657292
 10
6371637.10142833
 20
6170315.77638076
  0
LWPOLYLINE
  5
2003D
330
1F
100
AcDbEntity
  8
banda_minima
  6
DASHED
 62
1
 48
5.0
420
14948892
100
AcDbPolyline
 90
5
 70
1
 10
6371668.61366888
 20
6170332.91547868
 10
6371680.44602021
 20
6170333.76326882
 10
6371682.94935171
 20
6170317.90177929
 10
6371671.05830015
 20
6170317.04964744
 10
6371668.61366888
 20
6170332.91547868
  0
LWPOLYLINE
  5
2003E
330
1F
100
AcDbEntity
  8
banda_minima
  6
DASHED
 62
1
 48
5.0
420
14948892
100
AcDbPolyline
 90
7
 70
1
 10
6371655.56422789
 20
6170331.97901749
 10
6371658.12979824
 20
6170316.12199852
 10
6371650.67490319
 20
6170315.58693665
 10
6371650.44818738
 20
6170316.90421173
 10
6371650.0120741
 20
6170320.1448871
 10
6371648.19362791
 20
6170331.45000575
 10
6371655.56422789
 20
6170331.97901749
  0
LWPOLYLINE
  5
2003F
330
1F
100
AcDbEntity
  8
banda_minima
  6
DASHED
 62
1
 48
5.0
420
14948892
100
AcDbPolyline
 90
5
 70
1
 10
6371637.89670034
 20
6170308.18657292
 10
6371651.75353812
 20
6170309.31980036
 10
6371653.08922433
 20
6170301.58390181
 10
6371638.71050127
 20
6170300.42807995
 10
6371637.89670034
 20
6170308.18657292
  0
LWPOLYLINE
  5
20040
330
1F
100
AcDbEntity
  8
banda_minima
  6
DASHED
 62
1
 48
5.0
420
14948892
100
AcDbPolyline
 90
5
 70
1
 10
6371744.05165161
 20
6170213.13715995
 10
6371746.59521999
 20
6170197.2612338
 10
6371732.72406411
 20
6170196.42588557
 10
6371730.18757012
 20
6170212.30225337
 10
6371744.05165161
 20
6170213.13715995
  0
LWPOLYLINE
  5
20041
330
1F
100
AcDbEntity
  8
banda_minima
  6
DASHED
 62
1
 48
5.0
420
14948892
100
AcDbPolyline
 90
5
 70
1
 10
6371754.98555189
 20
6170232.94084007
 10
6371756.17529728
 20
6170225.53381026
 10
6371742.3828122
 20
6170223.4812295
 10
6371741.22781145
 20
6170230.63068412
 10
6371754.98555189
 20
6170232.94084007
  0
LWPOLYLINE
  5
20042
330
1F
100
AcDbEntity
  8
banda_minima
  6
DASHED
 62
1
 48
5.0
420
14948892
100
AcDbPolyline
 90
5
 70
1
 10
6371744.34507887
 20
6170299.17595387
 10
6371746.69811338
 20
6170284.53056165
 10
6371730.69382198
 20
6170283.28000949
 10
6371728.3172079
 20
6170298.07230796
 10
6371744.34507887
 20
6170299.17595387
  0
LWPOLYLINE
  5
20043
330
1F
100
AcDbEntity
  8
banda_minima
  6
DASHED
 62
1
 48
5.0
420
14948892
100
AcDbPolyline
 90
7
 70
1
 10
6371636.07292674
 20
6170325.58449053
 10
6371640.54723284
 20
6170330.90098972
 10
6371648.19362791
 20
6170331.45000575
 10
6371650.0120741
 20
6170320.1448871
 10
6371650.44818738
 20
6170316.90421173
 10
6371637.10142833
 20
6170315.77638076
 10
6371636.07292674
 20
6170325.58449053
  0
LWPOLYLINE
  5
20044
330
1F
100
AcDbEntity
  8
banda_minima
  6
DASHED
 62
1
 48
5.0
420
14948892
100
AcDbPolyline
 90
5
 70
1
 10
6371746.59521999
 20
6170197.2612338
 10
6371744.05164864
 20
6170213.13717853
 10
6371750.93990176
 20
6170213.55140908
 10
6371753.41237317
 20
6170197.67118871
 10
6371746.59521999
 20
6170197.2612338
  0
LWPOLYLINE
  5
20045
330
1F
100
AcDbEntity
  8
banda_minima
  6
DASHED
 62
1
 48
5.0
420
14948892
100
AcDbPolyline
 90
7
 70
1
 10
6371751.45049589
 20
6170254.94335812
 10
6371752.78874149
 20
6170246.60819555
 10
6371739.00508534
 20
6170244.29166255
 10
6371738.62182477
 20
6170246.64683075
 10
6371738.02826169
 20
6170249.77718862
 10
6371737.59722141
 20
6170252.94391376
 10
6371751.45049589
 20
6170254.94335812
  0
LWPOLYLINE
  5
20046
330
1F
100
AcDbEntity
  8
banda_minima
  6
DASHED
 62
1
 48
5.0
420
14948892
100
AcDbPolyline
 90
5
 70
1
 10
6371660.93109898
 20
6170241.91859733
 10
6371661.61938054
 20
6170235.35690094
 10
6371645.78042001
 20
6170232.9847844
 10
6371645.07816796
 20
6170239.67966781
 10
6371660.93109898
 20
6170241.91859733
  0
LWPOLYLINE
  5
20047
330
1F
100
AcDbEntity
  8
banda_minima
  6
DASHED
 62
1
 48
5.0
420
14948892
100
AcDbPolyline
 90
5
 70
1
 10
6371658.91179993
 20
6170261.18713849
 10
6371643.01510562
 20
6170259.36584212
 10
6371642.24192633
 20
6170266.73680399
 10
6371658.11858544
 20
6170268.74917753
 10
6371658.91179993
 20
6170261.18713849
  0
LWPOLYLINE
  5
20048
330
1F
100
AcDbEntity
  8
banda_minima
  6
DASHED
 62
1
 48
5.0
420
14948892
100
AcDbPolyline
 90
5
 70
1
 10
6371724.62118466
 20
6170321.08163591
 10
6371740.61093978
 20
6170322.42196977
 10
6371741.85341555
 20
6170314.68960366
 10
6371725.85917598
 20
6170313.37429196
 10
6371724.62118466
 20
6170321.08163591
  0
LWPOLYLINE
  5
20049
330
1F
100
AcDbEntity
  8
banda_minima
  6
DASHED
 62
1
 48
5.0
420
14948892
100
AcDbPolyline
 90
5
 70
1
 10
6371756.17529728
 20
6170225.53381026
 10
6371757.39148167
 20
6170217.95911224
 10
6371743.63555251
 20
6170215.73100711
 10
6371742.3828122
 20
6170223.4812295
 10
6371756.17529728
 20
6170225.53381026
  0
LWPOLYLINE
  5
2004A
330
1F
100
AcDbEntity
  8
banda_minima
  6
DASHED
 62
1
 48
5.0
420
14948892
100
AcDbPolyline
 90
5
 70
1
 10
6371641.42920086
 20
6170274.49541057
 10
6371640.56324877
 20
6170282.75139869
 10
6371656.43538173
 20
6170284.80621213
 10
6371657.30869606
 20
6170276.48077184
 10
6371641.42920086
 20
6170274.49541057
  0
LWPOLYLINE
  5
2004B
330
1F
100
AcDbEntity
  8
banda_minima
  6
DASHED
 62
1
 48
5.0
420
14948892
100
AcDbPolyline
 90
5
 70
1
 10
6371655.56422789
 20
6170331.97901749
 10
6371668.61366888
 20
6170332.91547868
 10
6371671.05835087
 20
6170317.04931822
 10
6371658.12982256
 20
6170316.12184812
 10
6371655.56422789
 20
6170331.97901749
  0
LWPOLYLINE
  5
2004C
330
1F
100
AcDbEntity
  8
banda_minima
  6
DASHED
 62
1
 48
5.0
420
14948892
100
AcDbPolyline
 90
6
 70
1
 10
6371712.27370124
 20
6170336.0473656
 10
6371734.02876578
 20
6170337.60822065
 10
6371738.7636057
 20
6170333.92572734
 10
6371740.61093978
 20
6170322.42196977
 10
6371714.74842238
 20
6170320.2533823
 10
6371712.27370124
 20
6170336.0473656
  0
LWPOLYLINE
  5
2004D
330
1F
100
AcDbEntity
  8
banda_minima
  6
DASHED
 62
1
 48
5.0
420
14948892
100
AcDbPolyline
 90
5
 70
1
 10
6371696.15450064
 20
6170334.89133593
 10
6371698.45617444
 20
6170319.01542179
 10
6371682.94934282
 20
6170317.90183561
 10
6371680.44602021
 20
6170333.76326882
 10
6371696.15450064
 20
6170334.89133593
  0
LWPOLYLINE
  5
2004E
330
1F
100
AcDbEntity
  8
banda_minima
  6
DASHED
 62
1
 48
5.0
420
14948892
100
AcDbPolyline
 90
5
 70
1
 10
6371730.69394976
 20
6170283.28001948
 10
6371746.69811338
 20
6170284.53056165
 10
6371747.97689992
 20
6170276.57065226
 10
6371731.98903092
 20
6170275.21576348
 10
6371730.69394976
 20
6170283.28001948
  0
LWPOLYLINE
  5
2004F
330
1F
100
AcDbEntity
  8
banda_minima
  6
DASHED
 62
1
 48
5.0
420
14948892
100
AcDbPolyline
 90
6
 70
1
 10
6371731.99038334
 20
6170275.21587808
 10
6371747.97689992
 20
6170276.57065226
 10
6371749.21294116
 20
6170268.86820243
 10
6371735.39750829
 20
6170267.15639574
 10
6371733.30635331
 20
6170267.01328229
 10
6371731.99038334
 20
6170275.21587808
  0
LWPOLYLINE
  5
20050
330
1F
100
AcDbEntity
  8
banda_minima
  6
DASHED
 62
1
 48
5.0
420
14948892
100
AcDbPolyline
 90
5
 70
1
 10
6371676.04275041
 20
6170209.04373071
 10
6371677.20641657
 20
6170193.08501337
 10
6371667.31500651
 20
6170192.48943335
 10
6371665.99382015
 20
6170208.43902624
 10
6371676.04275041
 20
6170209.04373071
  0
LWPOLYLINE
  5
20051
330
1F
100
AcDbEntity
  8
banda_minima
  6
DASHED
 62
1
 48
5.0
420
14948892
100
AcDbPolyline
 90
5
 70
1
 10
6371749.21294116
 20
6170268.86820243
 10
6371750.22454289
 20
6170262.57093107
 10
6371736.65441364
 20
6170260.36052689
 10
6371735.39750829
 20
6170267.15639574
 10
6371749.21294116
 20
6170268.86820243
  0
LWPOLYLINE
  5
20052
330
1F
100
AcDbEntity
  8
banda_minima
  6
DASHED
 62
1
 48
5.0
420
14948892
100
AcDbPolyline
 90
5
 70
1
 10
6371744.34507887
 20
6170299.17595387
 10
6371728.31734997
 20
6170298.07231773
 10
6371727.06980392
 20
6170305.84211977
 10
6371743.07501882
 20
6170307.08597461
 10
6371744.34507887
 20
6170299.17595387
  0
LWPOLYLINE
  5
20053
330
1F
100
AcDbEntity
  8
banda_minima
  6
DASHED
 62
1
 48
5.0
420
14948892
100
AcDbPolyline
 90
5
 70
1
 10
6371646.68123292
 20
6170224.38712301
 10
6371662.53023444
 20
6170226.66363935
 10
6371663.45717436
 20
6170217.82488562
 10
6371647.56926305
 20
6170215.91939008
 10
6371646.68123292
 20
6170224.38712301
  0
LWPOLYLINE
  5
20054
330
1F
100
AcDbEntity
  8
banda_minima
  6
DASHED
 62
1
 48
5.0
420
14948892
100
AcDbPolyline
 90
5
 70
1
 10
6371730.18757709
 20
6170212.30220977
 10
6371732.72406411
 20
6170196.42588557
 10
6371691.24949023
 20
6170193.9298571
 10
6371690.03249983
 20
6170209.88556603
 10
6371730.18757709
 20
6170212.30220977
  0
LWPOLYLINE
  5
20055
330
1F
100
AcDbEntity
  8
banda_minima
  6
DASHED
 62
1
 48
5.0
420
14948892
100
AcDbPolyline
 90
5
 70
1
 10
6371703.7319601
 20
6170335.4343506
 10
6371706.083459
 20
6170319.56183259
 10
6371698.45619946
 20
6170319.01524916
 10
6371696.15450064
 20
6170334.89133593
 10
6371703.7319601
 20
6170335.4343506
  0
LWPOLYLINE
  5
20056
330
1F
100
AcDbEntity
  8
banda_minima
  6
DASHED
 62
1
 48
5.0
420
14948892
100
AcDbPolyline
 90
5
 70
1
 10
6371691.24949023
 20
6170193.9298571
 10
6371677.20641657
 20
6170193.08501337
 10
6371676.04272742
 20
6170209.04404627
 10
6371690.03250071
 20
6170209.88555442
 10
6371691.24949023
 20
6170193.9298571
  0
LWPOLYLINE
  5
20057
330
1F
100
AcDbEntity
  8
banda_minima
  6
DASHED
 62
1
 48
5.0
420
14948892
100
AcDbPolyline
 90
5
 70
1
 10
6371725.85955037
 20
6170313.37432273
 10
6371741.85341555
 20
6170314.68960366
 10
6371743.07501882
 20
6170307.08597461
 10
6371727.06967984
 20
6170305.84211013
 10
6371725.85955037
 20
6170313.37432273
  0
LWPOLYLINE
  5
20058
330
1F
100
AcDbEntity
  8
banda_minima
  6
DASHED
 62
1
 48
5.0
420
14948892
100
AcDbPolyline
 90
5
 70
1
 10
6371648.46533832
 20
6170207.37975169
 10
6371647.56926305
 20
6170215.91939008
 10
6371663.45652302
 20
6170217.82480749
 10
6371664.38426246
 20
6170208.9884851
 10
6371648.46533832
 20
6170207.37975169
  0
LWPOLYLINE
  5
20059
330
1F
100
AcDbEntity
  8
ldf
 62
7
100
AcDbPolyline
 90
4
 70
0
 10
6371651.75353812
 20
6170309.31980036
 10
6371652.64694211
 20
6170304.14425728
 10
6371652.87084747
 20
6170302.84607819
 10
6371653.08922433
 20
6170301.58390181
  0
LWPOLYLINE
  5
2005A
330
1F
100
AcDbEntity
  8
ldf
 62
7
100
AcDbPolyline
 90
4
 70
0
 10
6371739.00508534
 20
6170244.29166255
 10
6371738.62182477
 20
6170246.64683075
 10
6371738.02826169
 20
6170249.77718862
 10
6371737.59722141
 20
6170252.94391376
  0
LWPOLYLINE
  5
2005B
330
1F
100
AcDbEntity
  8
ldf
 62
7
100
AcDbPolyline
 90
2
 70
0
 10
6371701.75747329
 20
6170296.24467031
 10
6371686.53298189
 20
6170295.19664211
  0
LWPOLYLINE
  5
2005C
330
1F
100
AcDbEntity
  8
ldf
 62
7
100
AcDbPolyline
 90
5
 70
0
 10
6371715.9543292
 20
6170312.55949724
 10
6371713.97407947
 20
6170312.39674008
 10
6371710.03956802
 20
6170312.07260293
 10
6371709.23427264
 20
6170312.00690859
 10
6371707.22704925
 20
6170311.84175966
  0
LWPOLYLINE
  5
2005D
330
1F
100
AcDbEntity
  8
ldf
 62
7
100
AcDbPolyline
 90
2
 70
0
 10
6371709.46216246
 20
6170296.77452631
 10
6371701.75747329
 20
6170296.24467031
  0
LWPOLYLINE
  5
2005E
330
1F
100
AcDbEntity
  8
ldf
 62
7
100
AcDbPolyline
 90
6
 70
0
 10
6371688.78396477
 20
6170280.41472568
 10
6371685.80644541
 20
6170280.0424466
 10
6371684.11797802
 20
6170279.83190443
 10
6371683.65867281
 20
6170279.77422822
 10
6371682.48044309
 20
6170279.62710238
 10
6371676.70713191
 20
6170278.90518562
  0
LWPOLYLINE
  5
2005F
330
1F
100
AcDbEntity
  8
ldf
 62
7
100
AcDbPolyline
 90
3
 70
0
 10
6371673.19185804
 20
6170303.19970201
 10
6371666.35771691
 20
6170302.65046026
 10
6371660.3868333
 20
6170302.17075431
  0
LWPOLYLINE
  5
20060
330
1F
100
AcDbEntity
  8
ldf
 62
7
100
AcDbPolyline
 90
4
 70
0
 10
6371660.3868333
 20
6170302.17075431
 10
6371656.44132708
 20
6170301.85358766
 10
6371655.58208454
 20
6170301.78410323
 10
6371653.08922433
 20
6170301.58390181
  0
LWPOLYLINE
  5
20061
330
1F
100
AcDbEntity
  8
ldf
 62
7
100
AcDbPolyline
 90
2
 70
0
 10
6371650.44818738
 20
6170316.90421173
 10
6371651.75353812
 20
6170309.31980036
  0
LWPOLYLINE
  5
20062
330
1F
100
AcDbEntity
  8
ldf
 62
7
100
AcDbPolyline
 90
5
 70
0
 10
6371674.28953271
 20
6170296.071421
 10
6371675.00245289
 20
6170291.47034007
 10
6371675.07199973
 20
6170291.02020975
 10
6371675.28388708
 20
6170289.65286064
 10
6371675.51542262
 20
6170287.27548554
  0
LWPOLYLINE
  5
20063
330
1F
100
AcDbEntity
  8
ldf
 62
7
100
AcDbPolyline
 90
3
 70
0
 10
6371675.51542262
 20
6170287.27548554
 10
6371675.62119286
 20
6170286.53479093
 10
6371676.70713191
 20
6170278.90518562
  0
LWPOLYLINE
  5
20064
330
1F
100
AcDbEntity
  8
ldf
 62
7
100
AcDbPolyline
 90
4
 70
0
 10
6371688.78396477
 20
6170280.41472568
 10
6371689.1056089
 20
6170278.23871894
 10
6371689.57247846
 20
6170275.08451652
 10
6371689.83013207
 20
6170272.76853906
  0
LWPOLYLINE
  5
20065
330
1F
100
AcDbEntity
  8
ldf
 62
7
100
AcDbPolyline
 90
2
 70
0
 10
6371689.83013207
 20
6170272.76853906
 10
6371691.06997277
 20
6170264.87308345
  0
LWPOLYLINE
  5
20066
330
1F
100
AcDbEntity
  8
ldf
 62
7
100
AcDbPolyline
 90
5
 70
0
 10
6371663.83978739
 20
6170235.68943942
 10
6371663.95564758
 20
6170234.17556276
 10
6371664.08903809
 20
6170232.42695833
 10
6371664.28805126
 20
6170229.80903766
 10
6371664.50660471
 20
6170226.94732524
  0
LWPOLYLINE
  5
20067
330
1F
100
AcDbEntity
  8
ldf
 62
7
100
AcDbPolyline
 90
6
 70
0
 10
6371664.50660471
 20
6170226.94732524
 10
6371664.65957842
 20
6170225.02095
 10
6371664.71327064
 20
6170224.35352295
 10
6371665.13651771
 20
6170219.03402152
 10
6371665.16597314
 20
6170218.65833291
 10
6371665.21601244
 20
6170218.03586674
  0
LWPOLYLINE
  5
20068
330
1F
100
AcDbEntity
  8
ldf
 62
7
100
AcDbPolyline
 90
7
 70
0
 10
6371665.21601244
 20
6170218.03586674
 10
6371665.26234081
 20
6170217.46236185
 10
6371665.30740803
 20
6170216.90684422
 10
6371665.41582159
 20
6170215.57000444
 10
6371665.79972662
 20
6170210.82510954
 10
6371665.82307935
 20
6170210.52535582
 10
6371665.93511685
 20
6170209.14555536
  0
LWPOLYLINE
  5
20069
330
1F
100
AcDbEntity
  8
ldf
 62
7
100
AcDbPolyline
 90
3
 70
0
 10
6371657.68966641
 20
6170208.31176408
 10
6371662.94958147
 20
6170208.84318087
 10
6371665.93511685
 20
6170209.14555536
  0
LWPOLYLINE
  5
2006A
330
1F
100
AcDbEntity
  8
ldf
 62
7
100
AcDbPolyline
 90
4
 70
0
 10
6371724.5352422
 20
6170247.42285737
 10
6371729.29765581
 20
6170248.25415337
 10
6371733.40852857
 20
6170248.97096881
 10
6371738.02826169
 20
6170249.77718862
  0
LWPOLYLINE
  5
2006B
330
1F
100
AcDbEntity
  8
ldf
 62
7
100
AcDbPolyline
 90
3
 70
0
 10
6371743.63555251
 20
6170215.73100711
 10
6371748.43875278
 20
6170216.50887842
 10
6371750.42868293
 20
6170216.83182579
  0
LWPOLYLINE
  5
2006C
330
1F
100
AcDbEntity
  8
ldf
 62
7
100
AcDbPolyline
 90
3
 70
0
 10
6371743.63555251
 20
6170215.73100711
 10
6371742.65531718
 20
6170221.79666196
 10
6371742.3828122
 20
6170223.4812295
  0
LWPOLYLINE
  5
2006D
330
1F
100
AcDbEntity
  8
ldf
 62
7
100
AcDbPolyline
 90
4
 70
0
 10
6371742.3828122
 20
6170223.4812295
 10
6371741.86627028
 20
6170226.68072512
 10
6371741.74097596
 20
6170227.4571475
 10
6371741.22781145
 20
6170230.63068412
  0
LWPOLYLINE
  5
2006E
330
1F
100
AcDbEntity
  8
ldf
 62
7
100
AcDbPolyline
 90
3
 70
0
 10
6371741.22781145
 20
6170230.63068412
 10
6371740.34712803
 20
6170236.03958028
 10
6371740.09891671
 20
6170237.56645153
  0
LWPOLYLINE
  5
2006F
330
1F
100
AcDbEntity
  8
ldf
 62
7
100
AcDbPolyline
 90
3
 70
0
 10
6371736.65441364
 20
6170260.36052689
 10
6371735.94345632
 20
6170264.2054027
 10
6371735.39750829
 20
6170267.15639574
  0
LWPOLYLINE
  5
20070
330
1F
100
AcDbEntity
  8
ldf
 62
7
100
AcDbPolyline
 90
2
 70
0
 10
6371709.46216246
 20
6170296.77452631
 10
6371708.33246623
 20
6170304.38649108
  0
LWPOLYLINE
  5
20071
330
1F
100
AcDbEntity
  8
ldf
 62
7
100
AcDbPolyline
 90
4
 70
0
 10
6371708.33246623
 20
6170304.38649108
 10
6371708.08966063
 20
6170306.02347478
 10
6371707.46984031
 20
6170310.20577605
 10
6371707.22704925
 20
6170311.84175966
  0
LWPOLYLINE
  5
20072
330
1F
100
AcDbEntity
  8
ldf
 62
7
100
AcDbPolyline
 90
5
 70
0
 10
6371715.9543292
 20
6170312.55949724
 10
6371715.55203654
 20
6170315.12345402
 10
6371715.34142497
 20
6170316.47181562
 10
6371715.26874736
 20
6170316.93090326
 10
6371714.74842238
 20
6170320.2533823
  0
LWPOLYLINE
  5
20073
330
1F
100
AcDbEntity
  8
ldf
 62
7
100
AcDbPolyline
 90
4
 70
0
 10
6371673.19185804
 20
6170303.19970201
 10
6371673.6357808
 20
6170300.31725036
 10
6371674.24532304
 20
6170296.36086918
 10
6371674.28953271
 20
6170296.071421
  0
LWPOLYLINE
  5
20074
330
1F
100
AcDbEntity
  8
ldf
 62
7
100
AcDbPolyline
 90
3
 70
0
 10
6371672.00589569
 20
6170262.68814141
 10
6371672.20967974
 20
6170260.07819281
 10
6371673.40687679
 20
6170243.680629
  0
LWPOLYLINE
  5
20075
330
1F
100
AcDbEntity
  8
ldf
 62
7
100
AcDbPolyline
 90
6
 70
0
 10
6371663.83864453
 20
6170236.79974994
 10
6371666.84052868
 20
6170236.93523412
 10
6371668.44709506
 20
6170237.00767466
 10
6371669.51672877
 20
6170237.05615499
 10
6371672.22567576
 20
6170237.17737685
 10
6371673.91008597
 20
6170237.25381918
  0
LWPOLYLINE
  5
20076
330
1F
100
AcDbEntity
  8
ldf
 62
7
100
AcDbPolyline
 90
7
 70
0
 10
6371740.09891671
 20
6170237.56645153
 10
6371740.00451121
 20
6170238.14426064
 10
6371739.60579896
 20
6170240.59923551
 10
6371739.57392458
 20
6170240.7968342
 10
6371739.44542696
 20
6170241.58721444
 10
6371739.29721627
 20
6170242.49534513
 10
6371739.00508534
 20
6170244.29166255
  0
LWPOLYLINE
  5
20077
330
1F
100
AcDbEntity
  8
ldf
 62
7
100
AcDbPolyline
 90
5
 70
0
 10
6371672.00589569
 20
6170262.68814141
 10
6371672.79771401
 20
6170262.77854851
 10
6371675.48607536
 20
6170263.08661613
 10
6371682.48957839
 20
6170263.8903923
 10
6371685.97087136
 20
6170264.28898277
  0
LWPOLYLINE
  5
20078
330
1F
100
AcDbEntity
  8
ldf
 62
7
100
AcDbPolyline
 90
3
 70
0
 10
6371714.02742429
 20
6170265.53609835
 10
6371713.99856977
 20
6170266.83607994
 10
6371713.25087358
 20
6170273.62833013
  0
LWPOLYLINE
  5
20079
330
1F
100
AcDbEntity
  8
ldf
 62
7
100
AcDbPolyline
 90
4
 70
0
 10
6371713.25087358
 20
6170273.62833013
 10
6371713.05405662
 20
6170275.40502345
 10
6371712.68802173
 20
6170278.71073401
 10
6371712.34045389
 20
6170281.84666006
  0
LWPOLYLINE
  5
2007A
330
1F
100
AcDbEntity
  8
tejido
 62
8
420
8421504
100
AcDbPolyline
 90
10
 70
1
 10
6371671.06769616
 20
6170295.70787902
 10
6371669.2925608
 20
6170295.54311756
 10
6371667.08281831
 20
6170295.33798565
 10
6371666.94996641
 20
6170295.32525259
 10
6371666.29459505
 20
6170302.58080228
 10
6371669.36934912
 20
6170302.82808899
 10
6371669.47194193
 20
6170299.5341289
 10
6371669.86503474
 20
6170299.06910329
 10
6371670.93765446
 20
6170298.97903425
 10
6371671.06769616
 20
6170295.70787902
  0
LWPOLYLINE
  5
2007B
330
1F
100
AcDbEntity
  8
tejido
 62
8
420
8421504
100
AcDbPolyline
 90
10
 70
1
 10
6371673.85614447
 20
6170237.87670105
 10
6371673.52180674
 20
6170241.61580275
 10
6371673.34365383
 20
6170243.61127071
 10
6371671.94267803
 20
6170262.61841688
 10
6371672.73457606
 20
6170262.70908742
 10
6371685.90777566
 20
6170264.2193699
 10
6371686.19515339
 20
6170260.33354633
 10
6371687.20007391
 20
6170246.78693933
 10
6371687.78076386
 20
6170238.94290728
 10
6371673.85614447
 20
6170237.87670105
  0
LWPOLYLINE
  5
2007C
330
1F
100
AcDbEntity
  8
tejido
 62
8
420
8421504
100
AcDbPolyline
 90
12
 70
1
 10
6371670.51502823
 20
6170320.09441311
 10
6371670.76572273
 20
6170318.46455014
 10
6371661.70136618
 20
6170317.81494175
 10
6371661.1040664
 20
6170321.61745081
 10
6371658.7467818
 20
6170321.2421591
 10
6371657.54132363
 20
6170328.69499554
 10
6371656.06037518
 20
6170328.45244379
 10
6371655.50111676
 20
6170331.90938975
 10
6371655.80088775
 20
6170331.93070976
 10
6371668.25178517
 20
6170332.82449365
 10
6371668.55057862
 20
6170332.84586053
 10
6371670.51502823
 20
6170320.09441311
  0
LWPOLYLINE
  5
2007D
330
1F
100
AcDbEntity
  8
tejido
 62
8
420
8421504
100
AcDbPolyline
 90
7
 70
1
 10
6371666.56939074
 20
6170319.43099223
 10
6371665.35040769
 20
6170327.34074324
 10
6371661.38376993
 20
6170326.81609883
 10
6371662.44940501
 20
6170319.89441902
 10
6371664.92942155
 20
6170320.22246417
 10
6371665.08179289
 20
6170319.2343787
 10
6371666.56939074
 20
6170319.43099223
  0
LWPOLYLINE
  5
2007E
330
1F
100
AcDbEntity
  8
tejido
 62
8
420
8421504
100
AcDbPolyline
 90
5
 70
1
 10
6371666.11176034
 20
6170323.95077359
 10
6371666.87115271
 20
6170319.18028474
 10
6371668.61769781
 20
6170319.4556886
 10
6371667.84829471
 20
6170324.22603226
 10
6371666.11176034
 20
6170323.95077359
  0
LWPOLYLINE
  5
2007F
330
1F
100
AcDbEntity
  8
tejido
 62
8
420
8421504
100
AcDbPolyline
 90
8
 70
1
 10
6371649.00900196
 20
6170301.19144017
 10
6371646.55572287
 20
6170300.99419382
 10
6371646.44053711
 20
6170302.17990073
 10
6371651.35615004
 20
6170302.64046298
 10
6371651.26815544
 20
6170303.87937584
 10
6371652.58372444
 20
6170304.07453275
 10
6371653.02619068
 20
6170301.51411889
 10
6371649.00900196
 20
6170301.19144017
  0
LWPOLYLINE
  5
20080
330
1F
100
AcDbEntity
  8
tejido
 62
8
420
8421504
100
AcDbPolyline
 90
14
 70
1
 10
6371713.49367496
 20
6170327.78879726
 10
6371713.86854048
 20
6170325.39353136
 10
6371714.68528318
 20
6170320.18373707
 10
6371715.20565377
 20
6170316.8612792
 10
6371713.24279503
 20
6170316.6027032
 10
6371711.74416314
 20
6170316.40495282
 10
6371710.20664544
 20
6170316.20260898
 10
6371708.57125594
 20
6170315.98779512
 10
6371706.57846846
 20
6170315.72585452
 10
6371704.03591659
 20
6170332.88427711
 10
6371703.74204548
 20
6170334.86860351
 10
6371703.66885217
 20
6170335.36470436
 10
6371712.21056675
 20
6170335.97773266
 10
6371713.49367496
 20
6170327.78879726
  0
LWPOLYLINE
  5
20081
330
1F
100
AcDbEntity
  8
tejido
 62
8
420
8421504
100
AcDbPolyline
 90
5
 70
1
 10
6371709.1710916
 20
6170311.93721519
 10
6371707.16386821
 20
6170311.77206626
 10
6371706.57837208
 20
6170315.72579482
 10
6371708.57118746
 20
6170315.98776464
 10
6371709.1710916
 20
6170311.93721519
  0
LWPOLYLINE
  5
20082
330
1F
100
AcDbEntity
  8
tejido
 62
8
420
8421504
100
AcDbPolyline
 90
7
 70
1
 10
6371715.27824394
 20
6170316.40212222
 10
6371715.48885551
 20
6170315.05376062
 10
6371715.89114817
 20
6170312.48980384
 10
6371713.91089844
 20
6170312.32704669
 10
6371713.24271041
 20
6170316.60267542
 10
6371715.20556633
 20
6170316.86120985
 10
6371715.27824394
 20
6170316.40212222
  0
LWPOLYLINE
  5
20083
330
1F
100
AcDbEntity
  8
tejido
 62
8
420
8421504
100
AcDbPolyline
 90
7
 70
1
 10
6371704.03585004
 20
6170332.88421539
 10
6371696.45140441
 20
6170332.34009905
 10
6371696.16353368
 20
6170334.32553676
 10
6371696.0913196
 20
6170334.82164253
 10
6371703.66877906
 20
6170335.3646572
 10
6371703.74199323
 20
6170334.86856594
 10
6371704.03585004
 20
6170332.88421539
  0
LWPOLYLINE
  5
20084
330
1F
100
AcDbEntity
  8
tejido
 62
8
420
8421504
100
AcDbPolyline
 90
11
 70
1
 10
6371706.57837208
 20
6170315.72579482
 10
6371707.16386821
 20
6170311.77206626
 10
6371707.40665928
 20
6170310.13608264
 10
6371708.0264796
 20
6170305.95378138
 10
6371708.2692852
 20
6170304.31679767
 10
6371709.39898143
 20
6170296.7048329
 10
6371701.69429226
 20
6170296.1749769
 10
6371701.40536319
 20
6170298.16440043
 10
6371696.45140441
 20
6170332.34009905
 10
6371704.03585004
 20
6170332.88421539
 10
6371706.57837208
 20
6170315.72579482
  0
LWPOLYLINE
  5
20085
330
1F
100
AcDbEntity
  8
tejido
 62
8
420
8421504
100
AcDbPolyline
 90
9
 70
1
 10
6371696.45150545
 20
6170332.34014026
 10
6371701.40543444
 20
6170298.1644417
 10
6371686.16915924
 20
6170297.03324403
 10
6371685.73647133
 20
6170299.77403064
 10
6371685.09980145
 20
6170303.80742396
 10
6371680.38293388
 20
6170333.69361507
 10
6371696.09138466
 20
6170334.82170618
 10
6371696.16360132
 20
6170334.32559116
 10
6371696.45150545
 20
6170332.34014026
  0
LWPOLYLINE
  5
20086
330
1F
100
AcDbEntity
  8
tejido
 62
8
420
8421504
100
AcDbPolyline
 90
25
 70
1
 10
6371680.38268972
 20
6170333.69361153
 10
6371685.09980145
 20
6170303.80742396
 10
6371681.27656174
 20
6170303.20402328
 10
6371681.9130494
 20
6170299.17056622
 10
6371685.73647133
 20
6170299.77403064
 10
6371686.16897611
 20
6170297.03324137
 10
6371686.46965247
 20
6170295.12697946
 10
6371687.01859721
 20
6170291.65291136
 10
6371681.8091909
 20
6170291.34829415
 10
6371675.00866452
 20
6170290.95057485
 10
6371674.22639663
 20
6170296.0017631
 10
6371673.99471073
 20
6170297.50808429
 10
6371676.96037361
 20
6170297.96503574
 10
6371676.74510163
 20
6170299.36255258
 10
6371677.86172621
 20
6170299.53455465
 10
6371677.55231837
 20
6170301.54191745
 10
6371673.46997074
 20
6170300.91290204
 10
6371673.12851986
 20
6170303.13007
 10
6371672.33019017
 20
6170308.31210821
 10
6371671.01387808
 20
6170316.85821717
 10
6371674.57263964
 20
6170317.40637504
 10
6371674.07396407
 20
6170320.643184
 10
6371670.5148451
 20
6170320.09441045
 10
6371668.55033445
 20
6170332.84585699
 10
6371680.38268972
 20
6170333.69361153
  0
LWPOLYLINE
  5
20087
330
1F
100
AcDbEntity
  8
tejido
 62
8
420
8421504
100
AcDbPolyline
 90
6
 70
1
 10
6371682.37571828
 20
6170287.65535837
 10
6371675.55786651
 20
6170286.46515176
 10
6371675.45212551
 20
6170287.20585119
 10
6371675.00866452
 20
6170290.95057485
 10
6371681.80900777
 20
6170291.34829149
 10
6371682.37571828
 20
6170287.65535837
  0
LWPOLYLINE
  5
20088
330
1F
100
AcDbEntity
  8
tejido
 62
8
420
8421504
100
AcDbPolyline
 90
7
 70
1
 10
6371661.85007998
 20
6170316.87277685
 10
6371662.53673469
 20
6170312.49539746
 10
6371658.71510702
 20
6170312.04184661
 10
6371658.23555278
 20
6170315.00840297
 10
6371657.89867058
 20
6170317.09156284
 10
6371661.77182022
 20
6170317.3688043
 10
6371661.85007998
 20
6170316.87277685
  0
LWPOLYLINE
  5
20089
330
1F
100
AcDbEntity
  8
tejido
 62
8
420
8421504
100
AcDbPolyline
 90
11
 70
1
 10
6371671.01387808
 20
6170316.85821717
 10
6371672.33037329
 20
6170308.31211087
 10
6371659.66442189
 20
6170306.17782707
 10
6371659.06445641
 20
6170309.8862744
 10
6371658.71510702
 20
6170312.04184661
 10
6371662.53673469
 20
6170312.49539746
 10
6371661.85007998
 20
6170316.87277685
 10
6371666.90734163
 20
6170317.23624131
 10
6371666.83111127
 20
6170317.73126025
 10
6371670.83520011
 20
6170318.01839854
 10
6371671.01387808
 20
6170316.85821717
  0
LWPOLYLINE
  5
2008A
330
1F
100
AcDbEntity
  8
tejido
 62
8
420
8421504
100
AcDbPolyline
 90
7
 70
1
 10
6371673.12876402
 20
6170303.13007354
 10
6371669.36935116
 20
6170302.82804487
 10
6371666.29459621
 20
6170302.5808192
 10
6371660.32369949
 20
6170302.10110768
 10
6371659.66442189
 20
6170306.17782707
 10
6371672.33037329
 20
6170308.31211087
 10
6371673.12876402
 20
6170303.13007354
  0
LWPOLYLINE
  5
2008B
330
1F
100
AcDbEntity
  8
tejido
 62
8
420
8421504
100
AcDbPolyline
 90
17
 70
1
 10
6371658.23555278
 20
6170315.00840297
 10
6371654.73310206
 20
6170314.44207385
 10
6371655.51921015
 20
6170309.58075764
 10
6371655.18615146
 20
6170309.5519337
 10
6371651.69042628
 20
6170309.25018774
 10
6371650.38506891
 20
6170316.83455116
 10
6371649.94897811
 20
6170320.07525957
 10
6371649.75769182
 20
6170321.26285458
 10
6371649.42369278
 20
6170323.34086673
 10
6371648.4515367
 20
6170329.38643501
 10
6371648.13054018
 20
6170331.38038127
 10
6371655.50111676
 20
6170331.90938975
 10
6371656.06037518
 20
6170328.45244379
 10
6371657.26469386
 20
6170321.006612
 10
6371657.33834512
 20
6170320.55050806
 10
6371657.89867058
 20
6170317.09156284
 10
6371658.23555278
 20
6170315.00840297
  0
LWPOLYLINE
  5
2008C
330
1F
100
AcDbEntity
  8
tejido
 62
8
420
8421504
100
AcDbPolyline
 90
5
 70
1
 10
6371656.49592355
 20
6170316.55910087
 10
6371656.14621596
 20
6170318.60464869
 10
6371653.93075362
 20
6170318.24240325
 10
6371654.27051152
 20
6170316.19671113
 10
6371656.49592355
 20
6170316.55910087
  0
LWPOLYLINE
  5
2008D
330
1F
100
AcDbEntity
  8
tejido
 62
8
420
8421504
100
AcDbPolyline
 90
7
 70
1
 10
6371656.3781103
 20
6170301.78380209
 10
6371655.51904734
 20
6170301.71456447
 10
6371653.02619068
 20
6170301.51411889
 10
6371652.58372444
 20
6170304.07453275
 10
6371651.69042628
 20
6170309.25018774
 10
6371655.18615146
 20
6170309.5519337
 10
6371656.3781103
 20
6170301.78380209
  0
LWPOLYLINE
  5
2008E
330
1F
100
AcDbEntity
  8
tejido
 62
8
420
8421504
100
AcDbPolyline
 90
7
 70
1
 10
6371659.66442189
 20
6170306.17782707
 10
6371660.32369949
 20
6170302.10110768
 10
6371656.3781103
 20
6170301.78380209
 10
6371655.18615146
 20
6170309.5519337
 10
6371655.51921015
 20
6170309.58075764
 10
6371659.06445641
 20
6170309.8862744
 10
6371659.66442189
 20
6170306.17782707
  0
LWPOLYLINE
  5
2008F
330
1F
100
AcDbEntity
  8
tejido
 62
8
420
8421504
100
AcDbPolyline
 90
7
 70
1
 10
6371643.67977407
 20
6170300.76279448
 10
6371642.24844651
 20
6170300.6476491
 10
6371641.98988931
 20
6170303.29968556
 10
6371646.29094153
 20
6170303.71757311
 10
6371646.44053711
 20
6170302.17990073
 10
6371646.55572287
 20
6170300.99419382
 10
6371643.67977407
 20
6170300.76279448
  0
LWPOLYLINE
  5
20090
330
1F
100
AcDbEntity
  8
tejido
 62
8
420
8421504
100
AcDbPolyline
 90
6
 70
1
 10
6371648.87725857
 20
6170306.73139682
 10
6371645.11719548
 20
6170306.39419167
 10
6371644.96432996
 20
6170308.70048589
 10
6371647.27230474
 20
6170308.88903127
 10
6371648.63214078
 20
6170308.99978193
 10
6371648.87725857
 20
6170306.73139682
  0
LWPOLYLINE
  5
20091
330
1F
100
AcDbEntity
  8
tejido
 62
8
420
8421504
100
AcDbPolyline
 90
5
 70
1
 10
6371645.24860268
 20
6170304.4224672
 10
6371645.11737595
 20
6170306.39437745
 10
6371648.87750539
 20
6170306.73121724
 10
6371649.07431746
 20
6170304.78785447
 10
6371645.24860268
 20
6170304.4224672
  0
LWPOLYLINE
  5
20092
330
1F
100
AcDbEntity
  8
tejido
 62
8
420
8421504
100
AcDbPolyline
 90
12
 70
1
 10
6371666.79881174
 20
6170286.08600058
 10
6371664.29184352
 20
6170285.76155774
 10
6371650.53132712
 20
6170283.98052621
 10
6371646.40679808
 20
6170283.44656939
 10
6371640.50016629
 20
6170282.68180672
 10
6371639.44261496
 20
6170292.76858095
 10
6371666.95002064
 20
6170295.32513617
 10
6371667.08277408
 20
6170295.33806464
 10
6371667.58649601
 20
6170291.02904079
 10
6371666.39536648
 20
6170290.87472576
 10
6371666.45208784
 20
6170290.20534202
 10
6371666.79881174
 20
6170286.08600058
  0
LWPOLYLINE
  5
20093
330
1F
100
AcDbEntity
  8
tejido
 62
8
420
8421504
100
AcDbPolyline
 90
5
 70
1
 10
6371652.77835572
 20
6170289.40677121
 10
6371653.19031038
 20
6170285.83164275
 10
6371657.71422634
 20
6170286.34738374
 10
6371657.30227168
 20
6170289.92251216
 10
6371652.77835572
 20
6170289.40677121
  0
LWPOLYLINE
  5
20094
330
1F
100
AcDbEntity
  8
tejido
 62
8
420
8421504
100
AcDbPolyline
 90
11
 70
1
 10
6371671.6203861
 20
6170290.97740328
 10
6371672.11148423
 20
6170286.77322876
 10
6371667.13229323
 20
6170286.12884818
 10
6371666.79881174
 20
6170286.08600058
 10
6371666.45208784
 20
6170290.20534202
 10
6371666.39536648
 20
6170290.87472576
 10
6371667.58649601
 20
6170291.02904079
 10
6371667.08277408
 20
6170295.33806464
 10
6371669.29248238
 20
6170295.54306133
 10
6371669.86407152
 20
6170290.7548739
 10
6371671.6203861
 20
6170290.97740328
  0
LWPOLYLINE
  5
20095
330
1F
100
AcDbEntity
  8
tejido
 62
8
420
8421504
100
AcDbPolyline
 90
5
 70
1
 10
6371671.6203861
 20
6170290.97740328
 10
6371669.86407152
 20
6170290.7548739
 10
6371669.29248238
 20
6170295.54306133
 10
6371671.06763988
 20
6170295.70784607
 10
6371671.6203861
 20
6170290.97740328
  0
LWPOLYLINE
  5
20096
330
1F
100
AcDbEntity
  8
tejido
 62
8
420
8421504
100
AcDbPolyline
 90
8
 70
1
 10
6371675.00890869
 20
6170290.9505784
 10
6371675.45230863
 20
6170287.20585385
 10
6371672.68966854
 20
6170286.84867793
 10
6371672.11154345
 20
6170286.77325716
 10
6371671.62045233
 20
6170290.97745376
 10
6371671.06769732
 20
6170295.70789593
 10
6371674.22639663
 20
6170296.0017631
 10
6371675.00890869
 20
6170290.9505784
  0
LWPOLYLINE
  5
20097
330
1F
100
AcDbEntity
  8
tejido
 62
8
420
8421504
100
AcDbPolyline
 90
5
 70
1
 10
6371672.00892347
 20
6170278.25612078
 10
6371668.07184747
 20
6170277.76389424
 10
6371667.58371933
 20
6170282.10815496
 10
6371671.49415585
 20
6170282.50596621
 10
6371672.00892347
 20
6170278.25612078
  0
LWPOLYLINE
  5
20098
330
1F
100
AcDbEntity
  8
tejido
 62
8
420
8421504
100
AcDbPolyline
 90
8
 70
1
 10
6371675.55801183
 20
6170286.46509751
 10
6371676.64395088
 20
6170278.83549221
 10
6371672.00892347
 20
6170278.25612078
 10
6371671.49415585
 20
6170282.50596621
 10
6371673.22142408
 20
6170282.73107535
 10
6371672.68956903
 20
6170286.84863234
 10
6371675.45224159
 20
6170287.20579212
 10
6371675.55801183
 20
6170286.46509751
  0
LWPOLYLINE
  5
20099
330
1F
100
AcDbEntity
  8
tejido
 62
8
420
8421504
100
AcDbPolyline
 90
6
 70
1
 10
6371674.93073833
 20
6170223.35686611
 10
6371674.81195929
 20
6170224.99664002
 10
6371674.61123309
 20
6170227.74457578
 10
6371677.60948358
 20
6170227.92890618
 10
6371677.9176957
 20
6170223.70105519
 10
6371674.93073833
 20
6170223.35686611
  0
LWPOLYLINE
  5
2009A
330
1F
100
AcDbEntity
  8
tejido
 62
8
420
8421504
100
AcDbPolyline
 90
17
 70
1
 10
6371689.04251227
 20
6170278.16906943
 10
6371684.34202172
 20
6170277.55074923
 10
6371684.745262
 20
6170274.43661812
 10
6371689.50934091
 20
6170275.01489328
 10
6371689.76699399
 20
6170272.69888504
 10
6371685.04826704
 20
6170272.100326
 10
6371680.39734865
 20
6170271.51172519
 10
6371676.4254022
 20
6170271.00794458
 10
6371668.63038472
 20
6170270.01963731
 10
6371662.0284861
 20
6170269.18270625
 10
6371661.21923252
 20
6170276.90736099
 10
6371664.41639134
 20
6170277.30679887
 10
6371668.07190031
 20
6170277.7639245
 10
6371672.00896951
 20
6170278.2561485
 10
6371676.64402539
 20
6170278.83554427
 10
6371688.72082918
 20
6170280.34506828
 10
6371689.04251227
 20
6170278.16906943
  0
LWPOLYLINE
  5
2009B
330
1F
100
AcDbEntity
  8
tejido
 62
8
420
8421504
100
AcDbPolyline
 90
22
 70
1
 10
6371676.58839105
 20
6170269.0776839
 10
6371676.74769805
 20
6170267.19741471
 10
6371672.29382979
 20
6170266.68679051
 10
6371669.04821162
 20
6170266.31562503
 10
6371666.82921444
 20
6170266.06137831
 10
6371666.96144192
 20
6170264.86892818
 10
6371665.47055717
 20
6170264.69826251
 10
6371665.78004751
 20
6170261.91179154
 10
6371664.9943121
 20
6170261.8216731
 10
6371645.82305755
 20
6170259.62487371
 10
6371642.95194057
 20
6170259.29605026
 10
6371642.81503051
 20
6170260.59756617
 10
6371643.80750326
 20
6170260.72399284
 10
6371643.32801137
 20
6170265.30045057
 10
6371642.33553862
 20
6170265.17402392
 10
6371642.17884385
 20
6170266.66721202
 10
6371653.52947723
 20
6170268.1062034
 10
6371655.58832836
 20
6170268.36713056
 10
6371662.02838832
 20
6170269.18264212
 10
6371668.63038551
 20
6170270.01970786
 10
6371676.42535718
 20
6170271.00801446
 10
6371676.58839105
 20
6170269.0776839
  0
LWPOLYLINE
  5
2009C
330
1F
100
AcDbEntity
  8
tejido
 62
8
420
8421504
100
AcDbPolyline
 90
5
 70
1
 10
6371642.81503051
 20
6170260.59756617
 10
6371642.33553862
 20
6170265.17402392
 10
6371643.32801137
 20
6170265.30045057
 10
6371643.80750326
 20
6170260.72399284
 10
6371642.81503051
 20
6170260.59756617
  0
LWPOLYLINE
  5
2009D
330
1F
100
AcDbEntity
  8
tejido
 62
8
420
8421504
100
AcDbPolyline
 90
6
 70
1
 10
6371669.47604113
 20
6170262.3356023
 10
6371665.78004751
 20
6170261.91179154
 10
6371665.47055717
 20
6170264.69826251
 10
6371666.96144192
 20
6170264.86892818
 10
6371669.0926625
 20
6170265.11279924
 10
6371669.47604113
 20
6170262.3356023
  0
LWPOLYLINE
  5
2009E
330
1F
100
AcDbEntity
  8
tejido
 62
8
420
8421504
100
AcDbPolyline
 90
6
 70
1
 10
6371669.0926625
 20
6170265.11279924
 10
6371666.96144192
 20
6170264.86892818
 10
6371666.82921444
 20
6170266.06137831
 10
6371669.04821162
 20
6170266.31562503
 10
6371668.9864974
 20
6170266.08766021
 10
6371669.0926625
 20
6170265.11279924
  0
LWPOLYLINE
  5
2009F
330
1F
100
AcDbEntity
  8
tejido
 62
8
420
8421504
100
AcDbPolyline
 90
9
 70
1
 10
6371672.73453299
 20
6170262.70885509
 10
6371671.94270136
 20
6170262.61834816
 10
6371669.59977338
 20
6170262.3498004
 10
6371669.47604113
 20
6170262.3356023
 10
6371669.0926625
 20
6170265.11279924
 10
6371668.9864974
 20
6170266.08766021
 10
6371669.04821162
 20
6170266.31562503
 10
6371672.29382979
 20
6170266.68679051
 10
6371672.73453299
 20
6170262.70885509
  0
LWPOLYLINE
  5
200A0
330
1F
100
AcDbEntity
  8
tejido
 62
8
420
8421504
100
AcDbPolyline
 90
10
 70
1
 10
6371683.70729829
 20
6170267.99355198
 10
6371682.31817853
 20
6170267.83436513
 10
6371678.54427752
 20
6170267.40252257
 10
6371678.3525184
 20
6170269.24430945
 10
6371676.58839105
 20
6170269.0776839
 10
6371676.42535718
 20
6170271.00801446
 10
6371680.39727839
 20
6170271.51164974
 10
6371680.4708872
 20
6170270.64344967
 10
6371683.45385667
 20
6170270.98479833
 10
6371683.70729829
 20
6170267.99355198
  0
LWPOLYLINE
  5
200A1
330
1F
100
AcDbEntity
  8
tejido
 62
8
420
8421504
100
AcDbPolyline
 90
5
 70
1
 10
6371678.54427752
 20
6170267.40252257
 10
6371676.74769805
 20
6170267.19741471
 10
6371676.58839105
 20
6170269.0776839
 10
6371678.3525184
 20
6170269.24430945
 10
6371678.54427752
 20
6170267.40252257
  0
LWPOLYLINE
  5
200A2
330
1F
100
AcDbEntity
  8
tejido
 62
8
420
8421504
100
AcDbPolyline
 90
11
 70
1
 10
6371691.00679175
 20
6170264.80339004
 10
6371686.78749999
 20
6170264.32007484
 10
6371686.29279453
 20
6170268.29012478
 10
6371685.30013338
 20
6170268.17669942
 10
6371683.70729829
 20
6170267.99355198
 10
6371683.45385667
 20
6170270.98479833
 10
6371680.4708872
 20
6170270.64344967
 10
6371680.39727839
 20
6170271.51164974
 10
6371685.0481767
 20
6170272.10025417
 10
6371689.76695105
 20
6170272.69884565
 10
6371691.00679175
 20
6170264.80339004
  0
LWPOLYLINE
  5
200A3
330
1F
100
AcDbEntity
  8
tejido
 62
8
420
8421504
100
AcDbPolyline
 90
6
 70
1
 10
6371682.31817853
 20
6170267.83436513
 10
6371683.70729829
 20
6170267.99355198
 10
6371685.30013338
 20
6170268.17669942
 10
6371685.6704124
 20
6170265.19915108
 10
6371682.68944315
 20
6170264.85783137
 10
6371682.31817853
 20
6170267.83436513
  0
LWPOLYLINE
  5
200A4
330
1F
100
AcDbEntity
  8
tejido
 62
8
420
8421504
100
AcDbPolyline
 90
12
 70
1
 10
6371663.89254506
 20
6170234.10591559
 10
6371664.02590675
 20
6170232.35731074
 10
6371662.63488282
 20
6170232.19109786
 10
6371659.59526643
 20
6170231.82795115
 10
6371659.93894305
 20
6170229.37313242
 10
6371662.83023406
 20
6170229.62014051
 10
6371664.2249306
 20
6170229.73939512
 10
6371664.4434862
 20
6170226.87766905
 10
6371646.61811926
 20
6170224.31750254
 10
6371645.71738548
 20
6170232.91506251
 10
6371663.77656974
 20
6170235.61971488
 10
6371663.89254506
 20
6170234.10591559
  0
LWPOLYLINE
  5
200A5
330
1F
100
AcDbEntity
  8
tejido
 62
8
420
8421504
100
AcDbPolyline
 90
5
 70
1
 10
6371662.8301698
 20
6170229.62008859
 10
6371659.93886048
 20
6170229.37309734
 10
6371659.59516792
 20
6170231.82787041
 10
6371662.63483856
 20
6170232.19104819
 10
6371662.8301698
 20
6170229.62008859
  0
LWPOLYLINE
  5
200A6
330
1F
100
AcDbEntity
  8
tejido
 62
8
420
8421504
100
AcDbPolyline
 90
5
 70
1
 10
6371664.22487024
 20
6170229.73934423
 10
6371662.8301698
 20
6170229.62008859
 10
6371662.63483856
 20
6170232.19104819
 10
6371664.02585707
 20
6170232.3572649
 10
6371664.22487024
 20
6170229.73934423
  0
LWPOLYLINE
  5
200A7
330
1F
100
AcDbEntity
  8
tejido
 62
8
420
8421504
100
AcDbPolyline
 90
8
 70
1
 10
6371647.50616445
 20
6170215.84974247
 10
6371646.61811926
 20
6170224.31750254
 10
6371664.4434862
 20
6170226.87766905
 10
6371664.65015859
 20
6170224.28385855
 10
6371665.10285551
 20
6170218.58871727
 10
6371665.15291112
 20
6170217.96620445
 10
6371650.15276408
 20
6170216.16744391
 10
6371647.50616445
 20
6170215.84974247
  0
LWPOLYLINE
  5
200A8
330
1F
100
AcDbEntity
  8
tejido
 62
8
420
8421504
100
AcDbPolyline
 90
6
 70
1
 10
6371663.89259062
 20
6170234.10597652
 10
6371663.7766153
 20
6170235.6197758
 10
6371663.77553349
 20
6170236.7300872
 10
6371668.38392385
 20
6170236.93795
 10
6371668.54194219
 20
6170234.31846291
 10
6371663.89259062
 20
6170234.10597652
  0
LWPOLYLINE
  5
200A9
330
1F
100
AcDbEntity
  8
tejido
 62
8
420
8421504
100
AcDbPolyline
 90
8
 70
1
 10
6371674.42138849
 20
6170230.35261157
 10
6371664.22492794
 20
6170229.73957824
 10
6371664.02590675
 20
6170232.35731074
 10
6371663.89272818
 20
6170234.10591825
 10
6371668.5420771
 20
6170234.31858776
 10
6371668.38406142
 20
6170236.93789173
 10
6371673.84695537
 20
6170237.184155
 10
6371674.42138849
 20
6170230.35261157
  0
LWPOLYLINE
  5
200AA
330
1F
100
AcDbEntity
  8
tejido
 62
8
420
8421504
100
AcDbPolyline
 90
7
 70
1
 10
6371664.65033818
 20
6170224.28410537
 10
6371664.44366578
 20
6170226.87791587
 10
6371664.22511106
 20
6170229.73958089
 10
6371674.42120537
 20
6170230.35260892
 10
6371674.61104997
 20
6170227.74457312
 10
6371674.81195929
 20
6170224.99664002
 10
6371664.65033818
 20
6170224.28410537
  0
LWPOLYLINE
  5
200AB
330
1F
100
AcDbEntity
  8
tejido
 62
8
420
8421504
100
AcDbPolyline
 90
6
 70
1
 10
6371675.80974086
 20
6170211.30669652
 10
6371675.66238854
 20
6170213.32538423
 10
6371675.52125428
 20
6170215.26473093
 10
6371679.225903
 20
6170215.50772106
 10
6371679.43606985
 20
6170211.49830355
 10
6371675.80974086
 20
6170211.30669652
  0
LWPOLYLINE
  5
200AC
330
1F
100
AcDbEntity
  8
tejido
 62
8
420
8421504
100
AcDbPolyline
 90
6
 70
1
 10
6371679.91631518
 20
6170202.86778314
 10
6371676.43552993
 20
6170202.7231002
 10
6371676.38780681
 20
6170203.38264551
 10
6371676.15696233
 20
6170206.54024382
 10
6371679.57596977
 20
6170206.76010406
 10
6371679.91631518
 20
6170202.86778314
  0
LWPOLYLINE
  5
200AD
330
1F
100
AcDbEntity
  8
tejido
 62
8
420
8421504
100
AcDbPolyline
 90
7
 70
1
 10
6371676.15696233
 20
6170206.54024382
 10
6371675.80974086
 20
6170211.30669652
 10
6371679.43606985
 20
6170211.49830355
 10
6371682.33476691
 20
6170211.65139613
 10
6371682.59289073
 20
6170206.95368035
 10
6371679.57596977
 20
6170206.76010406
 10
6371676.15696233
 20
6170206.54024382
  0
LWPOLYLINE
  5
200AE
330
1F
100
AcDbEntity
  8
tejido
 62
8
420
8421504
100
AcDbPolyline
 90
8
 70
1
 10
6371687.88395226
 20
6170215.96315008
 10
6371687.96397344
 20
6170215.27409568
 10
6371689.54738462
 20
6170215.34724383
 10
6371689.7029449
 20
6170213.30987063
 10
6371689.85265875
 20
6170211.34726478
 10
6371686.66156121
 20
6170211.23297499
 10
6371686.39483207
 20
6170215.87152675
 10
6371687.88395226
 20
6170215.96315008
  0
LWPOLYLINE
  5
200AF
330
1F
100
AcDbEntity
  8
tejido
 62
8
420
8421504
100
AcDbPolyline
 90
6
 70
1
 10
6371688.77337156
 20
6170225.53894167
 10
6371688.87165357
 20
6170224.21095784
 10
6371685.93623869
 20
6170223.97032911
 10
6371685.64713101
 20
6170228.11041187
 10
6371688.56199283
 20
6170228.38875421
 10
6371688.77337156
 20
6170225.53894167
  0
LWPOLYLINE
  5
200B0
330
1F
100
AcDbEntity
  8
tejido
 62
8
420
8421504
100
AcDbPolyline
 90
5
 70
1
 10
6371700.83642834
 20
6170247.94775013
 10
6371700.48192576
 20
6170253.35528538
 10
6371701.33820636
 20
6170253.42271221
 10
6371703.1920385
 20
6170248.14797644
 10
6371700.83642834
 20
6170247.94775013
  0
LWPOLYLINE
  5
200B1
330
1F
100
AcDbEntity
  8
tejido
 62
8
420
8421504
100
AcDbPolyline
 90
27
 70
1
 10
6371741.40611683
 20
6170212.80809909
 10
6371741.0195201
 20
6170211.9452346
 10
6371740.16963165
 20
6170212.5400913
 10
6371735.50481994
 20
6170211.73918683
 10
6371737.22090639
 20
6170201.35388864
 10
6371742.21167628
 20
6170202.09645146
 10
6371741.44299649
 20
6170206.81680101
 10
6371741.58625942
 20
6170207.07994515
 10
6371744.86587228
 20
6170207.58663005
 10
6371745.09790571
 20
6170206.14057456
 10
6371745.73355615
 20
6170202.17756263
 10
6371746.53209717
 20
6170197.19157316
 10
6371732.66097361
 20
6170196.35625323
 10
6371732.18452333
 20
6170199.34025409
 10
6371731.49255166
 20
6170203.67158153
 10
6371731.1823919
 20
6170205.6086599
 10
6371734.37893999
 20
6170206.05015575
 10
6371733.69495064
 20
6170210.3825758
 10
6371730.5002635
 20
6170209.8801141
 10
6371729.5947479
 20
6170215.54872296
 10
6371728.93251309
 20
6170219.69035974
 10
6371734.23268684
 20
6170220.48045211
 10
6371738.14047845
 20
6170221.06328361
 10
6371742.59218623
 20
6170221.72702318
 10
6371743.57245041
 20
6170215.66136583
 10
6371743.95516888
 20
6170213.27616596
 10
6371741.40611683
 20
6170212.80809909
  0
LWPOLYLINE
  5
200B2
330
1F
100
AcDbEntity
  8
tejido
 62
8
420
8421504
100
AcDbPolyline
 90
5
 70
1
 10
6371731.1823919
 20
6170205.6086599
 10
6371730.5002635
 20
6170209.8801141
 10
6371733.69495064
 20
6170210.3825758
 10
6371734.37893999
 20
6170206.05015575
 10
6371731.1823919
 20
6170205.6086599
  0
LWPOLYLINE
  5
200B3
330
1F
100
AcDbEntity
  8
tejido
 62
8
420
8421504
100
AcDbPolyline
 90
5
 70
1
 10
6371738.1402794
 20
6170221.0631564
 10
6371734.23252685
 20
6170220.48032644
 10
6371733.33134698
 20
6170226.06097839
 10
6371737.23256237
 20
6170226.68072486
 10
6371738.1402794
 20
6170221.0631564
  0
LWPOLYLINE
  5
200B4
330
1F
100
AcDbEntity
  8
tejido
 62
8
420
8421504
100
AcDbPolyline
 90
10
 70
1
 10
6371741.33180564
 20
6170211.72667214
 10
6371741.92041693
 20
6170207.69398707
 10
6371741.58625942
 20
6170207.07994515
 10
6371741.44299649
 20
6170206.81680101
 10
6371742.21167628
 20
6170202.09645146
 10
6371737.22090639
 20
6170201.35388864
 10
6371735.50481994
 20
6170211.73918683
 10
6371740.16963165
 20
6170212.5400913
 10
6371741.0195201
 20
6170211.9452346
 10
6371741.33180564
 20
6170211.72667214
  0
LWPOLYLINE
  5
200B5
330
1F
100
AcDbEntity
  8
tejido
 62
8
420
8421504
100
AcDbPolyline
 90
5
 70
1
 10
6371737.27706545
 20
6170210.50332962
 10
6371737.70258524
 20
6170208.02112516
 10
6371740.16840153
 20
6170208.44420936
 10
6371739.74232971
 20
6170210.92658896
 10
6371737.27706545
 20
6170210.50332962
  0
LWPOLYLINE
  5
200B6
330
1F
100
AcDbEntity
  8
tejido
 62
8
420
8421504
100
AcDbPolyline
 90
19
 70
1
 10
6371750.85303858
 20
6170213.63427032
 10
6371751.74564056
 20
6170207.90045216
 10
6371752.09864962
 20
6170205.6314956
 10
6371752.49976177
 20
6170203.05570796
 10
6371753.34923373
 20
6170197.601563
 10
6371746.53209717
 20
6170197.19157316
 10
6371745.73355615
 20
6170202.17756263
 10
6371747.89860666
 20
6170202.42899754
 10
6371748.65723954
 20
6170202.54006627
 10
6371749.53704058
 20
6170202.57278936
 10
6371749.45259504
 20
6170203.08276933
 10
6371748.85737743
 20
6170206.67424384
 10
6371745.09790571
 20
6170206.14057456
 10
6371744.86587228
 20
6170207.58663005
 10
6371743.95516888
 20
6170213.27616596
 10
6371743.57245041
 20
6170215.66136583
 10
6371748.37563885
 20
6170216.43924478
 10
6371750.36558746
 20
6170216.76219876
 10
6371750.85303858
 20
6170213.63427032
  0
LWPOLYLINE
  5
200B7
330
1F
100
AcDbEntity
  8
tejido
 62
8
420
8421504
100
AcDbPolyline
 90
8
 70
1
 10
6371745.73351162
 20
6170202.17749733
 10
6371745.09786424
 20
6170206.140501
 10
6371748.85728376
 20
6170206.67416561
 10
6371749.45253264
 20
6170203.08269058
 10
6371749.53695113
 20
6170202.57275759
 10
6371748.65715557
 20
6170202.53999306
 10
6371747.89853192
 20
6170202.4289611
 10
6371745.73351162
 20
6170202.17749733
  0
LWPOLYLINE
  5
200B8
330
1F
100
AcDbEntity
  8
tejido
 62
8
420
8421504
100
AcDbPolyline
 90
6
 70
1
 10
6371757.81416122
 20
6170214.86379884
 10
6371753.82016499
 20
6170214.15864725
 10
6371750.85285192
 20
6170213.63451183
 10
6371750.36534064
 20
6170216.76237835
 10
6371757.32819015
 20
6170217.88966651
 10
6371757.81416122
 20
6170214.86379884
  0
LWPOLYLINE
  5
200B9
330
1F
100
AcDbEntity
  8
tejido
 62
8
420
8421504
100
AcDbPolyline
 90
8
 70
1
 10
6371755.44641954
 20
6170204.54687694
 10
6371759.36407891
 20
6170205.21012139
 10
6371759.8123479
 20
6170202.421778
 10
6371756.07870459
 20
6170197.76618299
 10
6371753.34923373
 20
6170197.601563
 10
6371752.49964875
 20
6170203.05564451
 10
6371755.60975149
 20
6170203.58210608
 10
6371755.44641954
 20
6170204.54687694
  0
LWPOLYLINE
  5
200BA
330
1F
100
AcDbEntity
  8
tejido
 62
8
420
8421504
100
AcDbPolyline
 90
6
 70
1
 10
6371754.62543514
 20
6170209.39908239
 10
6371758.58923165
 20
6170210.03535465
 10
6371759.36419242
 20
6170205.21026685
 10
6371755.44639374
 20
6170204.54706519
 10
6371755.18163062
 20
6170206.11133485
 10
6371754.62543514
 20
6170209.39908239
  0
LWPOLYLINE
  5
200BB
330
1F
100
AcDbEntity
  8
tejido
 62
8
420
8421504
100
AcDbPolyline
 90
8
 70
1
 10
6371745.91705041
 20
6170221.17202574
 10
6371747.43299167
 20
6170221.41813809
 10
6371748.37545307
 20
6170216.43942525
 10
6371743.57226463
 20
6170215.6615463
 10
6371742.59218357
 20
6170221.72720631
 10
6371742.31951245
 20
6170223.41157655
 10
6371745.45567731
 20
6170223.8783887
 10
6371745.91705041
 20
6170221.17202574
  0
LWPOLYLINE
  5
200BC
330
1F
100
AcDbEntity
  8
tejido
 62
8
420
8421504
100
AcDbPolyline
 90
8
 70
1
 10
6371750.36534064
 20
6170216.76237835
 10
6371748.37545307
 20
6170216.43942525
 10
6371747.43299167
 20
6170221.41813809
 10
6371750.34683942
 20
6170221.89051808
 10
6371749.88351796
 20
6170224.53756939
 10
6371756.11199085
 20
6170225.46414696
 10
6371757.32819015
 20
6170217.88966651
 10
6371750.36534064
 20
6170216.76237835
  0
LWPOLYLINE
  5
200BD
330
1F
100
AcDbEntity
  8
tejido
 62
8
420
8421504
100
AcDbPolyline
 90
10
 70
1
 10
6371743.77075537
 20
6170230.99897438
 10
6371744.34728229
 20
6170227.95537092
 10
6371746.14309455
 20
6170228.28149286
 10
6371746.88186721
 20
6170224.09096303
 10
6371745.45567997
 20
6170223.87820557
 10
6371742.31951245
 20
6170223.41157655
 10
6371741.67744755
 20
6170227.38750004
 10
6371741.16430317
 20
6170230.56102962
 10
6371743.72884585
 20
6170230.99238335
 10
6371743.77075537
 20
6170230.99897438
  0
LWPOLYLINE
  5
200BE
330
1F
100
AcDbEntity
  8
tejido
 62
8
420
8421504
100
AcDbPolyline
 90
6
 70
1
 10
6371744.34703812
 20
6170227.95536738
 10
6371743.77075537
 20
6170230.99897438
 10
6371748.89085173
 20
6170231.85843771
 10
6371749.40010375
 20
6170228.87332525
 10
6371746.14285039
 20
6170228.28148932
 10
6371744.34703812
 20
6170227.95536738
  0
LWPOLYLINE
  5
200BF
330
1F
100
AcDbEntity
  8
tejido
 62
8
420
8421504
100
AcDbPolyline
 90
6
 70
1
 10
6371743.72916643
 20
6170230.99230136
 10
6371741.16463045
 20
6170230.56099071
 10
6371740.28394702
 20
6170235.96988687
 10
6371740.03573571
 20
6170237.49675812
 10
6371742.61122986
 20
6170237.86220732
 10
6371743.72916643
 20
6170230.99230136
  0
LWPOLYLINE
  5
200C0
330
1F
100
AcDbEntity
  8
tejido
 62
8
420
8421504
100
AcDbPolyline
 90
6
 70
1
 10
6371754.92245841
 20
6170232.87117693
 10
6371752.53550446
 20
6170232.47048333
 10
6371751.46584489
 20
6170239.11803134
 10
6371753.86363285
 20
6170239.45788912
 10
6371754.39904696
 20
6170236.12960562
 10
6371754.92245841
 20
6170232.87117693
  0
LWPOLYLINE
  5
200C1
330
1F
100
AcDbEntity
  8
tejido
 62
8
420
8421504
100
AcDbPolyline
 90
9
 70
1
 10
6371749.82984717
 20
6170238.88623527
 10
6371748.79457656
 20
6170245.87795462
 10
6371752.72584518
 20
6170246.5385426
 10
6371752.76654853
 20
6170246.28307268
 10
6371753.04357585
 20
6170244.56353753
 10
6371753.8056115
 20
6170239.8171438
 10
6371753.86363285
 20
6170239.45788912
 10
6371751.46602802
 20
6170239.11803399
 10
6371749.82984717
 20
6170238.88623527
  0
LWPOLYLINE
  5
200C2
330
1F
100
AcDbEntity
  8
tejido
 62
8
420
8421504
100
AcDbPolyline
 90
10
 70
1
 10
6371745.60334881
 20
6170249.65029553
 10
6371746.26639665
 20
6170245.45256214
 10
6371746.11632157
 20
6170245.42761272
 10
6371738.9419561
 20
6170244.22203944
 10
6371738.55869672
 20
6170246.577193
 10
6371737.96516001
 20
6170249.70755174
 10
6371737.53411
 20
6170252.87427381
 10
6371741.52399578
 20
6170253.4502973
 10
6371742.32848313
 20
6170249.22463743
 10
6371745.60334881
 20
6170249.65029553
  0
LWPOLYLINE
  5
200C3
330
1F
100
AcDbEntity
  8
tejido
 62
8
420
8421504
100
AcDbPolyline
 90
5
 70
1
 10
6371745.60326017
 20
6170249.6502076
 10
6371742.32842304
 20
6170249.2246017
 10
6371741.52391697
 20
6170253.45023834
 10
6371744.93682496
 20
6170253.94286641
 10
6371745.60326017
 20
6170249.6502076
  0
LWPOLYLINE
  5
200C4
330
1F
100
AcDbEntity
  8
tejido
 62
8
420
8421504
100
AcDbPolyline
 90
36
 70
1
 10
6371735.88035493
 20
6170264.13574532
 10
6371728.98806475
 20
6170262.90446858
 10
6371728.86544609
 20
6170261.91239564
 10
6371728.86929018
 20
6170260.54001999
 10
6371729.01616797
 20
6170259.45081083
 10
6371729.47020972
 20
6170257.86889378
 10
6371729.92388201
 20
6170256.86820483
 10
6371730.1928757
 20
6170256.38892477
 10
6371730.76859508
 20
6170256.49129653
 10
6371732.96360068
 20
6170256.88322318
 10
6371735.14862385
 20
6170257.27305132
 10
6371737.08518
 20
6170257.61922498
 10
6371736.59128057
 20
6170260.29086514
 10
6371741.07906848
 20
6170261.02216456
 10
6371742.26164355
 20
6170261.2143551
 10
6371743.5470232
 20
6170261.42409363
 10
6371748.16053959
 20
6170262.1751661
 10
6371749.54173414
 20
6170262.40027541
 10
6371750.30291683
 20
6170257.43480773
 10
6371750.82940488
 20
6170254.79361776
 10
6371749.32508152
 20
6170254.57575886
 10
6371744.93691021
 20
6170253.94291863
 10
6371741.52399578
 20
6170253.4502973
 10
6371737.53411
 20
6170252.87427381
 10
6371737.96516001
 20
6170249.70755174
 10
6371733.3454222
 20
6170248.90131818
 10
6371732.85412771
 20
6170251.81012961
 10
6371728.81267625
 20
6170251.13133719
 10
6371729.23455406
 20
6170248.1845204
 10
6371724.47213055
 20
6170247.35320032
 10
6371721.52148861
 20
6170265.33695287
 10
6371721.42694592
 20
6170266.13483895
 10
6371724.66471386
 20
6170266.35683248
 10
6371730.92044519
 20
6170266.78468863
 10
6371735.33441606
 20
6170267.0867463
 10
6371735.88035493
 20
6170264.13574532
  0
LWPOLYLINE
  5
200C5
330
1F
100
AcDbEntity
  8
tejido
 62
8
420
8421504
100
AcDbPolyline
 90
5
 70
1
 10
6371738.49631329
 20
6170258.95008887
 10
6371739.19193604
 20
6170255.12898102
 10
6371743.89110381
 20
6170255.97739455
 10
6371743.19548108
 20
6170259.79850235
 10
6371738.49631329
 20
6170258.95008887
  0
LWPOLYLINE
  5
200C6
330
1F
100
AcDbEntity
  8
tejido
 62
8
420
8421504
100
AcDbPolyline
 90
14
 70
1
 10
6371736.59123263
 20
6170260.29083349
 10
6371737.08511528
 20
6170257.6191716
 10
6371735.14853823
 20
6170257.2729908
 10
6371732.96351703
 20
6170256.88319491
 10
6371730.76852385
 20
6170256.49125379
 10
6371730.19283094
 20
6170256.38887655
 10
6371729.9238006
 20
6170256.86812385
 10
6371729.47015358
 20
6170257.86885517
 10
6371729.01608124
 20
6170259.45075908
 10
6371728.86924599
 20
6170260.53996543
 10
6371728.86534979
 20
6170261.91233104
 10
6371728.98800541
 20
6170262.9044143
 10
6371735.88027531
 20
6170264.1357093
 10
6371736.59123263
 20
6170260.29083349
  0
LWPOLYLINE
  5
200C7
330
1F
100
AcDbEntity
  8
tejido
 62
8
420
8421504
100
AcDbPolyline
 90
20
 70
1
 10
6371740.40837321
 20
6170265.19573191
 10
6371740.68220583
 20
6170263.49019275
 10
6371741.07906848
 20
6170261.02216456
 10
6371736.59128057
 20
6170260.29086514
 10
6371735.88035493
 20
6170264.13574532
 10
6371735.33441606
 20
6170267.0867463
 10
6371735.76193777
 20
6170267.13995745
 10
6371737.03085803
 20
6170267.29743932
 10
6371737.26941051
 20
6170265.81441855
 10
6371737.43198745
 20
6170265.84876838
 10
6371737.65886236
 20
6170265.93307694
 10
6371738.01392549
 20
6170266.0022714
 10
6371738.37607619
 20
6170265.99952499
 10
6371738.52084398
 20
6170265.95259801
 10
6371738.99455395
 20
6170265.63734688
 10
6371739.12460189
 20
6170265.49819817
 10
6371739.40424598
 20
6170265.32019055
 10
6371739.71599892
 20
6170265.20571726
 10
6371740.04474457
 20
6170265.1614582
 10
6371740.40837321
 20
6170265.19573191
  0
LWPOLYLINE
  5
200C8
330
1F
100
AcDbEntity
  8
tejido
 62
8
420
8421504
100
AcDbPolyline
 90
16
 70
1
 10
6371740.40830167
 20
6170265.19567745
 10
6371740.04468682
 20
6170265.16139563
 10
6371739.71594427
 20
6170265.20564351
 10
6371739.40418827
 20
6170265.32015924
 10
6371739.12452181
 20
6170265.4981597
 10
6371738.99446447
 20
6170265.63731707
 10
6371738.52074894
 20
6170265.95254663
 10
6371738.3760243
 20
6170265.999463
 10
6371738.01387304
 20
6170266.00221379
 10
6371737.65876656
 20
6170265.93304459
 10
6371737.43191909
 20
6170265.84873009
 10
6371737.26936731
 20
6170265.81436303
 10
6371737.03079514
 20
6170267.29736056
 10
6371739.07676047
 20
6170267.55009835
 10
6371740.01135778
 20
6170267.66668292
 10
6371740.40830167
 20
6170265.19567745
  0
LWPOLYLINE
  5
200C9
330
1F
100
AcDbEntity
  8
tejido
 62
8
420
8421504
100
AcDbPolyline
 90
8
 70
1
 10
6371742.26158883
 20
6170261.21431993
 10
6371741.07901148
 20
6170261.02211715
 10
6371740.68211108
 20
6170263.49012232
 10
6371740.40830167
 20
6170265.19567745
 10
6371740.01135778
 20
6170267.66668292
 10
6371741.20458873
 20
6170267.81402632
 10
6371741.86567402
 20
6170263.68333969
 10
6371742.26158883
 20
6170261.21431993
  0
LWPOLYLINE
  5
200CA
330
1F
100
AcDbEntity
  8
tejido
 62
8
420
8421504
100
AcDbPolyline
 90
8
 70
1
 10
6371710.67856265
 20
6170288.90106376
 10
6371687.72442524
 20
6170287.1827642
 10
6371687.01859721
 20
6170291.65291136
 10
6371686.46989663
 20
6170295.12698299
 10
6371701.694373
 20
6170296.17503736
 10
6371709.39902355
 20
6170296.70486154
 10
6371710.15851253
 20
6170296.7569033
 10
6371710.67856265
 20
6170288.90106376
  0
LWPOLYLINE
  5
200CB
330
1F
100
AcDbEntity
  8
tejido
 62
8
420
8421504
100
AcDbPolyline
 90
16
 70
1
 10
6371712.27732523
 20
6170281.77702963
 10
6371712.70091054
 20
6170277.95460183
 10
6371713.18776062
 20
6170273.55869602
 10
6371713.93544399
 20
6170266.76642025
 10
6371709.87893772
 20
6170266.43950773
 10
6371705.67297478
 20
6170266.07446712
 10
6371691.00683485
 20
6170264.80341869
 10
6371689.76699399
 20
6170272.69888504
 10
6371689.50934091
 20
6170275.01489328
 10
6371689.04251227
 20
6170278.16906943
 10
6371688.72082918
 20
6170280.34506828
 10
6371688.31649397
 20
6170283.12210466
 10
6371710.96193253
 20
6170285.0179298
 10
6371711.19552609
 20
6170282.22645108
 10
6371711.31843124
 20
6170281.68308274
 10
6371712.27732523
 20
6170281.77702963
  0
LWPOLYLINE
  5
200CC
330
1F
100
AcDbEntity
  8
tejido
 62
8
420
8421504
100
AcDbPolyline
 90
17
 70
1
 10
6371736.79012423
 20
6170283.69199681
 10
6371734.32932095
 20
6170283.500014
 10
6371730.96290356
 20
6170283.23653107
 10
6371720.06954227
 20
6170282.38578459
 10
6371712.27732523
 20
6170281.77702963
 10
6371711.31843124
 20
6170281.68308274
 10
6371711.19552609
 20
6170282.22645108
 10
6371710.96193253
 20
6170285.0179298
 10
6371710.67856265
 20
6170288.90106376
 10
6371710.15851253
 20
6170296.7569033
 10
6371710.70897651
 20
6170296.79468002
 10
6371720.85375963
 20
6170297.49359717
 10
6371725.07185783
 20
6170297.78383907
 10
6371734.42276863
 20
6170298.42716312
 10
6371735.01659186
 20
6170294.72967842
 10
6371735.56517328
 20
6170291.31855222
 10
6371736.79012423
 20
6170283.69199681
  0
LWPOLYLINE
  5
200CD
330
1F
100
AcDbEntity
  8
tejido
 62
8
420
8421504
100
AcDbPolyline
 90
7
 70
1
 10
6371710.70897651
 20
6170296.79468002
 10
6371709.50954016
 20
6170304.41324174
 10
6371711.52265607
 20
6170304.5700981
 10
6371720.32027445
 20
6170305.25283747
 10
6371720.37329826
 20
6170304.48035827
 10
6371720.85394275
 20
6170297.49359983
 10
6371710.70897651
 20
6170296.79468002
  0
LWPOLYLINE
  5
200CE
330
1F
100
AcDbEntity
  8
tejido
 62
8
420
8421504
100
AcDbPolyline
 90
6
 70
1
 10
6371720.37329826
 20
6170304.48035827
 10
6371724.52651392
 20
6170304.80305571
 10
6371724.67531912
 20
6170302.88622732
 10
6371725.07185783
 20
6170297.78383907
 10
6371720.85375963
 20
6170297.49359717
 10
6371720.37329826
 20
6170304.48035827
  0
LWPOLYLINE
  5
200CF
330
1F
100
AcDbEntity
  8
tejido
 62
8
420
8421504
100
AcDbPolyline
 90
6
 70
1
 10
6371710.10526847
 20
6170310.35827195
 10
6371707.40665928
 20
6170310.13608264
 10
6371707.16386821
 20
6170311.77206626
 10
6371709.1710916
 20
6170311.93721519
 10
6371709.97638699
 20
6170312.00290953
 10
6371710.10526847
 20
6170310.35827195
  0
LWPOLYLINE
  5
200D0
330
1F
100
AcDbEntity
  8
tejido
 62
8
420
8421504
100
AcDbPolyline
 90
11
 70
1
 10
6371711.52265607
 20
6170304.5700981
 10
6371709.50954016
 20
6170304.41324174
 10
6371708.26934485
 20
6170304.31686417
 10
6371708.0265449
 20
6170305.95386261
 10
6371710.43656313
 20
6170306.14083504
 10
6371710.39970357
 20
6170306.61542228
 10
6371710.16423307
 20
6170309.60792442
 10
6371711.12137647
 20
6170309.68786448
 10
6371711.35697796
 20
6170306.68632827
 10
6371711.39379415
 20
6170306.21473204
 10
6371711.52265607
 20
6170304.5700981
  0
LWPOLYLINE
  5
200D1
330
1F
100
AcDbEntity
  8
tejido
 62
8
420
8421504
100
AcDbPolyline
 90
21
 70
1
 10
6371743.01189343
 20
6170307.01635499
 10
6371728.38288381
 20
6170305.87949417
 10
6371724.46647569
 20
6170305.57506685
 10
6371720.32027445
 20
6170305.25283747
 10
6371711.52265607
 20
6170304.5700981
 10
6371711.39379415
 20
6170306.21473204
 10
6371711.35697796
 20
6170306.68632827
 10
6371711.12137647
 20
6170309.68786448
 10
6371710.16423307
 20
6170309.60792442
 10
6371710.10536278
 20
6170310.35833944
 10
6371709.97643985
 20
6170312.00297251
 10
6371713.91094005
 20
6170312.32707727
 10
6371715.89124496
 20
6170312.48986844
 10
6371719.48900895
 20
6170312.78613384
 10
6371723.00591737
 20
6170313.07536555
 10
6371724.70339242
 20
6170313.21482336
 10
6371727.48096611
 20
6170313.44314753
 10
6371728.29341913
 20
6170313.50993863
 10
6371731.32559241
 20
6170313.75898883
 10
6371741.79032886
 20
6170314.6199421
 10
6371743.01189343
 20
6170307.01635499
  0
LWPOLYLINE
  5
200D2
330
1F
100
AcDbEntity
  8
tejido
 62
8
420
8421504
100
AcDbPolyline
 90
8
 70
1
 10
6371713.91089844
 20
6170312.32704669
 10
6371709.97638699
 20
6170312.00290953
 10
6371709.1710916
 20
6170311.93721519
 10
6371708.57118746
 20
6170315.98776464
 10
6371710.20657706
 20
6170316.20253844
 10
6371711.74411663
 20
6170316.40488993
 10
6371713.24271041
 20
6170316.60267542
 10
6371713.91089844
 20
6170312.32704669
  0
LWPOLYLINE
  5
200D3
330
1F
100
AcDbEntity
  8
tejido
 62
8
420
8421504
100
AcDbPolyline
 90
5
 70
1
 10
6371701.69429226
 20
6170296.1749769
 10
6371686.46980086
 20
6170295.12694869
 10
6371686.16907422
 20
6170297.03317569
 10
6371701.40536319
 20
6170298.16440043
 10
6371701.69429226
 20
6170296.1749769
  0
LWPOLYLINE
  5
200D4
330
1F
100
AcDbEntity
  8
tejido
 62
8
420
8421504
100
AcDbPolyline
 90
9
 70
1
 10
6371676.64384227
 20
6170278.83554161
 10
6371675.55786651
 20
6170286.46515176
 10
6371682.3759014
 20
6170287.65536102
 10
6371681.8091909
 20
6170291.34829415
 10
6371687.01859721
 20
6170291.65291136
 10
6371687.72424212
 20
6170287.18276155
 10
6371688.31624981
 20
6170283.12210112
 10
6371688.72082918
 20
6170280.34506828
 10
6371676.64384227
 20
6170278.83554161
  0
LWPOLYLINE
  5
200D5
330
1F
100
AcDbEntity
  8
tejido
 62
8
420
8421504
100
AcDbPolyline
 90
5
 70
1
 10
6371689.50929744
 20
6170275.01482311
 10
6371684.74521414
 20
6170274.43658109
 10
6371684.34194532
 20
6170277.55069323
 10
6371689.04242787
 20
6170278.16902552
 10
6371689.50929744
 20
6170275.01482311
  0
LWPOLYLINE
  5
200D6
330
1F
100
AcDbEntity
  8
tejido
 62
8
420
8421504
100
AcDbPolyline
 90
11
 70
1
 10
6371708.84106442
 20
6170233.49153537
 10
6371706.18969582
 20
6170233.3090605
 10
6371701.96641158
 20
6170233.01855932
 10
6371701.37727089
 20
6170239.68125787
 10
6371700.83642568
 20
6170247.94793326
 10
6371703.19203584
 20
6170248.14815956
 10
6371701.33820371
 20
6170253.42289533
 10
6371700.48192311
 20
6170253.3554685
 10
6371700.1544663
 20
6170258.34627544
 10
6371704.91628904
 20
6170258.72224641
 10
6371708.84106442
 20
6170233.49153537
  0
LWPOLYLINE
  5
200D7
330
1F
100
AcDbEntity
  8
tejido
 62
8
420
8421504
100
AcDbPolyline
 90
7
 70
1
 10
6371738.55853382
 20
6170246.57706632
 10
6371724.96708366
 20
6170244.3193377
 10
6371724.47195124
 20
6170247.35309293
 10
6371729.23436486
 20
6170248.18438894
 10
6371733.34523762
 20
6170248.90120437
 10
6371737.96497074
 20
6170249.70742419
 10
6371738.55853382
 20
6170246.57706632
  0
LWPOLYLINE
  5
200D8
330
1F
100
AcDbEntity
  8
tejido
 62
8
420
8421504
100
AcDbPolyline
 90
8
 70
1
 10
6371728.88381152
 20
6170236.14360362
 10
6371729.16023101
 20
6170234.32705215
 10
6371729.23603896
 20
6170233.92802841
 10
6371726.74558317
 20
6170233.42376926
 10
6371726.6346679
 20
6170234.10537098
 10
6371726.30970593
 20
6170236.09627237
 10
6371728.75785368
 20
6170236.5519032
 10
6371728.88381152
 20
6170236.14360362
  0
LWPOLYLINE
  5
200D9
330
1F
100
AcDbEntity
  8
tejido
 62
8
420
8421504
100
AcDbPolyline
 90
6
 70
1
 10
6371734.23250371
 20
6170220.48044945
 10
6371728.93232996
 20
6170219.69035709
 10
6371728.6748038
 20
6170221.30711611
 10
6371728.05188947
 20
6170225.22128668
 10
6371733.33131681
 20
6170226.06108127
 10
6371734.23250371
 20
6170220.48044945
  0
LWPOLYLINE
  5
200DA
330
1F
100
AcDbEntity
  8
tejido
 62
8
420
8421504
100
AcDbPolyline
 90
6
 70
1
 10
6371740.03562577
 20
6170237.4966871
 10
6371740.28383709
 20
6170235.96981585
 10
6371735.49795735
 20
6170235.17018923
 10
6371735.12090213
 20
6170237.30437944
 10
6371739.94122026
 20
6170238.0744962
 10
6371740.03562577
 20
6170237.4966871
  0
LWPOLYLINE
  5
200DB
330
1F
100
AcDbEntity
  8
tejido
 62
8
420
8421504
100
AcDbPolyline
 90
6
 70
1
 10
6371742.31951245
 20
6170223.41157655
 10
6371742.5920031
 20
6170221.72702053
 10
6371738.14023428
 20
6170221.06328007
 10
6371737.23253161
 20
6170226.68063285
 10
6371741.67769172
 20
6170227.38750358
 10
6371742.31951245
 20
6170223.41157655
  0
LWPOLYLINE
  5
200DC
330
1F
100
AcDbEntity
  8
tejido
 62
8
420
8421504
100
AcDbPolyline
 90
7
 70
1
 10
6371747.43299167
 20
6170221.41813809
 10
6371745.91705041
 20
6170221.17202574
 10
6371745.45567997
 20
6170223.87820557
 10
6371746.88205033
 20
6170224.09096569
 10
6371749.88351796
 20
6170224.53756939
 10
6371750.34702254
 20
6170221.89052074
 10
6371747.43299167
 20
6170221.41813809
  0
LWPOLYLINE
  5
200DD
330
1F
100
AcDbEntity
  8
tejido
 62
8
420
8421504
100
AcDbPolyline
 90
5
 70
1
 10
6371733.34534756
 20
6170248.9012754
 10
6371729.23447479
 20
6170248.18445996
 10
6371728.81262568
 20
6170251.13125079
 10
6371732.85402824
 20
6170251.81004739
 10
6371733.34534756
 20
6170248.9012754
  0
LWPOLYLINE
  5
200DE
330
1F
100
AcDbEntity
  8
tejido
 62
8
420
8421504
100
AcDbPolyline
 90
7
 70
1
 10
6371751.38731488
 20
6170254.87366472
 10
6371750.8293047
 20
6170254.79355067
 10
6371750.30285391
 20
6170257.43473092
 10
6371749.54163571
 20
6170262.40022251
 10
6371749.66737241
 20
6170262.42105171
 10
6371750.16136188
 20
6170262.50123767
 10
6371751.38731488
 20
6170254.87366472
  0
LWPOLYLINE
  5
200DF
330
1F
100
AcDbEntity
  8
tejido
 62
8
420
8421504
100
AcDbPolyline
 90
5
 70
1
 10
6371710.96188513
 20
6170285.01789473
 10
6371688.3164018
 20
6170283.1220245
 10
6371687.72435299
 20
6170287.18269117
 10
6371710.67850568
 20
6170288.90098118
 10
6371710.96188513
 20
6170285.01789473
  0
LWPOLYLINE
  5
200E0
330
1F
100
AcDbEntity
  8
tejido
 62
8
420
8421504
100
AcDbPolyline
 90
7
 70
1
 10
6371710.16416459
 20
6170309.60789491
 10
6371710.39961855
 20
6170306.61538765
 10
6371710.43651021
 20
6170306.14077645
 10
6371708.0264796
 20
6170305.95378138
 10
6371707.40665928
 20
6170310.13608264
 10
6371710.10526847
 20
6170310.35827195
 10
6371710.16416459
 20
6170309.60789491
  0
LWPOLYLINE
  5
200E1
330
1F
100
AcDbEntity
  8
tejido
 62
8
420
8421504
100
AcDbPolyline
 90
23
 70
1
 10
6371735.13796136
 20
6170321.89897335
 10
6371734.88294728
 20
6170325.31295243
 10
6371731.30631671
 20
6170325.04556688
 10
6371731.35545145
 20
6170324.38970539
 10
6371730.33636556
 20
6170324.30789028
 10
6371730.33197326
 20
6170324.30764343
 10
6371730.18980662
 20
6170326.12034898
 10
6371729.90777816
 20
6170329.7173424
 10
6371725.63544349
 20
6170329.44536328
 10
6371725.85765258
 20
6170325.84744132
 10
6371726.14893145
 20
6170321.14520051
 10
6371724.92000232
 20
6170321.04239257
 10
6371722.41330943
 20
6170320.8319779
 10
6371722.04096114
 20
6170323.81150535
 10
6371716.81197604
 20
6170323.42558623
 10
6371716.43672305
 20
6170325.71284208
 10
6371716.21707542
 20
6170328.09839221
 10
6371713.49367496
 20
6170327.78879726
 10
6371712.21056675
 20
6170335.97773266
 10
6371733.96562745
 20
6170337.53858277
 10
6371738.70052109
 20
6170333.85609024
 10
6371740.54784753
 20
6170322.35235502
 10
6371735.13796136
 20
6170321.89897335
  0
LWPOLYLINE
  5
200E2
330
1F
100
AcDbEntity
  8
tejido
 62
8
420
8421504
100
AcDbPolyline
 90
5
 70
1
 10
6371716.43650831
 20
6170325.71279122
 10
6371713.86834748
 20
6170325.39346324
 10
6371713.49350829
 20
6170327.78876615
 10
6371716.21685825
 20
6170328.09834084
 10
6371716.43650831
 20
6170325.71279122
  0
LWPOLYLINE
  5
200E3
330
1F
100
AcDbEntity
  8
tejido
 62
8
420
8421504
100
AcDbPolyline
 90
6
 70
1
 10
6371716.81178143
 20
6170323.42552785
 10
6371717.19784447
 20
6170320.39419203
 10
6371714.68512293
 20
6170320.18370117
 10
6371713.86834748
 20
6170325.39346324
 10
6371716.43650831
 20
6170325.71279122
 10
6371716.81178143
 20
6170323.42552785
  0
LWPOLYLINE
  5
200E4
330
1F
100
AcDbEntity
  8
tejido
 62
8
420
8421504
100
AcDbPolyline
 90
7
 70
1
 10
6371718.07722552
 20
6170320.46798175
 10
6371717.19801921
 20
6170320.39423938
 10
6371716.81197604
 20
6170323.42558623
 10
6371722.04096114
 20
6170323.81150535
 10
6371722.41330943
 20
6170320.8319779
 10
6371721.11450065
 20
6170320.72308915
 10
6371718.07722552
 20
6170320.46798175
  0
LWPOLYLINE
  5
200E5
330
1F
100
AcDbEntity
  8
tejido
 62
8
420
8421504
100
AcDbPolyline
 90
5
 70
1
 10
6371725.8574606
 20
6170325.84804907
 10
6371725.63519933
 20
6170329.44535974
 10
6371729.90759503
 20
6170329.71733974
 10
6371730.18980662
 20
6170326.12034898
 10
6371725.8574606
 20
6170325.84804907
  0
LWPOLYLINE
  5
200E6
330
1F
100
AcDbEntity
  8
tejido
 62
8
420
8421504
100
AcDbPolyline
 90
7
 70
1
 10
6371726.14893145
 20
6170321.14520051
 10
6371725.85764372
 20
6170325.84805173
 10
6371730.19005079
 20
6170326.12035252
 10
6371730.33215638
 20
6170324.30764608
 10
6371729.02748765
 20
6170324.20288509
 10
6371729.21610159
 20
6170321.40177932
 10
6371726.14893145
 20
6170321.14520051
  0
LWPOLYLINE
  5
200E7
330
1F
100
AcDbEntity
  8
tejido
 62
8
420
8421504
100
AcDbPolyline
 90
6
 70
1
 10
6371731.56380014
 20
6170321.59882114
 10
6371729.21593527
 20
6170321.40172429
 10
6371729.02727023
 20
6170324.2028508
 10
6371730.33615056
 20
6170324.30785749
 10
6371731.35527819
 20
6170324.3896566
 10
6371731.56380014
 20
6170321.59882114
  0
LWPOLYLINE
  5
200E8
330
1F
100
AcDbEntity
  8
tejido
 62
8
420
8421504
100
AcDbPolyline
 90
5
 70
1
 10
6371658.74668505
 20
6170321.24209157
 10
6371657.26464366
 20
6170321.0065344
 10
6371656.06033325
 20
6170328.45236778
 10
6371657.54127304
 20
6170328.69491109
 10
6371658.74668505
 20
6170321.24209157
  0
LWPOLYLINE
  5
200E9
330
1F
100
AcDbEntity
  8
tejido
 62
8
420
8421504
100
AcDbPolyline
 90
5
 70
1
 10
6371657.33827786
 20
6170320.55046147
 10
6371657.26464366
 20
6170321.0065344
 10
6371658.74668505
 20
6170321.24209157
 10
6371658.82031925
 20
6170320.78601865
 10
6371657.33827786
 20
6170320.55046147
  0
LWPOLYLINE
  5
200EA
330
1F
100
AcDbEntity
  8
tejido
 62
8
420
8421504
100
AcDbPolyline
 90
8
 70
1
 10
6371661.70136618
 20
6170317.81494175
 10
6371661.77182022
 20
6170317.3688043
 10
6371657.89867058
 20
6170317.09156284
 10
6371657.33834512
 20
6170320.55050806
 10
6371658.82037202
 20
6170320.78605428
 10
6371658.7467818
 20
6170321.2421591
 10
6371661.1040664
 20
6170321.61745081
 10
6371661.70136618
 20
6170317.81494175
  0
LWPOLYLINE
  5
200EB
330
1F
100
AcDbEntity
  8
tejido
 62
8
420
8421504
100
AcDbPolyline
 90
8
 70
1
 10
6371670.83513934
 20
6170318.01834178
 10
6371666.8310695
 20
6170317.73120769
 10
6371666.9072695
 20
6170317.23615998
 10
6371661.8499814
 20
6170316.87273421
 10
6371661.7717667
 20
6170317.36875302
 10
6371661.70127781
 20
6170317.81486848
 10
6371670.76565055
 20
6170318.46447173
 10
6371670.83513934
 20
6170318.01834178
  0
LWPOLYLINE
  5
200EC
330
1F
100
AcDbEntity
  8
tejido
 62
8
420
8421504
100
AcDbPolyline
 90
5
 70
1
 10
6371638.51874841
 20
6170315.83226423
 10
6371637.03811737
 20
6170315.70675744
 10
6371636.00962934
 20
6170325.51487474
 10
6371637.36469611
 20
6170327.12498019
 10
6371638.51874841
 20
6170315.83226423
  0
LWPOLYLINE
  5
200ED
330
1F
100
AcDbEntity
  8
tejido
 62
8
420
8421504
100
AcDbPolyline
 90
13
 70
1
 10
6371639.20428543
 20
6170327.12265566
 10
6371639.63908432
 20
6170322.53953514
 10
6371640.03254506
 20
6170318.39039721
 10
6371643.20844616
 20
6170318.6558793
 10
6371643.32613956
 20
6170318.66558406
 10
6371643.52978501
 20
6170316.25519655
 10
6371638.51875195
 20
6170315.83202007
 10
6371637.36469611
 20
6170327.12498019
 10
6371638.54967482
 20
6170328.53242326
 10
6371643.09994852
 20
6170328.92510697
 10
6371643.22671491
 20
6170327.45444602
 10
6371643.13859459
 20
6170327.44736805
 10
6371639.20428543
 20
6170327.12265566
  0
LWPOLYLINE
  5
200EE
330
1F
100
AcDbEntity
  8
tejido
 62
8
420
8421504
100
AcDbPolyline
 90
7
 70
1
 10
6371648.45129253
 20
6170329.38643147
 10
6371645.39221975
 20
6170329.1229489
 10
6371643.09994852
 20
6170328.92510697
 10
6371638.54967216
 20
6170328.53260638
 10
6371640.48392323
 20
6170330.83137375
 10
6371648.13029601
 20
6170331.38037774
 10
6371648.45129253
 20
6170329.38643147
  0
LWPOLYLINE
  5
200EF
330
1F
100
AcDbEntity
  8
tejido
 62
8
420
8421504
100
AcDbPolyline
 90
10
 70
1
 10
6371645.548682
 20
6170323.02354695
 10
6371645.49349467
 20
6170323.01896133
 10
6371642.86122719
 20
6170322.8033677
 10
6371639.63908432
 20
6170322.53953514
 10
6371639.20428543
 20
6170327.12265566
 10
6371643.22671491
 20
6170327.45444602
 10
6371645.48270304
 20
6170327.64083315
 10
6371645.6358673
 20
6170325.13709479
 10
6371645.42035686
 20
6170325.12377363
 10
6371645.548682
 20
6170323.02354695
  0
LWPOLYLINE
  5
200F0
330
1F
100
AcDbEntity
  8
tejido
 62
8
420
8421504
100
AcDbPolyline
 90
6
 70
1
 10
6371649.94872354
 20
6170320.07512756
 10
6371648.74025744
 20
6170320.01128985
 10
6371648.38344081
 20
6170319.9924107
 10
6371648.25733224
 20
6170321.10092378
 10
6371649.75744852
 20
6170321.26272028
 10
6371649.94872354
 20
6170320.07512756
  0
LWPOLYLINE
  5
200F1
330
1F
100
AcDbEntity
  8
tejido
 62
8
420
8421504
100
AcDbPolyline
 90
11
 70
1
 10
6371647.27230474
 20
6170308.88903127
 10
6371644.96432996
 20
6170308.70048589
 10
6371640.05446579
 20
6170308.2981915
 10
6371637.83357005
 20
6170308.1169532
 10
6371637.03830049
 20
6170315.7067601
 10
6371638.51893153
 20
6170315.83226689
 10
6371643.52978501
 20
6170316.25519655
 10
6371646.45269819
 20
6170316.50247922
 10
6371646.75241078
 20
6170316.52782795
 10
6371646.99518271
 20
6170312.96024179
 10
6371647.27230474
 20
6170308.88903127
  0
LWPOLYLINE
  5
200F2
330
1F
100
AcDbEntity
  8
tejido
 62
8
420
8421504
100
AcDbPolyline
 90
8
 70
1
 10
6371651.69035708
 20
6170309.25010694
 10
6371648.63204578
 20
6170308.9996944
 10
6371647.27223264
 20
6170308.88894749
 10
6371646.99512783
 20
6170312.96018366
 10
6371646.75233501
 20
6170316.5277622
 10
6371648.66059264
 20
6170316.68847508
 10
6371650.38500633
 20
6170316.83451832
 10
6371651.69035708
 20
6170309.25010694
  0
LWPOLYLINE
  5
200F3
330
1F
100
AcDbEntity
  8
tejido
 62
8
420
8421504
100
AcDbPolyline
 90
9
 70
1
 10
6371640.91395752
 20
6170300.54044077
 10
6371640.05446579
 20
6170308.2981915
 10
6371644.96432996
 20
6170308.70048589
 10
6371645.11737595
 20
6170306.39437745
 10
6371645.24841955
 20
6170304.42246454
 10
6371641.91204624
 20
6170304.10379732
 10
6371641.98988931
 20
6170303.29968556
 10
6371642.24819969
 20
6170300.64782868
 10
6371640.91395752
 20
6170300.54044077
  0
LWPOLYLINE
  5
200F4
330
1F
100
AcDbEntity
  8
tejido
 62
8
420
8421504
100
AcDbPolyline
 90
13
 70
1
 10
6371651.60061802
 20
6170275.70548026
 10
6371642.15982122
 20
6170274.52525538
 10
6371641.36601983
 20
6170274.42571714
 10
6371641.31379309
 20
6170274.92311314
 10
6371641.26156635
 20
6170275.42050915
 10
6371640.55227996
 20
6170282.18530935
 10
6371640.50016629
 20
6170282.68180672
 10
6371646.40679808
 20
6170283.44656939
 10
6371646.78958753
 20
6170280.22712755
 10
6371648.33941862
 20
6170280.40965133
 10
6371648.77340573
 20
6170276.69479921
 10
6371651.44775143
 20
6170277.00366379
 10
6371651.60061802
 20
6170275.70548026
  0
LWPOLYLINE
  5
200F5
330
1F
100
AcDbEntity
  8
tejido
 62
8
420
8421504
100
AcDbPolyline
 90
21
 70
1
 10
6371657.6413193
 20
6170283.09732645
 10
6371657.9670532
 20
6170280.63929196
 10
6371660.47381751
 20
6170280.91571711
 10
6371660.53136378
 20
6170280.39639151
 10
6371661.26041984
 20
6170280.4769853
 10
6371661.51205716
 20
6170278.29996317
 10
6371658.20666505
 20
6170277.91192608
 10
6371658.27258174
 20
6170276.53945922
 10
6371651.60061802
 20
6170275.70548026
 10
6371651.44775143
 20
6170277.00366379
 10
6371648.77340573
 20
6170276.69479921
 10
6371648.33941862
 20
6170280.40965133
 10
6371646.78958753
 20
6170280.22712755
 10
6371646.40679808
 20
6170283.44656939
 10
6371650.53132712
 20
6170283.98052621
 10
6371650.88056106
 20
6170280.936652
 10
6371651.17015428
 20
6170280.97086071
 10
6371651.35627474
 20
6170279.17300544
 10
6371655.08083776
 20
6170279.62713951
 10
6371654.69628134
 20
6170282.69250822
 10
6371657.6413193
 20
6170283.09732645
  0
LWPOLYLINE
  5
200F6
330
1F
100
AcDbEntity
  8
tejido
 62
8
420
8421504
100
AcDbPolyline
 90
13
 70
1
 10
6371664.73205193
 20
6170281.81772552
 10
6371663.88215811
 20
6170281.72337574
 10
6371661.0169099
 20
6170281.40374043
 10
6371660.7061369
 20
6170283.51988654
 10
6371657.6413193
 20
6170283.09732645
 10
6371654.69628134
 20
6170282.69250822
 10
6371655.08083776
 20
6170279.62713951
 10
6371651.35627474
 20
6170279.17300544
 10
6371651.17015428
 20
6170280.97086071
 10
6371650.88056106
 20
6170280.936652
 10
6371650.53132712
 20
6170283.98052621
 10
6371664.29184352
 20
6170285.76155774
 10
6371664.73205193
 20
6170281.81772552
  0
LWPOLYLINE
  5
200F7
330
1F
100
AcDbEntity
  8
tejido
 62
8
420
8421504
100
AcDbPolyline
 90
14
 70
1
 10
6371663.88215811
 20
6170281.72337574
 10
6371664.41634936
 20
6170277.30676046
 10
6371661.21915636
 20
6170276.90728839
 10
6371658.27258174
 20
6170276.53945922
 10
6371658.20666505
 20
6170277.91192608
 10
6371661.51205716
 20
6170278.29996317
 10
6371661.26041984
 20
6170280.4769853
 10
6371660.53136378
 20
6170280.39639151
 10
6371660.47381751
 20
6170280.91571711
 10
6371657.9670532
 20
6170280.63929196
 10
6371657.6413193
 20
6170283.09732645
 10
6371660.7061369
 20
6170283.51988654
 10
6371661.0169099
 20
6170281.40374043
 10
6371663.88215811
 20
6170281.72337574
  0
LWPOLYLINE
  5
200F8
330
1F
100
AcDbEntity
  8
tejido
 62
8
420
8421504
100
AcDbPolyline
 90
6
 70
1
 10
6371668.07184747
 20
6170277.76389424
 10
6371664.41634936
 20
6170277.30676046
 10
6371663.88215811
 20
6170281.72337574
 10
6371664.73205193
 20
6170281.81772552
 10
6371667.58371933
 20
6170282.10815496
 10
6371668.07184747
 20
6170277.76389424
  0
LWPOLYLINE
  5
200F9
330
1F
100
AcDbEntity
  8
tejido
 62
8
420
8421504
100
AcDbPolyline
 90
6
 70
1
 10
6371667.58371933
 20
6170282.10815496
 10
6371664.73205193
 20
6170281.81772552
 10
6371664.29184352
 20
6170285.76155774
 10
6371666.79881174
 20
6170286.08600058
 10
6371667.13229323
 20
6170286.12884818
 10
6371667.58371933
 20
6170282.10815496
  0
LWPOLYLINE
  5
200FA
330
1F
100
AcDbEntity
  8
tejido
 62
8
420
8421504
100
AcDbPolyline
 90
7
 70
1
 10
6371671.49415585
 20
6170282.50596621
 10
6371667.58371933
 20
6170282.10815496
 10
6371667.13229323
 20
6170286.12884818
 10
6371672.11148423
 20
6170286.77322876
 10
6371672.68956903
 20
6170286.84863234
 10
6371673.22142408
 20
6170282.73107535
 10
6371671.49415585
 20
6170282.50596621
  0
LWPOLYLINE
  5
200FB
330
1F
100
AcDbEntity
  8
tejido
 62
8
420
8421504
100
AcDbPolyline
 90
10
 70
1
 10
6371662.02838832
 20
6170269.18264212
 10
6371655.58832836
 20
6170268.36713056
 10
6371653.52947723
 20
6170268.1062034
 10
6371642.17884385
 20
6170266.66721202
 10
6371641.36601983
 20
6170274.42571714
 10
6371642.15982122
 20
6170274.52525538
 10
6371651.60061802
 20
6170275.70548026
 10
6371658.27258174
 20
6170276.53945922
 10
6371661.21915636
 20
6170276.90728839
 10
6371662.02838832
 20
6170269.18264212
  0
LWPOLYLINE
  5
200FC
330
1F
100
AcDbEntity
  8
tejido
 62
8
420
8421504
100
AcDbPolyline
 90
12
 70
1
 10
6371686.78756746
 20
6170264.32010678
 10
6371685.90777566
 20
6170264.2193699
 10
6371672.73457872
 20
6170262.7089043
 10
6371672.29378089
 20
6170266.68677055
 10
6371676.74776992
 20
6170267.19748041
 10
6371678.54436038
 20
6170267.40260455
 10
6371682.31825377
 20
6170267.83440011
 10
6371682.6895207
 20
6170264.85790936
 10
6371685.67047568
 20
6170265.19920249
 10
6371685.30023141
 20
6170268.17674597
 10
6371686.29285009
 20
6170268.29016973
 10
6371686.78756746
 20
6170264.32010678
  0
LWPOLYLINE
  5
200FD
330
1F
100
AcDbEntity
  8
tejido
 62
8
420
8421504
100
AcDbPolyline
 90
14
 70
1
 10
6371664.99450704
 20
6170261.82182733
 10
6371665.35982127
 20
6170258.6327213
 10
6371666.44478364
 20
6170258.75670336
 10
6371666.54941152
 20
6170257.84436512
 10
6371666.96065841
 20
6170257.89154017
 10
6371668.23717007
 20
6170246.75158778
 10
6371667.97232884
 20
6170246.72137191
 10
6371668.07835816
 20
6170245.796599
 10
6371666.62872327
 20
6170245.63032995
 10
6371666.96333608
 20
6170242.7100877
 10
6371648.06719823
 20
6170240.04092086
 10
6371646.22977084
 20
6170256.07824174
 10
6371645.82324808
 20
6170259.62501498
 10
6371664.99450704
 20
6170261.82182733
  0
LWPOLYLINE
  5
200FE
330
1F
100
AcDbEntity
  8
tejido
 62
8
420
8421504
100
AcDbPolyline
 90
11
 70
1
 10
6371660.39788821
 20
6170249.32092313
 10
6371659.9904373
 20
6170252.87696294
 10
6371659.41734028
 20
6170257.87757924
 10
6371652.41644104
 20
6170257.07521851
 10
6371652.98929392
 20
6170252.07459855
 10
6371653.39674396
 20
6170248.5186197
 10
6371652.64958721
 20
6170248.43293276
 10
6371653.16858728
 20
6170243.90408945
 10
6371661.41981351
 20
6170244.84937623
 10
6371660.90080992
 20
6170249.37846358
 10
6371660.39788821
 20
6170249.32092313
  0
LWPOLYLINE
  5
200FF
330
1F
100
AcDbEntity
  8
tejido
 62
8
420
8421504
100
AcDbPolyline
 90
6
 70
1
 10
6371721.52148861
 20
6170265.33695287
 10
6371714.09152309
 20
6170264.22590921
 10
6371713.96449122
 20
6170265.46645365
 10
6371718.20510493
 20
6170265.84603915
 10
6371721.42694592
 20
6170266.13483895
 10
6371721.52148861
 20
6170265.33695287
  0
LWPOLYLINE
  5
20100
330
1F
100
AcDbEntity
  8
tejido
 62
8
420
8421504
100
AcDbPolyline
 90
13
 70
1
 10
6371671.57171108
 20
6170243.36107971
 10
6371671.75967037
 20
6170241.36721924
 10
6371673.52180674
 20
6170241.61580275
 10
6371673.855964
 20
6170237.87651528
 10
6371673.84695537
 20
6170237.184155
 10
6371668.38387829
 20
6170236.93788907
 10
6371663.77548792
 20
6170236.73002628
 10
6371663.77656974
 20
6170235.61971488
 10
6371645.71738548
 20
6170232.91506251
 10
6371645.01513077
 20
6170239.61012904
 10
6371648.06719823
 20
6170240.04092086
 10
6371666.96315296
 20
6170242.71008504
 10
6371671.57171108
 20
6170243.36107971
  0
LWPOLYLINE
  5
20101
330
1F
100
AcDbEntity
  8
tejido
 62
8
420
8421504
100
AcDbPolyline
 90
6
 70
1
 10
6371673.52165805
 20
6170241.61587455
 10
6371671.75962145
 20
6170241.36715387
 10
6371671.57175689
 20
6170243.36114408
 10
6371671.77221101
 20
6170243.3892587
 10
6371673.34367996
 20
6170243.61100842
 10
6371673.52165805
 20
6170241.61587455
  0
LWPOLYLINE
  5
20102
330
1F
100
AcDbEntity
  8
tejido
 62
8
420
8421504
100
AcDbPolyline
 90
18
 70
1
 10
6371655.11963705
 20
6170215.32879022
 10
6371655.47474872
 20
6170211.06657407
 10
6371659.30611703
 20
6170211.43784462
 10
6371659.38572194
 20
6170211.11010139
 10
6371662.74627735
 20
6170211.48736577
 10
6371663.17735175
 20
6170211.56083739
 10
6371663.21067724
 20
6170210.9889399
 10
6371665.6944715
 20
6170211.27540193
 10
6371665.73644845
 20
6170210.75528154
 10
6371665.87179749
 20
6170209.0759407
 10
6371662.88624891
 20
6170208.7735328
 10
6371657.62634289
 20
6170208.24209905
 10
6371652.79117291
 20
6170207.75388435
 10
6371652.24226953
 20
6170212.45019233
 10
6371650.50706045
 20
6170212.16774786
 10
6371650.17165772
 20
6170215.95500594
 10
6371654.9508116
 20
6170216.52947113
 10
6371655.11963705
 20
6170215.32879022
  0
LWPOLYLINE
  5
20103
330
1F
100
AcDbEntity
  8
tejido
 62
8
420
8421504
100
AcDbPolyline
 90
8
 70
1
 10
6371658.60880696
 20
6170191.89932177
 10
6371654.2862442
 20
6170191.63857884
 10
6371649.6270217
 20
6170195.62224774
 10
6371648.40221219
 20
6170207.31011589
 10
6371651.06734131
 20
6170207.57942612
 10
6371652.79117291
 20
6170207.75388435
 10
6371657.62658705
 20
6170208.24210259
 10
6371658.60880696
 20
6170191.89932177
  0
LWPOLYLINE
  5
20104
330
1F
100
AcDbEntity
  8
tejido
 62
8
420
8421504
100
AcDbPolyline
 90
10
 70
1
 10
6371663.27692417
 20
6170204.05875114
 10
6371666.27206513
 20
6170204.25121793
 10
6371666.32066433
 20
6170203.66177524
 10
6371666.93429262
 20
6170196.24938334
 10
6371667.08692394
 20
6170194.41399503
 10
6371667.25187106
 20
6170192.41980084
 10
6371658.60880696
 20
6170191.89932177
 10
6371657.62658705
 20
6170208.24210259
 10
6371662.88649308
 20
6170208.77353634
 10
6371663.27692417
 20
6170204.05875114
  0
LWPOLYLINE
  5
20105
330
1F
100
AcDbEntity
  8
tejido
 62
8
420
8421504
100
AcDbPolyline
 90
5
 70
1
 10
6371666.27206513
 20
6170204.25121793
 10
6371663.27692417
 20
6170204.05875114
 10
6371662.88649308
 20
6170208.77353634
 10
6371665.87198061
 20
6170209.07594336
 10
6371666.27206513
 20
6170204.25121793
  0
LWPOLYLINE
  5
20106
330
1F
100
AcDbEntity
  8
tejido
 62
8
420
8421504
100
AcDbPolyline
 90
18
 70
1
 10
6371674.93074187
 20
6170223.35662195
 10
6371675.52143474
 20
6170215.26491671
 10
6371675.66239208
 20
6170213.32514007
 10
6371672.51011982
 20
6170213.13961388
 10
6371672.5732443
 20
6170211.21592574
 10
6371670.03970853
 20
6170211.04614913
 10
6371669.85109304
 20
6170214.41145488
 10
6371666.36428905
 20
6170214.10080122
 10
6371666.70093205
 20
6170210.82165228
 10
6371665.73680938
 20
6170210.7556531
 10
6371665.69446884
 20
6170211.27558505
 10
6371665.35290157
 20
6170215.5005714
 10
6371669.41970002
 20
6170215.87562229
 10
6371669.25618452
 20
6170218.87417466
 10
6371665.10303598
 20
6170218.58890304
 10
6371664.65034172
 20
6170224.2838612
 10
6371674.81214595
 20
6170224.99639852
 10
6371674.93074187
 20
6170223.35662195
  0
LWPOLYLINE
  5
20107
330
1F
100
AcDbEntity
  8
tejido
 62
8
420
8421504
100
AcDbPolyline
 90
9
 70
1
 10
6371666.3208448
 20
6170203.66196102
 10
6371666.27224471
 20
6170204.25146475
 10
6371665.87222212
 20
6170209.07613002
 10
6371665.73680938
 20
6170210.7556531
 10
6371666.70117621
 20
6170210.82165582
 10
6371670.0399527
 20
6170211.04615267
 10
6371672.57306118
 20
6170211.21592309
 10
6371673.09863756
 20
6170203.94328906
 10
6371666.3208448
 20
6170203.66196102
  0
LWPOLYLINE
  5
20108
330
1F
100
AcDbEntity
  8
tejido
 62
8
420
8421504
100
AcDbPolyline
 90
8
 70
1
 10
6371676.38798727
 20
6170203.38283129
 10
6371676.43552728
 20
6170202.72328333
 10
6371676.86757171
 20
6170196.79773048
 10
6371666.93447309
 20
6170196.24956912
 10
6371666.3208448
 20
6170203.66196102
 10
6371673.09882068
 20
6170203.94329172
 10
6371673.23555101
 20
6170203.13704238
 10
6371676.38798727
 20
6170203.38283129
  0
LWPOLYLINE
  5
20109
330
1F
100
AcDbEntity
  8
tejido
 62
8
420
8421504
100
AcDbPolyline
 90
6
 70
1
 10
6371670.0397046
 20
6170211.04594882
 10
6371666.73090509
 20
6170210.8239127
 10
6371666.70093117
 20
6170210.82147741
 10
6371666.36428992
 20
6170214.10060635
 10
6371669.85085965
 20
6170214.41124685
 10
6371670.0397046
 20
6170211.04594882
  0
LWPOLYLINE
  5
2010A
330
1F
100
AcDbEntity
  8
tejido
 62
8
420
8421504
100
AcDbPolyline
 90
6
 70
1
 10
6371676.96222711
 20
6170195.49852027
 10
6371676.99730728
 20
6170195.01087876
 10
6371667.08690986
 20
6170194.41402315
 10
6371666.93425562
 20
6170196.24937499
 10
6371676.86736584
 20
6170196.79754482
 10
6371676.96222711
 20
6170195.49852027
  0
LWPOLYLINE
  5
2010B
330
1F
100
AcDbEntity
  8
tejido
 62
8
420
8421504
100
AcDbPolyline
 90
7
 70
1
 10
6371677.14328112
 20
6170193.01538086
 10
6371676.84345491
 20
6170192.9970286
 10
6371667.62766119
 20
6170192.44225562
 10
6371667.25187106
 20
6170192.41980084
 10
6371667.08690986
 20
6170194.41402315
 10
6371676.99730728
 20
6170195.01087876
 10
6371677.14328112
 20
6170193.01538086
  0
LWPOLYLINE
  5
2010C
330
1F
100
AcDbEntity
  8
tejido
 62
8
420
8421504
100
AcDbPolyline
 90
7
 70
1
 10
6371665.35271844
 20
6170215.50056874
 10
6371665.31444597
 20
6170215.97153337
 10
6371665.15290758
 20
6170217.96644861
 10
6371665.10285286
 20
6170218.58890039
 10
6371669.25600139
 20
6170218.87417201
 10
6371669.41951689
 20
6170215.87561964
 10
6371665.35271844
 20
6170215.50056874
  0
LWPOLYLINE
  5
2010D
330
1F
100
AcDbEntity
  8
tejido
 62
8
420
8421504
100
AcDbPolyline
 90
9
 70
1
 10
6371675.80974086
 20
6170211.30669652
 10
6371676.15696233
 20
6170206.54024382
 10
6371676.38780681
 20
6170203.38264551
 10
6371673.23537054
 20
6170203.1368566
 10
6371673.09864021
 20
6170203.94310594
 10
6371672.57306383
 20
6170211.21573996
 10
6371672.51012248
 20
6170213.13943076
 10
6371675.66239208
 20
6170213.32514007
 10
6371675.80974086
 20
6170211.30669652
  0
LWPOLYLINE
  5
2010E
330
1F
100
AcDbEntity
  8
tejido
 62
8
420
8421504
100
AcDbPolyline
 90
13
 70
1
 10
6371677.74198063
 20
6170193.05107515
 10
6371677.14331444
 20
6170193.01540771
 10
6371676.99733341
 20
6170195.01109795
 10
6371676.9622411
 20
6170195.49853219
 10
6371690.99111786
 20
6170196.42735453
 10
6371691.03439307
 20
6170195.85560138
 10
6371691.18635257
 20
6170193.86024215
 10
6371689.58929406
 20
6170193.76406179
 10
6371685.69445898
 20
6170193.52973049
 10
6371684.60406354
 20
6170193.46464753
 10
6371683.13493207
 20
6170193.37557296
 10
6371680.13862963
 20
6170193.1958495
 10
6371677.74198063
 20
6170193.05107515
  0
LWPOLYLINE
  5
2010F
330
1F
100
AcDbEntity
  8
tejido
 62
8
420
8421504
100
AcDbPolyline
 90
8
 70
1
 10
6371690.6790292
 20
6170200.50990177
 10
6371686.68876524
 20
6170200.22094765
 10
6371686.20607898
 20
6170206.13581414
 10
6371687.44533501
 20
6170206.21276333
 10
6371687.32788186
 20
6170209.483063
 10
6371689.98730435
 20
6170209.5817057
 10
6371690.2035562
 20
6170206.75254929
 10
6371690.6790292
 20
6170200.50990177
  0
LWPOLYLINE
  5
20110
330
1F
100
AcDbEntity
  8
tejido
 62
8
420
8421504
100
AcDbPolyline
 90
5
 70
1
 10
6371689.94251822
 20
6170210.17116213
 10
6371686.72922009
 20
6170210.05454294
 10
6371686.6945158
 20
6170210.65422436
 10
6371689.89682737
 20
6170210.76968391
 10
6371689.94251822
 20
6170210.17116213
  0
LWPOLYLINE
  5
20111
330
1F
100
AcDbEntity
  8
tejido
 62
8
420
8421504
100
AcDbPolyline
 90
15
 70
1
 10
6371728.67498338
 20
6170221.30736294
 10
6371726.82185152
 20
6170221.09842697
 10
6371726.77012059
 20
6170222.30801001
 10
6371722.01180525
 20
6170222.00596461
 10
6371722.12314996
 20
6170218.3022159
 10
6371718.84919538
 20
6170218.06632628
 10
6371712.63514273
 20
6170217.61886465
 10
6371712.36533136
 20
6170221.36689963
 10
6371716.36047217
 20
6170221.64792611
 10
6371716.11084464
 20
6170225.75555617
 10
6371720.41557644
 20
6170226.21013045
 10
6371724.74741466
 20
6170226.68585614
 10
6371727.76592901
 20
6170227.01792565
 10
6371728.05225218
 20
6170225.22153616
 10
6371728.67498338
 20
6170221.30736294
  0
LWPOLYLINE
  5
20112
330
1F
100
AcDbEntity
  8
tejido
 62
8
420
8421504
100
AcDbPolyline
 90
42
 70
1
 10
6371687.80820362
 20
6170238.58320903
 10
6371688.1127213
 20
6170234.4543341
 10
6371688.46196334
 20
6170229.74218783
 10
6371688.56199494
 20
6170228.38897355
 10
6371685.64734694
 20
6170228.11067241
 10
6371685.93645861
 20
6170223.97058433
 10
6371688.87167868
 20
6170224.21120828
 10
6371689.54738462
 20
6170215.34724383
 10
6371687.96415391
 20
6170215.27428146
 10
6371687.88413273
 20
6170215.96333585
 10
6371686.39501253
 20
6170215.87171253
 10
6371686.66156121
 20
6170211.23297499
 10
6371686.69455767
 20
6170210.65429578
 10
6371686.7292608
 20
6170210.05476088
 10
6371689.94255075
 20
6170210.17120412
 10
6371689.98712122
 20
6170209.58170305
 10
6371687.32788186
 20
6170209.483063
 10
6371687.44514835
 20
6170206.21300484
 10
6371686.20589585
 20
6170206.13581148
 10
6371686.68876524
 20
6170200.22094765
 10
6371690.67884342
 20
6170200.51008224
 10
6371690.93971267
 20
6170197.10082776
 10
6371690.99111786
 20
6170196.42735453
 10
6371676.96223844
 20
6170195.49871532
 10
6371676.86738859
 20
6170196.79772783
 10
6371676.43552728
 20
6170202.72328333
 10
6371679.91631518
 20
6170202.86778314
 10
6371679.57596977
 20
6170206.76010406
 10
6371682.59288807
 20
6170206.95386347
 10
6371682.33494738
 20
6170211.65158191
 10
6371679.43606719
 20
6170211.49848668
 10
6371679.22608612
 20
6170215.50772372
 10
6371675.52125162
 20
6170215.26491405
 10
6371674.93073833
 20
6170223.35686611
 10
6371677.91769304
 20
6170223.70123831
 10
6371677.60948092
 20
6170227.9290893
 10
6371674.61123309
 20
6170227.74457578
 10
6371674.42138849
 20
6170230.35261157
 10
6371673.84695537
 20
6170237.184155
 10
6371673.85614447
 20
6170237.87670105
 10
6371687.78076386
 20
6170238.94290728
 10
6371687.80820362
 20
6170238.58320903
  0
LWPOLYLINE
  5
20113
330
1F
100
AcDbEntity
  8
tejido
 62
8
420
8421504
100
AcDbPolyline
 90
13
 70
1
 10
6371706.16125623
 20
6170263.04081746
 10
6371706.82530303
 20
6170258.91312685
 10
6371706.83168173
 20
6170258.87322902
 10
6371704.91628904
 20
6170258.72224641
 10
6371700.1544663
 20
6170258.34627544
 10
6371699.95387832
 20
6170261.41731043
 10
6371686.19515339
 20
6170260.33354633
 10
6371685.90795613
 20
6170264.21955568
 10
6371686.78774705
 20
6170264.3203536
 10
6371691.00683131
 20
6170264.80366285
 10
6371705.67297212
 20
6170266.07465024
 10
6371706.16020698
 20
6170263.04580867
 10
6371706.16125623
 20
6170263.04081746
  0
LWPOLYLINE
  5
20114
330
1F
100
AcDbEntity
  8
tejido
 62
8
420
8421504
100
AcDbPolyline
 90
7
 70
1
 10
6371700.15446896
 20
6170258.34609231
 10
6371700.48192576
 20
6170253.35528538
 10
6371700.83642834
 20
6170247.94775013
 10
6371687.20007744
 20
6170246.78669516
 10
6371686.19515693
 20
6170260.33330216
 10
6371699.95388097
 20
6170261.4171273
 10
6371700.15446896
 20
6170258.34609231
  0
LWPOLYLINE
  5
20115
330
1F
100
AcDbEntity
  8
tejido
 62
8
420
8421504
100
AcDbPolyline
 90
7
 70
1
 10
6371701.37727354
 20
6170239.68107474
 10
6371693.46987091
 20
6170239.0412203
 10
6371687.80802315
 20
6170238.58302326
 10
6371687.78094963
 20
6170238.94272681
 10
6371687.20007744
 20
6170246.78669516
 10
6371700.83642834
 20
6170247.94775013
 10
6371701.37727354
 20
6170239.68107474
  0
LWPOLYLINE
  5
20116
330
1F
100
AcDbEntity
  8
tejido
 62
8
420
8421504
100
AcDbPolyline
 90
5
 70
1
 10
6371694.07906654
 20
6170230.15773106
 10
6371688.46196688
 20
6170229.74194366
 10
6371688.11272395
 20
6170234.45415097
 10
6371693.75603412
 20
6170234.87288264
 10
6371694.07906654
 20
6170230.15773106
  0
LWPOLYLINE
  5
20117
330
1F
100
AcDbEntity
  8
tejido
 62
8
420
8421504
100
AcDbPolyline
 90
7
 70
1
 10
6371689.7029449
 20
6170213.30987063
 10
6371689.5475704
 20
6170215.34706336
 10
6371688.8718618
 20
6170224.21121094
 10
6371688.77341747
 20
6170225.5391719
 10
6371694.36101594
 20
6170226.02736892
 10
6371695.35700013
 20
6170213.71599823
 10
6371689.7029449
 20
6170213.30987063
  0
LWPOLYLINE
  5
20118
330
1F
100
AcDbEntity
  8
tejido
 62
8
420
8421504
100
AcDbPolyline
 90
12
 70
1
 10
6371704.55597378
 20
6170198.24101846
 10
6371690.93971532
 20
6170197.10064464
 10
6371690.67884342
 20
6170200.51008224
 10
6371690.20355354
 20
6170206.75273241
 10
6371691.781943
 20
6170206.8732467
 10
6371691.44284732
 20
6170211.31091941
 10
6371696.62357289
 20
6170211.71976853
 10
6371696.45928863
 20
6170213.80298879
 10
6371703.277378
 20
6170214.34102223
 10
6371703.41393024
 20
6170212.65028196
 10
6371704.37179615
 20
6170200.63508105
 10
6371704.55597378
 20
6170198.24101846
  0
LWPOLYLINE
  5
20119
330
1F
100
AcDbEntity
  8
tejido
 62
8
420
8421504
100
AcDbPolyline
 90
5
 70
1
 10
6371704.82665782
 20
6170194.68122534
 10
6371691.18635257
 20
6170193.86024215
 10
6371691.03439307
 20
6170195.85560138
 10
6371704.67770351
 20
6170196.6756512
 10
6371704.82665782
 20
6170194.68122534
  0
LWPOLYLINE
  5
2011A
330
1F
100
AcDbEntity
  8
tejido
 62
8
420
8421504
100
AcDbPolyline
 90
17
 70
1
 10
6371701.96641158
 20
6170233.01855932
 10
6371706.18969582
 20
6170233.3090605
 10
6371706.25479771
 20
6170232.36470643
 10
6371701.6819684
 20
6170232.04972118
 10
6371702.40644983
 20
6170221.5189592
 10
6371706.97928178
 20
6170221.83376149
 10
6371707.037149
 20
6170220.99254472
 10
6371702.8838294
 20
6170220.70226425
 10
6371702.96870706
 20
6170219.33307837
 10
6371703.277378
 20
6170214.34102223
 10
6371695.35700013
 20
6170213.71599823
 10
6371694.36101594
 20
6170226.02736892
 10
6371694.07906654
 20
6170230.15773106
 10
6371693.75603412
 20
6170234.87288264
 10
6371693.46986826
 20
6170239.04140342
 10
6371701.37727089
 20
6170239.68125787
 10
6371701.96641158
 20
6170233.01855932
  0
LWPOLYLINE
  5
2011B
330
1F
100
AcDbEntity
  8
tejido
 62
8
420
8421504
100
AcDbPolyline
 90
8
 70
1
 10
6371707.47290761
 20
6170214.67190522
 10
6371709.21320439
 20
6170214.80978663
 10
6371709.34367216
 20
6170213.09655136
 10
6371703.41393024
 20
6170212.65028196
 10
6371703.277378
 20
6170214.34102223
 10
6371702.88407357
 20
6170220.70226779
 10
6371707.037149
 20
6170220.99254472
 10
6371707.47290761
 20
6170214.67190522
  0
LWPOLYLINE
  5
2011C
330
1F
100
AcDbEntity
  8
tejido
 62
8
420
8421504
100
AcDbPolyline
 90
6
 70
1
 10
6371710.29843249
 20
6170263.65871222
 10
6371706.16112118
 20
6170263.04054401
 10
6371706.16004857
 20
6170263.04552999
 10
6371705.6729896
 20
6170266.07440098
 10
6371709.87899096
 20
6170266.43948709
 10
6371710.29843249
 20
6170263.65871222
  0
LWPOLYLINE
  5
2011D
330
1F
100
AcDbEntity
  8
tejido
 62
8
420
8421504
100
AcDbPolyline
 90
15
 70
1
 10
6371717.45359626
 20
6170235.10272638
 10
6371711.31981898
 20
6170234.12550416
 10
6371711.27595984
 20
6170234.40492255
 10
6371710.82214425
 20
6170234.37135574
 10
6371710.77720033
 20
6170234.36771235
 10
6371706.83168438
 20
6170258.8730459
 10
6371706.82530568
 20
6170258.91294372
 10
6371706.16125977
 20
6170263.0405733
 10
6371710.29840685
 20
6170263.65878357
 10
6371714.09152309
 20
6170264.22590921
 10
6371721.52148861
 20
6170265.33695287
 10
6371724.47231367
 20
6170247.35320298
 10
6371724.96725141
 20
6170244.3194669
 10
6371726.23965699
 20
6170236.52350329
 10
6371717.45359626
 20
6170235.10272638
  0
LWPOLYLINE
  5
2011E
330
1F
100
AcDbEntity
  8
tejido
 62
8
420
8421504
100
AcDbPolyline
 90
8
 70
1
 10
6371707.4726661
 20
6170214.67171855
 10
6371707.03690749
 20
6170220.99235805
 10
6371712.3651509
 20
6170221.36671385
 10
6371712.63514273
 20
6170217.61886465
 10
6371712.74786391
 20
6170216.05580895
 10
6371712.81718227
 20
6170215.0943599
 10
6371709.25120113
 20
6170214.81253558
 10
6371707.4726661
 20
6170214.67171855
  0
LWPOLYLINE
  5
2011F
330
1F
100
AcDbEntity
  8
tejido
 62
8
420
8421504
100
AcDbPolyline
 90
13
 70
1
 10
6371708.56154114
 20
6170194.90646008
 10
6371704.82665782
 20
6170194.68122534
 10
6371704.67770351
 20
6170196.6756512
 10
6371704.59965592
 20
6170197.67067547
 10
6371708.32145892
 20
6170197.87587796
 10
6371710.51154389
 20
6170197.99665421
 10
6371723.8208134
 20
6170198.72925382
 10
6371732.20854564
 20
6170199.19095926
 10
6371732.66097361
 20
6170196.35625323
 10
6371725.95772773
 20
6170195.95292137
 10
6371723.97623447
 20
6170195.83419315
 10
6371710.73231403
 20
6170195.03696915
 10
6371708.56154114
 20
6170194.90646008
  0
LWPOLYLINE
  5
20120
330
1F
100
AcDbEntity
  8
tejido
 62
8
420
8421504
100
AcDbPolyline
 90
6
 70
1
 10
6371713.96449122
 20
6170265.46645365
 10
6371714.09152309
 20
6170264.22590921
 10
6371710.29840685
 20
6170263.65878357
 10
6371709.87893772
 20
6170266.43950773
 10
6371713.93544399
 20
6170266.76642025
 10
6371713.96449122
 20
6170265.46645365
  0
LWPOLYLINE
  5
20121
330
1F
100
AcDbEntity
  8
tejido
 62
8
420
8421504
100
AcDbPolyline
 90
9
 70
1
 10
6371716.1108473
 20
6170225.75537304
 10
6371712.06499428
 20
6170225.51060991
 10
6371711.36032507
 20
6170233.66470695
 10
6371711.31981898
 20
6170234.12550416
 10
6371717.45359626
 20
6170235.10272638
 10
6371717.8081843
 20
6170232.93117346
 10
6371720.07965137
 20
6170233.23317767
 10
6371720.41557997
 20
6170226.20988629
 10
6371716.1108473
 20
6170225.75537304
  0
LWPOLYLINE
  5
20122
330
1F
100
AcDbEntity
  8
tejido
 62
8
420
8421504
100
AcDbPolyline
 90
6
 70
1
 10
6371716.36047483
 20
6170221.64774299
 10
6371712.3651509
 20
6170221.36671385
 10
6371712.0663426
 20
6170225.49762497
 10
6371712.06499428
 20
6170225.51060991
 10
6371716.1108473
 20
6170225.75537304
 10
6371716.36047483
 20
6170221.64774299
  0
LWPOLYLINE
  5
20123
330
1F
100
AcDbEntity
  8
tejido
 62
8
420
8421504
100
AcDbPolyline
 90
8
 70
1
 10
6371720.07965137
 20
6170233.23317767
 10
6371717.8081843
 20
6170232.93117346
 10
6371717.45359626
 20
6170235.10272638
 10
6371726.23965699
 20
6170236.52350329
 10
6371726.309896
 20
6170236.09641166
 10
6371726.63487841
 20
6170234.10551544
 10
6371723.81042118
 20
6170233.72943175
 10
6371720.07965137
 20
6170233.23317767
  0
LWPOLYLINE
  5
20124
330
1F
100
AcDbEntity
  8
tejido
 62
8
420
8421504
100
AcDbPolyline
 90
5
 70
1
 10
6371720.41557997
 20
6170226.20988629
 10
6371720.07965137
 20
6170233.23317767
 10
6371723.81042118
 20
6170233.72943175
 10
6371724.74741466
 20
6170226.68585614
 10
6371720.41557997
 20
6170226.20988629
  0
LWPOLYLINE
  5
20125
330
1F
100
AcDbEntity
  8
tejido
 62
8
420
8421504
100
AcDbPolyline
 90
6
 70
1
 10
6371724.74741466
 20
6170226.68585614
 10
6371723.81042118
 20
6170233.72943175
 10
6371726.63487841
 20
6170234.10551544
 10
6371726.74574647
 20
6170233.42386861
 10
6371727.76593166
 20
6170227.01774253
 10
6371724.74741466
 20
6170226.68585614
  0
LWPOLYLINE
  5
20126
330
1F
100
AcDbEntity
  8
tejido
 62
8
420
8421504
100
AcDbPolyline
 90
8
 70
1
 10
6371722.21769828
 20
6170215.15045646
 10
6371722.18780775
 20
6170216.14648429
 10
6371722.12314996
 20
6170218.3022159
 10
6371722.0118079
 20
6170222.00578148
 10
6371726.76994012
 20
6170222.30782423
 10
6371726.82185506
 20
6170221.09818281
 10
6371727.065548
 20
6170215.41258895
 10
6371722.21769828
 20
6170215.15045646
  0
LWPOLYLINE
  5
20127
330
1F
100
AcDbEntity
  8
tejido
 62
8
420
8421504
100
AcDbPolyline
 90
7
 70
1
 10
6371727.06542591
 20
6170215.41258718
 10
6371726.82191521
 20
6170221.09824474
 10
6371728.67504796
 20
6170221.30711966
 10
6371728.93257413
 20
6170219.69036063
 10
6371729.59480894
 20
6170215.54872384
 10
6371729.05306849
 20
6170215.51986525
 10
6371727.06542591
 20
6170215.41258718
  0
LWPOLYLINE
  5
20128
330
1F
100
AcDbEntity
  8
tejido
 62
8
420
8421504
100
AcDbPolyline
 90
8
 70
1
 10
6371730.5002635
 20
6170209.8801141
 10
6371731.1823919
 20
6170205.6086599
 10
6371731.49273478
 20
6170203.67158419
 10
6371729.54664628
 20
6170203.55330839
 10
6371729.10024932
 20
6170212.5273803
 10
6371729.05300745
 20
6170215.51986436
 10
6371729.5947479
 20
6170215.54872296
 10
6371730.5002635
 20
6170209.8801141
  0
LWPOLYLINE
  5
20129
330
1F
100
AcDbEntity
  8
tejido
 62
8
420
8421504
100
AcDbPolyline
 90
14
 70
1
 10
6371738.94177298
 20
6170244.22203678
 10
6371739.3821159
 20
6170241.51756671
 10
6371739.94117249
 20
6170238.07460029
 10
6371735.12090114
 20
6170237.30428884
 10
6371734.65012643
 20
6170239.96851048
 10
6371731.13745115
 20
6170239.38737939
 10
6371731.5227179
 20
6170236.62014083
 10
6371728.88379293
 20
6170236.14374966
 10
6371728.75784036
 20
6170236.55202244
 10
6371726.30971288
 20
6170236.09640901
 10
6371726.23947387
 20
6170236.52350063
 10
6371724.96706828
 20
6170244.31946424
 10
6371738.5585136
 20
6170246.57719035
 10
6371738.94177298
 20
6170244.22203678
  0
LWPOLYLINE
  5
2012A
330
1F
100
AcDbEntity
  8
tejido
 62
8
420
8421504
100
AcDbPolyline
 90
15
 70
1
 10
6371741.16452051
 20
6170230.56091968
 10
6371741.67768502
 20
6170227.38738306
 10
6371737.23256237
 20
6170226.68072486
 10
6371733.33134698
 20
6170226.06097839
 10
6371728.05189766
 20
6170225.22118397
 10
6371727.7657672
 20
6170227.01758847
 10
6371726.74558317
 20
6170233.42376926
 10
6371729.23603896
 20
6170233.92802841
 10
6371729.16023101
 20
6170234.32705215
 10
6371731.81815203
 20
6170234.87175146
 10
6371732.41680158
 20
6170231.87350792
 10
6371735.96873647
 20
6170232.50519449
 10
6371735.49795735
 20
6170235.17018923
 10
6371740.28383709
 20
6170235.96981585
 10
6371741.16452051
 20
6170230.56091968
  0
LWPOLYLINE
  5
2012B
330
1F
100
AcDbEntity
  8
tejido
 62
8
420
8421504
100
AcDbPolyline
 90
9
 70
1
 10
6371731.81823679
 20
6170234.87184117
 10
6371731.52284373
 20
6170236.62004967
 10
6371731.1375761
 20
6170239.38734927
 10
6371734.65025226
 20
6170239.96841931
 10
6371735.12102343
 20
6170237.30444184
 10
6371735.49808662
 20
6170235.1702747
 10
6371735.96887287
 20
6170232.50525955
 10
6371732.41694067
 20
6170231.87355592
 10
6371731.81823679
 20
6170234.87184117
  0
LWPOLYLINE
  5
2012C
330
1F
100
AcDbEntity
  8
tejido
 62
8
420
8421504
100
AcDbPolyline
 90
9
 70
1
 10
6371742.0004369
 20
6170207.14395258
 10
6371741.58625942
 20
6170207.07994515
 10
6371741.92041693
 20
6170207.69398707
 10
6371741.33180564
 20
6170211.72667214
 10
6371741.0195201
 20
6170211.9452346
 10
6371741.40611683
 20
6170212.80809909
 10
6371743.95516888
 20
6170213.27616596
 10
6371744.86587228
 20
6170207.58663005
 10
6371742.0004369
 20
6170207.14395258
  0
LWPOLYLINE
  5
2012D
330
1F
100
AcDbEntity
  8
tejido
 62
8
420
8421504
100
AcDbPolyline
 90
9
 70
1
 10
6371749.88333484
 20
6170224.53756673
 10
6371746.88186721
 20
6170224.09096303
 10
6371746.14285039
 20
6170228.28148932
 10
6371749.40010375
 20
6170228.87332525
 10
6371748.89085173
 20
6170231.85843771
 10
6371752.53532134
 20
6170232.47048067
 10
6371754.92221424
 20
6170232.87117339
 10
6371756.11199085
 20
6170225.46414696
 10
6371749.88333484
 20
6170224.53756673
  0
LWPOLYLINE
  5
2012E
330
1F
100
AcDbEntity
  8
tejido
 62
8
420
8421504
100
AcDbPolyline
 90
10
 70
1
 10
6371752.53550446
 20
6170232.47048333
 10
6371748.89127902
 20
6170231.85844391
 10
6371743.77118266
 20
6170230.99898058
 10
6371743.7292121
 20
6170230.99238866
 10
6371742.61133161
 20
6170237.86226759
 10
6371746.22999857
 20
6170238.37588371
 10
6371746.83612714
 20
6170238.46111295
 10
6371749.82966405
 20
6170238.88623262
 10
6371751.46584489
 20
6170239.11803134
 10
6371752.53550446
 20
6170232.47048333
  0
LWPOLYLINE
  5
2012F
330
1F
100
AcDbEntity
  8
tejido
 62
8
420
8421504
100
AcDbPolyline
 90
12
 70
1
 10
6371752.72566206
 20
6170246.53853995
 10
6371748.79457656
 20
6170245.87795462
 10
6371748.311053
 20
6170245.79633496
 10
6371747.56974122
 20
6170249.93883961
 10
6371745.60334881
 20
6170249.65029553
 10
6371744.93691021
 20
6170253.94291863
 10
6371749.32508152
 20
6170254.57575886
 10
6371750.82940488
 20
6170254.79361776
 10
6371751.38737559
 20
6170254.87369167
 10
6371751.7359947
 20
6170252.7011366
 10
6371752.37702697
 20
6170248.71219374
 10
6371752.72566206
 20
6170246.53853995
  0
LWPOLYLINE
  5
20130
330
1F
100
AcDbEntity
  8
tejido
 62
8
420
8421504
100
AcDbPolyline
 90
5
 70
1
 10
6371748.31096297
 20
6170245.79627583
 10
6371746.26631747
 20
6170245.45252906
 10
6371745.60326017
 20
6170249.6502076
 10
6371747.56968113
 20
6170249.93880338
 10
6371748.31096297
 20
6170245.79627583
  0
LWPOLYLINE
  5
20131
330
1F
100
AcDbEntity
  8
tejido
 62
8
420
8421504
100
AcDbPolyline
 90
17
 70
1
 10
6371750.16143227
 20
6170262.50127013
 10
6371749.66744767
 20
6170262.4210862
 10
6371749.54173414
 20
6170262.40027541
 10
6371748.16053959
 20
6170262.1751661
 10
6371743.5470232
 20
6170261.42409363
 10
6371742.26164355
 20
6170261.2143551
 10
6371741.8657434
 20
6170263.6833741
 10
6371741.20464438
 20
6170267.81409863
 10
6371746.98302972
 20
6170268.53004519
 10
6371749.14984767
 20
6170268.7985393
 10
6371749.18169865
 20
6170268.60198015
 10
6371749.40377004
 20
6170267.21976468
 10
6371749.60945062
 20
6170265.93634101
 10
6371749.7644794
 20
6170264.97131172
 10
6371749.97121184
 20
6170263.68692643
 10
6371750.12956624
 20
6170262.69886698
 10
6371750.16143227
 20
6170262.50127013
  0
LWPOLYLINE
  5
20132
330
1F
100
AcDbEntity
  8
tejido
 62
8
420
8421504
100
AcDbPolyline
 90
11
 70
1
 10
6371720.86621667
 20
6170271.13728206
 10
6371720.90046601
 20
6170270.83006688
 10
6371717.72186863
 20
6170270.54427533
 10
6371718.20510493
 20
6170265.84603915
 10
6371713.9643081
 20
6170265.466451
 10
6371713.93544399
 20
6170266.76642025
 10
6371713.18776062
 20
6170273.55869602
 10
6371716.51788511
 20
6170273.84088475
 10
6371716.56587577
 20
6170273.84493864
 10
6371716.83612508
 20
6170270.74029642
 10
6371720.86621667
 20
6170271.13728206
  0
LWPOLYLINE
  5
20133
330
1F
100
AcDbEntity
  8
tejido
 62
8
420
8421504
100
AcDbPolyline
 90
8
 70
1
 10
6371724.66471386
 20
6170266.35683248
 10
6371721.42694592
 20
6170266.13483895
 10
6371720.90041906
 20
6170270.83005692
 10
6371720.86621667
 20
6170271.13728206
 10
6371720.52902968
 20
6170274.18032701
 10
6371720.68604853
 20
6170274.19377686
 10
6371723.91586213
 20
6170274.46748974
 10
6371724.66471386
 20
6170266.35683248
  0
LWPOLYLINE
  5
20134
330
1F
100
AcDbEntity
  8
tejido
 62
8
420
8421504
100
AcDbPolyline
 90
14
 70
1
 10
6371729.86844638
 20
6170267.35579525
 10
6371729.72755482
 20
6170269.71629518
 10
6371730.66648831
 20
6170269.80995265
 10
6371730.67008708
 20
6170269.810188
 10
6371730.92044519
 20
6170266.78468863
 10
6371724.66471386
 20
6170266.35683248
 10
6371723.91586213
 20
6170274.46748974
 10
6371724.70694192
 20
6170274.53458156
 10
6371729.25994347
 20
6170274.92010118
 10
6371729.61887809
 20
6170270.92047338
 10
6371729.72755482
 20
6170269.71629518
 10
6371725.2475034
 20
6170269.25142532
 10
6371725.37442065
 20
6170266.92833193
 10
6371729.86844638
 20
6170267.35579525
  0
LWPOLYLINE
  5
20135
330
1F
100
AcDbEntity
  8
tejido
 62
8
420
8421504
100
AcDbPolyline
 90
6
 70
1
 10
6371732.60381566
 20
6170271.22287175
 10
6371729.61887809
 20
6170270.92047338
 10
6371729.25994347
 20
6170274.92010118
 10
6371731.52689527
 20
6170275.11244778
 10
6371732.24919327
 20
6170275.17353574
 10
6371732.60381566
 20
6170271.22287175
  0
LWPOLYLINE
  5
20136
330
1F
100
AcDbEntity
  8
tejido
 62
8
420
8421504
100
AcDbPolyline
 90
14
 70
1
 10
6371734.70945691
 20
6170270.18624458
 10
6371734.62061414
 20
6170271.18050168
 10
6371739.32088957
 20
6170271.61993075
 10
6371739.22107746
 20
6170272.40670257
 10
6371739.19859569
 20
6170272.58256372
 10
6371738.79919103
 20
6170275.72862157
 10
6371745.84170949
 20
6170276.32589451
 10
6371746.98302972
 20
6170268.53004519
 10
6371741.20464438
 20
6170267.81409863
 10
6371740.01140618
 20
6170267.66675023
 10
6371739.07683514
 20
6170267.55013869
 10
6371738.81797471
 20
6170270.56831032
 10
6371735.51587154
 20
6170270.26124782
 10
6371734.70945691
 20
6170270.18624458
  0
LWPOLYLINE
  5
20137
330
1F
100
AcDbEntity
  8
tejido
 62
8
420
8421504
100
AcDbPolyline
 90
10
 70
1
 10
6371734.74091681
 20
6170275.38471056
 10
6371735.02923746
 20
6170272.11169961
 10
6371739.19874075
 20
6170272.58268946
 10
6371739.22107357
 20
6170272.40675061
 10
6371736.97090668
 20
6170272.17685502
 10
6371737.02149311
 20
6170271.63982554
 10
6371732.8715081
 20
6170271.25013729
 10
6371732.60381301
 20
6170271.22305487
 10
6371732.24919327
 20
6170275.17353574
 10
6371734.74091681
 20
6170275.38471056
  0
LWPOLYLINE
  5
20138
330
1F
100
AcDbEntity
  8
tejido
 62
8
420
8421504
100
AcDbPolyline
 90
6
 70
1
 10
6371739.19874075
 20
6170272.58268946
 10
6371735.02923746
 20
6170272.11169961
 10
6371734.74091681
 20
6170275.38471056
 10
6371736.63498554
 20
6170275.54521351
 10
6371738.79919103
 20
6170275.72862157
 10
6371739.19874075
 20
6170272.58268946
  0
LWPOLYLINE
  5
20139
330
1F
100
AcDbEntity
  8
tejido
 62
8
420
8421504
100
AcDbPolyline
 90
7
 70
1
 10
6371749.14984767
 20
6170268.7985393
 10
6371746.98302972
 20
6170268.53004519
 10
6371745.84170949
 20
6170276.32589451
 10
6371747.91378273
 20
6170276.50100637
 10
6371747.96770083
 20
6170276.16367158
 10
6371749.11348821
 20
6170269.0281243
 10
6371749.14984767
 20
6170268.7985393
  0
LWPOLYLINE
  5
2013A
330
1F
100
AcDbEntity
  8
tejido
 62
8
420
8421504
100
AcDbPolyline
 90
8
 70
1
 10
6371746.63503214
 20
6170284.46092947
 10
6371736.79012423
 20
6170283.69199681
 10
6371735.56517328
 20
6170291.31855222
 10
6371735.01659186
 20
6170294.72967842
 10
6371734.42276863
 20
6170298.42716312
 10
6371744.28198315
 20
6170299.10630928
 10
6371746.15888725
 20
6170287.42393219
 10
6371746.63503214
 20
6170284.46092947
  0
LWPOLYLINE
  5
2013B
330
1F
100
AcDbEntity
  8
tejido
 62
8
420
8421504
100
AcDbPolyline
 90
7
 70
1
 10
6371728.99090957
 20
6170298.05332092
 10
6371728.59173254
 20
6170303.19028843
 10
6371728.38288381
 20
6170305.87949417
 10
6371743.01189343
 20
6170307.01635499
 10
6371744.28198315
 20
6170299.10630928
 10
6371734.42276863
 20
6170298.42716312
 10
6371728.99090957
 20
6170298.05332092
  0
LWPOLYLINE
  5
2013C
330
1F
100
AcDbEntity
  8
tejido
 62
8
420
8421504
100
AcDbPolyline
 90
7
 70
1
 10
6371715.27824394
 20
6170316.40212222
 10
6371715.20556633
 20
6170316.86120985
 10
6371714.68524134
 20
6170320.1836889
 10
6371717.19796288
 20
6170320.39417976
 10
6371718.07716393
 20
6170320.46794795
 10
6371718.4633784
 20
6170316.66737772
 10
6371715.27824394
 20
6170316.40212222
  0
LWPOLYLINE
  5
2013D
330
1F
100
AcDbEntity
  8
tejido
 62
8
420
8421504
100
AcDbPolyline
 90
7
 70
1
 10
6371715.48914209
 20
6170315.05404191
 10
6371715.27849117
 20
6170316.40235507
 10
6371718.46367415
 20
6170316.66766646
 10
6371718.0774051
 20
6170320.46822857
 10
6371721.11468023
 20
6170320.72333597
 10
6371721.6529569
 20
6170315.5261104
 10
6371715.48914209
 20
6170315.05404191
  0
LWPOLYLINE
  5
2013E
330
1F
100
AcDbEntity
  8
tejido
 62
8
420
8421504
100
AcDbPolyline
 90
5
 70
1
 10
6371723.00591737
 20
6170313.07536555
 10
6371719.48900895
 20
6170312.78613384
 10
6371719.37194465
 20
6170314.02981446
 10
6371722.90001616
 20
6170314.36182369
 10
6371723.00591737
 20
6170313.07536555
  0
LWPOLYLINE
  5
2013F
330
1F
100
AcDbEntity
  8
tejido
 62
8
420
8421504
100
AcDbPolyline
 90
20
 70
1
 10
6371724.92000232
 20
6170321.04239257
 10
6371725.17803194
 20
6170317.87517606
 10
6371730.91312844
 20
6170318.33443377
 10
6371731.00700866
 20
6170316.34439897
 10
6371728.07869614
 20
6170316.12426812
 10
6371728.29341913
 20
6170313.50993863
 10
6371727.48096257
 20
6170313.44339169
 10
6371727.26573173
 20
6170316.06326973
 10
6371727.24493708
 20
6170316.06156395
 10
6371724.34820575
 20
6170315.84451638
 10
6371724.52793343
 20
6170314.51510893
 10
6371722.90001616
 20
6170314.36182369
 10
6371719.37194465
 20
6170314.02981446
 10
6371719.48900895
 20
6170312.78613384
 10
6371715.89124496
 20
6170312.48986844
 10
6371715.48889792
 20
6170315.05403836
 10
6371721.65295424
 20
6170315.52629353
 10
6371721.11449711
 20
6170320.72333331
 10
6371722.41330943
 20
6170320.8319779
 10
6371724.92000232
 20
6170321.04239257
  0
LWPOLYLINE
  5
20140
330
1F
100
AcDbEntity
  8
tejido
 62
8
420
8421504
100
AcDbPolyline
 90
5
 70
1
 10
6371728.29326712
 20
6170313.50984601
 10
6371728.07850647
 20
6170316.1241212
 10
6371731.00692282
 20
6170316.34411816
 10
6371731.32549732
 20
6170313.75894135
 10
6371728.29326712
 20
6170313.50984601
  0
LWPOLYLINE
  5
20141
330
1F
100
AcDbEntity
  8
tejido
 62
8
420
8421504
100
AcDbPolyline
 90
11
 70
1
 10
6371725.17803194
 20
6170317.87517606
 10
6371724.92000232
 20
6170321.04239257
 10
6371726.14892791
 20
6170321.14544467
 10
6371729.21610159
 20
6170321.40177932
 10
6371731.56400007
 20
6170321.59908473
 10
6371734.67017893
 20
6170321.86019771
 10
6371734.79137373
 20
6170320.60534313
 10
6371731.58414261
 20
6170320.34899226
 10
6371731.74238192
 20
6170318.40049162
 10
6371730.91312844
 20
6170318.33443377
 10
6371725.17803194
 20
6170317.87517606
  0
LWPOLYLINE
  5
20142
330
1F
100
AcDbEntity
  8
tejido
 62
8
420
8421504
100
AcDbPolyline
 90
11
 70
1
 10
6371741.79032886
 20
6170314.6199421
 10
6371731.32559241
 20
6170313.75898883
 10
6371731.0070122
 20
6170316.34415481
 10
6371730.91312844
 20
6170318.33443377
 10
6371731.74238192
 20
6170318.40049162
 10
6371731.58414615
 20
6170320.34874809
 10
6371734.79137373
 20
6170320.60534313
 10
6371734.67018247
 20
6170321.85995355
 10
6371735.13796136
 20
6170321.89897335
 10
6371740.54784753
 20
6170322.35235502
 10
6371741.79032886
 20
6170314.6199421
  0
LWPOLYLINE
  5
20143
330
1F
100
AcDbEntity
  8
tejido
 62
8
420
8421504
100
AcDbPolyline
 90
5
 70
1
 10
6371673.34365648
 20
6170243.61108758
 10
6371671.77217075
 20
6170243.38920194
 10
6371669.59984084
 20
6170262.34993442
 10
6371671.94267803
 20
6170262.61841688
 10
6371673.34365648
 20
6170243.61108758
  0
LWPOLYLINE
  5
20144
330
1F
100
AcDbEntity
  8
tejido
 62
8
420
8421504
100
AcDbPolyline
 90
14
 70
1
 10
6371671.77217075
 20
6170243.38920194
 10
6371671.57171108
 20
6170243.36107971
 10
6371666.96315296
 20
6170242.71008504
 10
6371666.62853749
 20
6170245.63051042
 10
6371668.07817504
 20
6170245.79659635
 10
6371669.52659443
 20
6170245.96248145
 10
6371668.03960691
 20
6170258.93966967
 10
6371666.44453681
 20
6170258.75688294
 10
6371665.35982127
 20
6170258.6327213
 10
6371664.99426288
 20
6170261.82182379
 10
6371665.78000374
 20
6170261.91185556
 10
6371669.47598499
 20
6170262.33574439
 10
6371669.59984084
 20
6170262.34993442
 10
6371671.77217075
 20
6170243.38920194
  0
LWPOLYLINE
  5
20145
330
1F
100
AcDbEntity
  8
tejido
 62
8
420
8421504
100
AcDbPolyline
 90
9
 70
1
 10
6371668.07817726
 20
6170245.79644742
 10
6371667.97213718
 20
6170246.7212948
 10
6371668.23707874
 20
6170246.75164498
 10
6371666.96059443
 20
6170257.8913684
 10
6371666.54925175
 20
6170257.84419069
 10
6371666.44459021
 20
6170258.75675429
 10
6371668.03963141
 20
6170258.93953366
 10
6371669.5266173
 20
6170245.96239641
 10
6371668.07817726
 20
6170245.79644742
  0
LWPOLYLINE
  5
20146
330
1F
100
AcDbEntity
  8
tejido
 62
8
420
8421504
100
AcDbPolyline
 90
5
 70
1
 10
6371646.22960021
 20
6170256.07807546
 10
6371643.32413064
 20
6170255.74525274
 10
6371642.95194057
 20
6170259.29605026
 10
6371645.82305755
 20
6170259.62487371
 10
6371646.22960021
 20
6170256.07807546
  0
LWPOLYLINE
  5
20147
330
1F
100
AcDbEntity
  8
tejido
 62
8
420
8421504
100
AcDbPolyline
 90
5
 70
1
 10
6371648.06715429
 20
6170240.04097748
 10
6371645.01506257
 20
6170239.60999882
 10
6371643.32413064
 20
6170255.74525274
 10
6371646.22960021
 20
6170256.07807546
 10
6371648.06715429
 20
6170240.04097748
  0
LWPOLYLINE
  5
20148
330
1F
100
AcDbEntity
  8
tejido
 62
8
420
8421504
100
AcDbPolyline
 90
6
 70
1
 10
6371657.76645598
 20
6170252.6218601
 10
6371652.98911994
 20
6170252.07453508
 10
6371652.41625139
 20
6170257.07506953
 10
6371659.417275
 20
6170257.8774095
 10
6371659.99024353
 20
6170252.87687662
 10
6371657.76645598
 20
6170252.6218601
  0
LWPOLYLINE
  5
20149
330
1F
100
AcDbEntity
  8
tejido
 62
8
420
8421504
100
AcDbPolyline
 90
7
 70
1
 10
6371653.39659763
 20
6170248.51844761
 10
6371658.17413223
 20
6170249.0658756
 10
6371660.90074232
 20
6170249.37829919
 10
6371661.41965671
 20
6170244.84942789
 10
6371653.16842383
 20
6170243.90391936
 10
6371652.64940941
 20
6170248.43278932
 10
6371653.39659763
 20
6170248.51844761
  0
LWPOLYLINE
  5
2014A
330
1F
100
AcDbEntity
  8
tejido
 62
8
420
8421504
100
AcDbPolyline
 90
5
 70
1
 10
6371658.17413223
 20
6170249.0658756
 10
6371653.39659763
 20
6170248.51844761
 10
6371652.98911994
 20
6170252.07453508
 10
6371657.76645598
 20
6170252.6218601
 10
6371658.17413223
 20
6170249.0658756
  0
LWPOLYLINE
  5
2014B
330
1F
100
AcDbEntity
  8
tejido
 62
8
420
8421504
100
AcDbPolyline
 90
7
 70
1
 10
6371665.35033772
 20
6170327.34072956
 10
6371666.56937809
 20
6170319.43096717
 10
6371665.08177065
 20
6170319.23434129
 10
6371664.92939966
 20
6170320.22243653
 10
6371662.44939201
 20
6170319.89438369
 10
6371661.38372272
 20
6170326.81606544
 10
6371665.35033772
 20
6170327.34072956
  0
LWPOLYLINE
  5
2014C
330
1F
100
AcDbEntity
  8
tejido
 62
8
420
8421504
100
AcDbPolyline
 90
7
 70
1
 10
6371646.12875279
 20
6170319.57972403
 10
6371643.15138204
 20
6170319.33647496
 10
6371642.86104406
 20
6170322.80336504
 10
6371645.548682
 20
6170323.02354695
 10
6371645.82840496
 20
6170323.04640787
 10
6371646.10375267
 20
6170319.8722373
 10
6371646.12875279
 20
6170319.57972403
  0
LWPOLYLINE
  5
2014D
330
1F
100
AcDbEntity
  8
tejido
 62
8
420
8421504
100
AcDbPolyline
 90
5
 70
1
 10
6371722.61761859
 20
6170204.51630913
 10
6371710.58544345
 20
6170203.84290782
 10
6371710.24415159
 20
6170209.12889353
 10
6371722.32162973
 20
6170209.80484582
 10
6371722.61761859
 20
6170204.51630913
  0
LWPOLYLINE
  5
2014E
330
1F
100
AcDbEntity
  8
tejido
 62
8
420
8421504
100
AcDbPolyline
 90
5
 70
1
 10
6371668.61765042
 20
6170319.45566791
 10
6371666.87110531
 20
6170319.18026405
 10
6371666.11171581
 20
6170323.95072364
 10
6371667.84825995
 20
6170324.22598245
 10
6371668.61765042
 20
6170319.45566791
  0
LWPOLYLINE
  5
2014F
330
1F
100
AcDbEntity
  8
tejido
 62
8
420
8421504
100
AcDbPolyline
 90
5
 70
1
 10
6371656.49588956
 20
6170316.55902919
 10
6371654.27045774
 20
6170316.19665626
 10
6371653.93069723
 20
6170318.24236055
 10
6371656.14612808
 20
6170318.60458844
 10
6371656.49588956
 20
6170316.55902919
  0
LWPOLYLINE
  5
20150
330
1F
100
AcDbEntity
  8
tejido
 62
8
420
8421504
100
AcDbPolyline
 90
5
 70
1
 10
6371657.71425591
 20
6170286.34741418
 10
6371653.19033995
 20
6170285.83167318
 10
6371652.77838529
 20
6170289.40680165
 10
6371657.30230125
 20
6170289.92254259
 10
6371657.71425591
 20
6170286.34741418
  0
LWPOLYLINE
  5
20151
330
1F
100
AcDbEntity
  8
tejido
 62
8
420
8421504
100
AcDbPolyline
 90
5
 70
1
 10
6371743.8910395
 20
6170255.97736141
 10
6371739.19189328
 20
6170255.1289775
 10
6371738.49628543
 20
6170258.95006847
 10
6371743.19543167
 20
6170259.79845233
 10
6371743.8910395
 20
6170255.97736141
  0
LWPOLYLINE
  5
20152
330
1F
100
AcDbEntity
  8
tejido
 62
8
420
8421504
100
AcDbPolyline
 90
7
 70
1
 10
6371735.13796136
 20
6170321.89897335
 10
6371734.67018247
 20
6170321.85995355
 10
6371731.56400361
 20
6170321.59884057
 10
6371731.35545145
 20
6170324.38970539
 10
6371731.30631671
 20
6170325.04556688
 10
6371734.88294728
 20
6170325.31295243
 10
6371735.13796136
 20
6170321.89897335
  0
LWPOLYLINE
  5
20153
330
1F
100
AcDbEntity
  8
tejido
 62
8
420
8421504
100
AcDbPolyline
 90
7
 70
1
 10
6371671.01387808
 20
6170316.85821717
 10
6371670.83501698
 20
6170318.01839588
 10
6371670.7655396
 20
6170318.46454748
 10
6371670.5148451
 20
6170320.09441045
 10
6371674.07396407
 20
6170320.643184
 10
6371674.57263964
 20
6170317.40637504
 10
6371671.01387808
 20
6170316.85821717
  0
LWPOLYLINE
  5
20154
330
1F
100
AcDbEntity
  8
tejido
 62
8
420
8421504
100
AcDbPolyline
 90
7
 70
1
 10
6371676.96037361
 20
6170297.96503574
 10
6371673.99471073
 20
6170297.50808429
 10
6371673.46997074
 20
6170300.91290204
 10
6371677.55231837
 20
6170301.54191745
 10
6371677.86172621
 20
6170299.53455465
 10
6371676.74510163
 20
6170299.36255258
 10
6371676.96037361
 20
6170297.96503574
  0
LWPOLYLINE
  5
20155
330
1F
100
AcDbEntity
  8
tejido
 62
8
420
8421504
100
AcDbPolyline
 90
5
 70
1
 10
6371685.73647488
 20
6170299.77378648
 10
6371681.9130494
 20
6170299.17056622
 10
6371681.27637861
 20
6170303.20402062
 10
6371685.09980145
 20
6170303.80742396
 10
6371685.73647488
 20
6170299.77378648
  0
LWPOLYLINE
  5
20156
330
1F
100
AcDbEntity
  8
tejido
 62
8
420
8421504
100
AcDbPolyline
 90
6
 70
1
 10
6371655.51921015
 20
6170309.58075764
 10
6371654.73310206
 20
6170314.44207385
 10
6371658.23555278
 20
6170315.00840297
 10
6371658.71510702
 20
6170312.04184661
 10
6371659.06445641
 20
6170309.8862744
 10
6371655.51921015
 20
6170309.58075764
  0
LWPOLYLINE
  5
20157
330
1F
100
AcDbEntity
  8
tejido
 62
8
420
8421504
100
AcDbPolyline
 90
5
 70
1
 10
6371643.22671491
 20
6170327.45444602
 10
6371643.09994852
 20
6170328.92510697
 10
6371645.39221975
 20
6170329.1229489
 10
6371645.48270304
 20
6170327.64083315
 10
6371643.22671491
 20
6170327.45444602
  0
LWPOLYLINE
  5
20158
330
1F
100
AcDbEntity
  8
tejido
 62
8
420
8421504
100
AcDbPolyline
 90
13
 70
1
 10
6371648.77394006
 20
6170316.69817708
 10
6371646.75241078
 20
6170316.52782795
 10
6371646.39531693
 20
6170316.49761756
 10
6371646.18738093
 20
6170318.90495118
 10
6371646.12899696
 20
6170319.57972757
 10
6371646.10375267
 20
6170319.8722373
 10
6371648.38347217
 20
6170319.99254192
 10
6371648.74030426
 20
6170320.01133143
 10
6371648.79489518
 20
6170318.97921232
 10
6371647.85971552
 20
6170318.92981248
 10
6371647.93690761
 20
6170317.47168138
 10
6371648.73091426
 20
6170317.51378342
 10
6371648.77394006
 20
6170316.69817708
  0
LWPOLYLINE
  5
20159
330
1F
100
AcDbEntity
  8
tejido
 62
8
420
8421504
100
AcDbPolyline
 90
5
 70
1
 10
6371643.52978501
 20
6170316.25519655
 10
6371643.32613956
 20
6170318.66558406
 10
6371646.18738093
 20
6170318.90495118
 10
6371646.39531693
 20
6170316.49761756
 10
6371643.52978501
 20
6170316.25519655
  0
LWPOLYLINE
  5
2015A
330
1F
100
AcDbEntity
  8
tejido
 62
8
420
8421504
100
AcDbPolyline
 90
7
 70
1
 10
6371648.38347217
 20
6170319.99254192
 10
6371646.10375267
 20
6170319.8722373
 10
6371645.82864913
 20
6170323.04641141
 10
6371649.42369012
 20
6170323.34104985
 10
6371649.75769182
 20
6170321.26285458
 10
6371648.25756158
 20
6170321.10104322
 10
6371648.38347217
 20
6170319.99254192
  0
LWPOLYLINE
  5
2015B
330
1F
100
AcDbEntity
  8
tejido
 62
8
420
8421504
100
AcDbPolyline
 90
9
 70
1
 10
6371648.77402939
 20
6170316.69806448
 10
6371648.73087431
 20
6170317.51369707
 10
6371647.93690787
 20
6170317.47168834
 10
6371647.85976355
 20
6170318.92971869
 10
6371648.79486554
 20
6170318.97919489
 10
6371648.74025744
 20
6170320.01128985
 10
6371649.94891641
 20
6170320.07516569
 10
6371650.38500633
 20
6170316.83451832
 10
6371648.77402939
 20
6170316.69806448
  0
LWPOLYLINE
  5
2015C
330
1F
100
AcDbEntity
  8
tejido
 62
8
420
8421504
100
AcDbPolyline
 90
6
 70
1
 10
6371646.1872646
 20
6170318.9048152
 10
6371643.32613956
 20
6170318.66558406
 10
6371643.20825765
 20
6170318.65581026
 10
6371643.15134529
 20
6170319.3363861
 10
6371646.12893527
 20
6170319.57963369
 10
6371646.1872646
 20
6170318.9048152
  0
LWPOLYLINE
  5
2015D
330
1F
100
AcDbEntity
  8
tejido
 62
8
420
8421504
100
AcDbPolyline
 90
13
 70
1
 10
6371651.26815544
 20
6170303.87937584
 10
6371651.35615004
 20
6170302.64046298
 10
6371646.44053711
 20
6170302.17990073
 10
6371646.29094153
 20
6170303.71757311
 10
6371641.98988931
 20
6170303.29968556
 10
6371641.91222936
 20
6170304.10379997
 10
6371645.24860268
 20
6170304.4224672
 10
6371649.07431746
 20
6170304.78785447
 10
6371648.87725857
 20
6170306.73139682
 10
6371648.63214078
 20
6170308.99978193
 10
6371651.69042628
 20
6170309.25018774
 10
6371652.58372444
 20
6170304.07453275
 10
6371651.26815544
 20
6170303.87937584
  0
LWPOLYLINE
  5
2015E
330
1F
100
AcDbEntity
  8
tejido
 62
8
420
8421504
100
AcDbPolyline
 90
5
 70
1
 10
6371640.91395752
 20
6170300.54044077
 10
6371638.64734199
 20
6170300.35853942
 10
6371637.83357005
 20
6170308.1169532
 10
6371640.05446579
 20
6170308.2981915
 10
6371640.91395752
 20
6170300.54044077
  0
LWPOLYLINE
  5
2015F
330
1F
100
AcDbEntity
  8
tejido
 62
8
420
8421504
100
AcDbPolyline
 90
10
 70
1
 10
6371671.06769616
 20
6170295.70787902
 10
6371670.93765446
 20
6170298.97903425
 10
6371669.86503474
 20
6170299.06910329
 10
6371669.47194193
 20
6170299.5341289
 10
6371669.36934912
 20
6170302.82808899
 10
6371673.12876286
 20
6170303.13005662
 10
6371673.46996869
 20
6170300.91294616
 10
6371673.99470957
 20
6170297.50806737
 10
6371674.22639547
 20
6170296.00174619
 10
6371671.06769616
 20
6170295.70787902
  0
LWPOLYLINE
  5
20160
330
1F
100
AcDbEntity
  8
tejido
 62
8
420
8421504
100
AcDbPolyline
 90
8
 70
1
 10
6371649.53046126
 20
6170297.41921294
 10
6371649.31370707
 20
6170297.39903569
 10
6371649.08959533
 20
6170300.18924825
 10
6371649.00900196
 20
6170301.19144017
 10
6371653.02619068
 20
6170301.51411889
 10
6371655.51905088
 20
6170301.71432031
 10
6371655.84900839
 20
6170298.02882124
 10
6371649.53046126
 20
6170297.41921294
  0
LWPOLYLINE
  5
20161
330
1F
100
AcDbEntity
  8
tejido
 62
8
420
8421504
100
AcDbPolyline
 90
5
 70
1
 10
6371660.3978075
 20
6170249.32089895
 10
6371658.17425596
 20
6170249.06599065
 10
6371657.76656442
 20
6170252.62178278
 10
6371659.99035659
 20
6170252.87693875
 10
6371660.3978075
 20
6170249.32089895
  0
LWPOLYLINE
  5
20162
330
1F
100
AcDbEntity
  8
tejido
 62
8
420
8421504
100
AcDbPolyline
 90
7
 70
1
 10
6371701.68178793
 20
6170232.0495354
 10
6371706.25461459
 20
6170232.36470378
 10
6371706.74836767
 20
6170225.18984484
 10
6371706.97928444
 20
6170221.83357836
 10
6371702.40645249
 20
6170221.51877607
 10
6371702.04986097
 20
6170226.69983191
 10
6371701.68178793
 20
6170232.0495354
  0
LWPOLYLINE
  5
20163
330
1F
100
AcDbEntity
  8
tejido
 62
8
420
8421504
100
AcDbPolyline
 90
7
 70
1
 10
6371706.74836767
 20
6170225.18984484
 10
6371712.06499428
 20
6170225.51060991
 10
6371712.0663426
 20
6170225.49762497
 10
6371712.3651509
 20
6170221.36671385
 10
6371707.03715166
 20
6170220.99236159
 10
6371706.97928178
 20
6170221.83376149
 10
6371706.74836767
 20
6170225.18984484
  0
LWPOLYLINE
  5
20164
330
1F
100
AcDbEntity
  8
tejido
 62
8
420
8421504
100
AcDbPolyline
 90
7
 70
1
 10
6371706.18951535
 20
6170233.30887472
 10
6371708.84106442
 20
6170233.49153537
 10
6371711.36032507
 20
6170233.66470695
 10
6371712.06499428
 20
6170225.51060991
 10
6371706.74836767
 20
6170225.18984484
 10
6371706.25461459
 20
6170232.36470378
 10
6371706.18951535
 20
6170233.30887472
  0
LWPOLYLINE
  5
20165
330
1F
100
AcDbEntity
  8
tejido
 62
8
420
8421504
100
AcDbPolyline
 90
8
 70
1
 10
6371689.86500462
 20
6170211.18638351
 10
6371689.85284188
 20
6170211.34726743
 10
6371689.70294756
 20
6170213.3096875
 10
6371695.35700278
 20
6170213.71581511
 10
6371696.45910817
 20
6170213.80280301
 10
6371696.62357289
 20
6170211.71976853
 10
6371691.44284732
 20
6170211.31091941
 10
6371689.86500462
 20
6170211.18638351
  0
LWPOLYLINE
  5
20166
330
1F
100
AcDbEntity
  8
tejido
 62
8
420
8421504
100
AcDbPolyline
 90
8
 70
1
 10
6371690.20337307
 20
6170206.75254664
 10
6371689.98712122
 20
6170209.58170305
 10
6371689.94255075
 20
6170210.17120412
 10
6371689.89687261
 20
6170210.76972511
 10
6371689.86500462
 20
6170211.18638351
 10
6371691.44284732
 20
6170211.31091941
 10
6371691.78212612
 20
6170206.87324936
 10
6371690.20337307
 20
6170206.75254664
  0
LWPOLYLINE
  5
20167
330
1F
100
AcDbEntity
  8
tejido
 62
8
420
8421504
100
AcDbPolyline
 90
7
 70
1
 10
6371729.10024932
 20
6170212.5273803
 10
6371723.09731489
 20
6170212.20246265
 10
6371723.01214754
 20
6170212.19805279
 10
6371722.85039349
 20
6170215.18460254
 10
6371727.065548
 20
6170215.41258895
 10
6371729.05300745
 20
6170215.51986436
 10
6371729.10024932
 20
6170212.5273803
  0
LWPOLYLINE
  5
20168
330
1F
100
AcDbEntity
  8
tejido
 62
8
420
8421504
100
AcDbPolyline
 90
7
 70
1
 10
6371709.34766418
 20
6170213.04440813
 10
6371716.0362999
 20
6170213.40271418
 10
6371716.05718469
 20
6170213.0108676
 10
6371717.13626802
 20
6170213.06870419
 10
6371717.19962133
 20
6170211.8870692
 10
6371709.46746888
 20
6170211.47284654
 10
6371709.34766418
 20
6170213.04440813
  0
LWPOLYLINE
  5
20169
330
1F
100
AcDbEntity
  8
tejido
 62
8
420
8421504
100
AcDbPolyline
 90
8
 70
1
 10
6371729.54689044
 20
6170203.55331193
 10
6371731.49273478
 20
6170203.67158419
 10
6371732.20872877
 20
6170199.19096191
 10
6371723.8208134
 20
6170198.72925382
 10
6371723.18228471
 20
6170210.61641461
 10
6371723.09731489
 20
6170212.20246265
 10
6371729.10043244
 20
6170212.52738295
 10
6371729.54689044
 20
6170203.55331193
  0
LWPOLYLINE
  5
2016A
330
1F
100
AcDbEntity
  8
tejido
 62
8
420
8421504
100
AcDbPolyline
 90
6
 70
1
 10
6371704.37179615
 20
6170200.63508105
 10
6371710.19632472
 20
6170200.94361359
 10
6371710.39739972
 20
6170197.99060306
 10
6371704.59965326
 20
6170197.67085859
 10
6371704.55597378
 20
6170198.24101846
 10
6371704.37179615
 20
6170200.63508105
  0
LWPOLYLINE
  5
2016B
330
1F
100
AcDbEntity
  8
tejido
 62
8
420
8421504
100
AcDbPolyline
 90
6
 70
1
 10
6371710.19632826
 20
6170200.94336943
 10
6371704.37179969
 20
6170200.63483689
 10
6371703.41393378
 20
6170212.65003779
 10
6371709.34367482
 20
6170213.09636824
 10
6371709.57526483
 20
6170210.05576042
 10
6371710.19632826
 20
6170200.94336943
  0
LWPOLYLINE
  5
2016C
330
1F
100
AcDbEntity
  8
tejido
 62
8
420
8421504
100
AcDbPolyline
 90
6
 70
1
 10
6371709.58696764
 20
6170209.88449067
 10
6371723.18228471
 20
6170210.61641461
 10
6371723.8208134
 20
6170198.72925382
 10
6371710.39740238
 20
6170197.99041994
 10
6371710.19632472
 20
6170200.94361359
 10
6371709.58696764
 20
6170209.88449067
  0
LWPOLYLINE
  5
2016D
330
1F
100
AcDbEntity
  8
tejido
 62
8
420
8421504
100
AcDbPolyline
 90
5
 70
1
 10
6371710.24411807
 20
6170209.12901449
 10
6371710.58544345
 20
6170203.84290782
 10
6371722.61758932
 20
6170204.51638607
 10
6371722.32159184
 20
6170209.80492042
 10
6371710.24411807
 20
6170209.12901449
  0
LWPOLYLINE
  5
2016E
330
1F
100
AcDbEntity
  8
tejido
 62
8
420
8421504
100
AcDbPolyline
 90
8
 70
1
 10
6371723.18228471
 20
6170210.61641461
 10
6371709.58696764
 20
6170209.88449067
 10
6371709.46728841
 20
6170211.47266076
 10
6371717.19962133
 20
6170211.8870692
 10
6371719.2866592
 20
6170211.99859716
 10
6371723.01214754
 20
6170212.19805279
 10
6371723.09707073
 20
6170212.20245911
 10
6371723.18228471
 20
6170210.61641461
  0
LWPOLYLINE
  5
2016F
330
1F
100
AcDbEntity
  8
tejido
 62
8
420
8421504
100
AcDbPolyline
 90
5
 70
1
 10
6371720.71157778
 20
6170215.06914895
 10
6371720.65795819
 20
6170216.06373371
 10
6371722.18780775
 20
6170216.14648429
 10
6371722.21787875
 20
6170215.15064224
 10
6371720.71157778
 20
6170215.06914895
  0
LWPOLYLINE
  5
20170
330
1F
100
AcDbEntity
  8
tejido
 62
8
420
8421504
100
AcDbPolyline
 90
7
 70
1
 10
6371722.18780775
 20
6170216.14648429
 10
6371720.65795819
 20
6170216.06373371
 10
6371720.71157778
 20
6170215.06914895
 10
6371719.07154906
 20
6170214.98058787
 10
6371718.84919272
 20
6170218.0665094
 10
6371722.12314996
 20
6170218.3022159
 10
6371722.18780775
 20
6170216.14648429
  0
LWPOLYLINE
  5
20171
330
1F
100
AcDbEntity
  8
tejido
 62
8
420
8421504
100
AcDbPolyline
 90
7
 70
1
 10
6371719.2866592
 20
6170211.99859716
 10
6371719.0715526
 20
6170214.9803437
 10
6371720.71157778
 20
6170215.06914895
 10
6371722.21769828
 20
6170215.15045646
 10
6371722.85039349
 20
6170215.18460254
 10
6371723.01214754
 20
6170212.19805279
 10
6371719.2866592
 20
6170211.99859716
  0
LWPOLYLINE
  5
20172
330
1F
100
AcDbEntity
  8
tejido
 62
8
420
8421504
100
AcDbPolyline
 90
6
 70
1
 10
6371717.19962398
 20
6170211.88688608
 10
6371717.13626802
 20
6170213.06870419
 10
6371717.0399188
 20
6170214.8710845
 10
6371719.0715526
 20
6170214.9803437
 10
6371719.2866592
 20
6170211.99859716
 10
6371717.19962398
 20
6170211.88688608
  0
LWPOLYLINE
  5
20173
330
1F
100
AcDbEntity
  8
tejido
 62
8
420
8421504
100
AcDbPolyline
 90
6
 70
1
 10
6371715.29459154
 20
6170214.77696687
 10
6371712.84970341
 20
6170214.64529135
 10
6371712.81718227
 20
6170215.0943599
 10
6371712.74786391
 20
6170216.05580895
 10
6371715.21867946
 20
6170216.18889836
 10
6371715.29459154
 20
6170214.77696687
  0
LWPOLYLINE
  5
20174
330
1F
100
AcDbEntity
  8
tejido
 62
8
420
8421504
100
AcDbPolyline
 90
9
 70
1
 10
6371715.29459154
 20
6170214.77696687
 10
6371715.21867946
 20
6170216.18889836
 10
6371712.74786391
 20
6170216.05580895
 10
6371712.63496226
 20
6170217.61867887
 10
6371718.84919538
 20
6170218.06632628
 10
6371719.0715526
 20
6170214.9803437
 10
6371717.0399188
 20
6170214.8710845
 10
6371715.960839
 20
6170214.81300375
 10
6371715.29459154
 20
6170214.77696687
  0
LWPOLYLINE
  5
20175
330
1F
100
AcDbEntity
  8
tejido
 62
8
420
8421504
100
AcDbPolyline
 90
5
 70
1
 10
6371737.27688232
 20
6170210.50332696
 10
6371739.74208555
 20
6170210.92658542
 10
6371740.16840153
 20
6170208.44420936
 10
6371737.7025879
 20
6170208.02094203
 10
6371737.27688232
 20
6170210.50332696
  0
LWPOLYLINE
  5
20176
330
1F
100
AcDbEntity
  8
tejido
 62
8
420
8421504
100
AcDbPolyline
 90
5
 70
1
 10
6371731.81823679
 20
6170234.87184117
 10
6371729.16033836
 20
6170234.32709969
 10
6371728.88391876
 20
6170236.14365849
 10
6371731.52284373
 20
6170236.62004967
 10
6371731.81823679
 20
6170234.87184117
  0
LWPOLYLINE
  5
20177
330
1F
100
AcDbEntity
  8
tejido
 62
8
420
8421504
100
AcDbPolyline
 90
5
 70
1
 10
6371754.05429095
 20
6170205.93588722
 10
6371752.09871063
 20
6170205.63149596
 10
6371751.74562817
 20
6170207.90044171
 10
6371753.70112555
 20
6170208.20482004
 10
6371754.05429095
 20
6170205.93588722
  0
LWPOLYLINE
  5
20178
330
1F
100
AcDbEntity
  8
tejido
 62
8
420
8421504
100
AcDbPolyline
 90
5
 70
1
 10
6371758.58923165
 20
6170210.03535465
 10
6371754.62543514
 20
6170209.39908239
 10
6371753.82040915
 20
6170214.15865079
 10
6371757.81416122
 20
6170214.86379884
 10
6371758.58923165
 20
6170210.03535465
  0
LWPOLYLINE
  5
20179
330
1F
100
AcDbEntity
  8
tejido
 62
8
420
8421504
100
AcDbPolyline
 90
7
 70
1
 10
6371752.09864962
 20
6170205.6314956
 10
6371754.05443215
 20
6170205.93594328
 10
6371755.18163062
 20
6170206.11133485
 10
6371755.44639639
 20
6170204.54688207
 10
6371755.60984638
 20
6170203.5821581
 10
6371752.49976177
 20
6170203.05570796
 10
6371752.09864962
 20
6170205.6314956
  0
LWPOLYLINE
  5
2017A
330
1F
100
AcDbEntity
  8
tejido
 62
8
420
8421504
100
AcDbPolyline
 90
8
 70
1
 10
6371754.05443215
 20
6170205.93594328
 10
6371753.70123997
 20
6170208.20489717
 10
6371751.74564056
 20
6170207.90045216
 10
6371750.85303504
 20
6170213.63451448
 10
6371753.82040915
 20
6170214.15865079
 10
6371754.62543514
 20
6170209.39908239
 10
6371755.18163062
 20
6170206.11133485
 10
6371754.05443215
 20
6170205.93594328
  0
LWPOLYLINE
  5
2017B
330
1F
100
AcDbEntity
  8
tejido
 62
8
420
8421504
100
AcDbPolyline
 90
5
 70
1
 10
6371724.52636764
 20
6170304.80303685
 10
6371720.37334901
 20
6170304.48037793
 10
6371720.32023869
 20
6170305.25277617
 10
6371724.46639039
 20
6170305.57501805
 10
6371724.52636764
 20
6170304.80303685
  0
LWPOLYLINE
  5
2017C
330
1F
100
AcDbEntity
  8
tejido
 62
8
420
8421504
100
AcDbPolyline
 90
6
 70
1
 10
6371724.67531912
 20
6170302.88622732
 10
6371724.52651392
 20
6170304.80305571
 10
6371724.46647569
 20
6170305.57506685
 10
6371728.38288381
 20
6170305.87949417
 10
6371728.59173254
 20
6170303.19028843
 10
6371724.67531912
 20
6170302.88622732
  0
LWPOLYLINE
  5
2017D
330
1F
100
AcDbEntity
  8
tejido
 62
8
420
8421504
100
AcDbPolyline
 90
5
 70
1
 10
6371728.99090957
 20
6170298.05332092
 10
6371725.07185783
 20
6170297.78383907
 10
6371724.67531912
 20
6170302.88622732
 10
6371728.59173254
 20
6170303.19028843
 10
6371728.99090957
 20
6170298.05332092
  0
LWPOLYLINE
  5
2017E
330
1F
100
AcDbEntity
  8
tejido
 62
8
420
8421504
100
AcDbPolyline
 90
6
 70
1
 10
6371710.70891675
 20
6170296.79467406
 10
6371710.15839129
 20
6170296.75673083
 10
6371709.39891185
 20
6170296.70470484
 10
6371708.26921563
 20
6170304.31666961
 10
6371709.50942226
 20
6170304.41320781
 10
6371710.70891675
 20
6170296.79467406
  0
LWPOLYLINE
  5
2017F
330
1F
100
AcDbEntity
  8
tejido
 62
8
420
8421504
100
AcDbPolyline
 90
7
 70
1
 10
6371727.48096611
 20
6170313.44314753
 10
6371724.70339242
 20
6170313.21482336
 10
6371724.52793343
 20
6170314.51510893
 10
6371724.34820575
 20
6170315.84451638
 10
6371727.24493708
 20
6170316.06156395
 10
6371727.26549111
 20
6170316.06302203
 10
6371727.48096611
 20
6170313.44314753
  0
LWPOLYLINE
  5
20180
330
1F
100
AcDbEntity
  8
tejido
 62
8
420
8421504
100
AcDbPolyline
 90
5
 70
1
 10
6371723.00591737
 20
6170313.07536555
 10
6371722.90001616
 20
6170314.36182369
 10
6371724.52793343
 20
6170314.51510893
 10
6371724.70339242
 20
6170313.21482336
 10
6371723.00591737
 20
6170313.07536555
  0
LWPOLYLINE
  5
20181
330
1F
100
AcDbEntity
  8
tejido
 62
8
420
8421504
100
AcDbPolyline
 90
8
 70
1
 10
6371645.764986
 20
6170297.06788678
 10
6371644.04857466
 20
6170296.90800645
 10
6371643.67977407
 20
6170300.76279448
 10
6371646.55553975
 20
6170300.99419117
 10
6371649.00900196
 20
6170301.19144017
 10
6371649.08959533
 20
6170300.18924825
 10
6371645.53661426
 20
6170299.90346174
 10
6371645.764986
 20
6170297.06788678
  0
LWPOLYLINE
  5
20182
330
1F
100
AcDbEntity
  8
tejido
 62
8
420
8421504
100
AcDbPolyline
 90
6
 70
1
 10
6371649.31407597
 20
6170297.39885788
 10
6371645.764986
 20
6170297.06788678
 10
6371645.53643114
 20
6170299.90345908
 10
6371649.08959533
 20
6170300.18924825
 10
6371649.27528601
 20
6170297.88025527
 10
6371649.31407597
 20
6170297.39885788
  0
LWPOLYLINE
  5
20183
330
1F
100
AcDbEntity
  8
tejido
 62
8
420
8421504
100
AcDbPolyline
 90
6
 70
1
 10
6371643.20844616
 20
6170318.6558793
 10
6371640.03254506
 20
6170318.39039721
 10
6371639.63908432
 20
6170322.53953514
 10
6371642.86122719
 20
6170322.8033677
 10
6371643.15138204
 20
6170319.33647496
 10
6371643.20844616
 20
6170318.6558793
  0
LWPOLYLINE
  5
20184
330
1F
100
AcDbEntity
  8
tejido
 62
8
420
8421504
100
AcDbPolyline
 90
9
 70
1
 10
6371645.548682
 20
6170323.02354695
 10
6371645.42035686
 20
6170325.12377363
 10
6371645.6358673
 20
6170325.13709479
 10
6371645.48270304
 20
6170327.64083315
 10
6371645.39240287
 20
6170329.12295155
 10
6371648.4515367
 20
6170329.38643501
 10
6371649.42369278
 20
6170323.34086673
 10
6371645.82864913
 20
6170323.04641141
 10
6371645.548682
 20
6170323.02354695
  0
LWPOLYLINE
  5
20185
330
1F
100
AcDbEntity
  8
tejido
 62
8
420
8421504
100
AcDbPolyline
 90
6
 70
1
 10
6371645.76541329
 20
6170297.06789298
 10
6371649.31370707
 20
6170297.39903569
 10
6371649.53046392
 20
6170297.41902982
 10
6371649.79060736
 20
6170295.28914981
 10
6371645.89025626
 20
6170295.00992621
 10
6371645.76541329
 20
6170297.06789298
  0
LWPOLYLINE
  5
20186
330
1F
100
AcDbEntity
  8
tejido
 62
8
420
8421504
100
AcDbPolyline
 90
17
 70
1
 10
6371666.94996756
 20
6170295.32526951
 10
6371639.44261192
 20
6170292.76873261
 10
6371638.64734199
 20
6170300.35853942
 10
6371640.91395752
 20
6170300.54044077
 10
6371642.24819969
 20
6170300.64782868
 10
6371643.67959095
 20
6170300.76279182
 10
6371644.0485782
 20
6170296.90776228
 10
6371645.76541329
 20
6170297.06789298
 10
6371645.89025626
 20
6170295.00992621
 10
6371649.7906047
 20
6170295.28933294
 10
6371649.53046126
 20
6170297.41921294
 10
6371655.84900574
 20
6170298.02900437
 10
6371655.51904468
 20
6170301.7147476
 10
6371656.3781103
 20
6170301.78380209
 10
6371660.32369683
 20
6170302.1012908
 10
6371666.29459356
 20
6170302.58100232
 10
6371666.94996756
 20
6170295.32526951
  0
LWPOLYLINE
  5
20187
330
1F
100
AcDbEntity
  8
tejido
 62
8
420
8421504
100
AcDbPolyline
 90
8
 70
1
 10
6371730.92044519
 20
6170266.78468863
 10
6371730.67008708
 20
6170269.810188
 10
6371732.9918872
 20
6170270.02628628
 10
6371734.70945691
 20
6170270.18624458
 10
6371735.51587154
 20
6170270.26124782
 10
6371735.76193777
 20
6170267.13995745
 10
6371735.33441606
 20
6170267.0867463
 10
6371730.92044519
 20
6170266.78468863
  0
LWPOLYLINE
  5
20188
330
1F
100
AcDbEntity
  8
tejido
 62
8
420
8421504
100
AcDbPolyline
 90
19
 70
1
 10
6371659.78181577
 20
6170215.91759289
 10
6371659.85740809
 20
6170214.88002082
 10
6371662.42130518
 20
6170215.19561043
 10
6371662.51484731
 20
6170214.62722041
 10
6371662.73750699
 20
6170214.39924006
 10
6371662.91767136
 20
6170214.13638425
 10
6371663.0499788
 20
6170213.84647544
 10
6371663.13049192
 20
6170213.53814118
 10
6371663.15681466
 20
6170213.22055735
 10
6371663.1281637
 20
6170212.90317509
 10
6371663.04539166
 20
6170212.59543955
 10
6371662.91096181
 20
6170212.30650878
 10
6371662.7288747
 20
6170212.04498122
 10
6371662.74628944
 20
6170211.48725407
 10
6371659.38562016
 20
6170211.1101109
 10
6371659.30611683
 20
6170211.43770103
 10
6371655.47460461
 20
6170211.06663962
 10
6371655.11969388
 20
6170215.32866385
 10
6371659.78181577
 20
6170215.91759289
  0
LWPOLYLINE
  5
20189
330
1F
100
AcDbEntity
  8
tejido
 62
8
420
8421504
100
AcDbPolyline
 90
5
 70
1
 10
6371651.06734131
 20
6170207.57942612
 10
6371650.50706134
 20
6170212.16768682
 10
6371652.24233146
 20
6170212.45013217
 10
6371652.79117291
 20
6170207.75388435
 10
6371651.06734131
 20
6170207.57942612
  0
LWPOLYLINE
  5
2018A
330
1F
100
AcDbEntity
  8
tejido
 62
8
420
8421504
100
AcDbPolyline
 90
11
 70
1
 10
6371665.31444597
 20
6170215.97153337
 10
6371662.42627876
 20
6170215.6185808
 10
6371662.42142305
 20
6170215.19558969
 10
6371659.85739709
 20
6170214.88012361
 10
6371659.78172359
 20
6170215.91773706
 10
6371655.11963705
 20
6170215.32879022
 10
6371654.9508116
 20
6170216.52947113
 10
6371650.17165772
 20
6170215.95500594
 10
6371650.15276408
 20
6170216.16744391
 10
6371665.15291112
 20
6170217.96620445
 10
6371665.31444597
 20
6170215.97153337
  0
LWPOLYLINE
  5
2018B
330
1F
100
AcDbEntity
  8
tejido
 62
8
420
8421504
100
AcDbPolyline
 90
19
 70
1
 10
6371662.42142305
 20
6170215.19558969
 10
6371662.42627876
 20
6170215.6185808
 10
6371665.31444597
 20
6170215.97153337
 10
6371665.35253886
 20
6170215.50032193
 10
6371665.69446884
 20
6170211.27558505
 10
6371663.21067812
 20
6170210.98887886
 10
6371663.17735263
 20
6170211.56077635
 10
6371662.74627824
 20
6170211.48730473
 10
6371662.72878818
 20
6170212.04502312
 10
6371662.91089545
 20
6170212.30654368
 10
6371663.04534557
 20
6170212.59547139
 10
6371663.12813722
 20
6170212.90320764
 10
6371663.15680651
 20
6170213.22059404
 10
6371663.1305002
 20
6170213.53818503
 10
6371663.0500012
 20
6170213.84652894
 10
6371662.91770519
 20
6170214.13644932
 10
6371662.73754936
 20
6170214.39931798
 10
6371662.51489523
 20
6170214.62731184
 10
6371662.42142305
 20
6170215.19558969
  0
LWPOLYLINE
  5
2018C
330
1F
100
AcDbEntity
  8
tejido
 62
8
420
8421504
100
AcDbPolyline
 90
11
 70
1
 10
6371648.40203172
 20
6170207.30993011
 10
6371648.38686656
 20
6170207.45892605
 10
6371648.06998983
 20
6170210.47808883
 10
6371647.92378152
 20
6170211.87056295
 10
6371647.52213464
 20
6170215.69996451
 10
6371647.50598132
 20
6170215.84973982
 10
6371650.15276408
 20
6170216.16744391
 10
6371650.17165772
 20
6170215.95500594
 10
6371650.50706045
 20
6170212.16774786
 10
6371651.06734131
 20
6170207.57942612
 10
6371648.40203172
 20
6170207.30993011
  0
LWPOLYLINE
  5
2018D
330
1F
100
AcDbEntity
  8
tejido
 62
8
420
8421504
100
AcDbPolyline
 90
6
 70
1
 10
6371686.6614877
 20
6170211.2328707
 10
6371689.85272813
 20
6170211.34714589
 10
6371689.86505781
 20
6170211.18639521
 10
6371689.8969258
 20
6170210.76973681
 10
6371686.69461086
 20
6170210.65430749
 10
6371686.6614877
 20
6170211.2328707
  0
LWPOLYLINE
  5
2018E
330
1F
100
AcDbEntity
  8
tejido
 62
8
420
8421504
100
AcDbPolyline
 90
8
 70
1
 10
6371742.6412479
 20
6170237.86648676
 10
6371742.61151473
 20
6170237.86227025
 10
6371740.03600352
 20
6170237.49681787
 10
6371739.94159978
 20
6170238.07460649
 10
6371739.38254319
 20
6170241.51757291
 10
6371740.02927358
 20
6170241.63220838
 10
6371741.9289751
 20
6170241.96844539
 10
6371742.6412479
 20
6170237.86648676
  0
LWPOLYLINE
  5
2018F
330
1F
100
AcDbEntity
  8
tejido
 62
8
420
8421504
100
AcDbPolyline
 90
11
 70
1
 10
6371742.61419406
 20
6170242.08980545
 10
6371742.17439223
 20
6170244.31910058
 10
6371739.55822557
 20
6170243.88583832
 10
6371740.02927358
 20
6170241.63220838
 10
6371739.38254319
 20
6170241.51757291
 10
6371738.94220027
 20
6170244.22204298
 10
6371746.11632157
 20
6170245.42761272
 10
6371746.6056073
 20
6170242.79626242
 10
6371746.05302251
 20
6170242.69843884
 10
6371745.3813812
 20
6170242.57965678
 10
6371742.61419406
 20
6170242.08980545
  0
LWPOLYLINE
  5
20190
330
1F
100
AcDbEntity
  8
tejido
 62
8
420
8421504
100
AcDbPolyline
 90
6
 70
1
 10
6371742.61419406
 20
6170242.08980545
 10
6371741.9289751
 20
6170241.96844539
 10
6371740.02927358
 20
6170241.63220838
 10
6371739.55822557
 20
6170243.88583832
 10
6371742.17439223
 20
6170244.31910058
 10
6371742.61419406
 20
6170242.08980545
  0
LWPOLYLINE
  5
20191
330
1F
100
AcDbEntity
  8
tejido
 62
8
420
8421504
100
AcDbPolyline
 90
6
 70
1
 10
6371742.6412479
 20
6170237.86648676
 10
6371741.9289751
 20
6170241.96844539
 10
6371742.61419406
 20
6170242.08980545
 10
6371745.3813812
 20
6170242.57965678
 10
6371746.2301817
 20
6170238.37588636
 10
6371742.6412479
 20
6170237.86648676
  0
LWPOLYLINE
  5
20192
330
1F
100
AcDbEntity
  8
tejido
 62
8
420
8421504
100
AcDbPolyline
 90
5
 70
1
 10
6371746.2301817
 20
6170238.37588636
 10
6371745.3813812
 20
6170242.57965678
 10
6371746.05302251
 20
6170242.69843884
 10
6371746.83612714
 20
6170238.46111295
 10
6371746.2301817
 20
6170238.37588636
  0
LWPOLYLINE
  5
20193
330
1F
100
AcDbEntity
  8
tejido
 62
8
420
8421504
100
AcDbPolyline
 90
9
 70
1
 10
6371749.82984717
 20
6170238.88623527
 10
6371746.83612714
 20
6170238.46111295
 10
6371746.05302516
 20
6170242.69825571
 10
6371746.60560996
 20
6170242.7960793
 10
6371746.11632157
 20
6170245.42761272
 10
6371746.26639665
 20
6170245.45256214
 10
6371748.31123612
 20
6170245.79633761
 10
6371748.79457656
 20
6170245.87795462
 10
6371749.82984717
 20
6170238.88623527
  0
LWPOLYLINE
  5
20194
330
1F
100
AcDbEntity
  8
tejido
 62
8
420
8421504
100
AcDbPolyline
 90
9
 70
1
 10
6371734.70945691
 20
6170270.18624458
 10
6371732.9918872
 20
6170270.02628628
 10
6371732.8715081
 20
6170271.25013729
 10
6371737.02149311
 20
6170271.63982554
 10
6371736.97090668
 20
6170272.17685502
 10
6371739.22107357
 20
6170272.40675061
 10
6371739.32088957
 20
6170271.61993075
 10
6371734.62061414
 20
6170271.18050168
 10
6371734.70945691
 20
6170270.18624458
  0
LWPOLYLINE
  5
20195
330
1F
100
AcDbEntity
  8
tejido
 62
8
420
8421504
100
AcDbPolyline
 90
5
 70
1
 10
6371718.20510493
 20
6170265.84603915
 10
6371717.72186863
 20
6170270.54427533
 10
6371720.90046601
 20
6170270.83006688
 10
6371721.42694592
 20
6170266.13483895
 10
6371718.20510493
 20
6170265.84603915
  0
LWPOLYLINE
  5
20196
330
1F
100
AcDbEntity
  8
tejido
 62
8
420
8421504
100
AcDbPolyline
 90
7
 70
1
 10
6371730.66648831
 20
6170269.80995265
 10
6371729.72755482
 20
6170269.71629518
 10
6371729.61887809
 20
6170270.92047338
 10
6371732.60381301
 20
6170271.22305487
 10
6371732.8715081
 20
6170271.25013729
 10
6371732.9918872
 20
6170270.02628628
 10
6371730.66648831
 20
6170269.80995265
  0
LWPOLYLINE
  5
20197
330
1F
100
AcDbEntity
  8
tejido
 62
8
420
8421504
100
AcDbPolyline
 90
5
 70
1
 10
6371729.86839307
 20
6170267.35582147
 10
6371725.37439578
 20
6170266.92820655
 10
6371725.24736468
 20
6170269.25131544
 10
6371729.72755872
 20
6170269.71624715
 10
6371729.86839307
 20
6170267.35582147
  0
LWPOLYLINE
  5
20198
330
1F
100
AcDbEntity
  8
tejido
 62
8
420
8421504
100
AcDbPolyline
 90
5
 70
1
 10
6371720.86621667
 20
6170271.13728206
 10
6371716.83612508
 20
6170270.74029642
 10
6371716.56587577
 20
6170273.84493864
 10
6371720.52902968
 20
6170274.18032701
 10
6371720.86621667
 20
6170271.13728206
  0
LWPOLYLINE
  5
20199
330
1F
100
AcDbEntity
  8
tejido
 62
8
420
8421504
100
AcDbPolyline
 90
6
 70
1
 10
6371735.76193777
 20
6170267.13995745
 10
6371735.51580573
 20
6170270.26137273
 10
6371738.81797471
 20
6170270.56831032
 10
6371739.07683514
 20
6170267.55013869
 10
6371737.03085803
 20
6170267.29743932
 10
6371735.76193777
 20
6170267.13995745
  0
LWPOLYLINE
  5
2019A
330
1F
100
AcDbEntity
  8
tejido
 62
8
420
8421504
100
AcDbPolyline
 90
8
 70
1
 10
6371716.51788511
 20
6170273.84088475
 10
6371716.18189837
 20
6170278.26211768
 10
6371712.70091054
 20
6170277.95460183
 10
6371712.27732258
 20
6170281.77721275
 10
6371720.06954227
 20
6170282.38578459
 10
6371720.68604853
 20
6170274.19377686
 10
6371720.52902703
 20
6170274.18051014
 10
6371716.51788511
 20
6170273.84088475
  0
LWPOLYLINE
  5
2019B
330
1F
100
AcDbEntity
  8
tejido
 62
8
420
8421504
100
AcDbPolyline
 90
8
 70
1
 10
6371731.28059298
 20
6170279.01608364
 10
6371731.41422243
 20
6170276.23011565
 10
6371731.52689527
 20
6170275.11244778
 10
6371729.25994347
 20
6170274.92010118
 10
6371724.70694192
 20
6170274.53458156
 10
6371724.45179411
 20
6170281.33015309
 10
6371731.08425557
 20
6170281.82348802
 10
6371731.28059298
 20
6170279.01608364
  0
LWPOLYLINE
  5
2019C
330
1F
100
AcDbEntity
  8
tejido
 62
8
420
8421504
100
AcDbPolyline
 90
6
 70
1
 10
6371735.06208869
 20
6170276.51111188
 10
6371731.41422243
 20
6170276.23011565
 10
6371731.28059298
 20
6170279.01608364
 10
6371734.64920794
 20
6170279.26696031
 10
6371734.8926114
 20
6170279.28508186
 10
6371735.06208869
 20
6170276.51111188
  0
LWPOLYLINE
  5
2019D
330
1F
100
AcDbEntity
  8
tejido
 62
8
420
8421504
100
AcDbPolyline
 90
8
 70
1
 10
6371720.68604853
 20
6170274.19377686
 10
6371720.06954227
 20
6170282.38578459
 10
6371730.96290356
 20
6170283.23653107
 10
6371731.08425557
 20
6170281.82348802
 10
6371724.45179411
 20
6170281.33015309
 10
6371724.70694192
 20
6170274.53458156
 10
6371723.91586213
 20
6170274.46748974
 10
6371720.68604853
 20
6170274.19377686
  0
LWPOLYLINE
  5
2019E
330
1F
100
AcDbEntity
  8
tejido
 62
8
420
8421504
100
AcDbPolyline
 90
9
 70
1
 10
6371736.63498554
 20
6170275.54521351
 10
6371734.74091415
 20
6170275.38489369
 10
6371732.24919061
 20
6170275.17371886
 10
6371731.52689527
 20
6170275.11244778
 10
6371731.41422243
 20
6170276.23011565
 10
6371735.06208869
 20
6170276.51111188
 10
6371734.8926114
 20
6170279.28508186
 10
6371736.41738005
 20
6170279.40243708
 10
6371736.63498554
 20
6170275.54521351
  0
LWPOLYLINE
  5
2019F
330
1F
100
AcDbEntity
  8
tejido
 62
8
420
8421504
100
AcDbPolyline
 90
7
 70
1
 10
6371716.51783466
 20
6170273.84089174
 10
6371716.39379783
 20
6170273.83024547
 10
6371713.18776451
 20
6170273.55864798
 10
6371712.99092716
 20
6170275.33533271
 10
6371712.7009159
 20
6170277.95451085
 10
6371716.18175488
 20
6170278.26208302
 10
6371716.51783466
 20
6170273.84089174
  0
LWPOLYLINE
  5
201A0
330
1F
100
AcDbEntity
  8
tejido
 62
8
420
8421504
100
AcDbPolyline
 90
6
 70
1
 10
6371734.64920794
 20
6170279.26696031
 10
6371731.28059298
 20
6170279.01608364
 10
6371731.08425557
 20
6170281.82348802
 10
6371730.96290356
 20
6170283.23653107
 10
6371734.32932095
 20
6170283.500014
 10
6371734.64920794
 20
6170279.26696031
  0
LWPOLYLINE
  5
201A1
330
1F
100
AcDbEntity
  8
tejido
 62
8
420
8421504
100
AcDbPolyline
 90
12
 70
1
 10
6371734.64920794
 20
6170279.26696031
 10
6371734.32932095
 20
6170283.500014
 10
6371736.79012423
 20
6170283.69199681
 10
6371746.63502948
 20
6170284.4611126
 10
6371747.67524535
 20
6170277.98298941
 10
6371747.91378273
 20
6170276.50100637
 10
6371745.84170949
 20
6170276.32589451
 10
6371738.79919103
 20
6170275.72862157
 10
6371736.63498554
 20
6170275.54521351
 10
6371736.41738005
 20
6170279.40243708
 10
6371734.8926114
 20
6170279.28508186
 10
6371734.64920794
 20
6170279.26696031
  0
LWPOLYLINE
  5
201A2
330
1F
100
AcDbEntity
  8
tejido
 62
8
420
8421504
100
AcDbPolyline
 90
7
 70
1
 10
6371704.67769997
 20
6170196.67589537
 10
6371691.03438953
 20
6170195.85584554
 10
6371690.99130098
 20
6170196.42735719
 10
6371690.93971532
 20
6170197.10064464
 10
6371704.55597378
 20
6170198.24101846
 10
6371704.59952033
 20
6170197.6707179
 10
6371704.67769997
 20
6170196.67589537
  0
LWPOLYLINE
  5
201A3
330
1F
100
AcDbEntity
  8
tejido
 62
8
420
8421504
100
AcDbPolyline
 90
5
 70
1
 10
6371717.13626802
 20
6170213.06870419
 10
6371716.05718469
 20
6170213.0108676
 10
6371715.960839
 20
6170214.81300375
 10
6371717.0399188
 20
6170214.8710845
 10
6371717.13626802
 20
6170213.06870419
  0
LWPOLYLINE
  5
201A4
330
1F
100
AcDbEntity
  8
tejido
 62
8
420
8421504
100
AcDbPolyline
 90
10
 70
1
 10
6371716.0362999
 20
6170213.40271418
 10
6371709.34766418
 20
6170213.04440813
 10
6371709.34367216
 20
6170213.09655136
 10
6371709.21320439
 20
6170214.80978663
 10
6371709.25138071
 20
6170214.8127824
 10
6371712.81717961
 20
6170215.09454302
 10
6371712.84970075
 20
6170214.64547448
 10
6371715.29459154
 20
6170214.77696687
 10
6371715.960839
 20
6170214.81300375
 10
6371716.0362999
 20
6170213.40271418
  0
LWPOLYLINE
  5
201A5
330
1F
100
AcDbEntity
  8
tejido
 62
8
420
8421504
100
AcDbPolyline
 90
5
 70
1
 10
6371693.75603412
 20
6170234.87288264
 10
6371688.11272395
 20
6170234.45415097
 10
6371687.8080205
 20
6170238.58320638
 10
6371693.46986826
 20
6170239.04140342
 10
6371693.75603412
 20
6170234.87288264
  0
LWPOLYLINE
  5
201A6
330
1F
100
AcDbEntity
  8
tejido
 62
8
420
8421504
100
AcDbPolyline
 90
6
 70
1
 10
6371688.46196688
 20
6170229.74194366
 10
6371694.07906654
 20
6170230.15773106
 10
6371694.36101594
 20
6170226.02736892
 10
6371688.77341747
 20
6170225.5391719
 10
6371688.56199494
 20
6170228.38897355
 10
6371688.46196688
 20
6170229.74194366
  0
LWPOLYLINE
  5
201A7
330
1F
100
AcDbEntity
  8
tejido
 62
8
420
8421504
100
AcDbPolyline
 90
8
 70
1
 10
6371708.84106442
 20
6170233.49153537
 10
6371704.91628904
 20
6170258.72224641
 10
6371706.83168173
 20
6170258.87322902
 10
6371710.77719768
 20
6170234.36789547
 10
6371711.27595984
 20
6170234.40492255
 10
6371711.31981632
 20
6170234.12568728
 10
6371711.36032153
 20
6170233.66495111
 10
6371708.84106442
 20
6170233.49153537
  0
HATCH
  5
201D7
330
1F
100
AcDbEntity
  8
mdr_tejidoconsolidado
 62
7
440
33554585
100
AcDbHatch
 10
0.0
 20
0.0
 30
0.0
210
0.0
220
0.0
230
1.0
  2
SOLID
 70
0
 71
0
 91
1
 92
3
 72
0
 73
1
 93
112
 10
6371638.64740714
 20
6170300.3584853
 10
6371638.64858444
 20
6170300.35863913
 10
6371640.91394939
 20
6170300.54044012
 10
6371642.24819827
 20
6170300.64782857
 10
6371643.67935061
 20
6170300.76277252
 10
6371643.67984518
 20
6170300.7628002
 10
6371646.55553975
 20
6170300.99419117
 10
6371649.0077785
 20
6170301.19134181
 10
6371649.00894928
 20
6170301.19137828
 10
6371649.00910035
 20
6170301.19021672
 10
6371649.08959533
 20
6170300.18924825
 10
6371649.27528583
 20
6170297.88025757
 10
6371649.31397817
 20
6170297.40007155
 10
6371649.31401505
 20
6170297.39890906
 10
6371649.31286363
 20
6170297.39874482
 10
6371645.81360796
 20
6170297.07242103
 10
6371645.80885005
 20
6170297.07174539
 10
6371645.80417897
 20
6170297.0706161
 10
6371645.79963789
 20
6170297.06904359
 10
6371645.79526874
 20
6170297.06704239
 10
6371645.79111189
 20
6170297.06463099
 10
6371645.78720575
 20
6170297.06183166
 10
6371645.78358638
 20
6170297.05867027
 10
6371645.78028723
 20
6170297.05517601
 10
6371645.77733878
 20
6170297.05138117
 10
6371645.77476825
 20
6170297.04732079
 10
6371645.7725994
 20
6170297.0430324
 10
6371645.77085227
 20
6170297.0385556
 10
6371645.76954298
 20
6170297.03393175
 10
6371645.76868364
 20
6170297.02920356
 10
6371645.76828219
 20
6170297.02441471
 10
6371645.76834232
 20
6170297.01960944
 10
6371645.8871954
 20
6170295.06038272
 10
6371645.88773789
 20
6170295.05547172
 10
6371645.88876243
 20
6170295.05063825
 10
6371645.89025901
 20
6170295.04592949
 10
6371645.89221303
 20
6170295.04139143
 10
6371645.89460539
 20
6170295.03706838
 10
6371645.89741275
 20
6170295.03300256
 10
6371645.90060768
 20
6170295.02923366
 10
6371645.90415899
 20
6170295.02579849
 10
6371645.908032
 20
6170295.0227306
 10
6371645.91218889
 20
6170295.02005994
 10
6371645.91658908
 20
6170295.0178126
 10
6371645.92118958
 20
6170295.0160105
 10
6371645.92594548
 20
6170295.01467126
 10
6371645.93081034
 20
6170295.01380796
 10
6371645.93573666
 20
6170295.01342901
 10
6371645.94067632
 20
6170295.01353812
 10
6371649.73817316
 20
6170295.28557693
 10
6371649.74290467
 20
6170295.28614355
 10
6371649.74756074
 20
6170295.28715802
 10
6371649.7520991
 20
6170295.28861113
 10
6371649.75647851
 20
6170295.29048968
 10
6371649.7606592
 20
6170295.29277661
 10
6371649.76460319
 20
6170295.29545115
 10
6371649.76827465
 20
6170295.298489
 10
6371649.77164025
 20
6170295.30186257
 10
6371649.7746694
 20
6170295.30554122
 10
6371649.77733459
 20
6170295.30949153
 10
6371649.77961162
 20
6170295.31367762
 10
6371649.7814798
 20
6170295.31806146
 10
6371649.78292216
 20
6170295.32260325
 10
6371649.7839256
 20
6170295.32726171
 10
6371649.78448101
 20
6170295.33199455
 10
6371649.78458334
 20
6170295.33675876
 10
6371649.78423166
 20
6170295.34151108
 10
6371649.53061248
 20
6170297.4179749
 10
6371649.53052742
 20
6170297.41915982
 10
6371649.53170272
 20
6170297.41933275
 10
6371655.79958041
 20
6170298.02423442
 10
6371655.80441425
 20
6170298.02494068
 10
6371655.80915608
 20
6170298.02611529
 10
6371655.81376066
 20
6170298.02774702
 10
6371655.81818403
 20
6170298.02982032
 10
6371655.82238396
 20
6170298.03231538
 10
6371655.82632036
 20
6170298.03520839
 10
6371655.82995565
 20
6170298.03847172
 10
6371655.83325514
 20
6170298.04207424
 10
6371655.83618732
 20
6170298.04598155
 10
6371655.8387242
 20
6170298.05015635
 10
6371655.84084157
 20
6170298.05455879
 10
6371655.84251922
 20
6170298.05914684
 10
6371655.84374113
 20
6170298.06387671
 10
6371655.84449563
 20
6170298.06870324
 10
6371655.84477553
 20
6170298.07358037
 10
6371655.84457815
 20
6170298.07846154
 10
6371655.51915476
 20
6170301.713518
 10
6371655.51910778
 20
6170301.71469438
 10
6371655.52027522
 20
6170301.71484651
 10
6371656.3781103
 20
6170301.78380209
 10
6371660.323695
 20
6170302.10129066
 10
6371666.29459356
 20
6170302.58100232
 10
6371669.36934912
 20
6170302.82808899
 10
6371673.12751809
 20
6170303.12995664
 10
6371673.12871235
 20
6170303.12999273
 10
6371673.12895281
 20
6170303.12882236
 10
6371673.46996827
 20
6170300.91294892
 10
6371673.99470817
 20
6170297.50807643
 10
6371674.22621316
 20
6170296.00293147
 10
6371674.2263325
 20
6170296.00179533
 10
6371674.22520139
 20
6170296.0016351
 10
6371671.06769992
 20
6170295.70787937
 10
6371669.2925608
 20
6170295.54311756
 10
6371667.08289271
 20
6170295.33799256
 10
6371667.08274404
 20
6170295.33797854
 10
6371666.95003824
 20
6170295.32525948
 10
6371639.44382495
 20
6170292.76884535
 10
6371639.44266245
 20
6170292.76879422
 10
6371639.44248497
 20
6170292.76994425
 10
6371638.64747188
 20
6170300.35729975
 10
6371638.64740714
 20
6170300.3584853
 97
0
 75
1
 76
1
 52
0.0
 41
1.0
 77
0
 78
1
 53
45.0
 43
0.0
 44
0.0
 45
-0.0034798562
 46
0.0034798562
 79
0
 98
0
  0
HATCH
  5
201D8
330
1F
100
AcDbEntity
  8
mdr_tejidoconsolidado
 62
7
440
33554585
100
AcDbHatch
 10
0.0
 20
0.0
 30
0.0
210
0.0
220
0.0
230
1.0
  2
SOLID
 70
0
 71
0
 91
1
 92
3
 72
0
 73
1
 93
122
 10
6371664.6504043
 20
6170224.28380733
 10
6371664.65157341
 20
6170224.28394757
 10
6371674.81092322
 20
6170224.99631278
 10
6371674.8120929
 20
6170224.99633733
 10
6371674.81223437
 20
6170224.99517599
 10
6371674.93074067
 20
6170223.35663853
 10
6371675.52143411
 20
6170215.2649254
 10
6371675.66239143
 20
6170213.32514905
 10
6371675.80974065
 20
6170211.30669948
 10
6371676.15696206
 20
6170206.54024749
 10
6371676.38750578
 20
6170203.38676308
 10
6371676.38773964
 20
6170203.38436228
 10
6371676.38807585
 20
6170203.38160246
 10
6371676.43552576
 20
6170202.72330442
 10
6371676.86748145
 20
6170196.79896842
 10
6371676.86755456
 20
6170196.79580994
 10
6371676.86767396
 20
6170196.7933255
 10
6371676.96222513
 20
6170195.49854738
 10
6371676.99730513
 20
6170195.01090868
 10
6371676.9973095
 20
6170195.01084851
 10
6371677.1431909
 20
6170193.01661428
 10
6371677.14321868
 20
6170193.01543544
 10
6371677.1420467
 20
6170193.0153053
 10
6371676.84348041
 20
6170192.99703016
 10
6371667.62767286
 20
6170192.44225632
 10
6371667.25307847
 20
6170192.41987299
 10
6371667.25192227
 20
6170192.41985991
 10
6371667.25177134
 20
6170192.4210063
 10
6371667.08691072
 20
6170194.41401276
 10
6371666.93435916
 20
6170196.24813008
 10
6371666.93424532
 20
6170196.25157604
 10
6371666.93410213
 20
6170196.25405016
 10
6371666.32094872
 20
6170203.66070575
 10
6371666.32091011
 20
6170203.66190334
 10
6371666.32210329
 20
6170203.66201325
 10
6371673.04711476
 20
6170203.94114558
 10
6371673.05209628
 20
6170203.94160281
 10
6371673.05700718
 20
6170203.94255552
 10
6371673.06179831
 20
6170203.94399418
 10
6371673.06642169
 20
6170203.94590439
 10
6371673.07083107
 20
6170203.94826702
 10
6371673.07498229
 20
6170203.95105844
 10
6371673.0788338
 20
6170203.95425068
 10
6371673.08234706
 20
6170203.95781181
 10
6371673.08548689
 20
6170203.96170618
 10
6371673.08822186
 20
6170203.9658948
 10
6371673.09052461
 20
6170203.97033574
 10
6371673.09237207
 20
6170203.97498456
 10
6371673.09374576
 20
6170203.97979471
 10
6371673.09463192
 20
6170203.98471806
 10
6371673.09502169
 20
6170203.98970531
 10
6371673.09491116
 20
6170203.99470655
 10
6371672.57664877
 20
6170211.16613357
 10
6371672.57605819
 20
6170211.17098801
 10
6371672.57499621
 20
6170211.17576153
 10
6371672.573473
 20
6170211.18040849
 10
6371672.57150312
 20
6170211.18488441
 10
6371672.56910542
 20
6170211.1891465
 10
6371672.56630284
 20
6170211.19315397
 10
6371672.56312218
 20
6170211.1968685
 10
6371672.55959387
 20
6170211.20025456
 10
6371672.55575166
 20
6170211.20327975
 10
6371672.5516323
 20
6170211.20591513
 10
6371672.5472752
 20
6170211.20813549
 10
6371672.54272204
 20
6170211.20991961
 10
6371672.53801637
 20
6170211.2112504
 10
6371672.53320321
 20
6170211.21211514
 10
6371672.52832859
 20
6170211.21250557
 10
6371672.52343915
 20
6170211.21241793
 10
6371670.04376825
 20
6170211.0464209
 10
6371670.04133337
 20
6170211.04619798
 10
6371670.03848845
 20
6170211.04586721
 10
6371666.73125595
 20
6170210.82393624
 10
6371666.73055466
 20
6170210.82388422
 10
6371666.70109184
 20
6170210.82149047
 10
6371666.70077033
 20
6170210.82146643
 10
6371665.73802375
 20
6170210.75573601
 10
6371665.73686124
 20
6170210.75571335
 10
6371665.73671059
 20
6170210.75686629
 10
6371665.69447006
 20
6170211.27557006
 10
6371665.35299976
 20
6170215.49935675
 10
6371665.3529626
 20
6170215.50052009
 10
6371665.35411503
 20
6170215.50068331
 10
6371669.3717435
 20
6170215.87119962
 10
6371669.37648648
 20
6170215.87186742
 10
6371669.38114381
 20
6170215.87298599
 10
6371669.38567273
 20
6170215.87454507
 10
6371669.39003169
 20
6170215.87653034
 10
6371669.39418068
 20
6170215.8789236
 10
6371669.39808164
 20
6170215.88170287
 10
6371669.40169877
 20
6170215.88484265
 10
6371669.40499887
 20
6170215.88831414
 10
6371669.40795165
 20
6170215.89208546
 10
6371669.41053003
 20
6170215.89612202
 10
6371669.41271034
 20
6170215.90038677
 10
6371669.41447257
 20
6170215.90484058
 10
6371669.41580055
 20
6170215.90944257
 10
6371669.41668209
 20
6170215.91415051
 10
6371669.41710911
 20
6170215.91892121
 10
6371669.41707768
 20
6170215.92371087
 10
6371669.25894572
 20
6170218.82353973
 10
6371669.25843173
 20
6170218.82846376
 10
6371669.25743331
 20
6170218.83331283
 10
6371669.25596024
 20
6170218.83803939
 10
6371669.25402696
 20
6170218.84259709
 10
6371669.25165243
 20
6170218.84694127
 10
6371669.24885992
 20
6170218.85102932
 10
6371669.24567682
 20
6170218.85482117
 10
6371669.24213433
 20
6170218.85827964
 10
6371669.23826718
 20
6170218.86137083
 10
6371669.23411328
 20
6170218.86406442
 10
6371669.22971337
 20
6170218.86633401
 10
6371669.22511058
 20
6170218.86815735
 10
6371669.22035003
 20
6170218.86951657
 10
6371669.2154784
 20
6170218.87039833
 10
6371669.21054345
 20
6170218.87079399
 10
6371669.20559356
 20
6170218.87069967
 10
6371665.10425213
 20
6170218.58898658
 10
6371665.10308809
 20
6170218.58896349
 10
6371665.10293939
 20
6170218.59011823
 10
6371664.65043956
 20
6170224.28263037
 10
6371664.6504043
 20
6170224.28380733
 97
0
 75
1
 76
1
 52
0.0
 41
1.0
 77
0
 78
1
 53
45.0
 43
0.0
 44
0.0
 45
-0.0034798562
 46
0.0034798562
 79
0
 98
0
  0
HATCH
  5
201D9
330
1F
100
AcDbEntity
  8
mdr_tejidoconsolidado
 62
7
440
33554585
100
AcDbHatch
 10
0.0
 20
0.0
 30
0.0
210
0.0
220
0.0
230
1.0
  2
SOLID
 70
0
 71
0
 91
1
 92
3
 72
0
 73
1
 93
34
 10
6371663.89279225
 20
6170234.10586154
 10
6371663.89397801
 20
6170234.10597542
 10
6371668.49139753
 20
6170234.31626958
 10
6371668.49632724
 20
6170234.31674057
 10
6371668.50118619
 20
6170234.31769691
 10
6371668.5059267
 20
6170234.31912921
 10
6371668.51050227
 20
6170234.32102342
 10
6371668.51486802
 20
6170234.32336097
 10
6371668.51898113
 20
6170234.32611892
 10
6371668.52280124
 20
6170234.32927022
 10
6371668.52629088
 20
6170234.33278396
 10
6371668.52941582
 20
6170234.33662566
 10
6371668.5321454
 20
6170234.34075764
 10
6371668.53445286
 20
6170234.34513937
 10
6371668.53631555
 20
6170234.34972787
 10
6371668.5377152
 20
6170234.35447812
 10
6371668.53863808
 20
6170234.35934353
 10
6371668.53907514
 20
6170234.36427637
 10
6371668.53902209
 20
6170234.36922825
 10
6371668.38413605
 20
6170236.93665465
 10
6371668.38412342
 20
6170236.93783593
 10
6371668.38529949
 20
6170236.93794754
 10
6371673.84575951
 20
6170237.18410109
 10
6371673.84690516
 20
6170237.18409786
 10
6371673.84705567
 20
6170237.18296214
 10
6371674.42128409
 20
6170230.35385326
 10
6371674.4213245
 20
6170230.35266696
 10
6371674.42014467
 20
6170230.35253679
 10
6371664.22614081
 20
6170229.73965116
 10
6371664.22497996
 20
6170229.73963786
 10
6371664.22483583
 20
6170229.74078979
 10
6371664.02590701
 20
6170232.35730744
 10
6371663.8928232
 20
6170234.10467074
 10
6371663.89279225
 20
6170234.10586154
 97
0
 75
1
 76
1
 52
0.0
 41
1.0
 77
0
 78
1
 53
45.0
 43
0.0
 44
0.0
 45
-0.0034798562
 46
0.0034798562
 79
0
 98
0
  0
HATCH
  5
201DA
330
1F
100
AcDbEntity
  8
mdr_tejidoconsolidado
 62
7
440
33554585
100
AcDbHatch
 10
0.0
 20
0.0
 30
0.0
210
0.0
220
0.0
230
1.0
  2
SOLID
 70
0
 71
0
 91
1
 92
3
 72
0
 73
1
 93
264
 10
6371673.85620211
 20
6170237.87664694
 10
6371673.85737538
 20
6170237.8767953
 10
6371687.7795398
 20
6170238.94281355
 10
6371687.7807109
 20
6170238.94284556
 10
6371687.78085724
 20
6170238.94168317
 10
6371687.80819882
 20
6170238.58327202
 10
6371688.11272073
 20
6170234.45434185
 10
6371688.46196294
 20
6170229.74219326
 10
6371688.56190569
 20
6170228.39018095
 10
6371688.56193504
 20
6170228.38902409
 10
6371688.56078972
 20
6170228.38885847
 10
6371685.69586841
 20
6170228.11530541
 10
6371685.69109077
 20
6170228.11461514
 10
6371685.68640195
 20
6170228.11346737
 10
6371685.68184568
 20
6170228.11187279
 10
6371685.6774644
 20
6170228.10984628
 10
6371685.67329897
 20
6170228.1074067
 10
6371685.6693882
 20
6170228.10457682
 10
6371685.66576856
 20
6170228.101383
 10
6371685.66247376
 20
6170228.09785501
 10
6371685.65953454
 20
6170228.09402574
 10
6371685.65697828
 20
6170228.08993088
 10
6371685.65482881
 20
6170228.0856086
 10
6371685.65310617
 20
6170228.08109919
 10
6371685.65182641
 20
6170228.07644467
 10
6371685.65100146
 20
6170228.07168843
 10
6371685.65063901
 20
6170228.06687481
 10
6371685.65074244
 20
6170228.06204866
 10
6371685.93293316
 20
6170224.02106887
 10
6371685.93352107
 20
6170224.01615948
 10
6371685.93459099
 20
6170224.01133217
 10
6371685.93613246
 20
6170224.00663414
 10
6371685.93813042
 20
6170224.00211132
 10
6371685.94056532
 20
6170223.99780796
 10
6371685.94341334
 20
6170223.99376612
 10
6371685.94664665
 20
6170223.99002534
 10
6371685.95023362
 20
6170223.98662221
 10
6371685.95413917
 20
6170223.98358999
 10
6371685.95832511
 20
6170223.98095834
 10
6371685.96275051
 20
6170223.97875299
 10
6371685.96737208
 20
6170223.97699552
 10
6371685.97214464
 20
6170223.97570311
 10
6371685.97702152
 20
6170223.97488839
 10
6371685.98195502
 20
6170223.97455934
 10
6371685.98689689
 20
6170223.97471917
 10
6371688.87045091
 20
6170224.21110763
 10
6371688.8716254
 20
6170224.21114585
 10
6371688.87177231
 20
6170224.20997995
 10
6371689.54728954
 20
6170215.34849111
 10
6371689.54732057
 20
6170215.3473005
 10
6371689.54613504
 20
6170215.34718624
 10
6371687.96540388
 20
6170215.27433906
 10
6371687.96420694
 20
6170215.27434383
 10
6371687.96400957
 20
6170215.2755244
 10
6371687.88959632
 20
6170215.91628941
 10
6371687.88876048
 20
6170215.92127309
 10
6371687.88742588
 20
6170215.92614696
 10
6371687.88560613
 20
6170215.93086122
 10
6371687.88331984
 20
6170215.93536773
 10
6371687.88059035
 20
6170215.93962046
 10
6371687.87744555
 20
6170215.94357596
 10
6371687.87391755
 20
6170215.94719383
 10
6371687.8700424
 20
6170215.95043712
 10
6371687.86585967
 20
6170215.9532727
 10
6371687.86141208
 20
6170215.9556716
 10
6371687.85674508
 20
6170215.95760933
 10
6371687.85190632
 20
6170215.9590661
 10
6371687.84694523
 20
6170215.96002701
 10
6371687.84191249
 20
6170215.96048226
 10
6371687.8368595
 20
6170215.9604272
 10
6371686.44471631
 20
6170215.87477073
 10
6371686.439852
 20
6170215.87423146
 10
6371686.43506371
 20
6170215.87321921
 10
6371686.43039731
 20
6170215.87174368
 10
6371686.42589753
 20
6170215.86981902
 10
6371686.42160747
 20
6170215.86746365
 10
6371686.41756823
 20
6170215.86470014
 10
6371686.41381852
 20
6170215.86155498
 10
6371686.41039426
 20
6170215.85805829
 10
6371686.40732825
 20
6170215.85424358
 10
6371686.40464988
 20
6170215.8501474
 10
6371686.4023848
 20
6170215.84580899
 10
6371686.40055472
 20
6170215.84126992
 10
6371686.39917716
 20
6170215.83657367
 10
6371686.39826534
 20
6170215.83176524
 10
6371686.39782798
 20
6170215.82689071
 10
6371686.39786927
 20
6170215.82199676
 10
6371686.65875427
 20
6170211.28182413
 10
6371686.65926535
 20
6170211.27701196
 10
6371686.66023924
 20
6170211.27227173
 10
6371686.66166681
 20
6170211.26764786
 10
6371686.66353469
 20
6170211.26318364
 10
6371686.66582538
 20
6170211.25892091
 10
6371686.66851743
 20
6170211.25489958
 10
6371686.67158561
 20
6170211.25115733
 10
6371686.6750012
 20
6170211.24772922
 10
6371686.67873219
 20
6170211.24464735
 10
6371686.68274363
 20
6170211.24194059
 10
6371686.68699794
 20
6170211.2396343
 10
6371686.69145529
 20
6170211.23775009
 10
6371686.6960739
 20
6170211.23630559
 10
6371686.70081053
 20
6170211.23531435
 10
6371686.7056208
 20
6170211.23478565
 10
6371686.71045964
 20
6170211.23472444
 10
6371689.85153335
 20
6170211.34710314
 10
6371689.85267762
 20
6170211.34708935
 10
6371689.85281957
 20
6170211.34595385
 10
6371689.86505711
 20
6170211.18640433
 10
6371689.89682979
 20
6170210.77099207
 10
6371689.89684999
 20
6170210.7702153
 10
6371689.89697816
 20
6170210.7677087
 10
6371689.94246053
 20
6170210.1719179
 10
6371689.94260872
 20
6170210.1704373
 10
6371689.98683614
 20
6170209.58547371
 10
6371689.98707867
 20
6170209.58305172
 10
6371689.98739556
 20
6170209.5805124
 10
6371690.20355565
 20
6170206.75255652
 10
6371690.67902872
 20
6170200.50990811
 10
6371690.93971267
 20
6170197.10082776
 10
6371690.9911143
 20
6170196.42740116
 10
6371690.99111588
 20
6170196.42737036
 10
6371691.03439211
 20
6170195.855614
 10
6371691.18625842
 20
6170193.8614784
 10
6371691.18628965
 20
6170193.86029703
 10
6371691.18511499
 20
6170193.86016761
 10
6371689.58929537
 20
6170193.76406188
 10
6371685.69447113
 20
6170193.52973122
 10
6371684.60408709
 20
6170193.46464893
 10
6371683.13494833
 20
6170193.37557394
 10
6371680.13863984
 20
6170193.19585012
 10
6371677.7420012
 20
6170193.05107639
 10
6371677.14452915
 20
6170193.01548008
 10
6371677.14336676
 20
6170193.01546748
 10
6371677.14322566
 20
6170193.01662133
 10
6371676.99733549
 20
6170195.01106957
 10
6371676.96225324
 20
6170195.49836357
 10
6371676.96223263
 20
6170195.49879497
 10
6371676.86738859
 20
6170196.79772783
 10
6371676.43561828
 20
6170202.72203477
 10
6371676.43559124
 20
6170202.72322629
 10
6371676.43677808
 20
6170202.72333525
 10
6371679.86401987
 20
6170202.86561217
 10
6371679.869048
 20
6170202.8660761
 10
6371679.87400371
 20
6170202.86704481
 10
6371679.87883643
 20
6170202.86850841
 10
6371679.88349689
 20
6170202.87045198
 10
6371679.88793756
 20
6170202.87285571
 10
6371679.89211313
 20
6170202.87569506
 10
6371679.89598104
 20
6170202.87894109
 10
6371679.89950182
 20
6170202.88256068
 10
6371679.90263957
 20
6170202.88651693
 10
6371679.90536229
 20
6170202.89076948
 10
6371679.90764221
 20
6170202.89527495
 10
6371679.90945608
 20
6170202.89998741
 10
6371679.91078539
 20
6170202.90485879
 10
6371679.91161659
 20
6170202.9098394
 10
6371679.91194121
 20
6170202.91487844
 10
6371679.91175592
 20
6170202.91992454
 10
6371679.58022611
 20
6170206.71142684
 10
6371679.57957256
 20
6170206.71621744
 10
6371679.57845936
 20
6170206.72092251
 10
6371679.57689691
 20
6170206.72549807
 10
6371679.57489984
 20
6170206.72990132
 10
6371679.5724868
 20
6170206.7340911
 10
6371679.56968038
 20
6170206.73802822
 10
6371679.5665068
 20
6170206.74167588
 10
6371679.56299574
 20
6170206.74499995
 10
6371679.55918005
 20
6170206.74796936
 10
6371679.55509538
 20
6170206.75055635
 10
6371679.55077995
 20
6170206.75273671
 10
6371679.5462741
 20
6170206.75449007
 10
6371679.54161996
 20
6170206.75580003
 10
6371679.53686106
 20
6170206.75665434
 10
6371679.5320419
 20
6170206.75704501
 10
6371679.52720753
 20
6170206.75696839
 10
6371676.15818059
 20
6170206.54032216
 10
6371676.15701497
 20
6170206.54030422
 10
6371676.15687363
 20
6170206.54146138
 10
6371675.80983117
 20
6170211.30545681
 10
6371675.80980392
 20
6170211.30664092
 10
6371675.81098215
 20
6170211.30676211
 10
6371679.38616948
 20
6170211.49566693
 10
6371679.39104938
 20
6170211.49616573
 10
6371679.39585692
 20
6170211.49714031
 10
6371679.40054582
 20
6170211.49858127
 10
6371679.40507097
 20
6170211.50047476
 10
6371679.40938879
 20
6170211.50280255
 10
6371679.41345774
 20
6170211.50554224
 10
6371679.41723865
 20
6170211.50866744
 10
6371679.42069513
 20
6170211.5121481
 10
6371679.42379391
 20
6170211.5159507
 10
6371679.42650517
 20
6170211.52003864
 10
6371679.42880281
 20
6170211.52437258
 10
6371679.43066472
 20
6170211.52891081
 10
6371679.43207297
 20
6170211.53360965
 10
6371679.43301402
 20
6170211.53842386
 10
6371679.4334788
 20
6170211.54330711
 10
6371679.43346284
 20
6170211.54821241
 10
6371679.22873579
 20
6170215.45713279
 10
6371679.22823286
 20
6170215.46205488
 10
6371679.22724593
 20
6170215.46690316
 10
6371679.22578467
 20
6170215.47163017
 10
6371679.22386337
 20
6170215.4761896
 10
6371679.22150086
 20
6170215.48053683
 10
6371679.21872026
 20
6170215.48462928
 10
6371679.21554881
 20
6170215.48842688
 10
6371679.21201756
 20
6170215.49189244
 10
6371679.20816108
 20
6170215.49499203
 10
6371679.20401714
 20
6170215.4976953
 10
6371679.19962632
 20
6170215.49997578
 10
6371679.19503161
 20
6170215.50181113
 10
6371679.19027801
 20
6170215.50318338
 10
6371679.18541205
 20
6170215.50407911
 10
6371679.18048139
 20
6170215.50448953
 10
6371679.17553431
 20
6170215.50441062
 10
6371675.52247065
 20
6170215.26499395
 10
6371675.52130432
 20
6170215.2649746
 10
6371675.52116271
 20
6170215.26613246
 10
6371674.93082528
 20
6170223.35567465
 10
6371674.93079662
 20
6170223.35681786
 10
6371674.93192512
 20
6170223.35700294
 10
6371677.87006629
 20
6170223.69574733
 10
6371677.87477895
 20
6170223.69652024
 10
6371677.87939639
 20
6170223.69773923
 10
6371677.88387646
 20
6170223.69939318
 10
6371677.88817831
 20
6170223.701467
 10
6371677.89226269
 20
6170223.70394177
 10
6371677.89609233
 20
6170223.70679492
 10
6371677.89963231
 20
6170223.71000042
 10
6371677.90285032
 20
6170223.71352902
 10
6371677.90571701
 20
6170223.71734854
 10
6371677.90820623
 20
6170223.72142413
 10
6371677.91029527
 20
6170223.7257186
 10
6371677.91196507
 20
6170223.73019279
 10
6371677.91320041
 20
6170223.73480588
 10
6371677.91399
 20
6170223.73951579
 10
6371677.91432665
 20
6170223.74427953
 10
6371677.91420728
 20
6170223.74905367
 10
6371677.61307541
 20
6170227.87978242
 10
6371677.61248496
 20
6170227.88461797
 10
6371677.61142674
 20
6170227.88937311
 10
6371677.6099108
 20
6170227.89400271
 10
6371677.60795154
 20
6170227.89846281
 10
6371677.60556754
 20
6170227.90271108
 10
6371677.60278145
 20
6170227.90670719
 10
6371677.5996197
 20
6170227.91041321
 10
6371677.59611231
 20
6170227.91379395
 10
6371677.59229258
 20
6170227.91681734
 10
6371677.58819675
 20
6170227.91945466
 10
6371677.58386372
 20
6170227.92168088
 10
6371677.57933462
 20
6170227.92347488
 10
6371677.57465243
 20
6170227.92481961
 10
6371677.5698616
 20
6170227.92570233
 10
6371677.56500761
 20
6170227.92611464
 10
6371677.56013654
 20
6170227.92605263
 10
6371674.61244947
 20
6170227.74465063
 10
6371674.61128558
 20
6170227.74463582
 10
6371674.61114462
 20
6170227.74579123
 10
6371674.42140887
 20
6170230.35233173
 10
6371674.42136498
 20
6170230.35289121
 10
6371673.84705715
 20
6170237.18294458
 10
6371673.84697148
 20
6170237.18536959
 10
6371673.85612809
 20
6170237.87546667
 10
6371673.85620211
 20
6170237.87664694
 97
0
 75
1
 76
1
 52
0.0
 41
1.0
 77
0
 78
1
 53
45.0
 43
0.0
 44
0.0
 45
-0.0034798562
 46
0.0034798562
 79
0
 98
0
  0
HATCH
  5
201DB
330
1F
100
AcDbEntity
  8
mdr_tejidoconsolidado
 62
7
440
33554585
100
AcDbHatch
 10
0.0
 20
0.0
 30
0.0
210
0.0
220
0.0
230
1.0
  2
SOLID
 70
0
 71
0
 91
1
 92
3
 72
0
 73
1
 93
166
 10
6371685.90801458
 20
6170264.21950729
 10
6371685.90914427
 20
6170264.21969181
 10
6371686.78774705
 20
6170264.3203536
 10
6371691.00648838
 20
6170264.80362357
 10
6371691.00717516
 20
6170264.80369265
 10
6371705.67297212
 20
6170266.07465024
 10
6371709.87773904
 20
6170266.43937849
 10
6371709.87893973
 20
6170266.43942206
 10
6371709.87917838
 20
6170266.43824453
 10
6371710.29097358
 20
6170263.70816262
 10
6371710.29194162
 20
6170263.7033564
 10
6371710.29337571
 20
6170263.6986681
 10
6371710.29526206
 20
6170263.69414279
 10
6371710.29758254
 20
6170263.68982397
 10
6371710.30031483
 20
6170263.68575318
 10
6371710.30343267
 20
6170263.68196955
 10
6371710.30690608
 20
6170263.67850946
 10
6371710.31070166
 20
6170263.67540617
 10
6371710.31478291
 20
6170263.67268953
 10
6371710.31911061
 20
6170263.67038566
 10
6371710.32364314
 20
6170263.6685167
 10
6371710.32833691
 20
6170263.66710063
 10
6371710.33314681
 20
6170263.66615106
 10
6371710.33802658
 20
6170263.66567712
 10
6371710.34292931
 20
6170263.66568336
 10
6371710.34780786
 20
6170263.66616974
 10
6371714.04431423
 20
6170264.2188508
 10
6371714.04898503
 20
6170264.21977845
 10
6371714.0535464
 20
6170264.22114623
 10
6371714.05795696
 20
6170264.22294174
 10
6371714.06217671
 20
6170264.22514869
 10
6371714.06616736
 20
6170264.22774708
 10
6371714.06989273
 20
6170264.23071331
 10
6371714.07331901
 20
6170264.2340205
 10
6371714.07641514
 20
6170264.23763864
 10
6371714.07915301
 20
6170264.24153491
 10
6371714.08150781
 20
6170264.24567398
 10
6371714.08345817
 20
6170264.25001829
 10
6371714.0849864
 20
6170264.25452843
 10
6371714.08607864
 20
6170264.25916351
 10
6371714.08672497
 20
6170264.26388147
 10
6371714.08691954
 20
6170264.26863953
 10
6371714.08666059
 20
6170264.27339451
 10
6371713.96461727
 20
6170265.46522268
 10
6371713.9645553
 20
6170265.4664008
 10
6371713.96572372
 20
6170265.46656398
 10
6371718.20510493
 20
6170265.84603915
 10
6371721.42574562
 20
6170266.13473136
 10
6371721.42689713
 20
6170266.13477883
 10
6371721.42708772
 20
6170266.1336422
 10
6371721.52135712
 20
6170265.3380626
 10
6371721.52166955
 20
6170265.33585014
 10
6371724.47230997
 20
6170247.35322549
 10
6371724.96725123
 20
6170244.319468
 10
6371726.23965206
 20
6170236.52353354
 10
6371726.23966186
 20
6170236.52347369
 10
6371726.30989124
 20
6170236.09644059
 10
6371726.6348761
 20
6170234.1055296
 10
6371726.74573317
 20
6170233.42395038
 10
6371727.76581587
 20
6170227.01846961
 10
6371727.76601484
 20
6170227.01738711
 10
6371728.05225133
 20
6170225.22154148
 10
6371728.67478494
 20
6170221.30861025
 10
6371728.67491352
 20
6170221.30741608
 10
6371728.67372832
 20
6170221.30722143
 10
6371726.86819424
 20
6170221.103652
 10
6371726.86325756
 20
6170221.10284357
 10
6371726.85842637
 20
6170221.1015459
 10
6371726.85374902
 20
6170221.09977197
 10
6371726.84927234
 20
6170221.09753955
 10
6371726.84504114
 20
6170221.09487097
 10
6371726.84109776
 20
6170221.09179295
 10
6371726.8374817
 20
6170221.0883363
 10
6371726.83422912
 20
6170221.08453562
 10
6371726.83137261
 20
6170221.08042895
 10
6371726.82894074
 20
6170221.0760574
 10
6371726.82695787
 20
6170221.07146473
 10
6371726.82544383
 20
6170221.06669692
 10
6371726.82441379
 20
6170221.06180167
 10
6371726.82387806
 20
6170221.056828
 10
6371726.82384199
 20
6170221.05182569
 10
6371727.06338301
 20
6170215.4631001
 10
6371727.0638383
 20
6170215.45817974
 10
6371727.06477704
 20
6170215.45332835
 10
6371727.06619006
 20
6170215.44859331
 10
6371727.06806356
 20
6170215.44402087
 10
6371727.07037925
 20
6170215.43965569
 10
6371727.07311449
 20
6170215.4355404
 10
6371727.07624259
 20
6170215.43171519
 10
6371727.07973299
 20
6170215.42821743
 10
6371727.08355159
 20
6170215.42508127
 10
6371727.08766111
 20
6170215.42233735
 10
6371727.0920214
 20
6170215.42001247
 10
6371727.09658987
 20
6170215.41812933
 10
6371727.10132192
 20
6170215.41670633
 10
6371727.10617132
 20
6170215.41575736
 10
6371727.11109071
 20
6170215.41529169
 10
6371727.11603204
 20
6170215.41531388
 10
6371729.05175202
 20
6170215.5197966
 10
6371729.05294831
 20
6170215.51980096
 10
6371729.05302729
 20
6170215.51860727
 10
6371729.10019331
 20
6170212.53092784
 10
6371729.10043157
 20
6170212.52677853
 10
6371729.1004936
 20
6170212.52615363
 10
6371729.54437855
 20
6170203.60380245
 10
6371729.54486761
 20
6170203.59888562
 10
6371729.54583958
 20
6170203.59404107
 10
6371729.54728496
 20
6170203.5893161
 10
6371729.54918965
 20
6170203.58475687
 10
6371729.55153503
 20
6170203.58040789
 10
6371729.55429822
 20
6170203.57631165
 10
6371729.55745222
 20
6170203.57250813
 10
6371729.56096622
 20
6170203.56903449
 10
6371729.56480593
 20
6170203.56592465
 10
6371729.56893383
 20
6170203.56320897
 10
6371729.57330961
 20
6170203.56091399
 10
6371729.57789054
 20
6170203.5590621
 10
6371729.58263189
 20
6170203.55767141
 10
6371729.58748735
 20
6170203.55675548
 10
6371729.59240951
 20
6170203.55632326
 10
6371729.59735029
 20
6170203.55637898
 10
6371731.49150925
 20
6170203.6715097
 10
6371731.49268601
 20
6170203.67152335
 10
6371731.49292852
 20
6170203.67037178
 10
6371732.20872783
 20
6170199.19096777
 10
6371732.66078024
 20
6170196.35746528
 10
6371732.66090719
 20
6170196.35630654
 10
6371732.65974844
 20
6170196.35617952
 10
6371725.95773393
 20
6170195.95292174
 10
6371723.97624136
 20
6170195.83419356
 10
6371710.73231426
 20
6170195.03696916
 10
6371708.56154958
 20
6170194.90646059
 10
6371704.82665782
 20
6170194.68122534
 10
6371691.18756539
 20
6170193.86031514
 10
6371691.18640458
 20
6170193.86030176
 10
6371691.18626031
 20
6170193.86145364
 10
6371691.03441826
 20
6170195.85527066
 10
6371691.03438792
 20
6170195.85586697
 10
6371690.99130326
 20
6170196.42732695
 10
6371690.99129865
 20
6170196.42738761
 10
6371690.93971532
 20
6170197.10064464
 10
6371690.67884407
 20
6170200.51007387
 10
6371690.20386575
 20
6170206.74863183
 10
6371690.20361757
 20
6170206.75108843
 10
6371690.20327953
 20
6170206.7537705
 10
6371689.98712278
 20
6170209.58168272
 10
6371689.94255204
 20
6170210.17118696
 10
6371689.89687305
 20
6170210.76971927
 10
6371689.86500628
 20
6170211.18636178
 10
6371689.8528434
 20
6170211.3472473
 10
6371689.7029654
 20
6170213.30945391
 10
6371689.70294178
 20
6170213.30991149
 10
6371689.5475704
 20
6170215.34706336
 10
6371688.87186575
 20
6170224.21115901
 10
6371688.77341747
 20
6170225.5391719
 10
6371688.56199547
 20
6170228.38896638
 10
6371688.46196707
 20
6170229.74194109
 10
6371688.11272467
 20
6170234.45414134
 10
6371687.80805496
 20
6170238.58273943
 10
6371687.80804941
 20
6170238.58281382
 10
6371687.78095185
 20
6170238.94269734
 10
6371687.20007744
 20
6170246.78669516
 10
6371686.19517969
 20
6170260.33299536
 10
6371686.19515048
 20
6170260.33358562
 10
6371685.90804427
 20
6170264.218363
 10
6371685.90801458
 20
6170264.21950729
 97
0
 75
1
 76
1
 52
0.0
 41
1.0
 77
0
 78
1
 53
45.0
 43
0.0
 44
0.0
 45
-0.0034798562
 46
0.0034798562
 79
0
 98
0
  0
HATCH
  5
201DC
330
1F
100
AcDbEntity
  8
mdr_tejidoparairregular
 62
7
440
33554585
100
AcDbHatch
 10
0.0
 20
0.0
 30
0.0
210
0.0
220
0.0
230
1.0
  2
SOLID
 70
0
 71
0
 91
1
 92
3
 72
0
 73
1
 93
39
 10
6371726.82197743
 20
6170221.09819149
 10
6371726.82315874
 20
6170221.0983849
 10
6371728.67386376
 20
6170221.30698618
 10
6371728.67500245
 20
6170221.30705982
 10
6371728.67523542
 20
6170221.3059428
 10
6371728.93257182
 20
6170219.6903751
 10
6371729.59480802
 20
6170215.54872958
 10
6371730.5002635
 20
6170209.8801141
 10
6371731.18238993
 20
6170205.60867227
 10
6371731.49254061
 20
6170203.67279615
 10
6371731.49266832
 20
6170203.67163745
 10
6371731.49150961
 20
6170203.67150972
 10
6371729.54788004
 20
6170203.55338337
 10
6371729.54670152
 20
6170203.55337009
 10
6371729.54658487
 20
6170203.55454289
 10
6371729.10027038
 20
6170212.52695688
 10
6371729.10024262
 20
6170212.52780421
 10
6371729.05382741
 20
6170215.46792439
 10
6371729.05349563
 20
6170215.47293922
 10
6371729.05266209
 20
6170215.47789541
 10
6371729.05133521
 20
6170215.48274288
 10
6371729.0495284
 20
6170215.48743266
 10
6371729.04725992
 20
6170215.49191736
 10
6371729.04455269
 20
6170215.49615168
 10
6371729.04143405
 20
6170215.50009283
 10
6371729.03793553
 20
6170215.503701
 10
6371729.03409245
 20
6170215.50693973
 10
6371729.02994366
 20
6170215.50977629
 10
6371729.02553106
 20
6170215.51218203
 10
6371729.02089925
 20
6170215.51413265
 10
6371729.01609502
 20
6170215.51560843
 10
6371729.0111669
 20
6170215.51659446
 10
6371729.0061647
 20
6170215.51708078
 10
6371729.00113894
 20
6170215.51706248
 10
6371727.06666023
 20
6170215.41265379
 10
6371727.06548158
 20
6170215.41264851
 10
6371727.06537302
 20
6170215.41382216
 10
6371726.82196876
 20
6170221.09699449
 10
6371726.82197743
 20
6170221.09819149
 97
0
 75
1
 76
1
 52
0.0
 41
1.0
 77
0
 78
1
 53
45.0
 43
0.0
 44
0.0
 45
-0.0034798562
 46
0.0034798562
 79
0
 98
0
  0
HATCH
  5
201DD
330
1F
100
AcDbEntity
  8
mdr_tejidoparairregular
 62
7
440
33554585
100
AcDbHatch
 10
0.0
 20
0.0
 30
0.0
210
0.0
220
0.0
230
1.0
  2
SOLID
 70
0
 71
0
 91
1
 92
3
 72
0
 73
1
 93
13
 10
6371720.07971263
 20
6170233.23312655
 10
6371720.08087942
 20
6170233.23334102
 10
6371723.80920447
 20
6170233.72926991
 10
6371723.81037179
 20
6170233.7293672
 10
6371723.81058304
 20
6170233.72821505
 10
6371724.74725045
 20
6170226.68709054
 10
6371724.74734815
 20
6170226.68590825
 10
6371724.74617683
 20
6170226.68572014
 10
6371720.41677336
 20
6170226.21001741
 10
6371720.415632
 20
6170226.20994722
 10
6371720.41552262
 20
6170226.21108547
 10
6371720.07971056
 20
6170233.23194019
 10
6371720.07971263
 20
6170233.23312655
 97
0
 75
1
 76
1
 52
0.0
 41
1.0
 77
0
 78
1
 53
45.0
 43
0.0
 44
0.0
 45
-0.0034798562
 46
0.0034798562
 79
0
 98
0
  0
HATCH
  5
201DE
330
1F
100
AcDbEntity
  8
mdr_tejidoparairregular
 62
7
440
33554585
100
AcDbHatch
 10
0.0
 20
0.0
 30
0.0
210
0.0
220
0.0
230
1.0
  2
SOLID
 70
0
 71
0
 91
1
 92
3
 72
0
 73
1
 93
13
 10
6371720.65801867
 20
6170216.06367943
 10
6371720.6591837
 20
6170216.06379999
 10
6371722.1865635
 20
6170216.14641699
 10
6371722.18775048
 20
6170216.14642198
 10
6371722.18784536
 20
6170216.14523879
 10
6371722.21784227
 20
6170215.15185046
 10
6371722.21782129
 20
6170215.15069506
 10
6371722.21667174
 20
6170215.15057694
 10
6371720.71280356
 20
6170215.06921526
 10
6371720.71163209
 20
6170215.06920946
 10
6371720.71151169
 20
6170215.07037475
 10
6371720.65802426
 20
6170216.0625082
 10
6371720.65801867
 20
6170216.06367943
 97
0
 75
1
 76
1
 52
0.0
 41
1.0
 77
0
 78
1
 53
45.0
 43
0.0
 44
0.0
 45
-0.0034798562
 46
0.0034798562
 79
0
 98
0
  0
HATCH
  5
201DF
330
1F
100
AcDbEntity
  8
mdr_tejidoparairregular
 62
7
440
33554585
100
AcDbHatch
 10
0.0
 20
0.0
 30
0.0
210
0.0
220
0.0
230
1.0
  2
SOLID
 70
0
 71
0
 91
1
 92
3
 72
0
 73
1
 93
14
 10
6371712.74792679
 20
6170216.05575352
 10
6371712.74910373
 20
6170216.05587573
 10
6371715.21745373
 20
6170216.18883234
 10
6371715.21862515
 20
6170216.18883787
 10
6371715.21874536
 20
6170216.18767262
 10
6371715.29452565
 20
6170214.77819246
 10
6371715.29453107
 20
6170214.77702117
 10
6371715.29336596
 20
6170214.77690086
 10
6371712.85091463
 20
6170214.64535659
 10
6371712.84975548
 20
6170214.64535045
 10
6371712.84961579
 20
6170214.64650117
 10
6371712.81718291
 20
6170215.09435107
 10
6371712.7479532
 20
6170216.05457054
 10
6371712.74792679
 20
6170216.05575352
 97
0
 75
1
 76
1
 52
0.0
 41
1.0
 77
0
 78
1
 53
45.0
 43
0.0
 44
0.0
 45
-0.0034798562
 46
0.0034798562
 79
0
 98
0
  0
HATCH
  5
201E0
330
1F
100
AcDbEntity
  8
mdr_tejidoparairregular
 62
7
440
33554585
100
AcDbHatch
 10
0.0
 20
0.0
 30
0.0
210
0.0
220
0.0
230
1.0
  2
SOLID
 70
0
 71
0
 91
1
 92
3
 72
0
 73
1
 93
15
 10
6371709.87900132
 20
6170266.43945731
 10
6371709.88014003
 20
6170266.43960462
 10
6371713.93424993
 20
6170266.76632402
 10
6371713.93539064
 20
6170266.76636111
 10
6371713.93547075
 20
6170266.76522262
 10
6371713.96444669
 20
6170265.4684468
 10
6371713.96469431
 20
6170265.46447038
 10
6371714.09140174
 20
6170264.2270942
 10
6371714.09146377
 20
6170264.22595526
 10
6371714.090345
 20
6170264.22573307
 10
6371710.29961978
 20
6170263.65896492
 10
6371710.29845505
 20
6170263.6588488
 10
6371710.29822392
 20
6170263.65999627
 10
6371709.87911764
 20
6170266.43831503
 10
6371709.87900132
 20
6170266.43945731
 97
0
 75
1
 76
1
 52
0.0
 41
1.0
 77
0
 78
1
 53
45.0
 43
0.0
 44
0.0
 45
-0.0034798562
 46
0.0034798562
 79
0
 98
0
  0
HATCH
  5
201E1
330
1F
100
AcDbEntity
  8
mdr_tejidoparairregular
 62
7
440
33554585
100
AcDbHatch
 10
0.0
 20
0.0
 30
0.0
210
0.0
220
0.0
230
1.0
  2
SOLID
 70
0
 71
0
 91
1
 92
3
 72
0
 73
1
 93
35
 10
6371702.88413387
 20
6170220.70221495
 10
6371702.88529174
 20
6170220.70235294
 10
6371707.03592383
 20
6170220.99245908
 10
6371707.03709556
 20
6170220.9924833
 10
6371707.03723347
 20
6170220.99131945
 10
6371707.4694333
 20
6170214.72229975
 10
6371707.47001589
 20
6170214.71739553
 10
6371707.47107946
 20
6170214.71257271
 10
6371707.47261363
 20
6170214.70787835
 10
6371707.47460343
 20
6170214.70335823
 10
6371707.47702945
 20
6170214.69905647
 10
6371707.47986802
 20
6170214.69501503
 10
6371707.48309144
 20
6170214.69127333
 10
6371707.48666827
 20
6170214.68786789
 10
6371707.49056361
 20
6170214.68483193
 10
6371707.49473946
 20
6170214.68219506
 10
6371707.49915507
 20
6170214.67998302
 10
6371707.50376736
 20
6170214.67821739
 10
6371707.50853135
 20
6170214.67691539
 10
6371707.51340054
 20
6170214.67608972
 10
6371707.51832743
 20
6170214.67574844
 10
6371707.52326395
 20
6170214.67589489
 10
6371709.21197841
 20
6170214.80968949
 10
6371709.21315126
 20
6170214.80972455
 10
6371709.21329777
 20
6170214.80856036
 10
6371709.34357891
 20
6170213.09777595
 10
6371709.34361042
 20
6170213.09660442
 10
6371709.34244749
 20
6170213.09645919
 10
6371703.41514995
 20
6170212.65037376
 10
6371703.41398258
 20
6170212.65034316
 10
6371703.41383177
 20
6170212.65150115
 10
6371703.27739696
 20
6170214.34078744
 10
6371703.27736347
 20
6170214.34125732
 10
6371702.88414892
 20
6170220.70104897
 10
6371702.88413387
 20
6170220.70221495
 97
0
 75
1
 76
1
 52
0.0
 41
1.0
 77
0
 78
1
 53
45.0
 43
0.0
 44
0.0
 45
-0.0034798562
 46
0.0034798562
 79
0
 98
0
  0
HATCH
  5
201E2
330
1F
100
AcDbEntity
  8
mdr_tejidoparairregular
 62
7
440
33554585
100
AcDbHatch
 10
0.0
 20
0.0
 30
0.0
210
0.0
220
0.0
230
1.0
  2
SOLID
 70
0
 71
0
 91
1
 92
3
 72
0
 73
1
 93
56
 10
6371700.1545264
 20
6170258.34622344
 10
6371700.15567958
 20
6170258.34637123
 10
6371704.9150466
 20
6170258.72214831
 10
6371704.91623879
 20
6170258.72218283
 10
6371704.91648061
 20
6170258.72101491
 10
6371708.84087717
 20
6170233.49273906
 10
6371708.84099924
 20
6170233.49158741
 10
6371708.8398491
 20
6170233.49145172
 10
6371706.18969582
 20
6170233.3090605
 10
6371701.96762089
 20
6170233.0186425
 10
6371701.96646265
 20
6170233.0186191
 10
6371701.96630481
 20
6170233.01976677
 10
6371701.37729606
 20
6170239.68097324
 10
6371701.37725223
 20
6170239.68154299
 10
6371700.83650482
 20
6170247.94672363
 10
6371700.8364853
 20
6170247.94788198
 10
6371700.83763355
 20
6170247.94803593
 10
6371703.12768521
 20
6170248.14268978
 10
6371703.13244105
 20
6170248.14332507
 10
6371703.13711409
 20
6170248.14441328
 10
6371703.14166131
 20
6170248.14594441
 10
6371703.14604084
 20
6170248.14790434
 10
6371703.15021234
 20
6170248.15027503
 10
6371703.1541374
 20
6170248.15303464
 10
6371703.15777988
 20
6170248.15615777
 10
6371703.16110622
 20
6170248.15961566
 10
6371703.16408582
 20
6170248.16337646
 10
6371703.16669121
 20
6170248.16740554
 10
6371703.16889842
 20
6170248.1716658
 10
6371703.17068711
 20
6170248.17611801
 10
6371703.17204082
 20
6170248.18072116
 10
6371703.17294708
 20
6170248.18543288
 10
6371703.17339755
 20
6170248.19020976
 10
6371703.17338807
 20
6170248.19500784
 10
6371703.17291873
 20
6170248.19978291
 10
6371703.17199386
 20
6170248.204491
 10
6371703.17062197
 20
6170248.20908878
 10
6371701.35095673
 20
6170253.38660897
 10
6371701.34904734
 20
6170253.39127516
 10
6371701.34667774
 20
6170253.39572534
 10
6371701.34387203
 20
6170253.39991426
 10
6371701.34065873
 20
6170253.40379934
 10
6371701.33707051
 20
6170253.40734106
 10
6371701.33314386
 20
6170253.41050342
 10
6371701.3289187
 20
6170253.41325427
 10
6371701.32443799
 20
6170253.41556562
 10
6371701.3197473
 20
6170253.417414
 10
6371701.3148943
 20
6170253.41878059
 10
6371701.30992836
 20
6170253.4196515
 10
6371701.30489995
 20
6170253.42001789
 10
6371701.29986021
 20
6170253.41987602
 10
6371700.48315693
 20
6170253.35556566
 10
6371700.48197749
 20
6170253.35553134
 10
6371700.48184208
 20
6170253.3567035
 10
6371700.15454599
 20
6170258.34506099
 10
6371700.1545264
 20
6170258.34622344
 97
0
 75
1
 76
1
 52
0.0
 41
1.0
 77
0
 78
1
 53
45.0
 43
0.0
 44
0.0
 45
-0.0034798562
 46
0.0034798562
 79
0
 98
0
  0
HATCH
  5
201E3
330
1F
100
AcDbEntity
  8
mdr_tejidoparairregular
 62
7
440
33554585
100
AcDbHatch
 10
0.0
 20
0.0
 30
0.0
210
0.0
220
0.0
230
1.0
  2
SOLID
 70
0
 71
0
 91
1
 92
3
 72
0
 73
1
 93
55
 10
6371645.76547168
 20
6170297.06784293
 10
6371645.76661014
 20
6170297.06800468
 10
6371649.26456181
 20
6170297.39444924
 10
6371649.26937949
 20
6170297.3951367
 10
6371649.27410752
 20
6170297.39628925
 10
6371649.27870111
 20
6170297.39789598
 10
6371649.28311675
 20
6170297.39994166
 10
6371649.2873126
 20
6170297.40240692
 10
6371649.29124892
 20
6170297.40526839
 10
6371649.29488842
 20
6170297.40849898
 10
6371649.29819662
 20
6170297.41206808
 10
6371649.30114219
 20
6170297.41594188
 10
6371649.30369721
 20
6170297.42008368
 10
6371649.30583749
 20
6170297.42445425
 10
6371649.30754275
 20
6170297.42901218
 10
6371649.30879684
 20
6170297.4337143
 10
6371649.30958787
 20
6170297.43851606
 10
6371649.30990836
 20
6170297.44337198
 10
6371649.30975526
 20
6170297.44823605
 10
6371649.08959556
 20
6170300.18924537
 10
6371649.00910036
 20
6170301.19021663
 10
6371649.00906387
 20
6170301.19138748
 10
6371649.01022552
 20
6170301.19153845
 10
6371653.02619068
 20
6170301.51411889
 10
6371655.51783453
 20
6170301.71422263
 10
6371655.51899928
 20
6170301.71425914
 10
6371655.51915969
 20
6170301.71310489
 10
6371655.84889942
 20
6170298.03003842
 10
6371655.84894657
 20
6170298.02887255
 10
6371655.847792
 20
6170298.02870389
 10
6371649.58148893
 20
6170297.42413605
 10
6371649.57655611
 20
6170297.42341039
 10
6371649.57172009
 20
6170297.42219706
 10
6371649.56702895
 20
6170297.42050812
 10
6371649.56252934
 20
6170297.41836036
 10
6371649.55826601
 20
6170297.41577515
 10
6371649.55428135
 20
6170297.41277819
 10
6371649.55061498
 20
6170297.40939929
 10
6371649.54730336
 20
6170297.40567203
 10
6371649.54437941
 20
6170297.40163348
 10
6371649.54187222
 20
6170297.39732381
 10
6371649.53980672
 20
6170297.39278586
 10
6371649.53820343
 20
6170297.38806477
 10
6371649.53707831
 20
6170297.38320746
 10
6371649.53644254
 20
6170297.37826225
 10
6371649.53630245
 20
6170297.37327831
 10
6371649.53665943
 20
6170297.3683052
 10
6371649.79046284
 20
6170295.29033306
 10
6371649.7905467
 20
6170295.28919976
 10
6371649.78941837
 20
6170295.2890647
 10
6371645.89148903
 20
6170295.01001446
 10
6371645.89031081
 20
6170295.00998849
 10
6371645.89018142
 20
6170295.01115988
 10
6371645.76548607
 20
6170297.06669314
 10
6371645.76547168
 20
6170297.06784293
 97
0
 75
1
 76
1
 52
0.0
 41
1.0
 77
0
 78
1
 53
45.0
 43
0.0
 44
0.0
 45
-0.0034798562
 46
0.0034798562
 79
0
 98
0
  0
HATCH
  5
201E4
330
1F
100
AcDbEntity
  8
mdr_tejidoparairregular
 62
7
440
33554585
100
AcDbHatch
 10
0.0
 20
0.0
 30
0.0
210
0.0
220
0.0
230
1.0
  2
SOLID
 70
0
 71
0
 91
1
 92
3
 72
0
 73
1
 93
15
 10
6371664.22517402
 20
6170229.73952598
 10
6371664.2263489
 20
6170229.73965532
 10
6371674.41998999
 20
6170230.35253584
 10
6371674.42115297
 20
6170230.35254905
 10
6371674.42129377
 20
6170230.35139456
 10
6371674.61104935
 20
6170227.74458158
 10
6371674.81186961
 20
6170224.9978665
 10
6371674.81189754
 20
6170224.99669352
 10
6371674.81073254
 20
6170224.996554
 10
6371664.65155518
 20
6170224.2841907
 10
6371664.65039035
 20
6170224.28416599
 10
6371664.65024127
 20
6170224.28532153
 10
6371664.4436723
 20
6170226.87783398
 10
6371664.2252055
 20
6170229.73834442
 10
6371664.22517402
 20
6170229.73952598
 97
0
 75
1
 76
1
 52
0.0
 41
1.0
 77
0
 78
1
 53
45.0
 43
0.0
 44
0.0
 45
-0.0034798562
 46
0.0034798562
 79
0
 98
0
  0
HATCH
  5
201E5
330
1F
100
AcDbEntity
  8
mdr_tejidoparairregular
 62
7
440
33554585
100
AcDbHatch
 10
0.0
 20
0.0
 30
0.0
210
0.0
220
0.0
230
1.0
  2
SOLID
 70
0
 71
0
 91
1
 92
3
 72
0
 73
1
 93
18
 10
6371665.73687225
 20
6170210.75559895
 10
6371665.73804339
 20
6170210.75573755
 10
6371666.70114691
 20
6170210.82165382
 10
6371670.03994671
 20
6170211.04615227
 10
6371672.57184056
 20
6170211.21584128
 10
6371672.57300831
 20
6170211.2158623
 10
6371672.57314936
 20
6170211.21470291
 10
6371673.09854736
 20
6170203.94453721
 10
6371673.09857368
 20
6170203.94334606
 10
6371673.09738723
 20
6170203.94323716
 10
6371666.32203934
 20
6170203.6620106
 10
6371666.320895
 20
6170203.66201784
 10
6371666.32074657
 20
6170203.66315254
 10
6371666.27224572
 20
6170204.25145255
 10
6371665.87222445
 20
6170209.0761019
 10
6371665.87221986
 20
6170209.07615807
 10
6371665.73690879
 20
6170210.75442021
 10
6371665.73687225
 20
6170210.75559895
 97
0
 75
1
 76
1
 52
0.0
 41
1.0
 77
0
 78
1
 53
45.0
 43
0.0
 44
0.0
 45
-0.0034798562
 46
0.0034798562
 79
0
 98
0
  0
HATCH
  5
201E6
330
1F
100
AcDbEntity
  8
mdr_tejidoparairregular
 62
7
440
33554585
100
AcDbHatch
 10
0.0
 20
0.0
 30
0.0
210
0.0
220
0.0
230
1.0
  2
SOLID
 70
0
 71
0
 91
1
 92
3
 72
0
 73
1
 93
15
 10
6371665.10291568
 20
6170218.58884628
 10
6371665.10408649
 20
6170218.58898512
 10
6371669.25476585
 20
6170218.87408714
 10
6371669.25594626
 20
6170218.87410963
 10
6371669.25606883
 20
6170218.8729354
 10
6371669.41945165
 20
6170215.87681599
 10
6371669.41945918
 20
6170215.87566947
 10
6371669.41832382
 20
6170215.87550961
 10
6371665.35394917
 20
6170215.50068225
 10
6371665.35277171
 20
6170215.50063213
 10
6371665.35261834
 20
6170215.50180062
 10
6371665.31444656
 20
6170215.97152621
 10
6371665.1529087
 20
6170217.96643477
 10
6371665.10295197
 20
6170218.58766783
 10
6371665.10291568
 20
6170218.58884628
 97
0
 75
1
 76
1
 52
0.0
 41
1.0
 77
0
 78
1
 53
45.0
 43
0.0
 44
0.0
 45
-0.0034798562
 46
0.0034798562
 79
0
 98
0
  0
HATCH
  5
201E7
330
1F
100
AcDbEntity
  8
mdr_tejidoparairregular
 62
7
440
33554585
100
AcDbHatch
 10
0.0
 20
0.0
 30
0.0
210
0.0
220
0.0
230
1.0
  2
SOLID
 70
0
 71
0
 91
1
 92
3
 72
0
 73
1
 93
15
 10
6371663.77553465
 20
6170236.72889426
 10
6371663.77558801
 20
6170236.73003514
 10
6371663.77672523
 20
6170236.73014096
 10
6371668.38270953
 20
6170236.93789522
 10
6371668.38387087
 20
6170236.93789111
 10
6371668.38399705
 20
6170236.93673663
 10
6371668.54186759
 20
6170234.31969949
 10
6371668.54188024
 20
6170234.31851862
 10
6371668.54070465
 20
6170234.31840635
 10
6371663.89379271
 20
6170234.10603146
 10
6371663.89264173
 20
6170234.10603428
 10
6371663.8924987
 20
6170234.10717637
 10
6371663.77668739
 20
6170235.61883486
 10
6371663.77661438
 20
6170235.6207195
 10
6371663.77553465
 20
6170236.72889426
 97
0
 75
1
 76
1
 52
0.0
 41
1.0
 77
0
 78
1
 53
45.0
 43
0.0
 44
0.0
 45
-0.0034798562
 46
0.0034798562
 79
0
 98
0
  0
HATCH
  5
201E8
330
1F
100
AcDbEntity
  8
mdr_tejidoparairregular
 62
7
440
33554585
100
AcDbHatch
 10
0.0
 20
0.0
 30
0.0
210
0.0
220
0.0
230
1.0
  2
SOLID
 70
0
 71
0
 91
1
 92
3
 72
0
 73
1
 93
33
 10
6371686.39489244
 20
6170215.87147316
 10
6371686.39605404
 20
6170215.87160194
 10
6371687.88269052
 20
6170215.96307244
 10
6371687.8838983
 20
6170215.9630856
 10
6371687.88409809
 20
6170215.96189439
 10
6371687.9585929
 20
6170215.32042702
 10
6371687.95941781
 20
6170215.3154931
 10
6371687.96073159
 20
6170215.31066631
 10
6371687.96252111
 20
6170215.30599495
 10
6371687.96476845
 20
6170215.30152578
 10
6371687.96745111
 20
6170215.29730354
 10
6371687.97054225
 20
6170215.29337049
 10
6371687.97401091
 20
6170215.289766
 10
6371687.97782238
 20
6170215.28652614
 10
6371687.98193852
 20
6170215.28368336
 10
6371687.98631811
 20
6170215.2812661
 10
6371687.99091732
 20
6170215.27929855
 10
6371687.99569012
 20
6170215.27780042
 10
6371688.00058873
 20
6170215.2767867
 10
6371688.00556411
 20
6170215.27626753
 10
6371688.01056647
 20
6170215.27624812
 10
6371689.54618196
 20
6170215.34718827
 10
6371689.54733346
 20
6170215.34718599
 10
6371689.54747628
 20
6170215.34604339
 10
6371689.70294474
 20
6170213.30987273
 10
6371689.85256299
 20
6170211.34852009
 10
6371689.85259387
 20
6170211.34732277
 10
6371689.85140058
 20
6170211.34721971
 10
6371686.66277096
 20
6170211.23301832
 10
6371686.66161397
 20
6170211.23303291
 10
6371686.66149172
 20
6170211.23418351
 10
6371686.39490235
 20
6170215.87030448
 10
6371686.39489244
 20
6170215.87147316
 97
0
 75
1
 76
1
 52
0.0
 41
1.0
 77
0
 78
1
 53
45.0
 43
0.0
 44
0.0
 45
-0.0034798562
 46
0.0034798562
 79
0
 98
0
  0
HATCH
  5
201E9
330
1F
100
AcDbEntity
  8
mdr_tejidoparairregular
 62
7
440
33554585
100
AcDbHatch
 10
0.0
 20
0.0
 30
0.0
210
0.0
220
0.0
230
1.0
  2
SOLID
 70
0
 71
0
 91
1
 92
3
 72
0
 73
1
 93
14
 10
6371685.64719039
 20
6170228.11036156
 10
6371685.64833306
 20
6170228.11052666
 10
6371688.56075448
 20
6170228.38863596
 10
6371688.5619385
 20
6170228.38868982
 10
6371688.56208485
 20
6170228.38751364
 10
6371688.77337112
 20
6170225.53894765
 10
6371688.87156344
 20
6170224.21217574
 10
6371688.87159263
 20
6170224.21100997
 10
6371688.87043641
 20
6170224.21085807
 10
6371685.93747144
 20
6170223.97043016
 10
6371685.93629275
 20
6170223.97039205
 10
6371685.93615253
 20
6170223.97156296
 10
6371685.64721512
 20
6170228.10920731
 10
6371685.64719039
 20
6170228.11036156
 97
0
 75
1
 76
1
 52
0.0
 41
1.0
 77
0
 78
1
 53
45.0
 43
0.0
 44
0.0
 45
-0.0034798562
 46
0.0034798562
 79
0
 98
0
  0
HATCH
  5
201EA
330
1F
100
AcDbEntity
  8
mdr_tejidoparairregular
 62
7
440
33554585
100
AcDbHatch
 10
0.0
 20
0.0
 30
0.0
210
0.0
220
0.0
230
1.0
  2
SOLID
 70
0
 71
0
 91
1
 92
3
 72
0
 73
1
 93
19
 10
6371671.94273647
 20
6170262.61836849
 10
6371671.94386611
 20
6170262.61855291
 10
6371672.73457263
 20
6170262.70908703
 10
6371685.90652489
 20
6170264.2192265
 10
6371685.90772018
 20
6170264.21930287
 10
6371685.90786851
 20
6170264.21811437
 10
6371686.19515315
 20
6170260.33354957
 10
6371687.20007337
 20
6170246.7869465
 10
6371687.78067338
 20
6170238.94412938
 10
6371687.78070249
 20
6170238.94296005
 10
6371687.77954198
 20
6170238.94281372
 10
6371673.85735836
 20
6170237.876794
 10
6371673.85619586
 20
6170237.87676176
 10
6371673.85603604
 20
6170237.87791368
 10
6371673.52180686
 20
6170241.61580144
 10
6371673.34367102
 20
6170243.61107816
 10
6371673.34363962
 20
6170243.61146349
 10
6371671.94276594
 20
6170262.61722429
 10
6371671.94273647
 20
6170262.61836849
 97
0
 75
1
 76
1
 52
0.0
 41
1.0
 77
0
 78
1
 53
45.0
 43
0.0
 44
0.0
 45
-0.0034798562
 46
0.0034798562
 79
0
 98
0
  0
HATCH
  5
201EB
330
1F
100
AcDbEntity
  8
mdr_tejidoparairregular
 62
7
440
33554585
100
AcDbHatch
 10
0.0
 20
0.0
 30
0.0
210
0.0
220
0.0
230
1.0
  2
SOLID
 70
0
 71
0
 91
1
 92
3
 72
0
 73
1
 93
14
 10
6371676.15702452
 20
6170206.54018962
 10
6371676.15819406
 20
6170206.54032303
 10
6371679.57476282
 20
6170206.76002644
 10
6371679.57591884
 20
6170206.76004476
 10
6371679.57607512
 20
6170206.75889919
 10
6371679.91620515
 20
6170202.86904149
 10
6371679.91624923
 20
6170202.8678411
 10
6371679.91505312
 20
6170202.86773068
 10
6371676.43673234
 20
6170202.72315018
 10
6371676.43558129
 20
6170202.72315776
 10
6371676.43544308
 20
6170202.72430051
 10
6371676.38780811
 20
6170203.3826275
 10
6371676.15705232
 20
6170206.53901282
 10
6371676.15702452
 20
6170206.54018962
 97
0
 75
1
 76
1
 52
0.0
 41
1.0
 77
0
 78
1
 53
45.0
 43
0.0
 44
0.0
 45
-0.0034798562
 46
0.0034798562
 79
0
 98
0
  0
HATCH
  5
201EC
330
1F
100
AcDbEntity
  8
mdr_tejidoparairregular
 62
7
440
33554585
100
AcDbHatch
 10
0.0
 20
0.0
 30
0.0
210
0.0
220
0.0
230
1.0
  2
SOLID
 70
0
 71
0
 91
1
 92
3
 72
0
 73
1
 93
14
 10
6371675.52131633
 20
6170215.26467691
 10
6371675.52248465
 20
6170215.26481163
 10
6371679.22466796
 20
6170215.50764005
 10
6371679.22584779
 20
6170215.50765893
 10
6371679.22596779
 20
6170215.50648506
 10
6371679.43600561
 20
6170211.49952899
 10
6371679.43600947
 20
6170211.49835789
 10
6371679.43484445
 20
6170211.49823881
 10
6371675.81095091
 20
6170211.30676046
 10
6371675.80979281
 20
6170211.30675544
 10
6371675.80965265
 20
6170211.30790504
 10
6371675.66238895
 20
6170213.3253787
 10
6371675.52134377
 20
6170215.26350116
 10
6371675.52131633
 20
6170215.26467691
 97
0
 75
1
 76
1
 52
0.0
 41
1.0
 77
0
 78
1
 53
45.0
 43
0.0
 44
0.0
 45
-0.0034798562
 46
0.0034798562
 79
0
 98
0
  0
HATCH
  5
201ED
330
1F
100
AcDbEntity
  8
mdr_tejidoparairregular
 62
7
440
33554585
100
AcDbHatch
 10
0.0
 20
0.0
 30
0.0
210
0.0
220
0.0
230
1.0
  2
SOLID
 70
0
 71
0
 91
1
 92
3
 72
0
 73
1
 93
14
 10
6371674.6112955
 20
6170227.74452123
 10
6371674.61246719
 20
6170227.74465165
 10
6371677.60826733
 20
6170227.92883141
 10
6371677.60943111
 20
6170227.92884615
 10
6371677.60957217
 20
6170227.92769087
 10
6371677.91760884
 20
6170223.70224666
 10
6371677.91763742
 20
6170223.70110345
 10
6371677.91650891
 20
6170223.70091844
 10
6371674.93199064
 20
6170223.35701042
 10
6371674.93079404
 20
6170223.35693336
 10
6371674.93064726
 20
6170223.3581234
 10
6371674.81196041
 20
6170224.99662456
 10
6371674.61132317
 20
6170227.74334264
 10
6371674.6112955
 20
6170227.74452123
 97
0
 75
1
 76
1
 52
0.0
 41
1.0
 77
0
 78
1
 53
45.0
 43
0.0
 44
0.0
 45
-0.0034798562
 46
0.0034798562
 79
0
 98
0
  0
TEXT
  5
201EF
330
1F
100
AcDbEntity
  8
tejido
 62
8
100
AcDbText
 10
6371668.476005166
 20
6170298.815204292
 30
0.0
 40
0.375
  1
7.1
  7
GOOGLE_SANS
 72
1
 11
6371668.476005166
 21
6170298.815204292
 31
0.0
100
AcDbText
 73
2
  0
TEXT
  5
201F0
330
1F
100
AcDbEntity
  8
tejido
 62
8
100
AcDbText
 10
6371679.878850268
 20
6170250.921525261
 30
0.0
 40
0.375
  1
0.0
  7
GOOGLE_SANS
 72
1
 11
6371679.878850268
 21
6170250.921525261
 31
0.0
100
AcDbText
 73
2
  0
TEXT
  5
201F1
330
1F
100
AcDbEntity
  8
tejido
 62
8
100
AcDbText
 10
6371663.614074709
 20
6170326.536710495
 30
0.0
 40
0.375
  1
14.0
  7
GOOGLE_SANS
 72
1
 11
6371663.614074709
 21
6170326.536710495
 31
0.0
100
AcDbText
 73
2
  0
TEXT
  5
201F2
330
1F
100
AcDbEntity
  8
tejido
 62
8
100
AcDbText
 10
6371650.159779986
 20
6170302.136270096
 30
0.0
 40
0.375
  1
0.0
  7
GOOGLE_SANS
 72
1
 11
6371650.159779986
 21
6170302.136270096
 31
0.0
100
AcDbText
 73
2
  0
TEXT
  5
201F3
330
1F
100
AcDbEntity
  8
tejido
 62
8
100
AcDbText
 10
6371709.4017756395
 20
6170325.949786737
 30
0.0
 40
0.375
  1
8.4
  7
GOOGLE_SANS
 72
1
 11
6371709.4017756395
 21
6170325.949786737
 31
0.0
100
AcDbText
 73
2
  0
TEXT
  5
201F4
330
1F
100
AcDbEntity
  8
tejido
 62
8
100
AcDbText
 10
6371707.875163913
 20
6170313.856129432
 30
0.0
 40
0.375
  1
5.6
  7
GOOGLE_SANS
 72
1
 11
6371707.875163913
 21
6170313.856129432
 31
0.0
100
AcDbText
 73
2
  0
TEXT
  5
201F5
330
1F
100
AcDbEntity
  8
tejido
 62
8
100
AcDbText
 10
6371714.566311214
 20
6170314.570247933
 30
0.0
 40
0.375
  1
5.6
  7
GOOGLE_SANS
 72
1
 11
6371714.566311214
 21
6170314.570247933
 31
0.0
100
AcDbText
 73
2
  0
TEXT
  5
201F6
330
1F
100
AcDbEntity
  8
tejido
 62
8
100
AcDbText
 10
6371700.061722655
 20
6170333.852443327
 30
0.0
 40
0.375
  1
2.8
  7
GOOGLE_SANS
 72
1
 11
6371700.061722655
 21
6170333.852443327
 31
0.0
100
AcDbText
 73
2
  0
TEXT
  5
201F7
330
1F
100
AcDbEntity
  8
tejido
 62
8
100
AcDbText
 10
6371702.901742845
 20
6170314.48002813
 30
0.0
 40
0.375
  1
5.6
  7
GOOGLE_SANS
 72
1
 11
6371702.901742845
 21
6170314.48002813
 31
0.0
100
AcDbText
 73
2
  0
TEXT
  5
201F8
330
1F
100
AcDbEntity
  8
tejido
 62
8
100
AcDbText
 10
6371690.997022355
 20
6170316.020323719
 30
0.0
 40
0.375
  1
5.6
  7
GOOGLE_SANS
 72
1
 11
6371690.997022355
 21
6170316.020323719
 31
0.0
100
AcDbText
 73
2
  0
TEXT
  5
201F9
330
1F
100
AcDbEntity
  8
tejido
 62
8
100
AcDbText
 10
6371677.745661267
 20
6170312.783140515
 30
0.0
 40
0.375
  1
8.5
  7
GOOGLE_SANS
 72
1
 11
6371677.745661267
 21
6170312.783140515
 31
0.0
100
AcDbText
 73
2
  0
TEXT
  5
201FA
330
1F
100
AcDbEntity
  8
tejido
 62
8
100
AcDbText
 10
6371678.576829403
 20
6170289.085018167
 30
0.0
 40
0.375
  1
4.1
  7
GOOGLE_SANS
 72
1
 11
6371678.576829403
 21
6170289.085018167
 31
0.0
100
AcDbText
 73
2
  0
TEXT
  5
201FB
330
1F
100
AcDbEntity
  8
tejido
 62
8
100
AcDbText
 10
6371660.218766163
 20
6170314.750829743
 30
0.0
 40
0.375
  1
16.8
  7
GOOGLE_SANS
 72
1
 11
6371660.218766163
 21
6170314.750829743
 31
0.0
100
AcDbText
 73
2
  0
TEXT
  5
201FC
330
1F
100
AcDbEntity
  8
tejido
 62
8
100
AcDbText
 10
6371665.90414884
 20
6170311.873051599
 30
0.0
 40
0.375
  1
14.0
  7
GOOGLE_SANS
 72
1
 11
6371665.90414884
 21
6170311.873051599
 31
0.0
100
AcDbText
 73
2
  0
TEXT
  5
201FD
330
1F
100
AcDbEntity
  8
tejido
 62
8
100
AcDbText
 10
6371666.61405346
 20
6170304.962656612
 30
0.0
 40
0.375
  1
8.4
  7
GOOGLE_SANS
 72
1
 11
6371666.61405346
 21
6170304.962656612
 31
0.0
100
AcDbText
 73
2
  0
TEXT
  5
201FE
330
1F
100
AcDbEntity
  8
tejido
 62
8
100
AcDbText
 10
6371653.115977076
 20
6170321.741607783
 30
0.0
 40
0.375
  1
12.0
  7
GOOGLE_SANS
 72
1
 11
6371653.115977076
 21
6170321.741607783
 31
0.0
100
AcDbText
 73
2
  0
TEXT
  5
201FF
330
1F
100
AcDbEntity
  8
tejido
 62
8
100
AcDbText
 10
6371654.066345877
 20
6170305.552752398
 30
0.0
 40
0.375
  1
7.9
  7
GOOGLE_SANS
 72
1
 11
6371654.066345877
 21
6170305.552752398
 31
0.0
100
AcDbText
 73
2
  0
TEXT
  5
20200
330
1F
100
AcDbEntity
  8
tejido
 62
8
100
AcDbText
 10
6371657.740729142
 20
6170305.82032542
 30
0.0
 40
0.375
  1
0.0
  7
GOOGLE_SANS
 72
1
 11
6371657.740729142
 21
6170305.82032542
 31
0.0
100
AcDbText
 73
2
  0
TEXT
  5
20201
330
1F
100
AcDbEntity
  8
tejido
 62
8
100
AcDbText
 10
6371644.280782317
 20
6170302.165655524
 30
0.0
 40
0.375
  1
29.9
  7
GOOGLE_SANS
 72
1
 11
6371644.280782317
 21
6170302.165655524
 31
0.0
100
AcDbText
 73
2
  0
TEXT
  5
20202
330
1F
100
AcDbEntity
  8
tejido
 62
8
100
AcDbText
 10
6371646.894127781
 20
6170307.7013041135
 30
0.0
 40
0.375
  1
0.0
  7
GOOGLE_SANS
 72
1
 11
6371646.894127781
 21
6170307.7013041135
 31
0.0
100
AcDbText
 73
2
  0
TEXT
  5
20203
330
1F
100
AcDbEntity
  8
tejido
 62
8
100
AcDbText
 10
6371647.076092408
 20
6170305.580744491
 30
0.0
 40
0.375
  1
27.6
  7
GOOGLE_SANS
 72
1
 11
6371647.076092408
 21
6170305.580744491
 31
0.0
100
AcDbText
 73
2
  0
TEXT
  5
20204
330
1F
100
AcDbEntity
  8
tejido
 62
8
100
AcDbText
 10
6371653.098202436
 20
6170289.34049393
 30
0.0
 40
0.375
  1
2.8
  7
GOOGLE_SANS
 72
1
 11
6371653.098202436
 21
6170289.34049393
 31
0.0
100
AcDbText
 73
2
  0
TEXT
  5
20205
330
1F
100
AcDbEntity
  8
tejido
 62
8
100
AcDbText
 10
6371668.952217508
 20
6170290.005910551
 30
0.0
 40
0.375
  1
11.2
  7
GOOGLE_SANS
 72
1
 11
6371668.952217508
 21
6170290.005910551
 31
0.0
100
AcDbText
 73
2
  0
TEXT
  5
20206
330
1F
100
AcDbEntity
  8
tejido
 62
8
100
AcDbText
 10
6371670.459004541
 20
6170293.248261741
 30
0.0
 40
0.375
  1
5.6
  7
GOOGLE_SANS
 72
1
 11
6371670.459004541
 21
6170293.248261741
 31
0.0
100
AcDbText
 73
2
  0
TEXT
  5
20207
330
1F
100
AcDbEntity
  8
tejido
 62
8
100
AcDbText
 10
6371673.236281895
 20
6170291.377256842
 30
0.0
 40
0.375
  1
2.8
  7
GOOGLE_SANS
 72
1
 11
6371673.236281895
 21
6170291.377256842
 31
0.0
100
AcDbText
 73
2
  0
TEXT
  5
20208
330
1F
100
AcDbEntity
  8
tejido
 62
8
100
AcDbText
 10
6371669.783193653
 20
6170280.154363819
 30
0.0
 40
0.375
  1
19.6
  7
GOOGLE_SANS
 72
1
 11
6371669.783193653
 21
6170280.154363819
 31
0.0
100
AcDbText
 73
2
  0
TEXT
  5
20209
330
1F
100
AcDbEntity
  8
tejido
 62
8
100
AcDbText
 10
6371674.160854639
 20
6170282.258063552
 30
0.0
 40
0.375
  1
2.8
  7
GOOGLE_SANS
 72
1
 11
6371674.160854639
 21
6170282.258063552
 31
0.0
100
AcDbText
 73
2
  0
TEXT
  5
2020A
330
1F
100
AcDbEntity
  8
tejido
 62
8
100
AcDbText
 10
6371676.258194167
 20
6170225.682025049
 30
0.0
 40
0.375
  1
0.0
  7
GOOGLE_SANS
 72
1
 11
6371676.258194167
 21
6170225.682025049
 31
0.0
100
AcDbText
 73
2
  0
TEXT
  5
2020B
330
1F
100
AcDbEntity
  8
tejido
 62
8
100
AcDbText
 10
6371674.571205422
 20
6170274.663612871
 30
0.0
 40
0.375
  1
5.6
  7
GOOGLE_SANS
 72
1
 11
6371674.571205422
 21
6170274.663612871
 31
0.0
100
AcDbText
 73
2
  0
TEXT
  5
2020C
330
1F
100
AcDbEntity
  8
tejido
 62
8
100
AcDbText
 10
6371657.782785081
 20
6170265.223607515
 30
0.0
 40
0.375
  1
8.4
  7
GOOGLE_SANS
 72
1
 11
6371657.782785081
 21
6170265.223607515
 31
0.0
100
AcDbText
 73
2
  0
TEXT
  5
2020D
330
1F
100
AcDbEntity
  8
tejido
 62
8
100
AcDbText
 10
6371643.071520941
 20
6170262.949008375
 30
0.0
 40
0.375
  1
2.8
  7
GOOGLE_SANS
 72
1
 11
6371643.071520941
 21
6170262.949008375
 31
0.0
100
AcDbText
 73
2
  0
TEXT
  5
2020E
330
1F
100
AcDbEntity
  8
tejido
 62
8
100
AcDbText
 10
6371667.455321408
 20
6170263.509925929
 30
0.0
 40
0.375
  1
5.6
  7
GOOGLE_SANS
 72
1
 11
6371667.455321408
 21
6170263.509925929
 31
0.0
100
AcDbText
 73
2
  0
TEXT
  5
2020F
330
1F
100
AcDbEntity
  8
tejido
 62
8
100
AcDbText
 10
6371667.9653386455
 20
6170265.589719055
 30
0.0
 40
0.375
  1
11.2
  7
GOOGLE_SANS
 72
1
 11
6371667.9653386455
 21
6170265.589719055
 31
0.0
100
AcDbText
 73
2
  0
TEXT
  5
20210
330
1F
100
AcDbEntity
  8
tejido
 62
8
100
AcDbText
 10
6371670.861055281
 20
6170264.515637273
 30
0.0
 40
0.375
  1
14.0
  7
GOOGLE_SANS
 72
1
 11
6371670.861055281
 21
6170264.515637273
 31
0.0
100
AcDbText
 73
2
  0
TEXT
  5
20211
330
1F
100
AcDbEntity
  8
tejido
 62
8
100
AcDbText
 10
6371680.242219843
 20
6170269.509507222
 30
0.0
 40
0.375
  1
11.2
  7
GOOGLE_SANS
 72
1
 11
6371680.242219843
 21
6170269.509507222
 31
0.0
100
AcDbText
 73
2
  0
TEXT
  5
20212
330
1F
100
AcDbEntity
  8
tejido
 62
8
100
AcDbText
 10
6371677.555744348
 20
6170268.227081007
 30
0.0
 40
0.375
  1
14.0
  7
GOOGLE_SANS
 72
1
 11
6371677.555744348
 21
6170268.227081007
 31
0.0
100
AcDbText
 73
2
  0
TEXT
  5
20213
330
1F
100
AcDbEntity
  8
tejido
 62
8
100
AcDbText
 10
6371687.197524852
 20
6170268.979814847
 30
0.0
 40
0.375
  1
2.8
  7
GOOGLE_SANS
 72
1
 11
6371687.197524852
 21
6170268.979814847
 31
0.0
100
AcDbText
 73
2
  0
TEXT
  5
20214
330
1F
100
AcDbEntity
  8
tejido
 62
8
100
AcDbText
 10
6371683.994615109
 20
6170266.517040958
 30
0.0
 40
0.375
  1
14.0
  7
GOOGLE_SANS
 72
1
 11
6371683.994615109
 21
6170266.517040958
 31
0.0
100
AcDbText
 73
2
  0
TEXT
  5
20215
330
1F
100
AcDbEntity
  8
tejido
 62
8
100
AcDbText
 10
6371654.63714361
 20
6170229.877219924
 30
0.0
 40
0.375
  1
8.4
  7
GOOGLE_SANS
 72
1
 11
6371654.63714361
 21
6170229.877219924
 31
0.0
100
AcDbText
 73
2
  0
TEXT
  5
20216
330
1F
100
AcDbEntity
  8
tejido
 62
8
100
AcDbText
 10
6371661.258371323
 20
6170230.765268486
 30
0.0
 40
0.375
  1
5.6
  7
GOOGLE_SANS
 72
1
 11
6371661.258371323
 21
6170230.765268486
 31
0.0
100
AcDbText
 73
2
  0
TEXT
  5
20217
330
1F
100
AcDbEntity
  8
tejido
 62
8
100
AcDbText
 10
6371663.431036725
 20
6170230.977134432
 30
0.0
 40
0.375
  1
2.8
  7
GOOGLE_SANS
 72
1
 11
6371663.431036725
 21
6170230.977134432
 31
0.0
100
AcDbText
 73
2
  0
TEXT
  5
20218
330
1F
100
AcDbEntity
  8
tejido
 62
8
100
AcDbText
 10
6371655.999944415
 20
6170221.2710323585
 30
0.0
 40
0.375
  1
11.7
  7
GOOGLE_SANS
 72
1
 11
6371655.999944415
 21
6170221.2710323585
 31
0.0
100
AcDbText
 73
2
  0
TEXT
  5
20219
330
1F
100
AcDbEntity
  8
tejido
 62
8
100
AcDbText
 10
6371666.136064868
 20
6170235.520974021
 30
0.0
 40
0.375
  1
0.0
  7
GOOGLE_SANS
 72
1
 11
6371666.136064868
 21
6170235.520974021
 31
0.0
100
AcDbText
 73
2
  0
TEXT
  5
2021A
330
1F
100
AcDbEntity
  8
tejido
 62
8
100
AcDbText
 10
6371669.638618718
 20
6170233.06996
 30
0.0
 40
0.375
  1
9.7
  7
GOOGLE_SANS
 72
1
 11
6371669.638618718
 21
6170233.06996
 31
0.0
100
AcDbText
 73
2
  0
TEXT
  5
2021B
330
1F
100
AcDbEntity
  8
tejido
 62
8
100
AcDbText
 10
6371669.509944552
 20
6170227.343295887
 30
0.0
 40
0.375
  1
0.0
  7
GOOGLE_SANS
 72
1
 11
6371669.509944552
 21
6170227.343295887
 31
0.0
100
AcDbText
 73
2
  0
TEXT
  5
2021C
330
1F
100
AcDbEntity
  8
tejido
 62
8
100
AcDbText
 10
6371677.501298179
 20
6170213.401928914
 30
0.0
 40
0.375
  1
0.0
  7
GOOGLE_SANS
 72
1
 11
6371677.501298179
 21
6170213.401928914
 31
0.0
100
AcDbText
 73
2
  0
TEXT
  5
2021D
330
1F
100
AcDbEntity
  8
tejido
 62
8
100
AcDbText
 10
6371678.027534227
 20
6170204.717976588
 30
0.0
 40
0.375
  1
0.0
  7
GOOGLE_SANS
 72
1
 11
6371678.027534227
 21
6170204.717976588
 31
0.0
100
AcDbText
 73
2
  0
TEXT
  5
2021E
330
1F
100
AcDbEntity
  8
tejido
 62
8
100
AcDbText
 10
6371679.214848512
 20
6170209.1177129885
 30
0.0
 40
0.375
  1
35.8
  7
GOOGLE_SANS
 72
1
 11
6371679.214848512
 21
6170209.1177129885
 31
0.0
100
AcDbText
 73
2
  0
TEXT
  5
2021F
330
1F
100
AcDbEntity
  8
tejido
 62
8
100
AcDbText
 10
6371688.054420642
 20
6170213.448809133
 30
0.0
 40
0.375
  1
0.0
  7
GOOGLE_SANS
 72
1
 11
6371688.054420642
 21
6170213.448809133
 31
0.0
100
AcDbText
 73
2
  0
TEXT
  5
20220
330
1F
100
AcDbEntity
  8
tejido
 62
8
100
AcDbText
 10
6371687.256745392
 20
6170226.168214313
 30
0.0
 40
0.375
  1
0.0
  7
GOOGLE_SANS
 72
1
 11
6371687.256745392
 21
6170226.168214313
 31
0.0
100
AcDbText
 73
2
  0
TEXT
  5
20221
330
1F
100
AcDbEntity
  8
tejido
 62
8
100
AcDbText
 10
6371701.547952997
 20
6170250.302426744
 30
0.0
 40
0.375
  1
7.0
  7
GOOGLE_SANS
 72
1
 11
6371701.547952997
 21
6170250.302426744
 31
0.0
100
AcDbText
 73
2
  0
TEXT
  5
20222
330
1F
100
AcDbEntity
  8
tejido
 62
8
100
AcDbText
 10
6371737.402937581
 20
6170209.070352569
 30
0.0
 40
0.375
  1
17.0
  7
GOOGLE_SANS
 72
1
 11
6371737.402937581
 21
6170209.070352569
 31
0.0
100
AcDbText
 73
2
  0
TEXT
  5
20223
330
1F
100
AcDbEntity
  8
tejido
 62
8
100
AcDbText
 10
6371732.442704521
 20
6170207.981780548
 30
0.0
 40
0.375
  1
0.0
  7
GOOGLE_SANS
 72
1
 11
6371732.442704521
 21
6170207.981780548
 31
0.0
100
AcDbText
 73
2
  0
TEXT
  5
20224
330
1F
100
AcDbEntity
  8
tejido
 62
8
100
AcDbText
 10
6371735.736340002
 20
6170223.571560752
 30
0.0
 40
0.375
  1
4.9
  7
GOOGLE_SANS
 72
1
 11
6371735.736340002
 21
6170223.571560752
 31
0.0
100
AcDbText
 73
2
  0
TEXT
  5
20225
330
1F
100
AcDbEntity
  8
tejido
 62
8
100
AcDbText
 10
6371739.028974019
 20
6170206.796900909
 30
0.0
 40
0.375
  1
20.3
  7
GOOGLE_SANS
 72
1
 11
6371739.028974019
 21
6170206.796900909
 31
0.0
100
AcDbText
 73
2
  0
TEXT
  5
20226
330
1F
100
AcDbEntity
  8
tejido
 62
8
100
AcDbText
 10
6371748.6285562385
 20
6170207.152271573
 30
0.0
 40
0.375
  1
2.8
  7
GOOGLE_SANS
 72
1
 11
6371748.6285562385
 21
6170207.152271573
 31
0.0
100
AcDbText
 73
2
  0
TEXT
  5
20227
330
1F
100
AcDbEntity
  8
tejido
 62
8
100
AcDbText
 10
6371747.313180033
 20
6170204.4016331015
 30
0.0
 40
0.375
  1
5.6
  7
GOOGLE_SANS
 72
1
 11
6371747.313180033
 21
6170204.4016331015
 31
0.0
100
AcDbText
 73
2
  0
TEXT
  5
20228
330
1F
100
AcDbEntity
  8
tejido
 62
8
100
AcDbText
 10
6371754.071437507
 20
6170215.783922296
 30
0.0
 40
0.375
  1
7.9
  7
GOOGLE_SANS
 72
1
 11
6371754.071437507
 21
6170215.783922296
 31
0.0
100
AcDbText
 73
2
  0
TEXT
  5
20229
330
1F
100
AcDbEntity
  8
tejido
 62
8
100
AcDbText
 10
6371756.036515384
 20
6170201.4955515275
 30
0.0
 40
0.375
  1
4.7
  7
GOOGLE_SANS
 72
1
 11
6371756.036515384
 21
6170201.4955515275
 31
0.0
100
AcDbText
 73
2
  0
TEXT
  5
2022A
330
1F
100
AcDbEntity
  8
tejido
 62
8
100
AcDbText
 10
6371757.003328828
 20
6170207.301698876
 30
0.0
 40
0.375
  1
5.7
  7
GOOGLE_SANS
 72
1
 11
6371757.003328828
 21
6170207.301698876
 31
0.0
100
AcDbText
 73
2
  0
TEXT
  5
2022B
330
1F
100
AcDbEntity
  8
tejido
 62
8
100
AcDbText
 10
6371745.158805934
 20
6170219.528994735
 30
0.0
 40
0.375
  1
14.0
  7
GOOGLE_SANS
 72
1
 11
6371745.158805934
 21
6170219.528994735
 31
0.0
100
AcDbText
 73
2
  0
TEXT
  5
2022C
330
1F
100
AcDbEntity
  8
tejido
 62
8
100
AcDbText
 10
6371752.622038498
 20
6170220.730073682
 30
0.0
 40
0.375
  1
9.8
  7
GOOGLE_SANS
 72
1
 11
6371752.622038498
 21
6170220.730073682
 31
0.0
100
AcDbText
 73
2
  0
TEXT
  5
2022D
330
1F
100
AcDbEntity
  8
tejido
 62
8
100
AcDbText
 10
6371743.801068129
 20
6170226.851942149
 30
0.0
 40
0.375
  1
14.0
  7
GOOGLE_SANS
 72
1
 11
6371743.801068129
 21
6170226.851942149
 31
0.0
100
AcDbText
 73
2
  0
TEXT
  5
2022E
330
1F
100
AcDbEntity
  8
tejido
 62
8
100
AcDbText
 10
6371746.59212955
 20
6170229.922531228
 30
0.0
 40
0.375
  1
0.0
  7
GOOGLE_SANS
 72
1
 11
6371746.59212955
 21
6170229.922531228
 31
0.0
100
AcDbText
 73
2
  0
TEXT
  5
2022F
330
1F
100
AcDbEntity
  8
tejido
 62
8
100
AcDbText
 10
6371741.88305585
 20
6170234.227826092
 30
0.0
 40
0.375
  1
2.8
  7
GOOGLE_SANS
 72
1
 11
6371741.88305585
 21
6170234.227826092
 31
0.0
100
AcDbText
 73
2
  0
TEXT
  5
20230
330
1F
100
AcDbEntity
  8
tejido
 62
8
100
AcDbText
 10
6371753.195078707
 20
6170235.979360453
 30
0.0
 40
0.375
  1
8.4
  7
GOOGLE_SANS
 72
1
 11
6371753.195078707
 21
6170235.979360453
 31
0.0
100
AcDbText
 73
2
  0
TEXT
  5
20231
330
1F
100
AcDbEntity
  8
tejido
 62
8
100
AcDbText
 10
6371751.310277809
 20
6170242.6781524075
 30
0.0
 40
0.375
  1
29.3
  7
GOOGLE_SANS
 72
1
 11
6371751.310277809
 21
6170242.6781524075
 31
0.0
100
AcDbText
 73
2
  0
TEXT
  5
20232
330
1F
100
AcDbEntity
  8
tejido
 62
8
100
AcDbText
 10
6371741.394717497
 20
6170248.417506369
 30
0.0
 40
0.375
  1
8.4
  7
GOOGLE_SANS
 72
1
 11
6371741.394717497
 21
6170248.417506369
 31
0.0
100
AcDbText
 73
2
  0
TEXT
  5
20233
330
1F
100
AcDbEntity
  8
tejido
 62
8
100
AcDbText
 10
6371743.598498839
 20
6170251.582916113
 30
0.0
 40
0.375
  1
5.6
  7
GOOGLE_SANS
 72
1
 11
6371743.598498839
 21
6170251.582916113
 31
0.0
100
AcDbText
 73
2
  0
TEXT
  5
20234
330
1F
100
AcDbEntity
  8
tejido
 62
8
100
AcDbText
 10
6371733.4399432
 20
6170257.468479392
 30
0.0
 40
0.375
  1
2.8
  7
GOOGLE_SANS
 72
1
 11
6371733.4399432
 21
6170257.468479392
 31
0.0
100
AcDbText
 73
2
  0
TEXT
  5
20235
330
1F
100
AcDbEntity
  8
tejido
 62
8
100
AcDbText
 10
6371732.843415634
 20
6170260.227327548
 30
0.0
 40
0.375
  1
2.8
  7
GOOGLE_SANS
 72
1
 11
6371732.843415634
 21
6170260.227327548
 31
0.0
100
AcDbText
 73
2
  0
TEXT
  5
20236
330
1F
100
AcDbEntity
  8
tejido
 62
8
100
AcDbText
 10
6371738.10448194
 20
6170263.492452397
 30
0.0
 40
0.375
  1
8.4
  7
GOOGLE_SANS
 72
1
 11
6371738.10448194
 21
6170263.492452397
 31
0.0
100
AcDbText
 73
2
  0
TEXT
  5
20237
330
1F
100
AcDbEntity
  8
tejido
 62
8
100
AcDbText
 10
6371738.867118075
 20
6170266.527418167
 30
0.0
 40
0.375
  1
2.8
  7
GOOGLE_SANS
 72
1
 11
6371738.867118075
 21
6170266.527418167
 31
0.0
100
AcDbText
 73
2
  0
TEXT
  5
20238
330
1F
100
AcDbEntity
  8
tejido
 62
8
100
AcDbText
 10
6371741.138024867
 20
6170264.430718897
 30
0.0
 40
0.375
  1
11.2
  7
GOOGLE_SANS
 72
1
 11
6371741.138024867
 21
6170264.430718897
 31
0.0
100
AcDbText
 73
2
  0
TEXT
  5
20239
330
1F
100
AcDbEntity
  8
tejido
 62
8
100
AcDbText
 10
6371698.721213111
 20
6170292.009897633
 30
0.0
 40
0.375
  1
2.8
  7
GOOGLE_SANS
 72
1
 11
6371698.721213111
 21
6170292.009897633
 31
0.0
100
AcDbText
 73
2
  0
TEXT
  5
2023A
330
1F
100
AcDbEntity
  8
tejido
 62
8
100
AcDbText
 10
6371701.189870301
 20
6170274.926237622
 30
0.0
 40
0.375
  1
2.8
  7
GOOGLE_SANS
 72
1
 11
6371701.189870301
 21
6170274.926237622
 31
0.0
100
AcDbText
 73
2
  0
TEXT
  5
2023B
330
1F
100
AcDbEntity
  8
tejido
 62
8
100
AcDbText
 10
6371723.115619497
 20
6170290.073806965
 30
0.0
 40
0.375
  1
5.6
  7
GOOGLE_SANS
 72
1
 11
6371723.115619497
 21
6170290.073806965
 31
0.0
100
AcDbText
 73
2
  0
TEXT
  5
2023C
330
1F
100
AcDbEntity
  8
tejido
 62
8
100
AcDbText
 10
6371715.353783681
 20
6170301.0308087785
 30
0.0
 40
0.375
  1
10.7
  7
GOOGLE_SANS
 72
1
 11
6371715.353783681
 21
6170301.0308087785
 31
0.0
100
AcDbText
 73
2
  0
TEXT
  5
2023D
330
1F
100
AcDbEntity
  8
tejido
 62
8
100
AcDbText
 10
6371722.708806537
 20
6170301.13166941
 30
0.0
 40
0.375
  1
12.0
  7
GOOGLE_SANS
 72
1
 11
6371722.708806537
 21
6170301.13166941
 31
0.0
100
AcDbText
 73
2
  0
TEXT
  5
2023E
330
1F
100
AcDbEntity
  8
tejido
 62
8
100
AcDbText
 10
6371708.662320962
 20
6170311.073074107
 30
0.0
 40
0.375
  1
5.6
  7
GOOGLE_SANS
 72
1
 11
6371708.662320962
 21
6170311.073074107
 31
0.0
100
AcDbText
 73
2
  0
TEXT
  5
2023F
330
1F
100
AcDbEntity
  8
tejido
 62
8
100
AcDbText
 10
6371710.172440711
 20
6170306.270390352
 30
0.0
 40
0.375
  1
5.6
  7
GOOGLE_SANS
 72
1
 11
6371710.172440711
 21
6170306.270390352
 31
0.0
100
AcDbText
 73
2
  0
TEXT
  5
20240
330
1F
100
AcDbEntity
  8
tejido
 62
8
100
AcDbText
 10
6371726.70762957
 20
6170309.575703588
 30
0.0
 40
0.375
  1
8.4
  7
GOOGLE_SANS
 72
1
 11
6371726.70762957
 21
6170309.575703588
 31
0.0
100
AcDbText
 73
2
  0
TEXT
  5
20241
330
1F
100
AcDbEntity
  8
tejido
 62
8
100
AcDbText
 10
6371711.2458933545
 20
6170314.213206205
 30
0.0
 40
0.375
  1
0.0
  7
GOOGLE_SANS
 72
1
 11
6371711.2458933545
 21
6170314.213206205
 31
0.0
100
AcDbText
 73
2
  0
TEXT
  5
20242
330
1F
100
AcDbEntity
  8
tejido
 62
8
100
AcDbText
 10
6371693.987679575
 20
6170296.628930506
 30
0.0
 40
0.375
  1
0.0
  7
GOOGLE_SANS
 72
1
 11
6371693.987679575
 21
6170296.628930506
 31
0.0
100
AcDbText
 73
2
  0
TEXT
  5
20243
330
1F
100
AcDbEntity
  8
tejido
 62
8
100
AcDbText
 10
6371682.560768932
 20
6170284.527311056
 30
0.0
 40
0.375
  1
0.0
  7
GOOGLE_SANS
 72
1
 11
6371682.560768932
 21
6170284.527311056
 31
0.0
100
AcDbText
 73
2
  0
TEXT
  5
20244
330
1F
100
AcDbEntity
  8
tejido
 62
8
100
AcDbText
 10
6371686.916109825
 20
6170276.290385385
 30
0.0
 40
0.375
  1
0.0
  7
GOOGLE_SANS
 72
1
 11
6371686.916109825
 21
6170276.290385385
 31
0.0
100
AcDbText
 73
2
  0
TEXT
  5
20245
330
1F
100
AcDbEntity
  8
tejido
 62
8
100
AcDbText
 10
6371704.183435726
 20
6170244.797204909
 30
0.0
 40
0.375
  1
0.0
  7
GOOGLE_SANS
 72
1
 11
6371704.183435726
 21
6170244.797204909
 31
0.0
100
AcDbText
 73
2
  0
TEXT
  5
20246
330
1F
100
AcDbEntity
  8
tejido
 62
8
100
AcDbText
 10
6371731.531082889
 20
6170246.994604269
 30
0.0
 40
0.375
  1
0.0
  7
GOOGLE_SANS
 72
1
 11
6371731.531082889
 21
6170246.994604269
 31
0.0
100
AcDbText
 73
2
  0
TEXT
  5
20247
330
1F
100
AcDbEntity
  8
tejido
 62
8
100
AcDbText
 10
6371727.769296109
 20
6170235.000856475
 30
0.0
 40
0.375
  1
0.0
  7
GOOGLE_SANS
 72
1
 11
6371727.769296109
 21
6170235.000856475
 31
0.0
100
AcDbText
 73
2
  0
TEXT
  5
20248
330
1F
100
AcDbEntity
  8
tejido
 62
8
100
AcDbText
 10
6371731.141242326
 20
6170222.862821515
 30
0.0
 40
0.375
  1
0.0
  7
GOOGLE_SANS
 72
1
 11
6371731.141242326
 21
6170222.862821515
 31
0.0
100
AcDbText
 73
2
  0
TEXT
  5
20249
330
1F
100
AcDbEntity
  8
tejido
 62
8
100
AcDbText
 10
6371737.704426519
 20
6170236.62973714
 30
0.0
 40
0.375
  1
0.0
  7
GOOGLE_SANS
 72
1
 11
6371737.704426519
 21
6170236.62973714
 31
0.0
100
AcDbText
 73
2
  0
TEXT
  5
2024A
330
1F
100
AcDbEntity
  8
tejido
 62
8
100
AcDbText
 10
6371739.913342478
 20
6170224.215084262
 30
0.0
 40
0.375
  1
0.0
  7
GOOGLE_SANS
 72
1
 11
6371739.913342478
 21
6170224.215084262
 31
0.0
100
AcDbText
 73
2
  0
TEXT
  5
2024B
330
1F
100
AcDbEntity
  8
tejido
 62
8
100
AcDbText
 10
6371747.892995193
 20
6170222.867891047
 30
0.0
 40
0.375
  1
0.0
  7
GOOGLE_SANS
 72
1
 11
6371747.892995193
 21
6170222.867891047
 31
0.0
100
AcDbText
 73
2
  0
TEXT
  5
2024C
330
1F
100
AcDbEntity
  8
tejido
 62
8
100
AcDbText
 10
6371731.059352284
 20
6170250.001857225
 30
0.0
 40
0.375
  1
0.0
  7
GOOGLE_SANS
 72
1
 11
6371731.059352284
 21
6170250.001857225
 31
0.0
100
AcDbText
 73
2
  0
TEXT
  5
2024D
330
1F
100
AcDbEntity
  8
tejido
 62
8
100
AcDbText
 10
6371750.453629829
 20
6170258.679903558
 30
0.0
 40
0.375
  1
0.0
  7
GOOGLE_SANS
 72
1
 11
6371750.453629829
 21
6170258.679903558
 31
0.0
100
AcDbText
 73
2
  0
TEXT
  5
2024E
330
1F
100
AcDbEntity
  8
tejido
 62
8
100
AcDbText
 10
6371699.324014682
 20
6170286.052464457
 30
0.0
 40
0.375
  1
0.0
  7
GOOGLE_SANS
 72
1
 11
6371699.324014682
 21
6170286.052464457
 31
0.0
100
AcDbText
 73
2
  0
TEXT
  5
2024F
330
1F
100
AcDbEntity
  8
tejido
 62
8
100
AcDbText
 10
6371708.9899125965
 20
6170308.186953774
 30
0.0
 40
0.375
  1
0.0
  7
GOOGLE_SANS
 72
1
 11
6371708.9899125965
 21
6170308.186953774
 31
0.0
100
AcDbText
 73
2
  0
TEXT
  5
20250
330
1F
100
AcDbEntity
  8
tejido
 62
8
100
AcDbText
 10
6371726.5882470105
 20
6170330.249815271
 30
0.0
 40
0.375
  1
15.8
  7
GOOGLE_SANS
 72
1
 11
6371726.5882470105
 21
6170330.249815271
 31
0.0
100
AcDbText
 73
2
  0
TEXT
  5
20251
330
1F
100
AcDbEntity
  8
tejido
 62
8
100
AcDbText
 10
6371714.999822081
 20
6170326.759459986
 30
0.0
 40
0.375
  1
0.0
  7
GOOGLE_SANS
 72
1
 11
6371714.999822081
 21
6170326.759459986
 31
0.0
100
AcDbText
 73
2
  0
TEXT
  5
20252
330
1F
100
AcDbEntity
  8
tejido
 62
8
100
AcDbText
 10
6371715.560962567
 20
6170322.935925764
 30
0.0
 40
0.375
  1
18.6
  7
GOOGLE_SANS
 72
1
 11
6371715.560962567
 21
6170322.935925764
 31
0.0
100
AcDbText
 73
2
  0
TEXT
  5
20253
330
1F
100
AcDbEntity
  8
tejido
 62
8
100
AcDbText
 10
6371719.608418234
 20
6170322.115583294
 30
0.0
 40
0.375
  1
18.4
  7
GOOGLE_SANS
 72
1
 11
6371719.608418234
 21
6170322.115583294
 31
0.0
100
AcDbText
 73
2
  0
TEXT
  5
20254
330
1F
100
AcDbEntity
  8
tejido
 62
8
100
AcDbText
 10
6371727.898151651
 20
6170327.778636098
 30
0.0
 40
0.375
  1
0.0
  7
GOOGLE_SANS
 72
1
 11
6371727.898151651
 21
6170327.778636098
 31
0.0
100
AcDbText
 73
2
  0
TEXT
  5
20255
330
1F
100
AcDbEntity
  8
tejido
 62
8
100
AcDbText
 10
6371727.824528687
 20
6170323.826885793
 30
0.0
 40
0.375
  1
18.4
  7
GOOGLE_SANS
 72
1
 11
6371727.824528687
 21
6170323.826885793
 31
0.0
100
AcDbText
 73
2
  0
TEXT
  5
20256
330
1F
100
AcDbEntity
  8
tejido
 62
8
100
AcDbText
 10
6371730.290116047
 20
6170322.896168714
 30
0.0
 40
0.375
  1
0.0
  7
GOOGLE_SANS
 72
1
 11
6371730.290116047
 21
6170322.896168714
 31
0.0
100
AcDbText
 73
2
  0
TEXT
  5
20257
330
1F
100
AcDbEntity
  8
tejido
 62
8
100
AcDbText
 10
6371657.4033475835
 20
6170324.849006458
 30
0.0
 40
0.375
  1
5.6
  7
GOOGLE_SANS
 72
1
 11
6371657.4033475835
 21
6170324.849006458
 31
0.0
100
AcDbText
 73
2
  0
TEXT
  5
20258
330
1F
100
AcDbEntity
  8
tejido
 62
8
100
AcDbText
 10
6371658.042481453
 20
6170320.896276525
 30
0.0
 40
0.375
  1
19.6
  7
GOOGLE_SANS
 72
1
 11
6371658.042481453
 21
6170320.896276525
 31
0.0
100
AcDbText
 73
2
  0
TEXT
  5
20259
330
1F
100
AcDbEntity
  8
tejido
 62
8
100
AcDbText
 10
6371659.603006398
 20
6170319.202489555
 30
0.0
 40
0.375
  1
16.8
  7
GOOGLE_SANS
 72
1
 11
6371659.603006398
 21
6170319.202489555
 31
0.0
100
AcDbText
 73
2
  0
TEXT
  5
2025A
330
1F
100
AcDbEntity
  8
tejido
 62
8
100
AcDbText
 10
6371665.530211764
 20
6170317.681487679
 30
0.0
 40
0.375
  1
14.0
  7
GOOGLE_SANS
 72
1
 11
6371665.530211764
 21
6170317.681487679
 31
0.0
100
AcDbText
 73
2
  0
TEXT
  5
2025B
330
1F
100
AcDbEntity
  8
tejido
 62
8
100
AcDbText
 10
6371637.247554796
 20
6170321.071109914
 30
0.0
 40
0.375
  1
38.2
  7
GOOGLE_SANS
 72
1
 11
6371637.247554796
 21
6170321.071109914
 31
0.0
100
AcDbText
 73
2
  0
TEXT
  5
2025C
330
1F
100
AcDbEntity
  8
tejido
 62
8
100
AcDbText
 10
6371639.859932075
 20
6170321.97463406
 30
0.0
 40
0.375
  1
40.8
  7
GOOGLE_SANS
 72
1
 11
6371639.859932075
 21
6170321.97463406
 31
0.0
100
AcDbText
 73
2
  0
TEXT
  5
2025D
330
1F
100
AcDbEntity
  8
tejido
 62
8
100
AcDbText
 10
6371643.843106834
 20
6170329.984274004
 30
0.0
 40
0.375
  1
38.2
  7
GOOGLE_SANS
 72
1
 11
6371643.843106834
 21
6170329.984274004
 31
0.0
100
AcDbText
 73
2
  0
TEXT
  5
2025E
330
1F
100
AcDbEntity
  8
tejido
 62
8
100
AcDbText
 10
6371642.472818921
 20
6170325.11182885
 30
0.0
 40
0.375
  1
44.3
  7
GOOGLE_SANS
 72
1
 11
6371642.472818921
 21
6170325.11182885
 31
0.0
100
AcDbText
 73
2
  0
TEXT
  5
2025F
330
1F
100
AcDbEntity
  8
tejido
 62
8
100
AcDbText
 10
6371649.096473806
 20
6170320.6051927935
 30
0.0
 40
0.375
  1
0.0
  7
GOOGLE_SANS
 72
1
 11
6371649.096473806
 21
6170320.6051927935
 31
0.0
100
AcDbText
 73
2
  0
TEXT
  5
20260
330
1F
100
AcDbEntity
  8
tejido
 62
8
100
AcDbText
 10
6371642.225164726
 20
6170312.3287290735
 30
0.0
 40
0.375
  1
8.4
  7
GOOGLE_SANS
 72
1
 11
6371642.225164726
 21
6170312.3287290735
 31
0.0
100
AcDbText
 73
2
  0
TEXT
  5
20261
330
1F
100
AcDbEntity
  8
tejido
 62
8
100
AcDbText
 10
6371649.040279308
 20
6170312.751599126
 30
0.0
 40
0.375
  1
11.2
  7
GOOGLE_SANS
 72
1
 11
6371649.040279308
 21
6170312.751599126
 31
0.0
100
AcDbText
 73
2
  0
TEXT
  5
20262
330
1F
100
AcDbEntity
  8
tejido
 62
8
100
AcDbText
 10
6371642.454979595
 20
6170305.618223463
 30
0.0
 40
0.375
  1
24.8
  7
GOOGLE_SANS
 72
1
 11
6371642.454979595
 21
6170305.618223463
 31
0.0
100
AcDbText
 73
2
  0
TEXT
  5
20263
330
1F
100
AcDbEntity
  8
tejido
 62
8
100
AcDbText
 10
6371644.787915258
 20
6170278.618517348
 30
0.0
 40
0.375
  1
16.8
  7
GOOGLE_SANS
 72
1
 11
6371644.787915258
 21
6170278.618517348
 31
0.0
100
AcDbText
 73
2
  0
TEXT
  5
20264
330
1F
100
AcDbEntity
  8
tejido
 62
8
100
AcDbText
 10
6371653.607249986
 20
6170279.574165409
 30
0.0
 40
0.375
  1
19.6
  7
GOOGLE_SANS
 72
1
 11
6371653.607249986
 21
6170279.574165409
 31
0.0
100
AcDbText
 73
2
  0
TEXT
  5
20265
330
1F
100
AcDbEntity
  8
tejido
 62
8
100
AcDbText
 10
6371657.250424338
 20
6170282.942626019
 30
0.0
 40
0.375
  1
2.8
  7
GOOGLE_SANS
 72
1
 11
6371657.250424338
 21
6170282.942626019
 31
0.0
100
AcDbText
 73
2
  0
TEXT
  5
20266
330
1F
100
AcDbEntity
  8
tejido
 62
8
100
AcDbText
 10
6371661.157928218
 20
6170279.867807955
 30
0.0
 40
0.375
  1
19.6
  7
GOOGLE_SANS
 72
1
 11
6371661.157928218
 21
6170279.867807955
 31
0.0
100
AcDbText
 73
2
  0
TEXT
  5
20267
330
1F
100
AcDbEntity
  8
tejido
 62
8
100
AcDbText
 10
6371665.982331302
 20
6170279.730081784
 30
0.0
 40
0.375
  1
19.6
  7
GOOGLE_SANS
 72
1
 11
6371665.982331302
 21
6170279.730081784
 31
0.0
100
AcDbText
 73
2
  0
TEXT
  5
20268
330
1F
100
AcDbEntity
  8
tejido
 62
8
100
AcDbText
 10
6371665.939610601
 20
6170283.954370856
 30
0.0
 40
0.375
  1
16.8
  7
GOOGLE_SANS
 72
1
 11
6371665.939610601
 21
6170283.954370856
 31
0.0
100
AcDbText
 73
2
  0
TEXT
  5
20269
330
1F
100
AcDbEntity
  8
tejido
 62
8
100
AcDbText
 10
6371670.171737883
 20
6170284.443044509
 30
0.0
 40
0.375
  1
19.6
  7
GOOGLE_SANS
 72
1
 11
6371670.171737883
 21
6170284.443044509
 31
0.0
100
AcDbText
 73
2
  0
TEXT
  5
2026A
330
1F
100
AcDbEntity
  8
tejido
 62
8
100
AcDbText
 10
6371651.690794492
 20
6170271.795155391
 30
0.0
 40
0.375
  1
5.6
  7
GOOGLE_SANS
 72
1
 11
6371651.690794492
 21
6170271.795155391
 31
0.0
100
AcDbText
 73
2
  0
TEXT
  5
2026B
330
1F
100
AcDbEntity
  8
tejido
 62
8
100
AcDbText
 10
6371678.679652872
 20
6170265.307378487
 30
0.0
 40
0.375
  1
14.0
  7
GOOGLE_SANS
 72
1
 11
6371678.679652872
 21
6170265.307378487
 31
0.0
100
AcDbText
 73
2
  0
TEXT
  5
2026C
330
1F
100
AcDbEntity
  8
tejido
 62
8
100
AcDbText
 10
6371657.0625416795
 20
6170251.264278896
 30
0.0
 40
0.375
  1
24.1
  7
GOOGLE_SANS
 72
1
 11
6371657.0625416795
 21
6170251.264278896
 31
0.0
100
AcDbText
 73
2
  0
TEXT
  5
2026D
330
1F
100
AcDbEntity
  8
tejido
 62
8
100
AcDbText
 10
6371717.482711857
 20
6170265.258733119
 30
0.0
 40
0.375
  1
29.3
  7
GOOGLE_SANS
 72
1
 11
6371717.482711857
 21
6170265.258733119
 31
0.0
100
AcDbText
 73
2
  0
TEXT
  5
2026E
330
1F
100
AcDbEntity
  8
tejido
 62
8
100
AcDbText
 10
6371658.892208341
 20
6170238.284004573
 30
0.0
 40
0.375
  1
15.3
  7
GOOGLE_SANS
 72
1
 11
6371658.892208341
 21
6170238.284004573
 31
0.0
100
AcDbText
 73
2
  0
TEXT
  5
2026F
330
1F
100
AcDbEntity
  8
tejido
 62
8
100
AcDbText
 10
6371672.549087757
 20
6170242.489684114
 30
0.0
 40
0.375
  1
0.0
  7
GOOGLE_SANS
 72
1
 11
6371672.549087757
 21
6170242.489684114
 31
0.0
100
AcDbText
 73
2
  0
TEXT
  5
20270
330
1F
100
AcDbEntity
  8
tejido
 62
8
100
AcDbText
 10
6371656.540626739
 20
6170211.345533965
 30
0.0
 40
0.375
  1
26.0
  7
GOOGLE_SANS
 72
1
 11
6371656.540626739
 21
6170211.345533965
 31
0.0
100
AcDbText
 73
2
  0
TEXT
  5
20271
330
1F
100
AcDbEntity
  8
tejido
 62
8
100
AcDbText
 10
6371653.841322596
 20
6170200.279761796
 30
0.0
 40
0.375
  1
8.4
  7
GOOGLE_SANS
 72
1
 11
6371653.841322596
 21
6170200.279761796
 31
0.0
100
AcDbText
 73
2
  0
TEXT
  5
20272
330
1F
100
AcDbEntity
  8
tejido
 62
8
100
AcDbText
 10
6371662.104883912
 20
6170199.642730944
 30
0.0
 40
0.375
  1
17.3
  7
GOOGLE_SANS
 72
1
 11
6371662.104883912
 21
6170199.642730944
 31
0.0
100
AcDbText
 73
2
  0
TEXT
  5
20273
330
1F
100
AcDbEntity
  8
tejido
 62
8
100
AcDbText
 10
6371664.582617777
 20
6170206.54026598
 30
0.0
 40
0.375
  1
0.0
  7
GOOGLE_SANS
 72
1
 11
6371664.582617777
 21
6170206.54026598
 31
0.0
100
AcDbText
 73
2
  0
TEXT
  5
20274
330
1F
100
AcDbEntity
  8
tejido
 62
8
100
AcDbText
 10
6371670.58973085
 20
6170218.832921446
 30
0.0
 40
0.375
  1
32.6
  7
GOOGLE_SANS
 72
1
 11
6371670.58973085
 21
6170218.832921446
 31
0.0
100
AcDbText
 73
2
  0
TEXT
  5
20275
330
1F
100
AcDbEntity
  8
tejido
 62
8
100
AcDbText
 10
6371669.444920956
 20
6170207.401733693
 30
0.0
 40
0.375
  1
0.0
  7
GOOGLE_SANS
 72
1
 11
6371669.444920956
 21
6170207.401733693
 31
0.0
100
AcDbText
 73
2
  0
TEXT
  5
20276
330
1F
100
AcDbEntity
  8
tejido
 62
8
100
AcDbText
 10
6371671.4930984415
 20
6170200.083820832
 30
0.0
 40
0.375
  1
32.6
  7
GOOGLE_SANS
 72
1
 11
6371671.4930984415
 21
6170200.083820832
 31
0.0
100
AcDbText
 73
2
  0
TEXT
  5
20277
330
1F
100
AcDbEntity
  8
tejido
 62
8
100
AcDbText
 10
6371668.244331364
 20
6170212.607887932
 30
0.0
 40
0.375
  1
35.9
  7
GOOGLE_SANS
 72
1
 11
6371668.244331364
 21
6170212.607887932
 31
0.0
100
AcDbText
 73
2
  0
TEXT
  5
20278
330
1F
100
AcDbEntity
  8
tejido
 62
8
100
AcDbText
 10
6371671.948809065
 20
6170195.616933534
 30
0.0
 40
0.375
  1
29.7
  7
GOOGLE_SANS
 72
1
 11
6371671.948809065
 21
6170195.616933534
 31
0.0
100
AcDbText
 73
2
  0
TEXT
  5
20279
330
1F
100
AcDbEntity
  8
tejido
 62
8
100
AcDbText
 10
6371672.119933194
 20
6170193.715233212
 30
0.0
 40
0.375
  1
26.5
  7
GOOGLE_SANS
 72
1
 11
6371672.119933194
 21
6170193.715233212
 31
0.0
100
AcDbText
 73
2
  0
TEXT
  5
2027A
330
1F
100
AcDbEntity
  8
tejido
 62
8
100
AcDbText
 10
6371667.27151372
 20
6170217.213868268
 30
0.0
 40
0.375
  1
0.0
  7
GOOGLE_SANS
 72
1
 11
6371667.27151372
 21
6170217.213868268
 31
0.0
100
AcDbText
 73
2
  0
TEXT
  5
2027B
330
1F
100
AcDbEntity
  8
tejido
 62
8
100
AcDbText
 10
6371674.414406364
 20
6170208.236731657
 30
0.0
 40
0.375
  1
35.9
  7
GOOGLE_SANS
 72
1
 11
6371674.414406364
 21
6170208.236731657
 31
0.0
100
AcDbText
 73
2
  0
TEXT
  5
2027C
330
1F
100
AcDbEntity
  8
tejido
 62
8
100
AcDbText
 10
6371684.109745402
 20
6170194.7027105605
 30
0.0
 40
0.375
  1
26.1
  7
GOOGLE_SANS
 72
1
 11
6371684.109745402
 21
6170194.7027105605
 31
0.0
100
AcDbText
 73
2
  0
TEXT
  5
2027D
330
1F
100
AcDbEntity
  8
tejido
 62
8
100
AcDbText
 10
6371688.528709555
 20
6170204.559390145
 30
0.0
 40
0.375
  1
36.5
  7
GOOGLE_SANS
 72
1
 11
6371688.528709555
 21
6170204.559390145
 31
0.0
100
AcDbText
 73
2
  0
TEXT
  5
2027E
330
1F
100
AcDbEntity
  8
tejido
 62
8
100
AcDbText
 10
6371688.315442627
 20
6170210.412219277
 30
0.0
 40
0.375
  1
31.7
  7
GOOGLE_SANS
 72
1
 11
6371688.315442627
 21
6170210.412219277
 31
0.0
100
AcDbText
 73
2
  0
TEXT
  5
2027F
330
1F
100
AcDbEntity
  8
tejido
 62
8
100
AcDbText
 10
6371720.429635512
 20
6170222.409402813
 30
0.0
 40
0.375
  1
24.7
  7
GOOGLE_SANS
 72
1
 11
6371720.429635512
 21
6170222.409402813
 31
0.0
100
AcDbText
 73
2
  0
TEXT
  5
20280
330
1F
100
AcDbEntity
  8
tejido
 62
8
100
AcDbText
 10
6371682.288248828
 20
6170218.75564918
 30
0.0
 40
0.375
  1
32.3
  7
GOOGLE_SANS
 72
1
 11
6371682.288248828
 21
6170218.75564918
 31
0.0
100
AcDbText
 73
2
  0
TEXT
  5
20281
330
1F
100
AcDbEntity
  8
tejido
 62
8
100
AcDbText
 10
6371697.546724702
 20
6170262.566915468
 30
0.0
 40
0.375
  1
7.6
  7
GOOGLE_SANS
 72
1
 11
6371697.546724702
 21
6170262.566915468
 31
0.0
100
AcDbText
 73
2
  0
TEXT
  5
20282
330
1F
100
AcDbEntity
  8
tejido
 62
8
100
AcDbText
 10
6371693.538258765
 20
6170254.130132095
 30
0.0
 40
0.375
  1
19.4
  7
GOOGLE_SANS
 72
1
 11
6371693.538258765
 21
6170254.130132095
 31
0.0
100
AcDbText
 73
2
  0
TEXT
  5
20283
330
1F
100
AcDbEntity
  8
tejido
 62
8
100
AcDbText
 10
6371694.312958552
 20
6170243.253854265
 30
0.0
 40
0.375
  1
19.0
  7
GOOGLE_SANS
 72
1
 11
6371694.312958552
 21
6170243.253854265
 31
0.0
100
AcDbText
 73
2
  0
TEXT
  5
20284
330
1F
100
AcDbEntity
  8
tejido
 62
8
100
AcDbText
 10
6371691.102416309
 20
6170232.30851804
 30
0.0
 40
0.375
  1
32.7
  7
GOOGLE_SANS
 72
1
 11
6371691.102416309
 21
6170232.30851804
 31
0.0
100
AcDbText
 73
2
  0
TEXT
  5
20285
330
1F
100
AcDbEntity
  8
tejido
 62
8
100
AcDbText
 10
6371692.052101659
 20
6170219.637808647
 30
0.0
 40
0.375
  1
17.8
  7
GOOGLE_SANS
 72
1
 11
6371692.052101659
 21
6170219.637808647
 31
0.0
100
AcDbText
 73
2
  0
TEXT
  5
20286
330
1F
100
AcDbEntity
  8
tejido
 62
8
100
AcDbText
 10
6371697.619952022
 20
6170205.136494851
 30
0.0
 40
0.375
  1
29.0
  7
GOOGLE_SANS
 72
1
 11
6371697.619952022
 21
6170205.136494851
 31
0.0
100
AcDbText
 73
2
  0
TEXT
  5
20287
330
1F
100
AcDbEntity
  8
tejido
 62
8
100
AcDbText
 10
6371697.930642028
 20
6170195.268177604
 30
0.0
 40
0.375
  1
4.1
  7
GOOGLE_SANS
 72
1
 11
6371697.930642028
 21
6170195.268177604
 31
0.0
100
AcDbText
 73
2
  0
TEXT
  5
20288
330
1F
100
AcDbEntity
  8
tejido
 62
8
100
AcDbText
 10
6371698.5293549625
 20
6170226.717028294
 30
0.0
 40
0.375
  1
51.7
  7
GOOGLE_SANS
 72
1
 11
6371698.5293549625
 21
6170226.717028294
 31
0.0
100
AcDbText
 73
2
  0
TEXT
  5
20289
330
1F
100
AcDbEntity
  8
tejido
 62
8
100
AcDbText
 10
6371705.484599801
 20
6170216.580584861
 30
0.0
 40
0.375
  1
0.0
  7
GOOGLE_SANS
 72
1
 11
6371705.484599801
 21
6170216.580584861
 31
0.0
100
AcDbText
 73
2
  0
TEXT
  5
2028A
330
1F
100
AcDbEntity
  8
tejido
 62
8
100
AcDbText
 10
6371707.971892407
 20
6170264.801311815
 30
0.0
 40
0.375
  1
29.3
  7
GOOGLE_SANS
 72
1
 11
6371707.971892407
 21
6170264.801311815
 31
0.0
100
AcDbText
 73
2
  0
TEXT
  5
2028B
330
1F
100
AcDbEntity
  8
tejido
 62
8
100
AcDbText
 10
6371716.185719222
 20
6170249.726623799
 30
0.0
 40
0.375
  1
35.9
  7
GOOGLE_SANS
 72
1
 11
6371716.185719222
 21
6170249.726623799
 31
0.0
100
AcDbText
 73
2
  0
TEXT
  5
2028C
330
1F
100
AcDbEntity
  8
tejido
 62
8
100
AcDbText
 10
6371709.919781213
 20
6170218.029158321
 30
0.0
 40
0.375
  1
55.1
  7
GOOGLE_SANS
 72
1
 11
6371709.919781213
 21
6170218.029158321
 31
0.0
100
AcDbText
 73
2
  0
TEXT
  5
2028D
330
1F
100
AcDbEntity
  8
tejido
 62
8
100
AcDbText
 10
6371718.463128311
 20
6170196.966518164
 30
0.0
 40
0.375
  1
15.3
  7
GOOGLE_SANS
 72
1
 11
6371718.463128311
 21
6170196.966518164
 31
0.0
100
AcDbText
 73
2
  0
TEXT
  5
2028E
330
1F
100
AcDbEntity
  8
tejido
 62
8
100
AcDbText
 10
6371712.00466525
 20
6170265.280912343
 30
0.0
 40
0.375
  1
0.0
  7
GOOGLE_SANS
 72
1
 11
6371712.00466525
 21
6170265.280912343
 31
0.0
100
AcDbText
 73
2
  0
TEXT
  5
2028F
330
1F
100
AcDbEntity
  8
tejido
 62
8
100
AcDbText
 10
6371715.778737782
 20
6170230.059764764
 30
0.0
 40
0.375
  1
21.9
  7
GOOGLE_SANS
 72
1
 11
6371715.778737782
 21
6170230.059764764
 31
0.0
100
AcDbText
 73
2
  0
TEXT
  5
20290
330
1F
100
AcDbEntity
  8
tejido
 62
8
100
AcDbText
 10
6371714.221998681
 20
6170223.573969228
 30
0.0
 40
0.375
  1
54.1
  7
GOOGLE_SANS
 72
1
 11
6371714.221998681
 21
6170223.573969228
 31
0.0
100
AcDbText
 73
2
  0
TEXT
  5
20291
330
1F
100
AcDbEntity
  8
tejido
 62
8
100
AcDbText
 10
6371722.1130369995
 20
6170234.6772707645
 30
0.0
 40
0.375
  1
29.1
  7
GOOGLE_SANS
 72
1
 11
6371722.1130369995
 21
6170234.6772707645
 31
0.0
100
AcDbText
 73
2
  0
TEXT
  5
20292
330
1F
100
AcDbEntity
  8
tejido
 62
8
100
AcDbText
 10
6371722.275448422
 20
6170229.878933672
 30
0.0
 40
0.375
  1
0.0
  7
GOOGLE_SANS
 72
1
 11
6371722.275448422
 21
6170229.878933672
 31
0.0
100
AcDbText
 73
2
  0
TEXT
  5
20293
330
1F
100
AcDbEntity
  8
tejido
 62
8
100
AcDbText
 10
6371725.7478496265
 20
6170230.348177151
 30
0.0
 40
0.375
  1
9.3
  7
GOOGLE_SANS
 72
1
 11
6371725.7478496265
 21
6170230.348177151
 31
0.0
100
AcDbText
 73
2
  0
TEXT
  5
20294
330
1F
100
AcDbEntity
  8
tejido
 62
8
100
AcDbText
 10
6371724.519296336
 20
6170218.708817459
 30
0.0
 40
0.375
  1
27.6
  7
GOOGLE_SANS
 72
1
 11
6371724.519296336
 21
6170218.708817459
 31
0.0
100
AcDbText
 73
2
  0
TEXT
  5
20295
330
1F
100
AcDbEntity
  8
tejido
 62
8
100
AcDbText
 10
6371728.057786265
 20
6170218.197565097
 30
0.0
 40
0.375
  1
0.0
  7
GOOGLE_SANS
 72
1
 11
6371728.057786265
 21
6170218.197565097
 31
0.0
100
AcDbText
 73
2
  0
TEXT
  5
20296
330
1F
100
AcDbEntity
  8
tejido
 62
8
100
AcDbText
 10
6371730.010314856
 20
6170208.513134069
 30
0.0
 40
0.375
  1
0.0
  7
GOOGLE_SANS
 72
1
 11
6371730.010314856
 21
6170208.513134069
 31
0.0
100
AcDbText
 73
2
  0
TEXT
  5
20297
330
1F
100
AcDbEntity
  8
tejido
 62
8
100
AcDbText
 10
6371732.423221918
 20
6170241.489794621
 30
0.0
 40
0.375
  1
13.2
  7
GOOGLE_SANS
 72
1
 11
6371732.423221918
 21
6170241.489794621
 31
0.0
100
AcDbText
 73
2
  0
TEXT
  5
20298
330
1F
100
AcDbEntity
  8
tejido
 62
8
100
AcDbText
 10
6371734.228357671
 20
6170230.310143541
 30
0.0
 40
0.375
  1
13.2
  7
GOOGLE_SANS
 72
1
 11
6371734.228357671
 21
6170230.310143541
 31
0.0
100
AcDbText
 73
2
  0
TEXT
  5
20299
330
1F
100
AcDbEntity
  8
tejido
 62
8
100
AcDbText
 10
6371733.51685135
 20
6170235.921253156
 30
0.0
 40
0.375
  1
16.7
  7
GOOGLE_SANS
 72
1
 11
6371733.51685135
 21
6170235.921253156
 31
0.0
100
AcDbText
 73
2
  0
TEXT
  5
2029A
330
1F
100
AcDbEntity
  8
tejido
 62
8
100
AcDbText
 10
6371742.991153718
 20
6170210.165380274
 30
0.0
 40
0.375
  1
0.0
  7
GOOGLE_SANS
 72
1
 11
6371742.991153718
 21
6170210.165380274
 31
0.0
100
AcDbText
 73
2
  0
TEXT
  5
2029B
330
1F
100
AcDbEntity
  8
tejido
 62
8
100
AcDbText
 10
6371751.475731746
 20
6170228.165035907
 30
0.0
 40
0.375
  1
9.8
  7
GOOGLE_SANS
 72
1
 11
6371751.475731746
 21
6170228.165035907
 31
0.0
100
AcDbText
 73
2
  0
TEXT
  5
2029C
330
1F
100
AcDbEntity
  8
tejido
 62
8
100
AcDbText
 10
6371747.560907724
 20
6170235.10766005
 30
0.0
 40
0.375
  1
8.4
  7
GOOGLE_SANS
 72
1
 11
6371747.560907724
 21
6170235.10766005
 31
0.0
100
AcDbText
 73
2
  0
TEXT
  5
2029D
330
1F
100
AcDbEntity
  8
tejido
 62
8
100
AcDbText
 10
6371749.16150941
 20
6170250.652858637
 30
0.0
 40
0.375
  1
8.4
  7
GOOGLE_SANS
 72
1
 11
6371749.16150941
 21
6170250.652858637
 31
0.0
100
AcDbText
 73
2
  0
TEXT
  5
2029E
330
1F
100
AcDbEntity
  8
tejido
 62
8
100
AcDbText
 10
6371746.938370956
 20
6170247.69441908
 30
0.0
 40
0.375
  1
5.6
  7
GOOGLE_SANS
 72
1
 11
6371746.938370956
 21
6170247.69441908
 31
0.0
100
AcDbText
 73
2
  0
TEXT
  5
2029F
330
1F
100
AcDbEntity
  8
tejido
 62
8
100
AcDbText
 10
6371745.663444263
 20
6170265.0774658015
 30
0.0
 40
0.375
  1
11.2
  7
GOOGLE_SANS
 72
1
 11
6371745.663444263
 21
6170265.0774658015
 31
0.0
100
AcDbText
 73
2
  0
TEXT
  5
202A0
330
1F
100
AcDbEntity
  8
tejido
 62
8
100
AcDbText
 10
6371715.697452613
 20
6170269.522097023
 30
0.0
 40
0.375
  1
3.6
  7
GOOGLE_SANS
 72
1
 11
6371715.697452613
 21
6170269.522097023
 31
0.0
100
AcDbText
 73
2
  0
TEXT
  5
202A1
330
1F
100
AcDbEntity
  8
tejido
 62
8
100
AcDbText
 10
6371722.632102886
 20
6170270.316485177
 30
0.0
 40
0.375
  1
29.8
  7
GOOGLE_SANS
 72
1
 11
6371722.632102886
 21
6170270.316485177
 31
0.0
100
AcDbText
 73
2
  0
TEXT
  5
202A2
330
1F
100
AcDbEntity
  8
tejido
 62
8
100
AcDbText
 10
6371727.052721173
 20
6170271.109974048
 30
0.0
 40
0.375
  1
32.8
  7
GOOGLE_SANS
 72
1
 11
6371727.052721173
 21
6170271.109974048
 31
0.0
100
AcDbText
 73
2
  0
TEXT
  5
202A3
330
1F
100
AcDbEntity
  8
tejido
 62
8
100
AcDbText
 10
6371730.929894322
 20
6170273.058988833
 30
0.0
 40
0.375
  1
0.0
  7
GOOGLE_SANS
 72
1
 11
6371730.929894322
 21
6170273.058988833
 31
0.0
100
AcDbText
 73
2
  0
TEXT
  5
202A4
330
1F
100
AcDbEntity
  8
tejido
 62
8
100
AcDbText
 10
6371742.297521245
 20
6170271.8588524405
 30
0.0
 40
0.375
  1
29.8
  7
GOOGLE_SANS
 72
1
 11
6371742.297521245
 21
6170271.8588524405
 31
0.0
100
AcDbText
 73
2
  0
TEXT
  5
202A5
330
1F
100
AcDbEntity
  8
tejido
 62
8
100
AcDbText
 10
6371734.080227628
 20
6170273.119373479
 30
0.0
 40
0.375
  1
23.7
  7
GOOGLE_SANS
 72
1
 11
6371734.080227628
 21
6170273.119373479
 31
0.0
100
AcDbText
 73
2
  0
TEXT
  5
202A6
330
1F
100
AcDbEntity
  8
tejido
 62
8
100
AcDbText
 10
6371736.93061522
 20
6170273.9426823165
 30
0.0
 40
0.375
  1
0.0
  7
GOOGLE_SANS
 72
1
 11
6371736.93061522
 21
6170273.9426823165
 31
0.0
100
AcDbText
 73
2
  0
TEXT
  5
202A7
330
1F
100
AcDbEntity
  8
tejido
 62
8
100
AcDbText
 10
6371747.47533104
 20
6170272.505775868
 30
0.0
 40
0.375
  1
26.8
  7
GOOGLE_SANS
 72
1
 11
6371747.47533104
 21
6170272.505775868
 31
0.0
100
AcDbText
 73
2
  0
TEXT
  5
202A8
330
1F
100
AcDbEntity
  8
tejido
 62
8
100
AcDbText
 10
6371740.527470777
 20
6170291.421257679
 30
0.0
 40
0.375
  1
5.6
  7
GOOGLE_SANS
 72
1
 11
6371740.527470777
 21
6170291.421257679
 31
0.0
100
AcDbText
 73
2
  0
TEXT
  5
202A9
330
1F
100
AcDbEntity
  8
tejido
 62
8
100
AcDbText
 10
6371736.191060549
 20
6170302.487005851
 30
0.0
 40
0.375
  1
13.0
  7
GOOGLE_SANS
 72
1
 11
6371736.191060549
 21
6170302.487005851
 31
0.0
100
AcDbText
 73
2
  0
TEXT
  5
202AA
330
1F
100
AcDbEntity
  8
tejido
 62
8
100
AcDbText
 10
6371716.623400306
 20
6170318.45009387
 30
0.0
 40
0.375
  1
0.0
  7
GOOGLE_SANS
 72
1
 11
6371716.623400306
 21
6170318.45009387
 31
0.0
100
AcDbText
 73
2
  0
TEXT
  5
202AB
330
1F
100
AcDbEntity
  8
tejido
 62
8
100
AcDbText
 10
6371719.242521308
 20
6170317.542374819
 30
0.0
 40
0.375
  1
21.5
  7
GOOGLE_SANS
 72
1
 11
6371719.242521308
 21
6170317.542374819
 31
0.0
100
AcDbText
 73
2
  0
TEXT
  5
202AC
330
1F
100
AcDbEntity
  8
tejido
 62
8
100
AcDbText
 10
6371721.201305404
 20
6170313.564576403
 30
0.0
 40
0.375
  1
0.0
  7
GOOGLE_SANS
 72
1
 11
6371721.201305404
 21
6170313.564576403
 31
0.0
100
AcDbText
 73
2
  0
TEXT
  5
202AD
330
1F
100
AcDbEntity
  8
tejido
 62
8
100
AcDbText
 10
6371723.271868618
 20
6170316.575196627
 30
0.0
 40
0.375
  1
24.4
  7
GOOGLE_SANS
 72
1
 11
6371723.271868618
 21
6170316.575196627
 31
0.0
100
AcDbText
 73
2
  0
TEXT
  5
202AE
330
1F
100
AcDbEntity
  8
tejido
 62
8
100
AcDbText
 10
6371729.674855034
 20
6170314.926399421
 30
0.0
 40
0.375
  1
26.6
  7
GOOGLE_SANS
 72
1
 11
6371729.674855034
 21
6170314.926399421
 31
0.0
100
AcDbText
 73
2
  0
TEXT
  5
202AF
330
1F
100
AcDbEntity
  8
tejido
 62
8
100
AcDbText
 10
6371729.106462618
 20
6170319.948659392
 30
0.0
 40
0.375
  1
0.0
  7
GOOGLE_SANS
 72
1
 11
6371729.106462618
 21
6170319.948659392
 31
0.0
100
AcDbText
 73
2
  0
TEXT
  5
202B0
330
1F
100
AcDbEntity
  8
tejido
 62
8
100
AcDbText
 10
6371736.40740751
 20
6170317.783372445
 30
0.0
 40
0.375
  1
21.5
  7
GOOGLE_SANS
 72
1
 11
6371736.40740751
 21
6170317.783372445
 31
0.0
100
AcDbText
 73
2
  0
TEXT
  5
202B1
330
1F
100
AcDbEntity
  8
tejido
 62
8
100
AcDbText
 10
6371671.605836428
 20
6170253.611839844
 30
0.0
 40
0.375
  1
0.0
  7
GOOGLE_SANS
 72
1
 11
6371671.605836428
 21
6170253.611839844
 31
0.0
100
AcDbText
 73
2
  0
TEXT
  5
202B2
330
1F
100
AcDbEntity
  8
tejido
 62
8
100
AcDbText
 10
6371668.978956316
 20
6170252.655976976
 30
0.0
 40
0.375
  1
4.3
  7
GOOGLE_SANS
 72
1
 11
6371668.978956316
 21
6170252.655976976
 31
0.0
100
AcDbText
 73
2
  0
TEXT
  5
202B3
330
1F
100
AcDbEntity
  8
tejido
 62
8
100
AcDbText
 10
6371668.155837232
 20
6170252.42910256
 30
0.0
 40
0.375
  1
7.7
  7
GOOGLE_SANS
 72
1
 11
6371668.155837232
 21
6170252.42910256
 31
0.0
100
AcDbText
 73
2
  0
TEXT
  5
202B4
330
1F
100
AcDbEntity
  8
tejido
 62
8
100
AcDbText
 10
6371644.582563915
 20
6170257.68254446
 30
0.0
 40
0.375
  1
21.1
  7
GOOGLE_SANS
 72
1
 11
6371644.582563915
 21
6170257.68254446
 31
0.0
100
AcDbText
 73
2
  0
TEXT
  5
202B5
330
1F
100
AcDbEntity
  8
tejido
 62
8
100
AcDbText
 10
6371645.665439579
 20
6170247.798575745
 30
0.0
 40
0.375
  1
23.5
  7
GOOGLE_SANS
 72
1
 11
6371645.665439579
 21
6170247.798575745
 31
0.0
100
AcDbText
 73
2
  0
TEXT
  5
202B6
330
1F
100
AcDbEntity
  8
tejido
 62
8
100
AcDbText
 10
6371656.203235973
 20
6170254.975926664
 30
0.0
 40
0.375
  1
27.8
  7
GOOGLE_SANS
 72
1
 11
6371656.203235973
 21
6170254.975926664
 31
0.0
100
AcDbText
 73
2
  0
TEXT
  5
202B7
330
1F
100
AcDbEntity
  8
tejido
 62
8
100
AcDbText
 10
6371657.0345502
 20
6170246.641122602
 30
0.0
 40
0.375
  1
27.8
  7
GOOGLE_SANS
 72
1
 11
6371657.0345502
 21
6170246.641122602
 31
0.0
100
AcDbText
 73
2
  0
TEXT
  5
202B8
330
1F
100
AcDbEntity
  8
tejido
 62
8
100
AcDbText
 10
6371655.581569057
 20
6170250.570165702
 30
0.0
 40
0.375
  1
29.3
  7
GOOGLE_SANS
 72
1
 11
6371655.581569057
 21
6170250.570165702
 31
0.0
100
AcDbText
 73
2
  0
TEXT
  5
202B9
330
1F
100
AcDbEntity
  8
tejido
 62
8
100
AcDbText
 10
6371663.994125477
 20
6170323.424816683
 30
0.0
 40
0.375
  1
11.2
  7
GOOGLE_SANS
 72
1
 11
6371663.994125477
 21
6170323.424816683
 31
0.0
100
AcDbText
 73
2
  0
TEXT
  5
202BA
330
1F
100
AcDbEntity
  8
tejido
 62
8
100
AcDbText
 10
6371644.492611163
 20
6170321.1905207895
 30
0.0
 40
0.375
  1
47.4
  7
GOOGLE_SANS
 72
1
 11
6371644.492611163
 21
6170321.1905207895
 31
0.0
100
AcDbText
 73
2
  0
TEXT
  5
202BB
330
1F
100
AcDbEntity
  8
tejido
 62
8
100
AcDbText
 10
6371716.44211398
 20
6170206.8248951025
 30
0.0
 40
0.375
  1
22.8
  7
GOOGLE_SANS
 72
1
 11
6371716.44211398
 21
6170206.8248951025
 31
0.0
100
AcDbText
 73
2
  0
TEXT
  5
202BC
330
1F
100
AcDbEntity
  8
tejido
 62
8
100
AcDbText
 10
6371667.362583071
 20
6170321.700934615
 30
0.0
 40
0.375
  1
14.0
  7
GOOGLE_SANS
 72
1
 11
6371667.362583071
 21
6170321.700934615
 31
0.0
100
AcDbText
 73
2
  0
TEXT
  5
202BD
330
1F
100
AcDbEntity
  8
tejido
 62
8
100
AcDbText
 10
6371655.211050286
 20
6170317.399930881
 30
0.0
 40
0.375
  1
0.0
  7
GOOGLE_SANS
 72
1
 11
6371655.211050286
 21
6170317.399930881
 31
0.0
100
AcDbText
 73
2
  0
TEXT
  5
202BE
330
1F
100
AcDbEntity
  8
tejido
 62
8
100
AcDbText
 10
6371655.246320593
 20
6170287.8771079015
 30
0.0
 40
0.375
  1
2.8
  7
GOOGLE_SANS
 72
1
 11
6371655.246320593
 21
6170287.8771079015
 31
0.0
100
AcDbText
 73
2
  0
TEXT
  5
202BF
330
1F
100
AcDbEntity
  8
tejido
 62
8
100
AcDbText
 10
6371741.193662461
 20
6170257.463714926
 30
0.0
 40
0.375
  1
2.8
  7
GOOGLE_SANS
 72
1
 11
6371741.193662461
 21
6170257.463714926
 31
0.0
100
AcDbText
 73
2
  0
TEXT
  5
202C0
330
1F
100
AcDbEntity
  8
tejido
 62
8
100
AcDbText
 10
6371733.219963834
 20
6170323.463936337
 30
0.0
 40
0.375
  1
19.2
  7
GOOGLE_SANS
 72
1
 11
6371733.219963834
 21
6170323.463936337
 31
0.0
100
AcDbText
 73
2
  0
TEXT
  5
202C1
330
1F
100
AcDbEntity
  8
tejido
 62
8
100
AcDbText
 10
6371672.543778611
 20
6170318.750596785
 30
0.0
 40
0.375
  1
10.5
  7
GOOGLE_SANS
 72
1
 11
6371672.543778611
 21
6170318.750596785
 31
0.0
100
AcDbText
 73
2
  0
TEXT
  5
202C2
330
1F
100
AcDbEntity
  8
tejido
 62
8
100
AcDbText
 10
6371675.566431736
 20
6170299.623037241
 30
0.0
 40
0.375
  1
10.5
  7
GOOGLE_SANS
 72
1
 11
6371675.566431736
 21
6170299.623037241
 31
0.0
100
AcDbText
 73
2
  0
TEXT
  5
202C3
330
1F
100
AcDbEntity
  8
tejido
 62
8
100
AcDbText
 10
6371683.506439871
 20
6170301.488953803
 30
0.0
 40
0.375
  1
11.1
  7
GOOGLE_SANS
 72
1
 11
6371683.506439871
 21
6170301.488953803
 31
0.0
100
AcDbText
 73
2
  0
TEXT
  5
202C4
330
1F
100
AcDbEntity
  8
tejido
 62
8
100
AcDbText
 10
6371656.903308459
 20
6170312.23119989
 30
0.0
 40
0.375
  1
15.3
  7
GOOGLE_SANS
 72
1
 11
6371656.903308459
 21
6170312.23119989
 31
0.0
100
AcDbText
 73
2
  0
TEXT
  5
202C5
330
1F
100
AcDbEntity
  8
tejido
 62
8
100
AcDbText
 10
6371644.301319941
 20
6170328.287920309
 30
0.0
 40
0.375
  1
44.0
  7
GOOGLE_SANS
 72
1
 11
6371644.301319941
 21
6170328.287920309
 31
0.0
100
AcDbText
 73
2
  0
TEXT
  5
202C6
330
1F
100
AcDbEntity
  8
tejido
 62
8
100
AcDbText
 10
6371647.352752063
 20
6170318.314624829
 30
0.0
 40
0.375
  1
46.0
  7
GOOGLE_SANS
 72
1
 11
6371647.352752063
 21
6170318.314624829
 31
0.0
100
AcDbText
 73
2
  0
TEXT
  5
202C7
330
1F
100
AcDbEntity
  8
tejido
 62
8
100
AcDbText
 10
6371644.859417819
 20
6170317.580498254
 30
0.0
 40
0.375
  1
44.0
  7
GOOGLE_SANS
 72
1
 11
6371644.859417819
 21
6170317.580498254
 31
0.0
100
AcDbText
 73
2
  0
TEXT
  5
202C8
330
1F
100
AcDbEntity
  8
tejido
 62
8
100
AcDbText
 10
6371647.621351905
 20
6170321.73352539
 30
0.0
 40
0.375
  1
44.7
  7
GOOGLE_SANS
 72
1
 11
6371647.621351905
 21
6170321.73352539
 31
0.0
100
AcDbText
 73
2
  0
TEXT
  5
202C9
330
1F
100
AcDbEntity
  8
tejido
 62
8
100
AcDbText
 10
6371649.22427218
 20
6170318.299610254
 30
0.0
 40
0.375
  1
44.7
  7
GOOGLE_SANS
 72
1
 11
6371649.22427218
 21
6170318.299610254
 31
0.0
100
AcDbText
 73
2
  0
TEXT
  5
202CA
330
1F
100
AcDbEntity
  8
tejido
 62
8
100
AcDbText
 10
6371644.6668777
 20
6170319.118933933
 30
0.0
 40
0.375
  1
46.0
  7
GOOGLE_SANS
 72
1
 11
6371644.6668777
 21
6170319.118933933
 31
0.0
100
AcDbText
 73
2
  0
TEXT
  5
202CB
330
1F
100
AcDbEntity
  8
tejido
 62
8
100
AcDbText
 10
6371649.13979363
 20
6170305.201817394
 30
0.0
 40
0.375
  1
27.6
  7
GOOGLE_SANS
 72
1
 11
6371649.13979363
 21
6170305.201817394
 31
0.0
100
AcDbText
 73
2
  0
TEXT
  5
202CC
330
1F
100
AcDbEntity
  8
tejido
 62
8
100
AcDbText
 10
6371639.3638169365
 20
6170304.315457119
 30
0.0
 40
0.375
  1
24.7
  7
GOOGLE_SANS
 72
1
 11
6371639.3638169365
 21
6170304.315457119
 31
0.0
100
AcDbText
 73
2
  0
TEXT
  5
202CD
330
1F
100
AcDbEntity
  8
tejido
 62
8
100
AcDbText
 10
6371671.855496249
 20
6170299.634428022
 30
0.0
 40
0.375
  1
5.9
  7
GOOGLE_SANS
 72
1
 11
6371671.855496249
 21
6170299.634428022
 31
0.0
100
AcDbText
 73
2
  0
TEXT
  5
202CE
330
1F
100
AcDbEntity
  8
tejido
 62
8
100
AcDbText
 10
6371652.407664869
 20
6170299.580262201
 30
0.0
 40
0.375
  1
0.0
  7
GOOGLE_SANS
 72
1
 11
6371652.407664869
 21
6170299.580262201
 31
0.0
100
AcDbText
 73
2
  0
TEXT
  5
202CF
330
1F
100
AcDbEntity
  8
tejido
 62
8
100
AcDbText
 10
6371659.0822533835
 20
6170250.971439465
 30
0.0
 40
0.375
  1
0.0
  7
GOOGLE_SANS
 72
1
 11
6371659.0822533835
 21
6170250.971439465
 31
0.0
100
AcDbText
 73
2
  0
TEXT
  5
202D0
330
1F
100
AcDbEntity
  8
tejido
 62
8
100
AcDbText
 10
6371704.330541359
 20
6170226.941650025
 30
0.0
 40
0.375
  1
56.3
  7
GOOGLE_SANS
 72
1
 11
6371704.330541359
 21
6170226.941650025
 31
0.0
100
AcDbText
 73
2
  0
TEXT
  5
202D1
330
1F
100
AcDbEntity
  8
tejido
 62
8
100
AcDbText
 10
6371709.548495368
 20
6170223.263565703
 30
0.0
 40
0.375
  1
55.6
  7
GOOGLE_SANS
 72
1
 11
6371709.548495368
 21
6170223.263565703
 31
0.0
100
AcDbText
 73
2
  0
TEXT
  5
202D2
330
1F
100
AcDbEntity
  8
tejido
 62
8
100
AcDbText
 10
6371709.094631254
 20
6170229.4002899565
 30
0.0
 40
0.375
  1
55.4
  7
GOOGLE_SANS
 72
1
 11
6371709.094631254
 21
6170229.4002899565
 31
0.0
100
AcDbText
 73
2
  0
TEXT
  5
202D3
330
1F
100
AcDbEntity
  8
tejido
 62
8
100
AcDbText
 10
6371693.150964083
 20
6170212.502002116
 30
0.0
 40
0.375
  1
32.1
  7
GOOGLE_SANS
 72
1
 11
6371693.150964083
 21
6170212.502002116
 31
0.0
100
AcDbText
 73
2
  0
TEXT
  5
202D4
330
1F
100
AcDbEntity
  8
tejido
 62
8
100
AcDbText
 10
6371690.823408764
 20
6170209.030607977
 30
0.0
 40
0.375
  1
31.4
  7
GOOGLE_SANS
 72
1
 11
6371690.823408764
 21
6170209.030607977
 31
0.0
100
AcDbText
 73
2
  0
TEXT
  5
202D5
330
1F
100
AcDbEntity
  8
tejido
 62
8
100
AcDbText
 10
6371726.003720772
 20
6170213.862102032
 30
0.0
 40
0.375
  1
27.3
  7
GOOGLE_SANS
 72
1
 11
6371726.003720772
 21
6170213.862102032
 31
0.0
100
AcDbText
 73
2
  0
TEXT
  5
202D6
330
1F
100
AcDbEntity
  8
tejido
 62
8
100
AcDbText
 10
6371713.163796486
 20
6170212.4391922215
 30
0.0
 40
0.375
  1
21.2
  7
GOOGLE_SANS
 72
1
 11
6371713.163796486
 21
6170212.4391922215
 31
0.0
100
AcDbText
 73
2
  0
TEXT
  5
202D7
330
1F
100
AcDbEntity
  8
tejido
 62
8
100
AcDbText
 10
6371726.918000731
 20
6170205.163416327
 30
0.0
 40
0.375
  1
25.0
  7
GOOGLE_SANS
 72
1
 11
6371726.918000731
 21
6170205.163416327
 31
0.0
100
AcDbText
 73
2
  0
TEXT
  5
202D8
330
1F
100
AcDbEntity
  8
tejido
 62
8
100
AcDbText
 10
6371707.389186524
 20
6170199.311030888
 30
0.0
 40
0.375
  1
24.7
  7
GOOGLE_SANS
 72
1
 11
6371707.389186524
 21
6170199.311030888
 31
0.0
100
AcDbText
 73
2
  0
TEXT
  5
202D9
330
1F
100
AcDbEntity
  8
tejido
 62
8
100
AcDbText
 10
6371706.839699387
 20
6170206.853026961
 30
0.0
 40
0.375
  1
27.9
  7
GOOGLE_SANS
 72
1
 11
6371706.839699387
 21
6170206.853026961
 31
0.0
100
AcDbText
 73
2
  0
TEXT
  5
202DA
330
1F
100
AcDbEntity
  8
tejido
 62
8
100
AcDbText
 10
6371716.943630919
 20
6170202.66812799
 30
0.0
 40
0.375
  1
21.7
  7
GOOGLE_SANS
 72
1
 11
6371716.943630919
 21
6170202.66812799
 31
0.0
100
AcDbText
 73
2
  0
TEXT
  5
202DB
330
1F
100
AcDbEntity
  8
tejido
 62
8
100
AcDbText
 10
6371716.330605751
 20
6170211.044286483
 30
0.0
 40
0.375
  1
24.4
  7
GOOGLE_SANS
 72
1
 11
6371716.330605751
 21
6170211.044286483
 31
0.0
100
AcDbText
 73
2
  0
TEXT
  5
202DC
330
1F
100
AcDbEntity
  8
tejido
 62
8
100
AcDbText
 10
6371721.443749424
 20
6170215.6087886365
 30
0.0
 40
0.375
  1
0.0
  7
GOOGLE_SANS
 72
1
 11
6371721.443749424
 21
6170215.6087886365
 31
0.0
100
AcDbText
 73
2
  0
TEXT
  5
202DD
330
1F
100
AcDbEntity
  8
tejido
 62
8
100
AcDbText
 10
6371720.414641129
 20
6170216.818187503
 30
0.0
 40
0.375
  1
24.7
  7
GOOGLE_SANS
 72
1
 11
6371720.414641129
 21
6170216.818187503
 31
0.0
100
AcDbText
 73
2
  0
TEXT
  5
202DE
330
1F
100
AcDbEntity
  8
tejido
 62
8
100
AcDbText
 10
6371721.055162181
 20
6170213.5939940335
 30
0.0
 40
0.375
  1
24.5
  7
GOOGLE_SANS
 72
1
 11
6371721.055162181
 21
6170213.5939940335
 31
0.0
100
AcDbText
 73
2
  0
TEXT
  5
202DF
330
1F
100
AcDbEntity
  8
tejido
 62
8
100
AcDbText
 10
6371718.149861429
 20
6170213.427541925
 30
0.0
 40
0.375
  1
22.0
  7
GOOGLE_SANS
 72
1
 11
6371718.149861429
 21
6170213.427541925
 31
0.0
100
AcDbText
 73
2
  0
TEXT
  5
202E0
330
1F
100
AcDbEntity
  8
tejido
 62
8
100
AcDbText
 10
6371714.027609601
 20
6170215.41797909
 30
0.0
 40
0.375
  1
0.0
  7
GOOGLE_SANS
 72
1
 11
6371714.027609601
 21
6170215.41797909
 31
0.0
100
AcDbText
 73
2
  0
TEXT
  5
202E1
330
1F
100
AcDbEntity
  8
tejido
 62
8
100
AcDbText
 10
6371716.2859235965
 20
6170216.534214917
 30
0.0
 40
0.375
  1
21.2
  7
GOOGLE_SANS
 72
1
 11
6371716.2859235965
 21
6170216.534214917
 31
0.0
100
AcDbText
 73
2
  0
TEXT
  5
202E2
330
1F
100
AcDbEntity
  8
tejido
 62
8
100
AcDbText
 10
6371738.722505595
 20
6170209.473717393
 30
0.0
 40
0.375
  1
22.0
  7
GOOGLE_SANS
 72
1
 11
6371738.722505595
 21
6170209.473717393
 31
0.0
100
AcDbText
 73
2
  0
TEXT
  5
202E3
330
1F
100
AcDbEntity
  8
tejido
 62
8
100
AcDbText
 10
6371730.3388254745
 20
6170235.487535682
 30
0.0
 40
0.375
  1
15.9
  7
GOOGLE_SANS
 72
1
 11
6371730.3388254745
 21
6170235.487535682
 31
0.0
100
AcDbText
 73
2
  0
TEXT
  5
202E4
330
1F
100
AcDbEntity
  8
tejido
 62
8
100
AcDbText
 10
6371752.899940073
 20
6170206.918153213
 30
0.0
 40
0.375
  1
0.0
  7
GOOGLE_SANS
 72
1
 11
6371752.899940073
 21
6170206.918153213
 31
0.0
100
AcDbText
 73
2
  0
TEXT
  5
202E5
330
1F
100
AcDbEntity
  8
tejido
 62
8
100
AcDbText
 10
6371756.2159393085
 20
6170212.1189810615
 30
0.0
 40
0.375
  1
7.9
  7
GOOGLE_SANS
 72
1
 11
6371756.2159393085
 21
6170212.1189810615
 31
0.0
100
AcDbText
 73
2
  0
TEXT
  5
202E6
330
1F
100
AcDbEntity
  8
tejido
 62
8
100
AcDbText
 10
6371753.843663874
 20
6170204.592186886
 30
0.0
 40
0.375
  1
7.2
  7
GOOGLE_SANS
 72
1
 11
6371753.843663874
 21
6170204.592186886
 31
0.0
100
AcDbText
 73
2
  0
TEXT
  5
202E7
330
1F
100
AcDbEntity
  8
tejido
 62
8
100
AcDbText
 10
6371753.015173074
 20
6170210.517088201
 30
0.0
 40
0.375
  1
7.2
  7
GOOGLE_SANS
 72
1
 11
6371753.015173074
 21
6170210.517088201
 31
0.0
100
AcDbText
 73
2
  0
TEXT
  5
202E8
330
1F
100
AcDbEntity
  8
tejido
 62
8
100
AcDbText
 10
6371722.421646129
 20
6170305.027699928
 30
0.0
 40
0.375
  1
15.6
  7
GOOGLE_SANS
 72
1
 11
6371722.421646129
 21
6170305.027699928
 31
0.0
100
AcDbText
 73
2
  0
TEXT
  5
202E9
330
1F
100
AcDbEntity
  8
tejido
 62
8
100
AcDbText
 10
6371726.529165885
 20
6170304.382773573
 30
0.0
 40
0.375
  1
15.4
  7
GOOGLE_SANS
 72
1
 11
6371726.529165885
 21
6170304.382773573
 31
0.0
100
AcDbText
 73
2
  0
TEXT
  5
202EA
330
1F
100
AcDbEntity
  8
tejido
 62
8
100
AcDbText
 10
6371726.834659215
 20
6170300.478585623
 30
0.0
 40
0.375
  1
12.2
  7
GOOGLE_SANS
 72
1
 11
6371726.834659215
 21
6170300.478585623
 31
0.0
100
AcDbText
 73
2
  0
TEXT
  5
202EB
330
1F
100
AcDbEntity
  8
tejido
 62
8
100
AcDbText
 10
6371709.476961217
 20
6170300.523433106
 30
0.0
 40
0.375
  1
11.7
  7
GOOGLE_SANS
 72
1
 11
6371709.476961217
 21
6170300.523433106
 31
0.0
100
AcDbText
 73
2
  0
TEXT
  5
202EC
330
1F
100
AcDbEntity
  8
tejido
 62
8
100
AcDbText
 10
6371725.946550042
 20
6170314.651816184
 30
0.0
 40
0.375
  1
27.0
  7
GOOGLE_SANS
 72
1
 11
6371725.946550042
 21
6170314.651816184
 31
0.0
100
AcDbText
 73
2
  0
TEXT
  5
202ED
330
1F
100
AcDbEntity
  8
tejido
 62
8
100
AcDbText
 10
6371723.78690717
 20
6170313.787597142
 30
0.0
 40
0.375
  1
24.4
  7
GOOGLE_SANS
 72
1
 11
6371723.78690717
 21
6170313.787597142
 31
0.0
100
AcDbText
 73
2
  0
TEXT
  5
202EE
330
1F
100
AcDbEntity
  8
tejido
 62
8
100
AcDbText
 10
6371645.613969307
 20
6170299.484529078
 30
0.0
 40
0.375
  1
31.0
  7
GOOGLE_SANS
 72
1
 11
6371645.613969307
 21
6170299.484529078
 31
0.0
100
AcDbText
 73
2
  0
TEXT
  5
202EF
330
1F
100
AcDbEntity
  8
tejido
 62
8
100
AcDbText
 10
6371647.421497014
 20
6170298.639479769
 30
0.0
 40
0.375
  1
33.9
  7
GOOGLE_SANS
 72
1
 11
6371647.421497014
 21
6170298.639479769
 31
0.0
100
AcDbText
 73
2
  0
TEXT
  5
202F0
330
1F
100
AcDbEntity
  8
tejido
 62
8
100
AcDbText
 10
6371641.434513094
 20
6170320.602214986
 30
0.0
 40
0.375
  1
44.3
  7
GOOGLE_SANS
 72
1
 11
6371641.434513094
 21
6170320.602214986
 31
0.0
100
AcDbText
 73
2
  0
TEXT
  5
202F1
330
1F
100
AcDbEntity
  8
tejido
 62
8
100
AcDbText
 10
6371647.232268657
 20
6170326.088502593
 30
0.0
 40
0.375
  1
44.0
  7
GOOGLE_SANS
 72
1
 11
6371647.232268657
 21
6170326.088502593
 31
0.0
100
AcDbText
 73
2
  0
TEXT
  5
202F2
330
1F
100
AcDbEntity
  8
tejido
 62
8
100
AcDbText
 10
6371647.757313938
 20
6170296.191775332
 30
0.0
 40
0.375
  1
0.0
  7
GOOGLE_SANS
 72
1
 11
6371647.757313938
 21
6170296.191775332
 31
0.0
100
AcDbText
 73
2
  0
TEXT
  5
202F3
330
1F
100
AcDbEntity
  8
tejido
 62
8
100
AcDbText
 10
6371653.868646674
 20
6170297.365536918
 30
0.0
 40
0.375
  1
27.1
  7
GOOGLE_SANS
 72
1
 11
6371653.868646674
 21
6170297.365536918
 31
0.0
100
AcDbText
 73
2
  0
TEXT
  5
202F4
330
1F
100
AcDbEntity
  8
tejido
 62
8
100
AcDbText
 10
6371733.2322197445
 20
6170268.495430458
 30
0.0
 40
0.375
  1
36.9
  7
GOOGLE_SANS
 72
1
 11
6371733.2322197445
 21
6170268.495430458
 31
0.0
100
AcDbText
 73
2
  0
TEXT
  5
202F5
330
1F
100
AcDbEntity
  8
tejido
 62
8
100
AcDbText
 10
6371658.954064269
 20
6170213.354766194
 30
0.0
 40
0.375
  1
29.1
  7
GOOGLE_SANS
 72
1
 11
6371658.954064269
 21
6170213.354766194
 31
0.0
100
AcDbText
 73
2
  0
TEXT
  5
202F6
330
1F
100
AcDbEntity
  8
tejido
 62
8
100
AcDbText
 10
6371651.654590975
 20
6170209.993571565
 30
0.0
 40
0.375
  1
22.9
  7
GOOGLE_SANS
 72
1
 11
6371651.654590975
 21
6170209.993571565
 31
0.0
100
AcDbText
 73
2
  0
TEXT
  5
202F7
330
1F
100
AcDbEntity
  8
tejido
 62
8
100
AcDbText
 10
6371660.180797905
 20
6170216.440484238
 30
0.0
 40
0.375
  1
22.4
  7
GOOGLE_SANS
 72
1
 11
6371660.180797905
 21
6170216.440484238
 31
0.0
100
AcDbText
 73
2
  0
TEXT
  5
202F8
330
1F
100
AcDbEntity
  8
tejido
 62
8
100
AcDbText
 10
6371664.173566525
 20
6170213.503200569
 30
0.0
 40
0.375
  1
0.0
  7
GOOGLE_SANS
 72
1
 11
6371664.173566525
 21
6170213.503200569
 31
0.0
100
AcDbText
 73
2
  0
TEXT
  5
202F9
330
1F
100
AcDbEntity
  8
tejido
 62
8
100
AcDbText
 10
6371649.266371342
 20
6170211.719902472
 30
0.0
 40
0.375
  1
19.5
  7
GOOGLE_SANS
 72
1
 11
6371649.266371342
 21
6170211.719902472
 31
0.0
100
AcDbText
 73
2
  0
TEXT
  5
202FA
330
1F
100
AcDbEntity
  8
tejido
 62
8
100
AcDbText
 10
6371688.276107838
 20
6170211.000835503
 30
0.0
 40
0.375
  1
26.9
  7
GOOGLE_SANS
 72
1
 11
6371688.276107838
 21
6170211.000835503
 31
0.0
100
AcDbText
 73
2
  0
TEXT
  5
202FB
330
1F
100
AcDbEntity
  8
tejido
 62
8
100
AcDbText
 10
6371741.002703757
 20
6170239.707261217
 30
0.0
 40
0.375
  1
25.4
  7
GOOGLE_SANS
 72
1
 11
6371741.002703757
 21
6170239.707261217
 31
0.0
100
AcDbText
 73
2
  0
TEXT
  5
202FC
330
1F
100
AcDbEntity
  8
tejido
 62
8
100
AcDbText
 10
6371743.474782973
 20
6170243.707547267
 30
0.0
 40
0.375
  1
33.6
  7
GOOGLE_SANS
 72
1
 11
6371743.474782973
 21
6170243.707547267
 31
0.0
100
AcDbText
 73
2
  0
TEXT
  5
202FD
330
1F
100
AcDbEntity
  8
tejido
 62
8
100
AcDbText
 10
6371741.090882197
 20
6170242.983075055
 30
0.0
 40
0.375
  1
35.7
  7
GOOGLE_SANS
 72
1
 11
6371741.090882197
 21
6170242.983075055
 31
0.0
100
AcDbText
 73
2
  0
TEXT
  5
202FE
330
1F
100
AcDbEntity
  8
tejido
 62
8
100
AcDbText
 10
6371744.056022366
 20
6170240.187774781
 30
0.0
 40
0.375
  1
0.0
  7
GOOGLE_SANS
 72
1
 11
6371744.056022366
 21
6170240.187774781
 31
0.0
100
AcDbText
 73
2
  0
TEXT
  5
202FF
330
1F
100
AcDbEntity
  8
tejido
 62
8
100
AcDbText
 10
6371746.118006939
 20
6170240.567371805
 30
0.0
 40
0.375
  1
28.6
  7
GOOGLE_SANS
 72
1
 11
6371746.118006939
 21
6170240.567371805
 31
0.0
100
AcDbText
 73
2
  0
TEXT
  5
20300
330
1F
100
AcDbEntity
  8
tejido
 62
8
100
AcDbText
 10
6371747.87301574
 20
6170242.050124197
 30
0.0
 40
0.375
  1
32.3
  7
GOOGLE_SANS
 72
1
 11
6371747.87301574
 21
6170242.050124197
 31
0.0
100
AcDbText
 73
2
  0
TEXT
  5
20301
330
1F
100
AcDbEntity
  8
tejido
 62
8
100
AcDbText
 10
6371735.780905704
 20
6170271.277489861
 30
0.0
 40
0.375
  1
26.7
  7
GOOGLE_SANS
 72
1
 11
6371735.780905704
 21
6170271.277489861
 31
0.0
100
AcDbText
 73
2
  0
TEXT
  5
20302
330
1F
100
AcDbEntity
  8
tejido
 62
8
100
AcDbText
 10
6371719.564212794
 20
6170268.333532074
 30
0.0
 40
0.375
  1
6.4
  7
GOOGLE_SANS
 72
1
 11
6371719.564212794
 21
6170268.333532074
 31
0.0
100
AcDbText
 73
2
  0
TEXT
  5
20303
330
1F
100
AcDbEntity
  8
tejido
 62
8
100
AcDbText
 10
6371731.307436334
 20
6170270.479616162
 30
0.0
 40
0.375
  1
29.8
  7
GOOGLE_SANS
 72
1
 11
6371731.307436334
 21
6170270.479616162
 31
0.0
100
AcDbText
 73
2
  0
TEXT
  5
20304
330
1F
100
AcDbEntity
  8
tejido
 62
8
100
AcDbText
 10
6371727.5605997965
 20
6170268.313003979
 30
0.0
 40
0.375
  1
35.9
  7
GOOGLE_SANS
 72
1
 11
6371727.5605997965
 21
6170268.313003979
 31
0.0
100
AcDbText
 73
2
  0
TEXT
  5
20305
330
1F
100
AcDbEntity
  8
tejido
 62
8
100
AcDbText
 10
6371718.693814456
 20
6170272.470527054
 30
0.0
 40
0.375
  1
0.0
  7
GOOGLE_SANS
 72
1
 11
6371718.693814456
 21
6170272.470527054
 31
0.0
100
AcDbText
 73
2
  0
TEXT
  5
20306
330
1F
100
AcDbEntity
  8
tejido
 62
8
100
AcDbText
 10
6371737.2842036495
 20
6170268.877452812
 30
0.0
 40
0.375
  1
32.8
  7
GOOGLE_SANS
 72
1
 11
6371737.2842036495
 21
6170268.877452812
 31
0.0
100
AcDbText
 73
2
  0
TEXT
  5
20307
330
1F
100
AcDbEntity
  8
tejido
 62
8
100
AcDbText
 10
6371717.14791899
 20
6170278.660589874
 30
0.0
 40
0.375
  1
8.3
  7
GOOGLE_SANS
 72
1
 11
6371717.14791899
 21
6170278.660589874
 31
0.0
100
AcDbText
 73
2
  0
TEXT
  5
20308
330
1F
100
AcDbEntity
  8
tejido
 62
8
100
AcDbText
 10
6371727.934054157
 20
6170278.186564243
 30
0.0
 40
0.375
  1
25.1
  7
GOOGLE_SANS
 72
1
 11
6371727.934054157
 21
6170278.186564243
 31
0.0
100
AcDbText
 73
2
  0
TEXT
  5
20309
330
1F
100
AcDbEntity
  8
tejido
 62
8
100
AcDbText
 10
6371733.161499917
 20
6170277.758203463
 30
0.0
 40
0.375
  1
31.5
  7
GOOGLE_SANS
 72
1
 11
6371733.161499917
 21
6170277.758203463
 31
0.0
100
AcDbText
 73
2
  0
TEXT
  5
2030A
330
1F
100
AcDbEntity
  8
tejido
 62
8
100
AcDbText
 10
6371723.585048484
 20
6170279.312673752
 30
0.0
 40
0.375
  1
21.7
  7
GOOGLE_SANS
 72
1
 11
6371723.585048484
 21
6170279.312673752
 31
0.0
100
AcDbText
 73
2
  0
TEXT
  5
2030B
330
1F
100
AcDbEntity
  8
tejido
 62
8
100
AcDbText
 10
6371734.753796292
 20
6170276.766256764
 30
0.0
 40
0.375
  1
29.2
  7
GOOGLE_SANS
 72
1
 11
6371734.753796292
 21
6170276.766256764
 31
0.0
100
AcDbText
 73
2
  0
TEXT
  5
2030C
330
1F
100
AcDbEntity
  8
tejido
 62
8
100
AcDbText
 10
6371714.646315858
 20
6170275.920453732
 30
0.0
 40
0.375
  1
3.5
  7
GOOGLE_SANS
 72
1
 11
6371714.646315858
 21
6170275.920453732
 31
0.0
100
AcDbText
 73
2
  0
TEXT
  5
2030D
330
1F
100
AcDbEntity
  8
tejido
 62
8
100
AcDbText
 10
6371732.8101168685
 20
6170281.254602019
 30
0.0
 40
0.375
  1
0.0
  7
GOOGLE_SANS
 72
1
 11
6371732.8101168685
 21
6170281.254602019
 31
0.0
100
AcDbText
 73
2
  0
TEXT
  5
2030E
330
1F
100
AcDbEntity
  8
tejido
 62
8
100
AcDbText
 10
6371741.319183682
 20
6170280.1055632
 30
0.0
 40
0.375
  1
25.1
  7
GOOGLE_SANS
 72
1
 11
6371741.319183682
 21
6170280.1055632
 31
0.0
100
AcDbText
 73
2
  0
TEXT
  5
2030F
330
1F
100
AcDbEntity
  8
tejido
 62
8
100
AcDbText
 10
6371698.060915473
 20
6170196.98695278
 30
0.0
 40
0.375
  1
28.8
  7
GOOGLE_SANS
 72
1
 11
6371698.060915473
 21
6170196.98695278
 31
0.0
100
AcDbText
 73
2
  0
TEXT
  5
20310
330
1F
100
AcDbEntity
  8
tejido
 62
8
100
AcDbText
 10
6371716.548564716
 20
6170213.940916984
 30
0.0
 40
0.375
  1
23.2
  7
GOOGLE_SANS
 72
1
 11
6371716.548564716
 21
6170213.940916984
 31
0.0
100
AcDbText
 73
2
  0
TEXT
  5
20311
330
1F
100
AcDbEntity
  8
tejido
 62
8
100
AcDbText
 10
6371712.439640565
 20
6170214.038947228
 30
0.0
 40
0.375
  1
22.2
  7
GOOGLE_SANS
 72
1
 11
6371712.439640565
 21
6170214.038947228
 31
0.0
100
AcDbText
 73
2
  0
TEXT
  5
20312
330
1F
100
AcDbEntity
  8
tejido
 62
8
100
AcDbText
 10
6371690.790863108
 20
6170236.739542467
 30
0.0
 40
0.375
  1
31.7
  7
GOOGLE_SANS
 72
1
 11
6371690.790863108
 21
6170236.739542467
 31
0.0
100
AcDbText
 73
2
  0
TEXT
  5
20313
330
1F
100
AcDbEntity
  8
tejido
 62
8
100
AcDbText
 10
6371691.410368414
 20
6170227.867382314
 30
0.0
 40
0.375
  1
31.7
  7
GOOGLE_SANS
 72
1
 11
6371691.410368414
 21
6170227.867382314
 31
0.0
100
AcDbText
 73
2
  0
TEXT
  5
20314
330
1F
100
AcDbEntity
  8
tejido
 62
8
100
AcDbText
 10
6371707.916743005
 20
6170245.950445428
 30
0.0
 40
0.375
  1
4.7
  7
GOOGLE_SANS
 72
1
 11
6371707.916743005
 21
6170245.950445428
 31
0.0
100
AcDbText
 73
2
  0
TEXT
  5
20316
330
1F
100
AcDbEntity
  8
parcelas_etiquetas
 62
252
100
AcDbText
 10
6371643.214434624
 20
6170323.522808983
 30
0.0
 40
0.45
  1
CM
  7
GOOGLE_SANS
 72
1
 11
6371643.214434624
 21
6170323.522808983
 31
0.0
100
AcDbText
 73
2
  0
TEXT
  5
20317
330
1F
100
AcDbEntity
  8
parcelas_etiquetas
 62
252
100
AcDbText
 10
6371643.214434624
 20
6170322.922808983
 30
0.0
 40
0.45
  1
009
  7
GOOGLE_SANS
 72
1
 11
6371643.214434624
 21
6170322.922808983
 31
0.0
100
AcDbText
 73
2
  0
TEXT
  5
20318
330
1F
100
AcDbEntity
  8
parcelas_etiquetas
 62
252
100
AcDbText
 10
6371645.368624467
 20
6170305.156020531
 30
0.0
 40
0.45
  1
CM
  7
GOOGLE_SANS
 72
1
 11
6371645.368624467
 21
6170305.156020531
 31
0.0
100
AcDbText
 73
2
  0
TEXT
  5
20319
330
1F
100
AcDbEntity
  8
parcelas_etiquetas
 62
252
100
AcDbText
 10
6371645.368624467
 20
6170304.556020532
 30
0.0
 40
0.45
  1
011
  7
GOOGLE_SANS
 72
1
 11
6371645.368624467
 21
6170304.556020532
 31
0.0
100
AcDbText
 73
2
  0
TEXT
  5
2031A
330
1F
100
AcDbEntity
  8
parcelas_etiquetas
 62
252
100
AcDbText
 10
6371656.25660842
 20
6170298.413379822
 30
0.0
 40
0.45
  1
CM
  7
GOOGLE_SANS
 72
1
 11
6371656.25660842
 21
6170298.413379822
 31
0.0
100
AcDbText
 73
2
  0
TEXT
  5
2031B
330
1F
100
AcDbEntity
  8
parcelas_etiquetas
 62
252
100
AcDbText
 10
6371656.25660842
 20
6170297.813379822
 30
0.0
 40
0.45
  1
012
  7
GOOGLE_SANS
 72
1
 11
6371656.25660842
 21
6170297.813379822
 31
0.0
100
AcDbText
 73
2
  0
TEXT
  5
2031C
330
1F
100
AcDbEntity
  8
parcelas_etiquetas
 62
252
100
AcDbText
 10
6371658.283092466
 20
6170251.675747938
 30
0.0
 40
0.45
  1
CM
  7
GOOGLE_SANS
 72
1
 11
6371658.283092466
 21
6170251.675747938
 31
0.0
100
AcDbText
 73
2
  0
TEXT
  5
2031D
330
1F
100
AcDbEntity
  8
parcelas_etiquetas
 62
252
100
AcDbText
 10
6371658.283092466
 20
6170251.075747939
 30
0.0
 40
0.45
  1
017a
  7
GOOGLE_SANS
 72
1
 11
6371658.283092466
 21
6170251.075747939
 31
0.0
100
AcDbText
 73
2
  0
TEXT
  5
2031E
330
1F
100
AcDbEntity
  8
parcelas_etiquetas
 62
252
100
AcDbText
 10
6371670.537042934
 20
6170215.315934252
 30
0.0
 40
0.45
  1
CM
  7
GOOGLE_SANS
 72
1
 11
6371670.537042934
 21
6170215.315934252
 31
0.0
100
AcDbText
 73
2
  0
TEXT
  5
2031F
330
1F
100
AcDbEntity
  8
parcelas_etiquetas
 62
252
100
AcDbText
 10
6371670.537042934
 20
6170214.715934252
 30
0.0
 40
0.45
  1
025
  7
GOOGLE_SANS
 72
1
 11
6371670.537042934
 21
6170214.715934252
 31
0.0
100
AcDbText
 73
2
  0
TEXT
  5
20320
330
1F
100
AcDbEntity
  8
parcelas_etiquetas
 62
252
100
AcDbText
 10
6371746.513607015
 20
6170242.30816424
 30
0.0
 40
0.45
  1
CM
  7
GOOGLE_SANS
 72
1
 11
6371746.513607015
 21
6170242.30816424
 31
0.0
100
AcDbText
 73
2
  0
TEXT
  5
20321
330
1F
100
AcDbEntity
  8
parcelas_etiquetas
 62
252
100
AcDbText
 10
6371746.513607015
 20
6170241.70816424
 30
0.0
 40
0.45
  1
036
  7
GOOGLE_SANS
 72
1
 11
6371746.513607015
 21
6170241.70816424
 31
0.0
100
AcDbText
 73
2
  0
TEXT
  5
20322
330
1F
100
AcDbEntity
  8
parcelas_etiquetas
 62
252
100
AcDbText
 10
6371681.62235074
 20
6170228.803115936
 30
0.0
 40
0.45
  1
CM
  7
GOOGLE_SANS
 72
1
 11
6371681.62235074
 21
6170228.803115936
 31
0.0
100
AcDbText
 73
2
  0
TEXT
  5
20323
330
1F
100
AcDbEntity
  8
parcelas_etiquetas
 62
252
100
AcDbText
 10
6371681.62235074
 20
6170228.203115936
 30
0.0
 40
0.45
  1
026
  7
GOOGLE_SANS
 72
1
 11
6371681.62235074
 21
6170228.203115936
 31
0.0
100
AcDbText
 73
2
  0
TEXT
  5
20324
330
1F
100
AcDbEntity
  8
parcelas_etiquetas
 62
252
100
AcDbText
 10
6371707.926359014
 20
6170229.803730738
 30
0.0
 40
0.45
  1
CM
  7
GOOGLE_SANS
 72
1
 11
6371707.926359014
 21
6170229.803730738
 31
0.0
100
AcDbText
 73
2
  0
TEXT
  5
20325
330
1F
100
AcDbEntity
  8
parcelas_etiquetas
 62
252
100
AcDbText
 10
6371707.926359014
 20
6170229.203730739
 30
0.0
 40
0.45
  1
027b
  7
GOOGLE_SANS
 72
1
 11
6371707.926359014
 21
6170229.203730739
 31
0.0
100
AcDbText
 73
2
  0
TEXT
  5
20326
330
1F
100
AcDbEntity
  8
parcelas_etiquetas
 62
252
100
AcDbText
 10
6371731.090064305
 20
6170271.353577287
 30
0.0
 40
0.45
  1
CM
  7
GOOGLE_SANS
 72
1
 11
6371731.090064305
 21
6170271.353577287
 31
0.0
100
AcDbText
 73
2
  0
TEXT
  5
20327
330
1F
100
AcDbEntity
  8
parcelas_etiquetas
 62
252
100
AcDbText
 10
6371731.090064305
 20
6170270.753577287
 30
0.0
 40
0.45
  1
040
  7
GOOGLE_SANS
 72
1
 11
6371731.090064305
 21
6170270.753577287
 31
0.0
100
AcDbText
 73
2
  0
TEXT
  5
20328
330
1F
100
AcDbEntity
  8
parcelas_etiquetas
 62
252
100
AcDbText
 10
6371745.151316976
 20
6170249.991132554
 30
0.0
 40
0.45
  1
CM
  7
GOOGLE_SANS
 72
1
 11
6371745.151316976
 21
6170249.991132554
 31
0.0
100
AcDbText
 73
2
  0
TEXT
  5
20329
330
1F
100
AcDbEntity
  8
parcelas_etiquetas
 62
252
100
AcDbText
 10
6371745.151316976
 20
6170249.391132554
 30
0.0
 40
0.45
  1
037
  7
GOOGLE_SANS
 72
1
 11
6371745.151316976
 21
6170249.391132554
 31
0.0
100
AcDbText
 73
2
  0
TEXT
  5
2032A
330
1F
100
AcDbEntity
  8
parcelas_etiquetas
 62
252
100
AcDbText
 10
6371709.800768018
 20
6170324.225521038
 30
0.0
 40
0.45
  1
CM
  7
GOOGLE_SANS
 72
1
 11
6371709.800768018
 21
6170324.225521038
 31
0.0
100
AcDbText
 73
2
  0
TEXT
  5
2032B
330
1F
100
AcDbEntity
  8
parcelas_etiquetas
 62
252
100
AcDbText
 10
6371709.800768018
 20
6170323.625521039
 30
0.0
 40
0.45
  1
002
  7
GOOGLE_SANS
 72
1
 11
6371709.800768018
 21
6170323.625521039
 31
0.0
100
AcDbText
 73
2
  0
TEXT
  5
2032C
330
1F
100
AcDbEntity
  8
parcelas_etiquetas
 62
252
100
AcDbText
 10
6371691.208769059
 20
6170315.42641062
 30
0.0
 40
0.45
  1
CM
  7
GOOGLE_SANS
 72
1
 11
6371691.208769059
 21
6170315.42641062
 31
0.0
100
AcDbText
 73
2
  0
TEXT
  5
2032D
330
1F
100
AcDbEntity
  8
parcelas_etiquetas
 62
252
100
AcDbText
 10
6371691.208769059
 20
6170314.8264106205
 30
0.0
 40
0.45
  1
004a
  7
GOOGLE_SANS
 72
1
 11
6371691.208769059
 21
6170314.8264106205
 31
0.0
100
AcDbText
 73
2
  0
TEXT
  5
2032E
330
1F
100
AcDbEntity
  8
parcelas_etiquetas
 62
252
100
AcDbText
 10
6371726.180151455
 20
6170329.299392333
 30
0.0
 40
0.45
  1
CM
  7
GOOGLE_SANS
 72
1
 11
6371726.180151455
 21
6170329.299392333
 31
0.0
100
AcDbText
 73
2
  0
TEXT
  5
2032F
330
1F
100
AcDbEntity
  8
parcelas_etiquetas
 62
252
100
AcDbText
 10
6371726.180151455
 20
6170328.699392334
 30
0.0
 40
0.45
  1
001
  7
GOOGLE_SANS
 72
1
 11
6371726.180151455
 21
6170328.699392334
 31
0.0
100
AcDbText
 73
2
  0
TEXT
  5
20330
330
1F
100
AcDbEntity
  8
parcelas_etiquetas
 62
252
100
AcDbText
 10
6371702.784012676
 20
6170316.083757448
 30
0.0
 40
0.45
  1
CM
  7
GOOGLE_SANS
 72
1
 11
6371702.784012676
 21
6170316.083757448
 31
0.0
100
AcDbText
 73
2
  0
TEXT
  5
20331
330
1F
100
AcDbEntity
  8
parcelas_etiquetas
 62
252
100
AcDbText
 10
6371702.784012676
 20
6170315.483757448
 30
0.0
 40
0.45
  1
003
  7
GOOGLE_SANS
 72
1
 11
6371702.784012676
 21
6170315.483757448
 31
0.0
100
AcDbText
 73
2
  0
TEXT
  5
20332
330
1F
100
AcDbEntity
  8
parcelas_etiquetas
 62
252
100
AcDbText
 10
6371678.70340418
 20
6170306.684729306
 30
0.0
 40
0.45
  1
CM
  7
GOOGLE_SANS
 72
1
 11
6371678.70340418
 21
6170306.684729306
 31
0.0
100
AcDbText
 73
2
  0
TEXT
  5
20333
330
1F
100
AcDbEntity
  8
parcelas_etiquetas
 62
252
100
AcDbText
 10
6371678.70340418
 20
6170306.084729306
 30
0.0
 40
0.45
  1
006
  7
GOOGLE_SANS
 72
1
 11
6371678.70340418
 21
6170306.084729306
 31
0.0
100
AcDbText
 73
2
  0
TEXT
  5
20334
330
1F
100
AcDbEntity
  8
parcelas_etiquetas
 62
252
100
AcDbText
 10
6371664.428263362
 20
6170317.909616603
 30
0.0
 40
0.45
  1
CM
  7
GOOGLE_SANS
 72
1
 11
6371664.428263362
 21
6170317.909616603
 31
0.0
100
AcDbText
 73
2
  0
TEXT
  5
20335
330
1F
100
AcDbEntity
  8
parcelas_etiquetas
 62
252
100
AcDbText
 10
6371664.428263362
 20
6170317.309616603
 30
0.0
 40
0.45
  1
007a
  7
GOOGLE_SANS
 72
1
 11
6371664.428263362
 21
6170317.309616603
 31
0.0
100
AcDbText
 73
2
  0
TEXT
  5
20336
330
1F
100
AcDbEntity
  8
parcelas_etiquetas
 62
252
100
AcDbText
 10
6371654.281426378
 20
6170317.101845208
 30
0.0
 40
0.45
  1
CM
  7
GOOGLE_SANS
 72
1
 11
6371654.281426378
 21
6170317.101845208
 31
0.0
100
AcDbText
 73
2
  0
TEXT
  5
20337
330
1F
100
AcDbEntity
  8
parcelas_etiquetas
 62
252
100
AcDbText
 10
6371654.281426378
 20
6170316.501845208
 30
0.0
 40
0.45
  1
008b
  7
GOOGLE_SANS
 72
1
 11
6371654.281426378
 21
6170316.501845208
 31
0.0
100
AcDbText
 73
2
  0
TEXT
  5
20338
330
1F
100
AcDbEntity
  8
parcelas_etiquetas
 62
252
100
AcDbText
 10
6371644.308590783
 20
6170312.82369454
 30
0.0
 40
0.45
  1
CM
  7
GOOGLE_SANS
 72
1
 11
6371644.308590783
 21
6170312.82369454
 31
0.0
100
AcDbText
 73
2
  0
TEXT
  5
20339
330
1F
100
AcDbEntity
  8
parcelas_etiquetas
 62
252
100
AcDbText
 10
6371644.308590783
 20
6170312.223694541
 30
0.0
 40
0.45
  1
010
  7
GOOGLE_SANS
 72
1
 11
6371644.308590783
 21
6170312.223694541
 31
0.0
100
AcDbText
 73
2
  0
TEXT
  5
2033A
330
1F
100
AcDbEntity
  8
parcelas_etiquetas
 62
252
100
AcDbText
 10
6371657.106631545
 20
6170289.985741683
 30
0.0
 40
0.45
  1
CM
  7
GOOGLE_SANS
 72
1
 11
6371657.106631545
 21
6170289.985741683
 31
0.0
100
AcDbText
 73
2
  0
TEXT
  5
2033B
330
1F
100
AcDbEntity
  8
parcelas_etiquetas
 62
252
100
AcDbText
 10
6371657.106631545
 20
6170289.385741684
 30
0.0
 40
0.45
  1
013
  7
GOOGLE_SANS
 72
1
 11
6371657.106631545
 21
6170289.385741684
 31
0.0
100
AcDbText
 73
2
  0
TEXT
  5
2033C
330
1F
100
AcDbEntity
  8
parcelas_etiquetas
 62
252
100
AcDbText
 10
6371658.608678066
 20
6170281.157911764
 30
0.0
 40
0.45
  1
CM
  7
GOOGLE_SANS
 72
1
 11
6371658.608678066
 21
6170281.157911764
 31
0.0
100
AcDbText
 73
2
  0
TEXT
  5
2033D
330
1F
100
AcDbEntity
  8
parcelas_etiquetas
 62
252
100
AcDbText
 10
6371658.608678066
 20
6170280.557911765
 30
0.0
 40
0.45
  1
014
  7
GOOGLE_SANS
 72
1
 11
6371658.608678066
 21
6170280.557911765
 31
0.0
100
AcDbText
 73
2
  0
TEXT
  5
2033E
330
1F
100
AcDbEntity
  8
parcelas_etiquetas
 62
252
100
AcDbText
 10
6371665.544141551
 20
6170273.896877037
 30
0.0
 40
0.45
  1
CM
  7
GOOGLE_SANS
 72
1
 11
6371665.544141551
 21
6170273.896877037
 31
0.0
100
AcDbText
 73
2
  0
TEXT
  5
2033F
330
1F
100
AcDbEntity
  8
parcelas_etiquetas
 62
252
100
AcDbText
 10
6371665.544141551
 20
6170273.296877038
 30
0.0
 40
0.45
  1
015
  7
GOOGLE_SANS
 72
1
 11
6371665.544141551
 21
6170273.296877038
 31
0.0
100
AcDbText
 73
2
  0
TEXT
  5
20340
330
1F
100
AcDbEntity
  8
parcelas_etiquetas
 62
252
100
AcDbText
 10
6371666.837875681
 20
6170266.266682401
 30
0.0
 40
0.45
  1
CM
  7
GOOGLE_SANS
 72
1
 11
6371666.837875681
 21
6170266.266682401
 31
0.0
100
AcDbText
 73
2
  0
TEXT
  5
20341
330
1F
100
AcDbEntity
  8
parcelas_etiquetas
 62
252
100
AcDbText
 10
6371666.837875681
 20
6170265.666682402
 30
0.0
 40
0.45
  1
016
  7
GOOGLE_SANS
 72
1
 11
6371666.837875681
 21
6170265.666682402
 31
0.0
100
AcDbText
 73
2
  0
TEXT
  5
20342
330
1F
100
AcDbEntity
  8
parcelas_etiquetas
 62
252
100
AcDbText
 10
6371659.221964742
 20
6170238.735771605
 30
0.0
 40
0.45
  1
CM
  7
GOOGLE_SANS
 72
1
 11
6371659.221964742
 21
6170238.735771605
 31
0.0
100
AcDbText
 73
2
  0
TEXT
  5
20343
330
1F
100
AcDbEntity
  8
parcelas_etiquetas
 62
252
100
AcDbText
 10
6371659.221964742
 20
6170238.135771605
 30
0.0
 40
0.45
  1
019
  7
GOOGLE_SANS
 72
1
 11
6371659.221964742
 21
6170238.135771605
 31
0.0
100
AcDbText
 73
2
  0
TEXT
  5
20344
330
1F
100
AcDbEntity
  8
parcelas_etiquetas
 62
252
100
AcDbText
 10
6371655.219877063
 20
6170230.3148146225
 30
0.0
 40
0.45
  1
CM
  7
GOOGLE_SANS
 72
1
 11
6371655.219877063
 21
6170230.3148146225
 31
0.0
100
AcDbText
 73
2
  0
TEXT
  5
20345
330
1F
100
AcDbEntity
  8
parcelas_etiquetas
 62
252
100
AcDbText
 10
6371655.219877063
 20
6170229.714814623
 30
0.0
 40
0.45
  1
020
  7
GOOGLE_SANS
 72
1
 11
6371655.219877063
 21
6170229.714814623
 31
0.0
100
AcDbText
 73
2
  0
TEXT
  5
20346
330
1F
100
AcDbEntity
  8
parcelas_etiquetas
 62
252
100
AcDbText
 10
6371656.063079867
 20
6170221.640586758
 30
0.0
 40
0.45
  1
CM
  7
GOOGLE_SANS
 72
1
 11
6371656.063079867
 21
6170221.640586758
 31
0.0
100
AcDbText
 73
2
  0
TEXT
  5
20347
330
1F
100
AcDbEntity
  8
parcelas_etiquetas
 62
252
100
AcDbText
 10
6371656.063079867
 20
6170221.040586758
 30
0.0
 40
0.45
  1
021
  7
GOOGLE_SANS
 72
1
 11
6371656.063079867
 21
6170221.040586758
 31
0.0
100
AcDbText
 73
2
  0
TEXT
  5
20348
330
1F
100
AcDbEntity
  8
parcelas_etiquetas
 62
252
100
AcDbText
 10
6371656.851049175
 20
6170212.93466198
 30
0.0
 40
0.45
  1
CM
  7
GOOGLE_SANS
 72
1
 11
6371656.851049175
 21
6170212.93466198
 31
0.0
100
AcDbText
 73
2
  0
TEXT
  5
20349
330
1F
100
AcDbEntity
  8
parcelas_etiquetas
 62
252
100
AcDbText
 10
6371656.851049175
 20
6170212.33466198
 30
0.0
 40
0.45
  1
022
  7
GOOGLE_SANS
 72
1
 11
6371656.851049175
 21
6170212.33466198
 31
0.0
100
AcDbText
 73
2
  0
TEXT
  5
2034A
330
1F
100
AcDbEntity
  8
parcelas_etiquetas
 62
252
100
AcDbText
 10
6371653.90431258
 20
6170200.649321803
 30
0.0
 40
0.45
  1
CM
  7
GOOGLE_SANS
 72
1
 11
6371653.90431258
 21
6170200.649321803
 31
0.0
100
AcDbText
 73
2
  0
TEXT
  5
2034B
330
1F
100
AcDbEntity
  8
parcelas_etiquetas
 62
252
100
AcDbText
 10
6371653.90431258
 20
6170200.049321803
 30
0.0
 40
0.45
  1
023
  7
GOOGLE_SANS
 72
1
 11
6371653.90431258
 21
6170200.049321803
 31
0.0
100
AcDbText
 73
2
  0
TEXT
  5
2034C
330
1F
100
AcDbEntity
  8
parcelas_etiquetas
 62
252
100
AcDbText
 10
6371662.421865833
 20
6170200.719274061
 30
0.0
 40
0.45
  1
CM
  7
GOOGLE_SANS
 72
1
 11
6371662.421865833
 21
6170200.719274061
 31
0.0
100
AcDbText
 73
2
  0
TEXT
  5
2034D
330
1F
100
AcDbEntity
  8
parcelas_etiquetas
 62
252
100
AcDbText
 10
6371662.421865833
 20
6170200.119274061
 30
0.0
 40
0.45
  1
024
  7
GOOGLE_SANS
 72
1
 11
6371662.421865833
 21
6170200.119274061
 31
0.0
100
AcDbText
 73
2
  0
TEXT
  5
2034E
330
1F
100
AcDbEntity
  8
parcelas_etiquetas
 62
252
100
AcDbText
 10
6371735.543604734
 20
6170223.005192608
 30
0.0
 40
0.45
  1
CM
  7
GOOGLE_SANS
 72
1
 11
6371735.543604734
 21
6170223.005192608
 31
0.0
100
AcDbText
 73
2
  0
TEXT
  5
2034F
330
1F
100
AcDbEntity
  8
parcelas_etiquetas
 62
252
100
AcDbText
 10
6371735.543604734
 20
6170222.405192608
 30
0.0
 40
0.45
  1
029a
  7
GOOGLE_SANS
 72
1
 11
6371735.543604734
 21
6170222.405192608
 31
0.0
100
AcDbText
 73
2
  0
TEXT
  5
20350
330
1F
100
AcDbEntity
  8
parcelas_etiquetas
 62
252
100
AcDbText
 10
6371748.535508534
 20
6170207.195387517
 30
0.0
 40
0.45
  1
CM
  7
GOOGLE_SANS
 72
1
 11
6371748.535508534
 21
6170207.195387517
 31
0.0
100
AcDbText
 73
2
  0
TEXT
  5
20351
330
1F
100
AcDbEntity
  8
parcelas_etiquetas
 62
252
100
AcDbText
 10
6371748.535508534
 20
6170206.5953875175
 30
0.0
 40
0.45
  1
031
  7
GOOGLE_SANS
 72
1
 11
6371748.535508534
 21
6170206.5953875175
 31
0.0
100
AcDbText
 73
2
  0
TEXT
  5
20352
330
1F
100
AcDbEntity
  8
parcelas_etiquetas
 62
252
100
AcDbText
 10
6371755.222370483
 20
6170208.536292843
 30
0.0
 40
0.45
  1
CM
  7
GOOGLE_SANS
 72
1
 11
6371755.222370483
 21
6170208.536292843
 31
0.0
100
AcDbText
 73
2
  0
TEXT
  5
20353
330
1F
100
AcDbEntity
  8
parcelas_etiquetas
 62
252
100
AcDbText
 10
6371755.222370483
 20
6170207.936292843
 30
0.0
 40
0.45
  1
032
  7
GOOGLE_SANS
 72
1
 11
6371755.222370483
 21
6170207.936292843
 31
0.0
100
AcDbText
 73
2
  0
TEXT
  5
20354
330
1F
100
AcDbEntity
  8
parcelas_etiquetas
 62
252
100
AcDbText
 10
6371749.869688097
 20
6170220.972700495
 30
0.0
 40
0.45
  1
CM
  7
GOOGLE_SANS
 72
1
 11
6371749.869688097
 21
6170220.972700495
 31
0.0
100
AcDbText
 73
2
  0
TEXT
  5
20355
330
1F
100
AcDbEntity
  8
parcelas_etiquetas
 62
252
100
AcDbText
 10
6371749.869688097
 20
6170220.372700496
 30
0.0
 40
0.45
  1
033
  7
GOOGLE_SANS
 72
1
 11
6371749.869688097
 21
6170220.372700496
 31
0.0
100
AcDbText
 73
2
  0
TEXT
  5
20356
330
1F
100
AcDbEntity
  8
parcelas_etiquetas
 62
252
100
AcDbText
 10
6371748.733513065
 20
6170228.453428922
 30
0.0
 40
0.45
  1
CM
  7
GOOGLE_SANS
 72
1
 11
6371748.733513065
 21
6170228.453428922
 31
0.0
100
AcDbText
 73
2
  0
TEXT
  5
20357
330
1F
100
AcDbEntity
  8
parcelas_etiquetas
 62
252
100
AcDbText
 10
6371748.733513065
 20
6170227.853428923
 30
0.0
 40
0.45
  1
034
  7
GOOGLE_SANS
 72
1
 11
6371748.733513065
 21
6170227.853428923
 31
0.0
100
AcDbText
 73
2
  0
TEXT
  5
20358
330
1F
100
AcDbEntity
  8
parcelas_etiquetas
 62
252
100
AcDbText
 10
6371747.49998439
 20
6170235.457722313
 30
0.0
 40
0.45
  1
CM
  7
GOOGLE_SANS
 72
1
 11
6371747.49998439
 21
6170235.457722313
 31
0.0
100
AcDbText
 73
2
  0
TEXT
  5
20359
330
1F
100
AcDbEntity
  8
parcelas_etiquetas
 62
252
100
AcDbText
 10
6371747.49998439
 20
6170234.857722313
 30
0.0
 40
0.45
  1
035
  7
GOOGLE_SANS
 72
1
 11
6371747.49998439
 21
6170234.857722313
 31
0.0
100
AcDbText
 73
2
  0
TEXT
  5
2035A
330
1F
100
AcDbEntity
  8
parcelas_etiquetas
 62
252
100
AcDbText
 10
6371733.967650537
 20
6170257.9760827385
 30
0.0
 40
0.45
  1
CM
  7
GOOGLE_SANS
 72
1
 11
6371733.967650537
 21
6170257.9760827385
 31
0.0
100
AcDbText
 73
2
  0
TEXT
  5
2035B
330
1F
100
AcDbEntity
  8
parcelas_etiquetas
 62
252
100
AcDbText
 10
6371733.967650537
 20
6170257.376082739
 30
0.0
 40
0.45
  1
038
  7
GOOGLE_SANS
 72
1
 11
6371733.967650537
 21
6170257.376082739
 31
0.0
100
AcDbText
 73
2
  0
TEXT
  5
2035C
330
1F
100
AcDbEntity
  8
parcelas_etiquetas
 62
252
100
AcDbText
 10
6371742.780576731
 20
6170265.0322788255
 30
0.0
 40
0.45
  1
CM
  7
GOOGLE_SANS
 72
1
 11
6371742.780576731
 21
6170265.0322788255
 31
0.0
100
AcDbText
 73
2
  0
TEXT
  5
2035D
330
1F
100
AcDbEntity
  8
parcelas_etiquetas
 62
252
100
AcDbText
 10
6371742.780576731
 20
6170264.432278826
 30
0.0
 40
0.45
  1
039
  7
GOOGLE_SANS
 72
1
 11
6371742.780576731
 21
6170264.432278826
 31
0.0
100
AcDbText
 73
2
  0
TEXT
  5
2035E
330
1F
100
AcDbEntity
  8
parcelas_etiquetas
 62
252
100
AcDbText
 10
6371712.139030844
 20
6170285.311322481
 30
0.0
 40
0.45
  1
CM
  7
GOOGLE_SANS
 72
1
 11
6371712.139030844
 21
6170285.311322481
 31
0.0
100
AcDbText
 73
2
  0
TEXT
  5
2035F
330
1F
100
AcDbEntity
  8
parcelas_etiquetas
 62
252
100
AcDbText
 10
6371712.139030844
 20
6170284.711322482
 30
0.0
 40
0.45
  1
042a
  7
GOOGLE_SANS
 72
1
 11
6371712.139030844
 21
6170284.711322482
 31
0.0
100
AcDbText
 73
2
  0
TEXT
  5
20360
330
1F
100
AcDbEntity
  8
parcelas_etiquetas
 62
252
100
AcDbText
 10
6371726.417972555
 20
6170302.162275085
 30
0.0
 40
0.45
  1
CM
  7
GOOGLE_SANS
 72
1
 11
6371726.417972555
 21
6170302.162275085
 31
0.0
100
AcDbText
 73
2
  0
TEXT
  5
20361
330
1F
100
AcDbEntity
  8
parcelas_etiquetas
 62
252
100
AcDbText
 10
6371726.417972555
 20
6170301.562275086
 30
0.0
 40
0.45
  1
044
  7
GOOGLE_SANS
 72
1
 11
6371726.417972555
 21
6170301.562275086
 31
0.0
100
AcDbText
 73
2
  0
TEXT
  5
20362
330
1F
100
AcDbEntity
  8
parcelas_etiquetas
 62
252
100
AcDbText
 10
6371725.182121021
 20
6170309.804023236
 30
0.0
 40
0.45
  1
CM
  7
GOOGLE_SANS
 72
1
 11
6371725.182121021
 21
6170309.804023236
 31
0.0
100
AcDbText
 73
2
  0
TEXT
  5
20363
330
1F
100
AcDbEntity
  8
parcelas_etiquetas
 62
252
100
AcDbText
 10
6371725.182121021
 20
6170309.204023236
 30
0.0
 40
0.45
  1
045
  7
GOOGLE_SANS
 72
1
 11
6371725.182121021
 21
6170309.204023236
 31
0.0
100
AcDbText
 73
2
  0
TEXT
  5
20364
330
1F
100
AcDbEntity
  8
parcelas_etiquetas
 62
252
100
AcDbText
 10
6371728.303429137
 20
6170317.781403247
 30
0.0
 40
0.45
  1
CM
  7
GOOGLE_SANS
 72
1
 11
6371728.303429137
 21
6170317.781403247
 31
0.0
100
AcDbText
 73
2
  0
TEXT
  5
20365
330
1F
100
AcDbEntity
  8
parcelas_etiquetas
 62
252
100
AcDbText
 10
6371728.303429137
 20
6170317.181403248
 30
0.0
 40
0.45
  1
046
  7
GOOGLE_SANS
 72
1
 11
6371728.303429137
 21
6170317.181403248
 31
0.0
100
AcDbText
 73
2
  0
TEXT
  5
20366
330
1F
100
AcDbEntity
  8
parcelas_etiquetas
 62
252
100
AcDbText
 10
6371729.986999056
 20
6170279.429613722
 30
0.0
 40
0.45
  1
CM
  7
GOOGLE_SANS
 72
1
 11
6371729.986999056
 21
6170279.429613722
 31
0.0
100
AcDbText
 73
2
  0
TEXT
  5
20367
330
1F
100
AcDbEntity
  8
parcelas_etiquetas
 62
252
100
AcDbText
 10
6371729.986999056
 20
6170278.829613722
 30
0.0
 40
0.45
  1
041
  7
GOOGLE_SANS
 72
1
 11
6371729.986999056
 21
6170278.829613722
 31
0.0
100
AcDbText
 73
2
  0
TEXT
  5
20369
330
1F
100
AcDbEntity
  8
calles_etiquetas
 62
252
100
AcDbText
 10
6371690.876186821
 20
6170346.802445347
 30
0.0
 40
0.585
  1
AV. CORRIENTES
 50
3.816152256672723
  7
GOOGLE_SANS
 72
1
 11
6371690.876186821
 21
6170346.802445347
 31
0.0
100
AcDbText
 73
2
  0
TEXT
  5
2036A
330
1F
100
AcDbEntity
  8
calles_etiquetas
 62
252
100
AcDbText
 10
6371636.049501474
 20
6170257.454474497
 30
0.0
 40
0.585
  1
PASTEUR
 50
-84.15323447077724
  7
GOOGLE_SANS
 72
1
 11
6371636.049501474
 21
6170257.454474497
 31
0.0
100
AcDbText
 73
2
  0
TEXT
  5
2036B
330
1F
100
AcDbEntity
  8
calles_etiquetas
 62
252
100
AcDbText
 10
6371755.431781987
 20
6170273.037052478
 30
0.0
 40
0.585
  1
PRESIDENTE JOSE EVARISTO URIBURU
 50
-80.94863819066997
  7
GOOGLE_SANS
 72
1
 11
6371755.431781987
 21
6170273.037052478
 31
0.0
100
AcDbText
 73
2
  0
TEXT
  5
2036C
330
1F
100
AcDbEntity
  8
calles_etiquetas
 62
252
100
AcDbText
 10
6371700.9283363195
 20
6170187.316247696
 30
0.0
 40
0.585
  1
SARMIENTO
 50
3.3779073392403802
  7
GOOGLE_SANS
 72
1
 11
6371700.9283363195
 21
6170187.316247696
 31
0.0
100
AcDbText
 73
2
  0
ENDSEC
  0
SECTION
  2
OBJECTS
  0
DICTIONARY
  5
C
330
0
100
AcDbDictionary
281
1
  3
ACAD_GROUP
350
D
  3
ACAD_LAYOUT
350
1A
  3
ACAD_MLEADERSTYLE
350
43
  3
ACAD_PLOTSETTINGS
350
19
  3
ACAD_PLOTSTYLENAME
350
E
  3
ACAD_TABLESTYLE
350
42
  3
ACAD_COLOR
350
201CA
  3
ACAD_MATERIAL
350
201CB
  3
ACAD_MLINESTYLE
350
201CC
  3
ACAD_SCALELIST
350
201CD
  3
ACAD_VISUALSTYLE
350
201CE
  3
EZDXF_META
350
2036E
  0
DICTIONARY
  5
D
102
{ACAD_REACTORS
330
C
102
}
330
C
100
AcDbDictionary
281
1
  0
DICTIONARY
  5
1A
102
{ACAD_REACTORS
330
C
102
}
330
C
100
AcDbDictionary
281
1
  3
Layout1
350
1E
  3
Model
350
22
  0
DICTIONARY
  5
43
102
{ACAD_REACTORS
330
C
102
}
330
C
100
AcDbDictionary
281
1
  3
Standard
350
201D4
  0
DICTIONARY
  5
19
102
{ACAD_REACTORS
330
C
102
}
330
C
100
AcDbDictionary
281
1
  0
ACDBDICTIONARYWDFLT
  5
E
102
{ACAD_REACTORS
330
C
102
}
330
C
100
AcDbDictionary
281
1
  3
Normal
350
F
100
AcDbDictionaryWithDefault
340
F
  0
DICTIONARY
  5
42
102
{ACAD_REACTORS
330
C
102
}
330
C
100
AcDbDictionary
281
1
  0
LAYOUT
  5
1E
102
{ACAD_REACTORS
330
1A
102
}
330
1A
100
AcDbPlotSettings
  1

  2
none_device
  4

  6

 40
0.0
 41
0.0
 42
0.0
 43
0.0
 44
0.0
 45
0.0
 46
0.0
 47
0.0
 48
0.0
 49
0.0
140
0.0
141
0.0
142
1.0
143
1.0
 70
688
 72
0
 73
0
 74
5
  7

 75
16
 76
0
 77
2
 78
300
147
1.0
148
0.0
149
0.0
100
AcDbLayout
  1
Layout1
 70
1
 71
1
 10
0.0
 20
0.0
 11
12.0
 21
9.0
 12
0.0
 22
0.0
 32
0.0
 14
1e+20
 24
1e+20
 34
1e+20
 15
-1e+20
 25
-1e+20
 35
-1e+20
146
0.0
 13
0.0
 23
0.0
 33
0.0
 16
1.0
 26
0.0
 36
0.0
 17
0.0
 27
1.0
 37
0.0
 76
0
330
1B
  0
LAYOUT
  5
22
102
{ACAD_REACTORS
330
1A
102
}
330
1A
100
AcDbPlotSettings
  1

  2
none_device
  4

  6

 40
0.0
 41
0.0
 42
0.0
 43
0.0
 44
0.0
 45
0.0
 46
0.0
 47
0.0
 48
0.0
 49
0.0
140
0.0
141
0.0
142
1.0
143
1.0
 70
1712
 72
0
 73
0
 74
0
  7

 75
0
 76
0
 77
2
 78
300
147
1.0
148
0.0
149
0.0
100
AcDbLayout
  1
Model
 70
1
 71
0
 10
0.0
 20
0.0
 11
12.0
 21
9.0
 12
0.0
 22
0.0
 32
0.0
 14
30.0
 24
49.75
 34
0.0
 15
130.5
 25
163.1318914119703
 35
0.0
146
0.0
 13
0.0
 23
0.0
 33
0.0
 16
1.0
 26
0.0
 36
0.0
 17
0.0
 27
1.0
 37
0.0
 76
0
330
1F
331
29
  0
ACDBPLACEHOLDER
  5
F
102
{ACAD_REACTORS
330
E
102
}
330
E
  0
DICTIONARY
  5
201CA
330
C
100
AcDbDictionary
281
1
  0
DICTIONARY
  5
201CB
330
C
100
AcDbDictionary
281
1
  3
ByBlock
350
201CF
  3
ByLayer
350
201D0
  3
Global
350
201D1
  0
DICTIONARY
  5
201CC
330
C
100
AcDbDictionary
281
1
  3
Standard
350
201D2
  0
DICTIONARY
  5
201CD
330
C
100
AcDbDictionary
281
1
  0
DICTIONARY
  5
201CE
330
C
100
AcDbDictionary
281
1
  0
MATERIAL
  5
201CF
102
{ACAD_REACTORS
330
201CB
102
}
330
201CB
100
AcDbMaterial
  1
ByBlock
  2

 70
0
 40
1.0
 71
1
 41
1.0
 91
-1023410177
 42
1.0
 72
1
  3

 73
1
 74
1
 75
1
 44
0.5
 73
0
 45
1.0
 46
1.0
 77
1
  4

 78
1
 79
1
170
1
 48
1.0
171
1
  6

172
1
173
1
174
1
140
1.0
141
1.0
175
1
  7

176
1
177
1
178
1
143
1.0
179
1
  8

270
1
271
1
272
1
145
1.0
146
1.0
273
1
  9

274
1
275
1
276
1
 42
1.0
 72
1
  3

 73
1
 74
1
 75
1
 94
63
  0
MATERIAL
  5
201D0
102
{ACAD_REACTORS
330
201CB
102
}
330
201CB
100
AcDbMaterial
  1
ByLayer
  2

 70
0
 40
1.0
 71
1
 41
1.0
 91
-1023410177
 42
1.0
 72
1
  3

 73
1
 74
1
 75
1
 44
0.5
 73
0
 45
1.0
 46
1.0
 77
1
  4

 78
1
 79
1
170
1
 48
1.0
171
1
  6

172
1
173
1
174
1
140
1.0
141
1.0
175
1
  7

176
1
177
1
178
1
143
1.0
179
1
  8

270
1
271
1
272
1
145
1.0
146
1.0
273
1
  9

274
1
275
1
276
1
 42
1.0
 72
1
  3

 73
1
 74
1
 75
1
 94
63
  0
MATERIAL
  5
201D1
102
{ACAD_REACTORS
330
201CB
102
}
330
201CB
100
AcDbMaterial
  1
Global
  2

 70
0
 40
1.0
 71
1
 41
1.0
 91
-1023410177
 42
1.0
 72
1
  3

 73
1
 74
1
 75
1
 44
0.5
 73
0
 45
1.0
 46
1.0
 77
1
  4

 78
1
 79
1
170
1
 48
1.0
171
1
  6

172
1
173
1
174
1
140
1.0
141
1.0
175
1
  7

176
1
177
1
178
1
143
1.0
179
1
  8

270
1
271
1
272
1
145
1.0
146
1.0
273
1
  9

274
1
275
1
276
1
 42
1.0
 72
1
  3

 73
1
 74
1
 75
1
 94
63
  0
MLINESTYLE
  5
201D2
102
{ACAD_REACTORS
330
201CC
102
}
330
201CC
100
AcDbMlineStyle
  2
Standard
 70
0
  3

 62
256
 51
90.0
 52
90.0
 71
2
 49
0.5
 62
256
  6
BYLAYER
 49
-0.5
 62
256
  6
BYLAYER
  0
MLEADERSTYLE
  5
201D4
102
{ACAD_REACTORS
330
43
102
}
330
43
100
AcDbMLeaderStyle
179
2
170
2
171
1
172
0
 90
2
 40
0.0
 41
0.0
173
1
 91
-1056964608
 92
-2
290
1
 42
2.0
291
1
 43
8.0
  3
Standard
 44
4.0
300

342
11
174
1
175
1
176
0
178
1
 93
-1056964608
 45
4.0
292
0
297
0
 46
4.0
 94
-1056964608
 47
1.0
 49
1.0
140
1.0
294
1
141
0.0
177
0
142
1.0
295
0
296
0
143
3.75
271
0
272
9
273
9
  0
DICTIONARY
  5
2036E
330
C
100
AcDbDictionary
280
1
281
1
  3
WRITTEN_BY_EZDXF
350
2036F
  0
DICTIONARYVAR
  5
2036F
330
2036E
100
DictionaryVariables
280
0
  1
1.4.4 @ 2026-07-29T19:31:22.075994+00:00
  0
ENDSEC
  0
EOF
